[     120ms] [LOG] [Fast Refresh] rebuilding @ http://localhost:3000/_next/static/chunks/node_modules_next_dist_115brz8._.js:2431
[     598ms] [LOG] [Fast Refresh] done in 588ms @ http://localhost:3000/_next/static/chunks/node_modules_next_dist_115brz8._.js:2431
[     698ms] [INFO] %cDownload the React DevTools for a better development experience: https://react.dev/link/react-devtools font-weight:bold @ http://localhost:3000/_next/static/chunks/node_modules_next_dist_115brz8._.js:2431
[     743ms] [LOG] [HMR] connected @ http://localhost:3000/_next/static/chunks/node_modules_next_dist_115brz8._.js:2431
[     824ms] [LOG] PortfolioPage holdings: 5 BTC,MSFT,ETH,SOL,BTC @ http://localhost:3000/_next/static/chunks/node_modules_next_dist_115brz8._.js:2431
[     825ms] [LOG] PortfolioPage holdings: 5 BTC,MSFT,ETH,SOL,BTC @ http://localhost:3000/_next/static/chunks/node_modules_next_dist_115brz8._.js:2431
[     838ms] [LOG] PortfolioPage holdings: 5 BTC,MSFT,ETH,SOL,BTC @ http://localhost:3000/_next/static/chunks/node_modules_next_dist_115brz8._.js:2431
[     840ms] [LOG] PortfolioPage holdings: 5 BTC,MSFT,ETH,SOL,BTC @ http://localhost:3000/_next/static/chunks/node_modules_next_dist_115brz8._.js:2431
[     928ms] [LOG] PortfolioPage holdings: 5 BTC,MSFT,ETH,SOL,BTC @ http://localhost:3000/_next/static/chunks/node_modules_next_dist_115brz8._.js:2431
[     931ms] [LOG] PortfolioPage holdings: 5 BTC,MSFT,ETH,SOL,BTC @ http://localhost:3000/_next/static/chunks/node_modules_next_dist_115brz8._.js:2431
[    3108ms] [ERROR] Encountered two children with the same key, `%s`. Keys should be unique so that components maintain their identity across updates. Non-unique keys may cause children to be duplicated and/or omitted — the behavior is unsupported and could change in a future version. BTC @ http://localhost:3000/_next/static/chunks/node_modules_next_dist_115brz8._.js:3272
[   15421ms] [LOG] [Fast Refresh] rebuilding @ http://localhost:3000/_next/static/chunks/node_modules_next_dist_115brz8._.js:2431
[   15422ms] [LOG] [Fast Refresh] done in 102ms @ http://localhost:3000/_next/static/chunks/node_modules_next_dist_115brz8._.js:2431
[   30944ms] [LOG] PortfolioPage holdings: 5 BTC,MSFT,ETH,SOL,BTC @ http://localhost:3000/_next/static/chunks/node_modules_next_dist_115brz8._.js:2431
[   30945ms] [LOG] PortfolioPage holdings: 5 BTC,MSFT,ETH,SOL,BTC @ http://localhost:3000/_next/static/chunks/node_modules_next_dist_115brz8._.js:2431
[   30951ms] [ERROR] Encountered two children with the same key, `%s`. Keys should be unique so that components maintain their identity across updates. Non-unique keys may cause children to be duplicated and/or omitted — the behavior is unsupported and could change in a future version. BTC @ http://localhost:3000/_next/static/chunks/node_modules_next_dist_115brz8._.js:3272
[   60949ms] [LOG] PortfolioPage holdings: 5 BTC,MSFT,ETH,SOL,BTC @ http://localhost:3000/_next/static/chunks/node_modules_next_dist_115brz8._.js:2431
[   60950ms] [LOG] PortfolioPage holdings: 5 BTC,MSFT,ETH,SOL,BTC @ http://localhost:3000/_next/static/chunks/node_modules_next_dist_115brz8._.js:2431
[   60957ms] [ERROR] Encountered two children with the same key, `%s`. Keys should be unique so that components maintain their identity across updates. Non-unique keys may cause children to be duplicated and/or omitted — the behavior is unsupported and could change in a future version. BTC @ http://localhost:3000/_next/static/chunks/node_modules_next_dist_115brz8._.js:3272
[   60971ms] [LOG] PortfolioPage holdings: 5 BTC,MSFT,ETH,SOL,BTC @ http://localhost:3000/_next/static/chunks/node_modules_next_dist_115brz8._.js:2431
[   60973ms] [LOG] PortfolioPage holdings: 5 BTC,MSFT,ETH,SOL,BTC @ http://localhost:3000/_next/static/chunks/node_modules_next_dist_115brz8._.js:2431
[   60982ms] [ERROR] Encountered two children with the same key, `%s`. Keys should be unique so that components maintain their identity across updates. Non-unique keys may cause children to be duplicated and/or omitted — the behavior is unsupported and could change in a future version. BTC @ http://localhost:3000/_next/static/chunks/node_modules_next_dist_115brz8._.js:3272
[   90979ms] [LOG] PortfolioPage holdings: 5 BTC,MSFT,ETH,SOL,BTC @ http://localhost:3000/_next/static/chunks/node_modules_next_dist_115brz8._.js:2431
[   90980ms] [LOG] PortfolioPage holdings: 5 BTC,MSFT,ETH,SOL,BTC @ http://localhost:3000/_next/static/chunks/node_modules_next_dist_115brz8._.js:2431
[   90986ms] [ERROR] Encountered two children with the same key, `%s`. Keys should be unique so that components maintain their identity across updates. Non-unique keys may cause children to be duplicated and/or omitted — the behavior is unsupported and could change in a future version. BTC @ http://localhost:3000/_next/static/chunks/node_modules_next_dist_115brz8._.js:3272
[  120989ms] [LOG] PortfolioPage holdings: 5 BTC,MSFT,ETH,SOL,BTC @ http://localhost:3000/_next/static/chunks/node_modules_next_dist_115brz8._.js:2431
[  120990ms] [LOG] PortfolioPage holdings: 5 BTC,MSFT,ETH,SOL,BTC @ http://localhost:3000/_next/static/chunks/node_modules_next_dist_115brz8._.js:2431
[  120997ms] [ERROR] Encountered two children with the same key, `%s`. Keys should be unique so that components maintain their identity across updates. Non-unique keys may cause children to be duplicated and/or omitted — the behavior is unsupported and could change in a future version. BTC @ http://localhost:3000/_next/static/chunks/node_modules_next_dist_115brz8._.js:3272
[  150998ms] [LOG] PortfolioPage holdings: 5 BTC,MSFT,ETH,SOL,BTC @ http://localhost:3000/_next/static/chunks/node_modules_next_dist_115brz8._.js:2431
[  150999ms] [LOG] PortfolioPage holdings: 5 BTC,MSFT,ETH,SOL,BTC @ http://localhost:3000/_next/static/chunks/node_modules_next_dist_115brz8._.js:2431
[  151006ms] [ERROR] Encountered two children with the same key, `%s`. Keys should be unique so that components maintain their identity across updates. Non-unique keys may cause children to be duplicated and/or omitted — the behavior is unsupported and could change in a future version. BTC @ http://localhost:3000/_next/static/chunks/node_modules_next_dist_115brz8._.js:3272
[  180965ms] [LOG] PortfolioPage holdings: 5 BTC,MSFT,ETH,SOL,BTC @ http://localhost:3000/_next/static/chunks/node_modules_next_dist_115brz8._.js:2431
[  180966ms] [LOG] PortfolioPage holdings: 5 BTC,MSFT,ETH,SOL,BTC @ http://localhost:3000/_next/static/chunks/node_modules_next_dist_115brz8._.js:2431
[  180974ms] [ERROR] Encountered two children with the same key, `%s`. Keys should be unique so that components maintain their identity across updates. Non-unique keys may cause children to be duplicated and/or omitted — the behavior is unsupported and could change in a future version. BTC @ http://localhost:3000/_next/static/chunks/node_modules_next_dist_115brz8._.js:3272
[  181010ms] [LOG] PortfolioPage holdings: 5 BTC,MSFT,ETH,SOL,BTC @ http://localhost:3000/_next/static/chunks/node_modules_next_dist_115brz8._.js:2431
[  181011ms] [LOG] PortfolioPage holdings: 5 BTC,MSFT,ETH,SOL,BTC @ http://localhost:3000/_next/static/chunks/node_modules_next_dist_115brz8._.js:2431
[  181018ms] [ERROR] Encountered two children with the same key, `%s`. Keys should be unique so that components maintain their identity across updates. Non-unique keys may cause children to be duplicated and/or omitted — the behavior is unsupported and could change in a future version. BTC @ http://localhost:3000/_next/static/chunks/node_modules_next_dist_115brz8._.js:3272
[  211016ms] [LOG] PortfolioPage holdings: 5 BTC,MSFT,ETH,SOL,BTC @ http://localhost:3000/_next/static/chunks/node_modules_next_dist_115brz8._.js:2431
[  211017ms] [LOG] PortfolioPage holdings: 5 BTC,MSFT,ETH,SOL,BTC @ http://localhost:3000/_next/static/chunks/node_modules_next_dist_115brz8._.js:2431
[  211024ms] [ERROR] Encountered two children with the same key, `%s`. Keys should be unique so that components maintain their identity across updates. Non-unique keys may cause children to be duplicated and/or omitted — the behavior is unsupported and could change in a future version. BTC @ http://localhost:3000/_next/static/chunks/node_modules_next_dist_115brz8._.js:3272
[  240981ms] [LOG] PortfolioPage holdings: 5 BTC,MSFT,ETH,SOL,BTC @ http://localhost:3000/_next/static/chunks/node_modules_next_dist_115brz8._.js:2431
[  240982ms] [LOG] PortfolioPage holdings: 5 BTC,MSFT,ETH,SOL,BTC @ http://localhost:3000/_next/static/chunks/node_modules_next_dist_115brz8._.js:2431
[  240988ms] [ERROR] Encountered two children with the same key, `%s`. Keys should be unique so that components maintain their identity across updates. Non-unique keys may cause children to be duplicated and/or omitted — the behavior is unsupported and could change in a future version. BTC @ http://localhost:3000/_next/static/chunks/node_modules_next_dist_115brz8._.js:3272
[  241021ms] [LOG] PortfolioPage holdings: 5 BTC,MSFT,ETH,SOL,BTC @ http://localhost:3000/_next/static/chunks/node_modules_next_dist_115brz8._.js:2431
[  241021ms] [LOG] PortfolioPage holdings: 5 BTC,MSFT,ETH,SOL,BTC @ http://localhost:3000/_next/static/chunks/node_modules_next_dist_115brz8._.js:2431
[  241029ms] [ERROR] Encountered two children with the same key, `%s`. Keys should be unique so that components maintain their identity across updates. Non-unique keys may cause children to be duplicated and/or omitted — the behavior is unsupported and could change in a future version. BTC @ http://localhost:3000/_next/static/chunks/node_modules_next_dist_115brz8._.js:3272
[  271027ms] [LOG] PortfolioPage holdings: 5 BTC,MSFT,ETH,SOL,BTC @ http://localhost:3000/_next/static/chunks/node_modules_next_dist_115brz8._.js:2431
[  271028ms] [LOG] PortfolioPage holdings: 5 BTC,MSFT,ETH,SOL,BTC @ http://localhost:3000/_next/static/chunks/node_modules_next_dist_115brz8._.js:2431
[  271034ms] [ERROR] Encountered two children with the same key, `%s`. Keys should be unique so that components maintain their identity across updates. Non-unique keys may cause children to be duplicated and/or omitted — the behavior is unsupported and could change in a future version. BTC @ http://localhost:3000/_next/static/chunks/node_modules_next_dist_115brz8._.js:3272
[  300986ms] [LOG] PortfolioPage holdings: 5 BTC,MSFT,ETH,SOL,BTC @ http://localhost:3000/_next/static/chunks/node_modules_next_dist_115brz8._.js:2431
[  300987ms] [LOG] PortfolioPage holdings: 5 BTC,MSFT,ETH,SOL,BTC @ http://localhost:3000/_next/static/chunks/node_modules_next_dist_115brz8._.js:2431
[  300994ms] [ERROR] Encountered two children with the same key, `%s`. Keys should be unique so that components maintain their identity across updates. Non-unique keys may cause children to be duplicated and/or omitted — the behavior is unsupported and could change in a future version. BTC @ http://localhost:3000/_next/static/chunks/node_modules_next_dist_115brz8._.js:3272
[  301030ms] [LOG] PortfolioPage holdings: 5 BTC,MSFT,ETH,SOL,BTC @ http://localhost:3000/_next/static/chunks/node_modules_next_dist_115brz8._.js:2431
[  301031ms] [LOG] PortfolioPage holdings: 5 BTC,MSFT,ETH,SOL,BTC @ http://localhost:3000/_next/static/chunks/node_modules_next_dist_115brz8._.js:2431
[  301038ms] [ERROR] Encountered two children with the same key, `%s`. Keys should be unique so that components maintain their identity across updates. Non-unique keys may cause children to be duplicated and/or omitted — the behavior is unsupported and could change in a future version. BTC @ http://localhost:3000/_next/static/chunks/node_modules_next_dist_115brz8._.js:3272
[  331044ms] [LOG] PortfolioPage holdings: 5 BTC,MSFT,ETH,SOL,BTC @ http://localhost:3000/_next/static/chunks/node_modules_next_dist_115brz8._.js:2431
[  331045ms] [LOG] PortfolioPage holdings: 5 BTC,MSFT,ETH,SOL,BTC @ http://localhost:3000/_next/static/chunks/node_modules_next_dist_115brz8._.js:2431
[  331051ms] [ERROR] Encountered two children with the same key, `%s`. Keys should be unique so that components maintain their identity across updates. Non-unique keys may cause children to be duplicated and/or omitted — the behavior is unsupported and could change in a future version. BTC @ http://localhost:3000/_next/static/chunks/node_modules_next_dist_115brz8._.js:3272
[  360998ms] [LOG] PortfolioPage holdings: 5 BTC,MSFT,ETH,SOL,BTC @ http://localhost:3000/_next/static/chunks/node_modules_next_dist_115brz8._.js:2431
[  360999ms] [LOG] PortfolioPage holdings: 5 BTC,MSFT,ETH,SOL,BTC @ http://localhost:3000/_next/static/chunks/node_modules_next_dist_115brz8._.js:2431
[  361006ms] [ERROR] Encountered two children with the same key, `%s`. Keys should be unique so that components maintain their identity across updates. Non-unique keys may cause children to be duplicated and/or omitted — the behavior is unsupported and could change in a future version. BTC @ http://localhost:3000/_next/static/chunks/node_modules_next_dist_115brz8._.js:3272
[  361047ms] [LOG] PortfolioPage holdings: 5 BTC,MSFT,ETH,SOL,BTC @ http://localhost:3000/_next/static/chunks/node_modules_next_dist_115brz8._.js:2431
[  361048ms] [LOG] PortfolioPage holdings: 5 BTC,MSFT,ETH,SOL,BTC @ http://localhost:3000/_next/static/chunks/node_modules_next_dist_115brz8._.js:2431
[  361055ms] [ERROR] Encountered two children with the same key, `%s`. Keys should be unique so that components maintain their identity across updates. Non-unique keys may cause children to be duplicated and/or omitted — the behavior is unsupported and could change in a future version. BTC @ http://localhost:3000/_next/static/chunks/node_modules_next_dist_115brz8._.js:3272
[  391062ms] [LOG] PortfolioPage holdings: 5 BTC,MSFT,ETH,SOL,BTC @ http://localhost:3000/_next/static/chunks/node_modules_next_dist_115brz8._.js:2431
[  391063ms] [LOG] PortfolioPage holdings: 5 BTC,MSFT,ETH,SOL,BTC @ http://localhost:3000/_next/static/chunks/node_modules_next_dist_115brz8._.js:2431
[  391070ms] [ERROR] Encountered two children with the same key, `%s`. Keys should be unique so that components maintain their identity across updates. Non-unique keys may cause children to be duplicated and/or omitted — the behavior is unsupported and could change in a future version. BTC @ http://localhost:3000/_next/static/chunks/node_modules_next_dist_115brz8._.js:3272
[  421013ms] [LOG] PortfolioPage holdings: 5 BTC,MSFT,ETH,SOL,BTC @ http://localhost:3000/_next/static/chunks/node_modules_next_dist_115brz8._.js:2431
[  421014ms] [LOG] PortfolioPage holdings: 5 BTC,MSFT,ETH,SOL,BTC @ http://localhost:3000/_next/static/chunks/node_modules_next_dist_115brz8._.js:2431
[  421021ms] [ERROR] Encountered two children with the same key, `%s`. Keys should be unique so that components maintain their identity across updates. Non-unique keys may cause children to be duplicated and/or omitted — the behavior is unsupported and could change in a future version. BTC @ http://localhost:3000/_next/static/chunks/node_modules_next_dist_115brz8._.js:3272
[  421064ms] [LOG] PortfolioPage holdings: 5 BTC,MSFT,ETH,SOL,BTC @ http://localhost:3000/_next/static/chunks/node_modules_next_dist_115brz8._.js:2431
[  421065ms] [LOG] PortfolioPage holdings: 5 BTC,MSFT,ETH,SOL,BTC @ http://localhost:3000/_next/static/chunks/node_modules_next_dist_115brz8._.js:2431
[  421072ms] [ERROR] Encountered two children with the same key, `%s`. Keys should be unique so that components maintain their identity across updates. Non-unique keys may cause children to be duplicated and/or omitted — the behavior is unsupported and could change in a future version. BTC @ http://localhost:3000/_next/static/chunks/node_modules_next_dist_115brz8._.js:3272
[  451074ms] [LOG] PortfolioPage holdings: 5 BTC,MSFT,ETH,SOL,BTC @ http://localhost:3000/_next/static/chunks/node_modules_next_dist_115brz8._.js:2431
[  451075ms] [LOG] PortfolioPage holdings: 5 BTC,MSFT,ETH,SOL,BTC @ http://localhost:3000/_next/static/chunks/node_modules_next_dist_115brz8._.js:2431
[  451082ms] [ERROR] Encountered two children with the same key, `%s`. Keys should be unique so that components maintain their identity across updates. Non-unique keys may cause children to be duplicated and/or omitted — the behavior is unsupported and could change in a future version. BTC @ http://localhost:3000/_next/static/chunks/node_modules_next_dist_115brz8._.js:3272
[  481030ms] [LOG] PortfolioPage holdings: 5 BTC,MSFT,ETH,SOL,BTC @ http://localhost:3000/_next/static/chunks/node_modules_next_dist_115brz8._.js:2431
[  481031ms] [LOG] PortfolioPage holdings: 5 BTC,MSFT,ETH,SOL,BTC @ http://localhost:3000/_next/static/chunks/node_modules_next_dist_115brz8._.js:2431
[  481038ms] [ERROR] Encountered two children with the same key, `%s`. Keys should be unique so that components maintain their identity across updates. Non-unique keys may cause children to be duplicated and/or omitted — the behavior is unsupported and could change in a future version. BTC @ http://localhost:3000/_next/static/chunks/node_modules_next_dist_115brz8._.js:3272
[  481077ms] [LOG] PortfolioPage holdings: 5 BTC,MSFT,ETH,SOL,BTC @ http://localhost:3000/_next/static/chunks/node_modules_next_dist_115brz8._.js:2431
[  481078ms] [LOG] PortfolioPage holdings: 5 BTC,MSFT,ETH,SOL,BTC @ http://localhost:3000/_next/static/chunks/node_modules_next_dist_115brz8._.js:2431
[  481085ms] [ERROR] Encountered two children with the same key, `%s`. Keys should be unique so that components maintain their identity across updates. Non-unique keys may cause children to be duplicated and/or omitted — the behavior is unsupported and could change in a future version. BTC @ http://localhost:3000/_next/static/chunks/node_modules_next_dist_115brz8._.js:3272
[  511091ms] [LOG] PortfolioPage holdings: 5 BTC,MSFT,ETH,SOL,BTC @ http://localhost:3000/_next/static/chunks/node_modules_next_dist_115brz8._.js:2431
[  511092ms] [LOG] PortfolioPage holdings: 5 BTC,MSFT,ETH,SOL,BTC @ http://localhost:3000/_next/static/chunks/node_modules_next_dist_115brz8._.js:2431
[  511098ms] [ERROR] Encountered two children with the same key, `%s`. Keys should be unique so that components maintain their identity across updates. Non-unique keys may cause children to be duplicated and/or omitted — the behavior is unsupported and could change in a future version. BTC @ http://localhost:3000/_next/static/chunks/node_modules_next_dist_115brz8._.js:3272
[  541054ms] [LOG] PortfolioPage holdings: 5 BTC,MSFT,ETH,SOL,BTC @ http://localhost:3000/_next/static/chunks/node_modules_next_dist_115brz8._.js:2431
[  541055ms] [LOG] PortfolioPage holdings: 5 BTC,MSFT,ETH,SOL,BTC @ http://localhost:3000/_next/static/chunks/node_modules_next_dist_115brz8._.js:2431
[  541062ms] [ERROR] Encountered two children with the same key, `%s`. Keys should be unique so that components maintain their identity across updates. Non-unique keys may cause children to be duplicated and/or omitted — the behavior is unsupported and could change in a future version. BTC @ http://localhost:3000/_next/static/chunks/node_modules_next_dist_115brz8._.js:3272
[  571110ms] [LOG] PortfolioPage holdings: 5 BTC,MSFT,ETH,SOL,BTC @ http://localhost:3000/_next/static/chunks/node_modules_next_dist_115brz8._.js:2431
[  571111ms] [LOG] PortfolioPage holdings: 5 BTC,MSFT,ETH,SOL,BTC @ http://localhost:3000/_next/static/chunks/node_modules_next_dist_115brz8._.js:2431
[  571118ms] [ERROR] Encountered two children with the same key, `%s`. Keys should be unique so that components maintain their identity across updates. Non-unique keys may cause children to be duplicated and/or omitted — the behavior is unsupported and could change in a future version. BTC @ http://localhost:3000/_next/static/chunks/node_modules_next_dist_115brz8._.js:3272
[  601112ms] [LOG] PortfolioPage holdings: 5 BTC,MSFT,ETH,SOL,BTC @ http://localhost:3000/_next/static/chunks/node_modules_next_dist_115brz8._.js:2431
[  601113ms] [LOG] PortfolioPage holdings: 5 BTC,MSFT,ETH,SOL,BTC @ http://localhost:3000/_next/static/chunks/node_modules_next_dist_115brz8._.js:2431
[  601120ms] [ERROR] Encountered two children with the same key, `%s`. Keys should be unique so that components maintain their identity across updates. Non-unique keys may cause children to be duplicated and/or omitted — the behavior is unsupported and could change in a future version. BTC @ http://localhost:3000/_next/static/chunks/node_modules_next_dist_115brz8._.js:3272
[  631126ms] [LOG] PortfolioPage holdings: 5 BTC,MSFT,ETH,SOL,BTC @ http://localhost:3000/_next/static/chunks/node_modules_next_dist_115brz8._.js:2431
[  631128ms] [LOG] PortfolioPage holdings: 5 BTC,MSFT,ETH,SOL,BTC @ http://localhost:3000/_next/static/chunks/node_modules_next_dist_115brz8._.js:2431
[  631135ms] [ERROR] Encountered two children with the same key, `%s`. Keys should be unique so that components maintain their identity across updates. Non-unique keys may cause children to be duplicated and/or omitted — the behavior is unsupported and could change in a future version. BTC @ http://localhost:3000/_next/static/chunks/node_modules_next_dist_115brz8._.js:3272
[  661076ms] [LOG] PortfolioPage holdings: 5 BTC,MSFT,ETH,SOL,BTC @ http://localhost:3000/_next/static/chunks/node_modules_next_dist_115brz8._.js:2431
[  661077ms] [LOG] PortfolioPage holdings: 5 BTC,MSFT,ETH,SOL,BTC @ http://localhost:3000/_next/static/chunks/node_modules_next_dist_115brz8._.js:2431
[  661084ms] [ERROR] Encountered two children with the same key, `%s`. Keys should be unique so that components maintain their identity across updates. Non-unique keys may cause children to be duplicated and/or omitted — the behavior is unsupported and could change in a future version. BTC @ http://localhost:3000/_next/static/chunks/node_modules_next_dist_115brz8._.js:3272
[  661129ms] [LOG] PortfolioPage holdings: 5 BTC,MSFT,ETH,SOL,BTC @ http://localhost:3000/_next/static/chunks/node_modules_next_dist_115brz8._.js:2431
[  661130ms] [LOG] PortfolioPage holdings: 5 BTC,MSFT,ETH,SOL,BTC @ http://localhost:3000/_next/static/chunks/node_modules_next_dist_115brz8._.js:2431
[  661136ms] [ERROR] Encountered two children with the same key, `%s`. Keys should be unique so that components maintain their identity across updates. Non-unique keys may cause children to be duplicated and/or omitted — the behavior is unsupported and could change in a future version. BTC @ http://localhost:3000/_next/static/chunks/node_modules_next_dist_115brz8._.js:3272
[  691141ms] [LOG] PortfolioPage holdings: 5 BTC,MSFT,ETH,SOL,BTC @ http://localhost:3000/_next/static/chunks/node_modules_next_dist_115brz8._.js:2431
[  691142ms] [LOG] PortfolioPage holdings: 5 BTC,MSFT,ETH,SOL,BTC @ http://localhost:3000/_next/static/chunks/node_modules_next_dist_115brz8._.js:2431
[  691149ms] [ERROR] Encountered two children with the same key, `%s`. Keys should be unique so that components maintain their identity across updates. Non-unique keys may cause children to be duplicated and/or omitted — the behavior is unsupported and could change in a future version. BTC @ http://localhost:3000/_next/static/chunks/node_modules_next_dist_115brz8._.js:3272
[  721087ms] [LOG] PortfolioPage holdings: 5 BTC,MSFT,ETH,SOL,BTC @ http://localhost:3000/_next/static/chunks/node_modules_next_dist_115brz8._.js:2431
[  721088ms] [LOG] PortfolioPage holdings: 5 BTC,MSFT,ETH,SOL,BTC @ http://localhost:3000/_next/static/chunks/node_modules_next_dist_115brz8._.js:2431
[  721096ms] [ERROR] Encountered two children with the same key, `%s`. Keys should be unique so that components maintain their identity across updates. Non-unique keys may cause children to be duplicated and/or omitted — the behavior is unsupported and could change in a future version. BTC @ http://localhost:3000/_next/static/chunks/node_modules_next_dist_115brz8._.js:3272
[  721143ms] [LOG] PortfolioPage holdings: 5 BTC,MSFT,ETH,SOL,BTC @ http://localhost:3000/_next/static/chunks/node_modules_next_dist_115brz8._.js:2431
[  721144ms] [LOG] PortfolioPage holdings: 5 BTC,MSFT,ETH,SOL,BTC @ http://localhost:3000/_next/static/chunks/node_modules_next_dist_115brz8._.js:2431
[  721151ms] [ERROR] Encountered two children with the same key, `%s`. Keys should be unique so that components maintain their identity across updates. Non-unique keys may cause children to be duplicated and/or omitted — the behavior is unsupported and could change in a future version. BTC @ http://localhost:3000/_next/static/chunks/node_modules_next_dist_115brz8._.js:3272
[  751148ms] [LOG] PortfolioPage holdings: 5 BTC,MSFT,ETH,SOL,BTC @ http://localhost:3000/_next/static/chunks/node_modules_next_dist_115brz8._.js:2431
[  751149ms] [LOG] PortfolioPage holdings: 5 BTC,MSFT,ETH,SOL,BTC @ http://localhost:3000/_next/static/chunks/node_modules_next_dist_115brz8._.js:2431
[  751161ms] [ERROR] Encountered two children with the same key, `%s`. Keys should be unique so that components maintain their identity across updates. Non-unique keys may cause children to be duplicated and/or omitted — the behavior is unsupported and could change in a future version. BTC @ http://localhost:3000/_next/static/chunks/node_modules_next_dist_115brz8._.js:3272
[  781092ms] [LOG] PortfolioPage holdings: 5 BTC,MSFT,ETH,SOL,BTC @ http://localhost:3000/_next/static/chunks/node_modules_next_dist_115brz8._.js:2431
[  781093ms] [LOG] PortfolioPage holdings: 5 BTC,MSFT,ETH,SOL,BTC @ http://localhost:3000/_next/static/chunks/node_modules_next_dist_115brz8._.js:2431
[  781100ms] [ERROR] Encountered two children with the same key, `%s`. Keys should be unique so that components maintain their identity across updates. Non-unique keys may cause children to be duplicated and/or omitted — the behavior is unsupported and could change in a future version. BTC @ http://localhost:3000/_next/static/chunks/node_modules_next_dist_115brz8._.js:3272
[  781150ms] [LOG] PortfolioPage holdings: 5 BTC,MSFT,ETH,SOL,BTC @ http://localhost:3000/_next/static/chunks/node_modules_next_dist_115brz8._.js:2431
[  781151ms] [LOG] PortfolioPage holdings: 5 BTC,MSFT,ETH,SOL,BTC @ http://localhost:3000/_next/static/chunks/node_modules_next_dist_115brz8._.js:2431
[  781158ms] [ERROR] Encountered two children with the same key, `%s`. Keys should be unique so that components maintain their identity across updates. Non-unique keys may cause children to be duplicated and/or omitted — the behavior is unsupported and could change in a future version. BTC @ http://localhost:3000/_next/static/chunks/node_modules_next_dist_115brz8._.js:3272
[  811152ms] [LOG] PortfolioPage holdings: 5 BTC,MSFT,ETH,SOL,BTC @ http://localhost:3000/_next/static/chunks/node_modules_next_dist_115brz8._.js:2431
[  811153ms] [LOG] PortfolioPage holdings: 5 BTC,MSFT,ETH,SOL,BTC @ http://localhost:3000/_next/static/chunks/node_modules_next_dist_115brz8._.js:2431
[  811159ms] [ERROR] Encountered two children with the same key, `%s`. Keys should be unique so that components maintain their identity across updates. Non-unique keys may cause children to be duplicated and/or omitted — the behavior is unsupported and could change in a future version. BTC @ http://localhost:3000/_next/static/chunks/node_modules_next_dist_115brz8._.js:3272
[  841106ms] [LOG] PortfolioPage holdings: 5 BTC,MSFT,ETH,SOL,BTC @ http://localhost:3000/_next/static/chunks/node_modules_next_dist_115brz8._.js:2431
[  841107ms] [LOG] PortfolioPage holdings: 5 BTC,MSFT,ETH,SOL,BTC @ http://localhost:3000/_next/static/chunks/node_modules_next_dist_115brz8._.js:2431
[  841114ms] [ERROR] Encountered two children with the same key, `%s`. Keys should be unique so that components maintain their identity across updates. Non-unique keys may cause children to be duplicated and/or omitted — the behavior is unsupported and could change in a future version. BTC @ http://localhost:3000/_next/static/chunks/node_modules_next_dist_115brz8._.js:3272
[  841155ms] [LOG] PortfolioPage holdings: 5 BTC,MSFT,ETH,SOL,BTC @ http://localhost:3000/_next/static/chunks/node_modules_next_dist_115brz8._.js:2431
[  841156ms] [LOG] PortfolioPage holdings: 5 BTC,MSFT,ETH,SOL,BTC @ http://localhost:3000/_next/static/chunks/node_modules_next_dist_115brz8._.js:2431
[  841166ms] [ERROR] Encountered two children with the same key, `%s`. Keys should be unique so that components maintain their identity across updates. Non-unique keys may cause children to be duplicated and/or omitted — the behavior is unsupported and could change in a future version. BTC @ http://localhost:3000/_next/static/chunks/node_modules_next_dist_115brz8._.js:3272
[  871168ms] [LOG] PortfolioPage holdings: 5 BTC,MSFT,ETH,SOL,BTC @ http://localhost:3000/_next/static/chunks/node_modules_next_dist_115brz8._.js:2431
[  871169ms] [LOG] PortfolioPage holdings: 5 BTC,MSFT,ETH,SOL,BTC @ http://localhost:3000/_next/static/chunks/node_modules_next_dist_115brz8._.js:2431
[  871177ms] [ERROR] Encountered two children with the same key, `%s`. Keys should be unique so that components maintain their identity across updates. Non-unique keys may cause children to be duplicated and/or omitted — the behavior is unsupported and could change in a future version. BTC @ http://localhost:3000/_next/static/chunks/node_modules_next_dist_115brz8._.js:3272
[  901114ms] [LOG] PortfolioPage holdings: 5 BTC,MSFT,ETH,SOL,BTC @ http://localhost:3000/_next/static/chunks/node_modules_next_dist_115brz8._.js:2431
[  901115ms] [LOG] PortfolioPage holdings: 5 BTC,MSFT,ETH,SOL,BTC @ http://localhost:3000/_next/static/chunks/node_modules_next_dist_115brz8._.js:2431
[  901122ms] [ERROR] Encountered two children with the same key, `%s`. Keys should be unique so that components maintain their identity across updates. Non-unique keys may cause children to be duplicated and/or omitted — the behavior is unsupported and could change in a future version. BTC @ http://localhost:3000/_next/static/chunks/node_modules_next_dist_115brz8._.js:3272
[  901170ms] [LOG] PortfolioPage holdings: 5 BTC,MSFT,ETH,SOL,BTC @ http://localhost:3000/_next/static/chunks/node_modules_next_dist_115brz8._.js:2431
[  901171ms] [LOG] PortfolioPage holdings: 5 BTC,MSFT,ETH,SOL,BTC @ http://localhost:3000/_next/static/chunks/node_modules_next_dist_115brz8._.js:2431
[  901179ms] [ERROR] Encountered two children with the same key, `%s`. Keys should be unique so that components maintain their identity across updates. Non-unique keys may cause children to be duplicated and/or omitted — the behavior is unsupported and could change in a future version. BTC @ http://localhost:3000/_next/static/chunks/node_modules_next_dist_115brz8._.js:3272
[  931177ms] [LOG] PortfolioPage holdings: 5 BTC,MSFT,ETH,SOL,BTC @ http://localhost:3000/_next/static/chunks/node_modules_next_dist_115brz8._.js:2431
[  931178ms] [LOG] PortfolioPage holdings: 5 BTC,MSFT,ETH,SOL,BTC @ http://localhost:3000/_next/static/chunks/node_modules_next_dist_115brz8._.js:2431
[  931185ms] [ERROR] Encountered two children with the same key, `%s`. Keys should be unique so that components maintain their identity across updates. Non-unique keys may cause children to be duplicated and/or omitted — the behavior is unsupported and could change in a future version. BTC @ http://localhost:3000/_next/static/chunks/node_modules_next_dist_115brz8._.js:3272
[  961122ms] [LOG] PortfolioPage holdings: 5 BTC,MSFT,ETH,SOL,BTC @ http://localhost:3000/_next/static/chunks/node_modules_next_dist_115brz8._.js:2431
[  961122ms] [LOG] PortfolioPage holdings: 5 BTC,MSFT,ETH,SOL,BTC @ http://localhost:3000/_next/static/chunks/node_modules_next_dist_115brz8._.js:2431
[  961129ms] [ERROR] Encountered two children with the same key, `%s`. Keys should be unique so that components maintain their identity across updates. Non-unique keys may cause children to be duplicated and/or omitted — the behavior is unsupported and could change in a future version. BTC @ http://localhost:3000/_next/static/chunks/node_modules_next_dist_115brz8._.js:3272
[  961180ms] [LOG] PortfolioPage holdings: 5 BTC,MSFT,ETH,SOL,BTC @ http://localhost:3000/_next/static/chunks/node_modules_next_dist_115brz8._.js:2431
[  961181ms] [LOG] PortfolioPage holdings: 5 BTC,MSFT,ETH,SOL,BTC @ http://localhost:3000/_next/static/chunks/node_modules_next_dist_115brz8._.js:2431
[  961188ms] [ERROR] Encountered two children with the same key, `%s`. Keys should be unique so that components maintain their identity across updates. Non-unique keys may cause children to be duplicated and/or omitted — the behavior is unsupported and could change in a future version. BTC @ http://localhost:3000/_next/static/chunks/node_modules_next_dist_115brz8._.js:3272
[  991198ms] [LOG] PortfolioPage holdings: 5 BTC,MSFT,ETH,SOL,BTC @ http://localhost:3000/_next/static/chunks/node_modules_next_dist_115brz8._.js:2431
[  991199ms] [LOG] PortfolioPage holdings: 5 BTC,MSFT,ETH,SOL,BTC @ http://localhost:3000/_next/static/chunks/node_modules_next_dist_115brz8._.js:2431
[  991206ms] [ERROR] Encountered two children with the same key, `%s`. Keys should be unique so that components maintain their identity across updates. Non-unique keys may cause children to be duplicated and/or omitted — the behavior is unsupported and could change in a future version. BTC @ http://localhost:3000/_next/static/chunks/node_modules_next_dist_115brz8._.js:3272
[ 1021138ms] [LOG] PortfolioPage holdings: 5 BTC,MSFT,ETH,SOL,BTC @ http://localhost:3000/_next/static/chunks/node_modules_next_dist_115brz8._.js:2431
[ 1021139ms] [LOG] PortfolioPage holdings: 5 BTC,MSFT,ETH,SOL,BTC @ http://localhost:3000/_next/static/chunks/node_modules_next_dist_115brz8._.js:2431
[ 1021146ms] [ERROR] Encountered two children with the same key, `%s`. Keys should be unique so that components maintain their identity across updates. Non-unique keys may cause children to be duplicated and/or omitted — the behavior is unsupported and could change in a future version. BTC @ http://localhost:3000/_next/static/chunks/node_modules_next_dist_115brz8._.js:3272
[ 1051210ms] [LOG] PortfolioPage holdings: 5 BTC,MSFT,ETH,SOL,BTC @ http://localhost:3000/_next/static/chunks/node_modules_next_dist_115brz8._.js:2431
[ 1051211ms] [LOG] PortfolioPage holdings: 5 BTC,MSFT,ETH,SOL,BTC @ http://localhost:3000/_next/static/chunks/node_modules_next_dist_115brz8._.js:2431
[ 1051218ms] [ERROR] Encountered two children with the same key, `%s`. Keys should be unique so that components maintain their identity across updates. Non-unique keys may cause children to be duplicated and/or omitted — the behavior is unsupported and could change in a future version. BTC @ http://localhost:3000/_next/static/chunks/node_modules_next_dist_115brz8._.js:3272
[ 1081226ms] [LOG] PortfolioPage holdings: 5 BTC,MSFT,ETH,SOL,BTC @ http://localhost:3000/_next/static/chunks/node_modules_next_dist_115brz8._.js:2431
[ 1081227ms] [LOG] PortfolioPage holdings: 5 BTC,MSFT,ETH,SOL,BTC @ http://localhost:3000/_next/static/chunks/node_modules_next_dist_115brz8._.js:2431
[ 1081233ms] [ERROR] Encountered two children with the same key, `%s`. Keys should be unique so that components maintain their identity across updates. Non-unique keys may cause children to be duplicated and/or omitted — the behavior is unsupported and could change in a future version. BTC @ http://localhost:3000/_next/static/chunks/node_modules_next_dist_115brz8._.js:3272
[ 1111240ms] [LOG] PortfolioPage holdings: 5 BTC,MSFT,ETH,SOL,BTC @ http://localhost:3000/_next/static/chunks/node_modules_next_dist_115brz8._.js:2431
[ 1111241ms] [LOG] PortfolioPage holdings: 5 BTC,MSFT,ETH,SOL,BTC @ http://localhost:3000/_next/static/chunks/node_modules_next_dist_115brz8._.js:2431
[ 1111248ms] [ERROR] Encountered two children with the same key, `%s`. Keys should be unique so that components maintain their identity across updates. Non-unique keys may cause children to be duplicated and/or omitted — the behavior is unsupported and could change in a future version. BTC @ http://localhost:3000/_next/static/chunks/node_modules_next_dist_115brz8._.js:3272
[ 1141155ms] [LOG] PortfolioPage holdings: 5 BTC,MSFT,ETH,SOL,BTC @ http://localhost:3000/_next/static/chunks/node_modules_next_dist_115brz8._.js:2431
[ 1141156ms] [LOG] PortfolioPage holdings: 5 BTC,MSFT,ETH,SOL,BTC @ http://localhost:3000/_next/static/chunks/node_modules_next_dist_115brz8._.js:2431
[ 1141163ms] [ERROR] Encountered two children with the same key, `%s`. Keys should be unique so that components maintain their identity across updates. Non-unique keys may cause children to be duplicated and/or omitted — the behavior is unsupported and could change in a future version. BTC @ http://localhost:3000/_next/static/chunks/node_modules_next_dist_115brz8._.js:3272
[ 1141246ms] [LOG] PortfolioPage holdings: 5 BTC,MSFT,ETH,SOL,BTC @ http://localhost:3000/_next/static/chunks/node_modules_next_dist_115brz8._.js:2431
[ 1141247ms] [LOG] PortfolioPage holdings: 5 BTC,MSFT,ETH,SOL,BTC @ http://localhost:3000/_next/static/chunks/node_modules_next_dist_115brz8._.js:2431
[ 1141256ms] [ERROR] Encountered two children with the same key, `%s`. Keys should be unique so that components maintain their identity across updates. Non-unique keys may cause children to be duplicated and/or omitted — the behavior is unsupported and could change in a future version. BTC @ http://localhost:3000/_next/static/chunks/node_modules_next_dist_115brz8._.js:3272
[ 1171258ms] [LOG] PortfolioPage holdings: 5 BTC,MSFT,ETH,SOL,BTC @ http://localhost:3000/_next/static/chunks/node_modules_next_dist_115brz8._.js:2431
[ 1171259ms] [LOG] PortfolioPage holdings: 5 BTC,MSFT,ETH,SOL,BTC @ http://localhost:3000/_next/static/chunks/node_modules_next_dist_115brz8._.js:2431
[ 1171266ms] [ERROR] Encountered two children with the same key, `%s`. Keys should be unique so that components maintain their identity across updates. Non-unique keys may cause children to be duplicated and/or omitted — the behavior is unsupported and could change in a future version. BTC @ http://localhost:3000/_next/static/chunks/node_modules_next_dist_115brz8._.js:3272
[ 1201167ms] [LOG] PortfolioPage holdings: 5 BTC,MSFT,ETH,SOL,BTC @ http://localhost:3000/_next/static/chunks/node_modules_next_dist_115brz8._.js:2431
[ 1201168ms] [LOG] PortfolioPage holdings: 5 BTC,MSFT,ETH,SOL,BTC @ http://localhost:3000/_next/static/chunks/node_modules_next_dist_115brz8._.js:2431
[ 1201175ms] [ERROR] Encountered two children with the same key, `%s`. Keys should be unique so that components maintain their identity across updates. Non-unique keys may cause children to be duplicated and/or omitted — the behavior is unsupported and could change in a future version. BTC @ http://localhost:3000/_next/static/chunks/node_modules_next_dist_115brz8._.js:3272
[ 1201272ms] [LOG] PortfolioPage holdings: 5 BTC,MSFT,ETH,SOL,BTC @ http://localhost:3000/_next/static/chunks/node_modules_next_dist_115brz8._.js:2431
[ 1201273ms] [LOG] PortfolioPage holdings: 5 BTC,MSFT,ETH,SOL,BTC @ http://localhost:3000/_next/static/chunks/node_modules_next_dist_115brz8._.js:2431
[ 1201280ms] [ERROR] Encountered two children with the same key, `%s`. Keys should be unique so that components maintain their identity across updates. Non-unique keys may cause children to be duplicated and/or omitted — the behavior is unsupported and could change in a future version. BTC @ http://localhost:3000/_next/static/chunks/node_modules_next_dist_115brz8._.js:3272
[ 1231279ms] [LOG] PortfolioPage holdings: 5 BTC,MSFT,ETH,SOL,BTC @ http://localhost:3000/_next/static/chunks/node_modules_next_dist_115brz8._.js:2431
[ 1231281ms] [LOG] PortfolioPage holdings: 5 BTC,MSFT,ETH,SOL,BTC @ http://localhost:3000/_next/static/chunks/node_modules_next_dist_115brz8._.js:2431
[ 1231287ms] [ERROR] Encountered two children with the same key, `%s`. Keys should be unique so that components maintain their identity across updates. Non-unique keys may cause children to be duplicated and/or omitted — the behavior is unsupported and could change in a future version. BTC @ http://localhost:3000/_next/static/chunks/node_modules_next_dist_115brz8._.js:3272
[ 1261180ms] [LOG] PortfolioPage holdings: 5 BTC,MSFT,ETH,SOL,BTC @ http://localhost:3000/_next/static/chunks/node_modules_next_dist_115brz8._.js:2431
[ 1261182ms] [LOG] PortfolioPage holdings: 5 BTC,MSFT,ETH,SOL,BTC @ http://localhost:3000/_next/static/chunks/node_modules_next_dist_115brz8._.js:2431
[ 1261188ms] [ERROR] Encountered two children with the same key, `%s`. Keys should be unique so that components maintain their identity across updates. Non-unique keys may cause children to be duplicated and/or omitted — the behavior is unsupported and could change in a future version. BTC @ http://localhost:3000/_next/static/chunks/node_modules_next_dist_115brz8._.js:3272
[ 1261285ms] [LOG] PortfolioPage holdings: 5 BTC,MSFT,ETH,SOL,BTC @ http://localhost:3000/_next/static/chunks/node_modules_next_dist_115brz8._.js:2431
[ 1261286ms] [LOG] PortfolioPage holdings: 5 BTC,MSFT,ETH,SOL,BTC @ http://localhost:3000/_next/static/chunks/node_modules_next_dist_115brz8._.js:2431
[ 1261292ms] [ERROR] Encountered two children with the same key, `%s`. Keys should be unique so that components maintain their identity across updates. Non-unique keys may cause children to be duplicated and/or omitted — the behavior is unsupported and could change in a future version. BTC @ http://localhost:3000/_next/static/chunks/node_modules_next_dist_115brz8._.js:3272
[ 1291301ms] [LOG] PortfolioPage holdings: 5 BTC,MSFT,ETH,SOL,BTC @ http://localhost:3000/_next/static/chunks/node_modules_next_dist_115brz8._.js:2431
[ 1291302ms] [LOG] PortfolioPage holdings: 5 BTC,MSFT,ETH,SOL,BTC @ http://localhost:3000/_next/static/chunks/node_modules_next_dist_115brz8._.js:2431
[ 1291309ms] [ERROR] Encountered two children with the same key, `%s`. Keys should be unique so that components maintain their identity across updates. Non-unique keys may cause children to be duplicated and/or omitted — the behavior is unsupported and could change in a future version. BTC @ http://localhost:3000/_next/static/chunks/node_modules_next_dist_115brz8._.js:3272
[ 1321191ms] [LOG] PortfolioPage holdings: 5 BTC,MSFT,ETH,SOL,BTC @ http://localhost:3000/_next/static/chunks/node_modules_next_dist_115brz8._.js:2431
[ 1321192ms] [LOG] PortfolioPage holdings: 5 BTC,MSFT,ETH,SOL,BTC @ http://localhost:3000/_next/static/chunks/node_modules_next_dist_115brz8._.js:2431
[ 1321199ms] [ERROR] Encountered two children with the same key, `%s`. Keys should be unique so that components maintain their identity across updates. Non-unique keys may cause children to be duplicated and/or omitted — the behavior is unsupported and could change in a future version. BTC @ http://localhost:3000/_next/static/chunks/node_modules_next_dist_115brz8._.js:3272
[ 1321311ms] [LOG] PortfolioPage holdings: 5 BTC,MSFT,ETH,SOL,BTC @ http://localhost:3000/_next/static/chunks/node_modules_next_dist_115brz8._.js:2431
[ 1321312ms] [LOG] PortfolioPage holdings: 5 BTC,MSFT,ETH,SOL,BTC @ http://localhost:3000/_next/static/chunks/node_modules_next_dist_115brz8._.js:2431
[ 1321319ms] [ERROR] Encountered two children with the same key, `%s`. Keys should be unique so that components maintain their identity across updates. Non-unique keys may cause children to be duplicated and/or omitted — the behavior is unsupported and could change in a future version. BTC @ http://localhost:3000/_next/static/chunks/node_modules_next_dist_115brz8._.js:3272
[ 1351326ms] [LOG] PortfolioPage holdings: 5 BTC,MSFT,ETH,SOL,BTC @ http://localhost:3000/_next/static/chunks/node_modules_next_dist_115brz8._.js:2431
[ 1351327ms] [LOG] PortfolioPage holdings: 5 BTC,MSFT,ETH,SOL,BTC @ http://localhost:3000/_next/static/chunks/node_modules_next_dist_115brz8._.js:2431
[ 1351334ms] [ERROR] Encountered two children with the same key, `%s`. Keys should be unique so that components maintain their identity across updates. Non-unique keys may cause children to be duplicated and/or omitted — the behavior is unsupported and could change in a future version. BTC @ http://localhost:3000/_next/static/chunks/node_modules_next_dist_115brz8._.js:3272
[ 1381195ms] [LOG] PortfolioPage holdings: 5 BTC,MSFT,ETH,SOL,BTC @ http://localhost:3000/_next/static/chunks/node_modules_next_dist_115brz8._.js:2431
[ 1381196ms] [LOG] PortfolioPage holdings: 5 BTC,MSFT,ETH,SOL,BTC @ http://localhost:3000/_next/static/chunks/node_modules_next_dist_115brz8._.js:2431
[ 1381202ms] [ERROR] Encountered two children with the same key, `%s`. Keys should be unique so that components maintain their identity across updates. Non-unique keys may cause children to be duplicated and/or omitted — the behavior is unsupported and could change in a future version. BTC @ http://localhost:3000/_next/static/chunks/node_modules_next_dist_115brz8._.js:3272
[ 1381331ms] [LOG] PortfolioPage holdings: 5 BTC,MSFT,ETH,SOL,BTC @ http://localhost:3000/_next/static/chunks/node_modules_next_dist_115brz8._.js:2431
[ 1381332ms] [LOG] PortfolioPage holdings: 5 BTC,MSFT,ETH,SOL,BTC @ http://localhost:3000/_next/static/chunks/node_modules_next_dist_115brz8._.js:2431
[ 1381338ms] [ERROR] Encountered two children with the same key, `%s`. Keys should be unique so that components maintain their identity across updates. Non-unique keys may cause children to be duplicated and/or omitted — the behavior is unsupported and could change in a future version. BTC @ http://localhost:3000/_next/static/chunks/node_modules_next_dist_115brz8._.js:3272
[ 1411341ms] [LOG] PortfolioPage holdings: 5 BTC,MSFT,ETH,SOL,BTC @ http://localhost:3000/_next/static/chunks/node_modules_next_dist_115brz8._.js:2431
[ 1411341ms] [LOG] PortfolioPage holdings: 5 BTC,MSFT,ETH,SOL,BTC @ http://localhost:3000/_next/static/chunks/node_modules_next_dist_115brz8._.js:2431
[ 1411347ms] [ERROR] Encountered two children with the same key, `%s`. Keys should be unique so that components maintain their identity across updates. Non-unique keys may cause children to be duplicated and/or omitted — the behavior is unsupported and could change in a future version. BTC @ http://localhost:3000/_next/static/chunks/node_modules_next_dist_115brz8._.js:3272
[ 1441212ms] [LOG] PortfolioPage holdings: 5 BTC,MSFT,ETH,SOL,BTC @ http://localhost:3000/_next/static/chunks/node_modules_next_dist_115brz8._.js:2431
[ 1441212ms] [LOG] PortfolioPage holdings: 5 BTC,MSFT,ETH,SOL,BTC @ http://localhost:3000/_next/static/chunks/node_modules_next_dist_115brz8._.js:2431
[ 1441219ms] [ERROR] Encountered two children with the same key, `%s`. Keys should be unique so that components maintain their identity across updates. Non-unique keys may cause children to be duplicated and/or omitted — the behavior is unsupported and could change in a future version. BTC @ http://localhost:3000/_next/static/chunks/node_modules_next_dist_115brz8._.js:3272
[ 1441347ms] [LOG] PortfolioPage holdings: 5 BTC,MSFT,ETH,SOL,BTC @ http://localhost:3000/_next/static/chunks/node_modules_next_dist_115brz8._.js:2431
[ 1441349ms] [LOG] PortfolioPage holdings: 5 BTC,MSFT,ETH,SOL,BTC @ http://localhost:3000/_next/static/chunks/node_modules_next_dist_115brz8._.js:2431
[ 1441355ms] [ERROR] Encountered two children with the same key, `%s`. Keys should be unique so that components maintain their identity across updates. Non-unique keys may cause children to be duplicated and/or omitted — the behavior is unsupported and could change in a future version. BTC @ http://localhost:3000/_next/static/chunks/node_modules_next_dist_115brz8._.js:3272
[ 1471352ms] [LOG] PortfolioPage holdings: 5 BTC,MSFT,ETH,SOL,BTC @ http://localhost:3000/_next/static/chunks/node_modules_next_dist_115brz8._.js:2431
[ 1471353ms] [LOG] PortfolioPage holdings: 5 BTC,MSFT,ETH,SOL,BTC @ http://localhost:3000/_next/static/chunks/node_modules_next_dist_115brz8._.js:2431
[ 1471360ms] [ERROR] Encountered two children with the same key, `%s`. Keys should be unique so that components maintain their identity across updates. Non-unique keys may cause children to be duplicated and/or omitted — the behavior is unsupported and could change in a future version. BTC @ http://localhost:3000/_next/static/chunks/node_modules_next_dist_115brz8._.js:3272
[ 1501222ms] [LOG] PortfolioPage holdings: 5 BTC,MSFT,ETH,SOL,BTC @ http://localhost:3000/_next/static/chunks/node_modules_next_dist_115brz8._.js:2431
[ 1501223ms] [LOG] PortfolioPage holdings: 5 BTC,MSFT,ETH,SOL,BTC @ http://localhost:3000/_next/static/chunks/node_modules_next_dist_115brz8._.js:2431
[ 1501229ms] [ERROR] Encountered two children with the same key, `%s`. Keys should be unique so that components maintain their identity across updates. Non-unique keys may cause children to be duplicated and/or omitted — the behavior is unsupported and could change in a future version. BTC @ http://localhost:3000/_next/static/chunks/node_modules_next_dist_115brz8._.js:3272
[ 1501359ms] [LOG] PortfolioPage holdings: 5 BTC,MSFT,ETH,SOL,BTC @ http://localhost:3000/_next/static/chunks/node_modules_next_dist_115brz8._.js:2431
[ 1501360ms] [LOG] PortfolioPage holdings: 5 BTC,MSFT,ETH,SOL,BTC @ http://localhost:3000/_next/static/chunks/node_modules_next_dist_115brz8._.js:2431
[ 1501367ms] [ERROR] Encountered two children with the same key, `%s`. Keys should be unique so that components maintain their identity across updates. Non-unique keys may cause children to be duplicated and/or omitted — the behavior is unsupported and could change in a future version. BTC @ http://localhost:3000/_next/static/chunks/node_modules_next_dist_115brz8._.js:3272
[ 1531376ms] [LOG] PortfolioPage holdings: 5 BTC,MSFT,ETH,SOL,BTC @ http://localhost:3000/_next/static/chunks/node_modules_next_dist_115brz8._.js:2431
[ 1531377ms] [LOG] PortfolioPage holdings: 5 BTC,MSFT,ETH,SOL,BTC @ http://localhost:3000/_next/static/chunks/node_modules_next_dist_115brz8._.js:2431
[ 1531383ms] [ERROR] Encountered two children with the same key, `%s`. Keys should be unique so that components maintain their identity across updates. Non-unique keys may cause children to be duplicated and/or omitted — the behavior is unsupported and could change in a future version. BTC @ http://localhost:3000/_next/static/chunks/node_modules_next_dist_115brz8._.js:3272
[ 1561230ms] [LOG] PortfolioPage holdings: 5 BTC,MSFT,ETH,SOL,BTC @ http://localhost:3000/_next/static/chunks/node_modules_next_dist_115brz8._.js:2431
[ 1561231ms] [LOG] PortfolioPage holdings: 5 BTC,MSFT,ETH,SOL,BTC @ http://localhost:3000/_next/static/chunks/node_modules_next_dist_115brz8._.js:2431
[ 1561237ms] [ERROR] Encountered two children with the same key, `%s`. Keys should be unique so that components maintain their identity across updates. Non-unique keys may cause children to be duplicated and/or omitted — the behavior is unsupported and could change in a future version. BTC @ http://localhost:3000/_next/static/chunks/node_modules_next_dist_115brz8._.js:3272
[ 1561380ms] [LOG] PortfolioPage holdings: 5 BTC,MSFT,ETH,SOL,BTC @ http://localhost:3000/_next/static/chunks/node_modules_next_dist_115brz8._.js:2431
[ 1561381ms] [LOG] PortfolioPage holdings: 5 BTC,MSFT,ETH,SOL,BTC @ http://localhost:3000/_next/static/chunks/node_modules_next_dist_115brz8._.js:2431
[ 1561388ms] [ERROR] Encountered two children with the same key, `%s`. Keys should be unique so that components maintain their identity across updates. Non-unique keys may cause children to be duplicated and/or omitted — the behavior is unsupported and could change in a future version. BTC @ http://localhost:3000/_next/static/chunks/node_modules_next_dist_115brz8._.js:3272
[ 1591393ms] [LOG] PortfolioPage holdings: 5 BTC,MSFT,ETH,SOL,BTC @ http://localhost:3000/_next/static/chunks/node_modules_next_dist_115brz8._.js:2431
[ 1591394ms] [LOG] PortfolioPage holdings: 5 BTC,MSFT,ETH,SOL,BTC @ http://localhost:3000/_next/static/chunks/node_modules_next_dist_115brz8._.js:2431
[ 1591400ms] [ERROR] Encountered two children with the same key, `%s`. Keys should be unique so that components maintain their identity across updates. Non-unique keys may cause children to be duplicated and/or omitted — the behavior is unsupported and could change in a future version. BTC @ http://localhost:3000/_next/static/chunks/node_modules_next_dist_115brz8._.js:3272
[ 1621234ms] [LOG] PortfolioPage holdings: 5 BTC,MSFT,ETH,SOL,BTC @ http://localhost:3000/_next/static/chunks/node_modules_next_dist_115brz8._.js:2431
[ 1621235ms] [LOG] PortfolioPage holdings: 5 BTC,MSFT,ETH,SOL,BTC @ http://localhost:3000/_next/static/chunks/node_modules_next_dist_115brz8._.js:2431
[ 1621241ms] [ERROR] Encountered two children with the same key, `%s`. Keys should be unique so that components maintain their identity across updates. Non-unique keys may cause children to be duplicated and/or omitted — the behavior is unsupported and could change in a future version. BTC @ http://localhost:3000/_next/static/chunks/node_modules_next_dist_115brz8._.js:3272
[ 1621400ms] [LOG] PortfolioPage holdings: 5 BTC,MSFT,ETH,SOL,BTC @ http://localhost:3000/_next/static/chunks/node_modules_next_dist_115brz8._.js:2431
[ 1621401ms] [LOG] PortfolioPage holdings: 5 BTC,MSFT,ETH,SOL,BTC @ http://localhost:3000/_next/static/chunks/node_modules_next_dist_115brz8._.js:2431
[ 1621407ms] [ERROR] Encountered two children with the same key, `%s`. Keys should be unique so that components maintain their identity across updates. Non-unique keys may cause children to be duplicated and/or omitted — the behavior is unsupported and could change in a future version. BTC @ http://localhost:3000/_next/static/chunks/node_modules_next_dist_115brz8._.js:3272
[ 1651414ms] [LOG] PortfolioPage holdings: 5 BTC,MSFT,ETH,SOL,BTC @ http://localhost:3000/_next/static/chunks/node_modules_next_dist_115brz8._.js:2431
[ 1651415ms] [LOG] PortfolioPage holdings: 5 BTC,MSFT,ETH,SOL,BTC @ http://localhost:3000/_next/static/chunks/node_modules_next_dist_115brz8._.js:2431
[ 1651421ms] [ERROR] Encountered two children with the same key, `%s`. Keys should be unique so that components maintain their identity across updates. Non-unique keys may cause children to be duplicated and/or omitted — the behavior is unsupported and could change in a future version. BTC @ http://localhost:3000/_next/static/chunks/node_modules_next_dist_115brz8._.js:3272
[ 1681245ms] [LOG] PortfolioPage holdings: 5 BTC,MSFT,ETH,SOL,BTC @ http://localhost:3000/_next/static/chunks/node_modules_next_dist_115brz8._.js:2431
[ 1681246ms] [LOG] PortfolioPage holdings: 5 BTC,MSFT,ETH,SOL,BTC @ http://localhost:3000/_next/static/chunks/node_modules_next_dist_115brz8._.js:2431
[ 1681253ms] [ERROR] Encountered two children with the same key, `%s`. Keys should be unique so that components maintain their identity across updates. Non-unique keys may cause children to be duplicated and/or omitted — the behavior is unsupported and could change in a future version. BTC @ http://localhost:3000/_next/static/chunks/node_modules_next_dist_115brz8._.js:3272
[ 1681427ms] [LOG] PortfolioPage holdings: 5 BTC,MSFT,ETH,SOL,BTC @ http://localhost:3000/_next/static/chunks/node_modules_next_dist_115brz8._.js:2431
[ 1681428ms] [LOG] PortfolioPage holdings: 5 BTC,MSFT,ETH,SOL,BTC @ http://localhost:3000/_next/static/chunks/node_modules_next_dist_115brz8._.js:2431
[ 1681434ms] [ERROR] Encountered two children with the same key, `%s`. Keys should be unique so that components maintain their identity across updates. Non-unique keys may cause children to be duplicated and/or omitted — the behavior is unsupported and could change in a future version. BTC @ http://localhost:3000/_next/static/chunks/node_modules_next_dist_115brz8._.js:3272
[ 1711440ms] [LOG] PortfolioPage holdings: 5 BTC,MSFT,ETH,SOL,BTC @ http://localhost:3000/_next/static/chunks/node_modules_next_dist_115brz8._.js:2431
[ 1711441ms] [LOG] PortfolioPage holdings: 5 BTC,MSFT,ETH,SOL,BTC @ http://localhost:3000/_next/static/chunks/node_modules_next_dist_115brz8._.js:2431
[ 1711447ms] [ERROR] Encountered two children with the same key, `%s`. Keys should be unique so that components maintain their identity across updates. Non-unique keys may cause children to be duplicated and/or omitted — the behavior is unsupported and could change in a future version. BTC @ http://localhost:3000/_next/static/chunks/node_modules_next_dist_115brz8._.js:3272
[ 1741251ms] [LOG] PortfolioPage holdings: 5 BTC,MSFT,ETH,SOL,BTC @ http://localhost:3000/_next/static/chunks/node_modules_next_dist_115brz8._.js:2431
[ 1741252ms] [LOG] PortfolioPage holdings: 5 BTC,MSFT,ETH,SOL,BTC @ http://localhost:3000/_next/static/chunks/node_modules_next_dist_115brz8._.js:2431
[ 1741258ms] [ERROR] Encountered two children with the same key, `%s`. Keys should be unique so that components maintain their identity across updates. Non-unique keys may cause children to be duplicated and/or omitted — the behavior is unsupported and could change in a future version. BTC @ http://localhost:3000/_next/static/chunks/node_modules_next_dist_115brz8._.js:3272
[ 1741446ms] [LOG] PortfolioPage holdings: 5 BTC,MSFT,ETH,SOL,BTC @ http://localhost:3000/_next/static/chunks/node_modules_next_dist_115brz8._.js:2431
[ 1741447ms] [LOG] PortfolioPage holdings: 5 BTC,MSFT,ETH,SOL,BTC @ http://localhost:3000/_next/static/chunks/node_modules_next_dist_115brz8._.js:2431
[ 1741453ms] [ERROR] Encountered two children with the same key, `%s`. Keys should be unique so that components maintain their identity across updates. Non-unique keys may cause children to be duplicated and/or omitted — the behavior is unsupported and could change in a future version. BTC @ http://localhost:3000/_next/static/chunks/node_modules_next_dist_115brz8._.js:3272
[ 1771463ms] [LOG] PortfolioPage holdings: 5 BTC,MSFT,ETH,SOL,BTC @ http://localhost:3000/_next/static/chunks/node_modules_next_dist_115brz8._.js:2431
[ 1771464ms] [LOG] PortfolioPage holdings: 5 BTC,MSFT,ETH,SOL,BTC @ http://localhost:3000/_next/static/chunks/node_modules_next_dist_115brz8._.js:2431
[ 1771470ms] [ERROR] Encountered two children with the same key, `%s`. Keys should be unique so that components maintain their identity across updates. Non-unique keys may cause children to be duplicated and/or omitted — the behavior is unsupported and could change in a future version. BTC @ http://localhost:3000/_next/static/chunks/node_modules_next_dist_115brz8._.js:3272
[ 1801253ms] [LOG] PortfolioPage holdings: 5 BTC,MSFT,ETH,SOL,BTC @ http://localhost:3000/_next/static/chunks/node_modules_next_dist_115brz8._.js:2431
[ 1801254ms] [LOG] PortfolioPage holdings: 5 BTC,MSFT,ETH,SOL,BTC @ http://localhost:3000/_next/static/chunks/node_modules_next_dist_115brz8._.js:2431
[ 1801260ms] [ERROR] Encountered two children with the same key, `%s`. Keys should be unique so that components maintain their identity across updates. Non-unique keys may cause children to be duplicated and/or omitted — the behavior is unsupported and could change in a future version. BTC @ http://localhost:3000/_next/static/chunks/node_modules_next_dist_115brz8._.js:3272
[ 1801466ms] [LOG] PortfolioPage holdings: 5 BTC,MSFT,ETH,SOL,BTC @ http://localhost:3000/_next/static/chunks/node_modules_next_dist_115brz8._.js:2431
[ 1801467ms] [LOG] PortfolioPage holdings: 5 BTC,MSFT,ETH,SOL,BTC @ http://localhost:3000/_next/static/chunks/node_modules_next_dist_115brz8._.js:2431
[ 1801472ms] [ERROR] Encountered two children with the same key, `%s`. Keys should be unique so that components maintain their identity across updates. Non-unique keys may cause children to be duplicated and/or omitted — the behavior is unsupported and could change in a future version. BTC @ http://localhost:3000/_next/static/chunks/node_modules_next_dist_115brz8._.js:3272
[ 1831482ms] [LOG] PortfolioPage holdings: 5 BTC,MSFT,ETH,SOL,BTC @ http://localhost:3000/_next/static/chunks/node_modules_next_dist_115brz8._.js:2431
[ 1831483ms] [LOG] PortfolioPage holdings: 5 BTC,MSFT,ETH,SOL,BTC @ http://localhost:3000/_next/static/chunks/node_modules_next_dist_115brz8._.js:2431
[ 1831488ms] [ERROR] Encountered two children with the same key, `%s`. Keys should be unique so that components maintain their identity across updates. Non-unique keys may cause children to be duplicated and/or omitted — the behavior is unsupported and could change in a future version. BTC @ http://localhost:3000/_next/static/chunks/node_modules_next_dist_115brz8._.js:3272
[ 1861258ms] [LOG] PortfolioPage holdings: 5 BTC,MSFT,ETH,SOL,BTC @ http://localhost:3000/_next/static/chunks/node_modules_next_dist_115brz8._.js:2431
[ 1861259ms] [LOG] PortfolioPage holdings: 5 BTC,MSFT,ETH,SOL,BTC @ http://localhost:3000/_next/static/chunks/node_modules_next_dist_115brz8._.js:2431
[ 1861266ms] [ERROR] Encountered two children with the same key, `%s`. Keys should be unique so that components maintain their identity across updates. Non-unique keys may cause children to be duplicated and/or omitted — the behavior is unsupported and could change in a future version. BTC @ http://localhost:3000/_next/static/chunks/node_modules_next_dist_115brz8._.js:3272
[ 1861486ms] [LOG] PortfolioPage holdings: 5 BTC,MSFT,ETH,SOL,BTC @ http://localhost:3000/_next/static/chunks/node_modules_next_dist_115brz8._.js:2431
[ 1861486ms] [LOG] PortfolioPage holdings: 5 BTC,MSFT,ETH,SOL,BTC @ http://localhost:3000/_next/static/chunks/node_modules_next_dist_115brz8._.js:2431
[ 1861493ms] [ERROR] Encountered two children with the same key, `%s`. Keys should be unique so that components maintain their identity across updates. Non-unique keys may cause children to be duplicated and/or omitted — the behavior is unsupported and could change in a future version. BTC @ http://localhost:3000/_next/static/chunks/node_modules_next_dist_115brz8._.js:3272
[ 1891490ms] [LOG] PortfolioPage holdings: 5 BTC,MSFT,ETH,SOL,BTC @ http://localhost:3000/_next/static/chunks/node_modules_next_dist_115brz8._.js:2431
[ 1891491ms] [LOG] PortfolioPage holdings: 5 BTC,MSFT,ETH,SOL,BTC @ http://localhost:3000/_next/static/chunks/node_modules_next_dist_115brz8._.js:2431
[ 1891497ms] [ERROR] Encountered two children with the same key, `%s`. Keys should be unique so that components maintain their identity across updates. Non-unique keys may cause children to be duplicated and/or omitted — the behavior is unsupported and could change in a future version. BTC @ http://localhost:3000/_next/static/chunks/node_modules_next_dist_115brz8._.js:3272
[ 1921263ms] [LOG] PortfolioPage holdings: 5 BTC,MSFT,ETH,SOL,BTC @ http://localhost:3000/_next/static/chunks/node_modules_next_dist_115brz8._.js:2431
[ 1921264ms] [LOG] PortfolioPage holdings: 5 BTC,MSFT,ETH,SOL,BTC @ http://localhost:3000/_next/static/chunks/node_modules_next_dist_115brz8._.js:2431
[ 1921270ms] [ERROR] Encountered two children with the same key, `%s`. Keys should be unique so that components maintain their identity across updates. Non-unique keys may cause children to be duplicated and/or omitted — the behavior is unsupported and could change in a future version. BTC @ http://localhost:3000/_next/static/chunks/node_modules_next_dist_115brz8._.js:3272
[ 1921503ms] [LOG] PortfolioPage holdings: 5 BTC,MSFT,ETH,SOL,BTC @ http://localhost:3000/_next/static/chunks/node_modules_next_dist_115brz8._.js:2431
[ 1921504ms] [LOG] PortfolioPage holdings: 5 BTC,MSFT,ETH,SOL,BTC @ http://localhost:3000/_next/static/chunks/node_modules_next_dist_115brz8._.js:2431
[ 1921509ms] [ERROR] Encountered two children with the same key, `%s`. Keys should be unique so that components maintain their identity across updates. Non-unique keys may cause children to be duplicated and/or omitted — the behavior is unsupported and could change in a future version. BTC @ http://localhost:3000/_next/static/chunks/node_modules_next_dist_115brz8._.js:3272
[ 1951517ms] [LOG] PortfolioPage holdings: 5 BTC,MSFT,ETH,SOL,BTC @ http://localhost:3000/_next/static/chunks/node_modules_next_dist_115brz8._.js:2431
[ 1951518ms] [LOG] PortfolioPage holdings: 5 BTC,MSFT,ETH,SOL,BTC @ http://localhost:3000/_next/static/chunks/node_modules_next_dist_115brz8._.js:2431
[ 1951524ms] [ERROR] Encountered two children with the same key, `%s`. Keys should be unique so that components maintain their identity across updates. Non-unique keys may cause children to be duplicated and/or omitted — the behavior is unsupported and could change in a future version. BTC @ http://localhost:3000/_next/static/chunks/node_modules_next_dist_115brz8._.js:3272
[ 1981283ms] [LOG] PortfolioPage holdings: 5 BTC,MSFT,ETH,SOL,BTC @ http://localhost:3000/_next/static/chunks/node_modules_next_dist_115brz8._.js:2431
[ 1981283ms] [LOG] PortfolioPage holdings: 5 BTC,MSFT,ETH,SOL,BTC @ http://localhost:3000/_next/static/chunks/node_modules_next_dist_115brz8._.js:2431
[ 1981289ms] [ERROR] Encountered two children with the same key, `%s`. Keys should be unique so that components maintain their identity across updates. Non-unique keys may cause children to be duplicated and/or omitted — the behavior is unsupported and could change in a future version. BTC @ http://localhost:3000/_next/static/chunks/node_modules_next_dist_115brz8._.js:3272
[ 1981521ms] [LOG] PortfolioPage holdings: 5 BTC,MSFT,ETH,SOL,BTC @ http://localhost:3000/_next/static/chunks/node_modules_next_dist_115brz8._.js:2431
[ 1981522ms] [LOG] PortfolioPage holdings: 5 BTC,MSFT,ETH,SOL,BTC @ http://localhost:3000/_next/static/chunks/node_modules_next_dist_115brz8._.js:2431
[ 1981528ms] [ERROR] Encountered two children with the same key, `%s`. Keys should be unique so that components maintain their identity across updates. Non-unique keys may cause children to be duplicated and/or omitted — the behavior is unsupported and could change in a future version. BTC @ http://localhost:3000/_next/static/chunks/node_modules_next_dist_115brz8._.js:3272
[ 2011536ms] [LOG] PortfolioPage holdings: 5 BTC,MSFT,ETH,SOL,BTC @ http://localhost:3000/_next/static/chunks/node_modules_next_dist_115brz8._.js:2431
[ 2011537ms] [LOG] PortfolioPage holdings: 5 BTC,MSFT,ETH,SOL,BTC @ http://localhost:3000/_next/static/chunks/node_modules_next_dist_115brz8._.js:2431
[ 2011543ms] [ERROR] Encountered two children with the same key, `%s`. Keys should be unique so that components maintain their identity across updates. Non-unique keys may cause children to be duplicated and/or omitted — the behavior is unsupported and could change in a future version. BTC @ http://localhost:3000/_next/static/chunks/node_modules_next_dist_115brz8._.js:3272
[ 2041541ms] [LOG] PortfolioPage holdings: 5 BTC,MSFT,ETH,SOL,BTC @ http://localhost:3000/_next/static/chunks/node_modules_next_dist_115brz8._.js:2431
[ 2041542ms] [LOG] PortfolioPage holdings: 5 BTC,MSFT,ETH,SOL,BTC @ http://localhost:3000/_next/static/chunks/node_modules_next_dist_115brz8._.js:2431
[ 2041548ms] [ERROR] Encountered two children with the same key, `%s`. Keys should be unique so that components maintain their identity across updates. Non-unique keys may cause children to be duplicated and/or omitted — the behavior is unsupported and could change in a future version. BTC @ http://localhost:3000/_next/static/chunks/node_modules_next_dist_115brz8._.js:3272
[ 2071545ms] [LOG] PortfolioPage holdings: 5 BTC,MSFT,ETH,SOL,BTC @ http://localhost:3000/_next/static/chunks/node_modules_next_dist_115brz8._.js:2431
[ 2071546ms] [LOG] PortfolioPage holdings: 5 BTC,MSFT,ETH,SOL,BTC @ http://localhost:3000/_next/static/chunks/node_modules_next_dist_115brz8._.js:2431
[ 2071552ms] [ERROR] Encountered two children with the same key, `%s`. Keys should be unique so that components maintain their identity across updates. Non-unique keys may cause children to be duplicated and/or omitted — the behavior is unsupported and could change in a future version. BTC @ http://localhost:3000/_next/static/chunks/node_modules_next_dist_115brz8._.js:3272
[ 2101311ms] [LOG] PortfolioPage holdings: 5 BTC,MSFT,ETH,SOL,BTC @ http://localhost:3000/_next/static/chunks/node_modules_next_dist_115brz8._.js:2431
[ 2101312ms] [LOG] PortfolioPage holdings: 5 BTC,MSFT,ETH,SOL,BTC @ http://localhost:3000/_next/static/chunks/node_modules_next_dist_115brz8._.js:2431
[ 2101322ms] [ERROR] Encountered two children with the same key, `%s`. Keys should be unique so that components maintain their identity across updates. Non-unique keys may cause children to be duplicated and/or omitted — the behavior is unsupported and could change in a future version. BTC @ http://localhost:3000/_next/static/chunks/node_modules_next_dist_115brz8._.js:3272
[ 2101551ms] [LOG] PortfolioPage holdings: 5 BTC,MSFT,ETH,SOL,BTC @ http://localhost:3000/_next/static/chunks/node_modules_next_dist_115brz8._.js:2431
[ 2101553ms] [LOG] PortfolioPage holdings: 5 BTC,MSFT,ETH,SOL,BTC @ http://localhost:3000/_next/static/chunks/node_modules_next_dist_115brz8._.js:2431
[ 2101561ms] [ERROR] Encountered two children with the same key, `%s`. Keys should be unique so that components maintain their identity across updates. Non-unique keys may cause children to be duplicated and/or omitted — the behavior is unsupported and could change in a future version. BTC @ http://localhost:3000/_next/static/chunks/node_modules_next_dist_115brz8._.js:3272
[ 2131563ms] [LOG] PortfolioPage holdings: 5 BTC,MSFT,ETH,SOL,BTC @ http://localhost:3000/_next/static/chunks/node_modules_next_dist_115brz8._.js:2431
[ 2131564ms] [LOG] PortfolioPage holdings: 5 BTC,MSFT,ETH,SOL,BTC @ http://localhost:3000/_next/static/chunks/node_modules_next_dist_115brz8._.js:2431
[ 2131570ms] [ERROR] Encountered two children with the same key, `%s`. Keys should be unique so that components maintain their identity across updates. Non-unique keys may cause children to be duplicated and/or omitted — the behavior is unsupported and could change in a future version. BTC @ http://localhost:3000/_next/static/chunks/node_modules_next_dist_115brz8._.js:3272
[ 2161313ms] [LOG] PortfolioPage holdings: 5 BTC,MSFT,ETH,SOL,BTC @ http://localhost:3000/_next/static/chunks/node_modules_next_dist_115brz8._.js:2431
[ 2161314ms] [LOG] PortfolioPage holdings: 5 BTC,MSFT,ETH,SOL,BTC @ http://localhost:3000/_next/static/chunks/node_modules_next_dist_115brz8._.js:2431
[ 2161321ms] [ERROR] Encountered two children with the same key, `%s`. Keys should be unique so that components maintain their identity across updates. Non-unique keys may cause children to be duplicated and/or omitted — the behavior is unsupported and could change in a future version. BTC @ http://localhost:3000/_next/static/chunks/node_modules_next_dist_115brz8._.js:3272
[ 2161570ms] [LOG] PortfolioPage holdings: 5 BTC,MSFT,ETH,SOL,BTC @ http://localhost:3000/_next/static/chunks/node_modules_next_dist_115brz8._.js:2431
[ 2161570ms] [LOG] PortfolioPage holdings: 5 BTC,MSFT,ETH,SOL,BTC @ http://localhost:3000/_next/static/chunks/node_modules_next_dist_115brz8._.js:2431
[ 2161576ms] [ERROR] Encountered two children with the same key, `%s`. Keys should be unique so that components maintain their identity across updates. Non-unique keys may cause children to be duplicated and/or omitted — the behavior is unsupported and could change in a future version. BTC @ http://localhost:3000/_next/static/chunks/node_modules_next_dist_115brz8._.js:3272
[ 2191577ms] [LOG] PortfolioPage holdings: 5 BTC,MSFT,ETH,SOL,BTC @ http://localhost:3000/_next/static/chunks/node_modules_next_dist_115brz8._.js:2431
[ 2191578ms] [LOG] PortfolioPage holdings: 5 BTC,MSFT,ETH,SOL,BTC @ http://localhost:3000/_next/static/chunks/node_modules_next_dist_115brz8._.js:2431
[ 2191586ms] [ERROR] Encountered two children with the same key, `%s`. Keys should be unique so that components maintain their identity across updates. Non-unique keys may cause children to be duplicated and/or omitted — the behavior is unsupported and could change in a future version. BTC @ http://localhost:3000/_next/static/chunks/node_modules_next_dist_115brz8._.js:3272
[ 2221323ms] [LOG] PortfolioPage holdings: 5 BTC,MSFT,ETH,SOL,BTC @ http://localhost:3000/_next/static/chunks/node_modules_next_dist_115brz8._.js:2431
[ 2221324ms] [LOG] PortfolioPage holdings: 5 BTC,MSFT,ETH,SOL,BTC @ http://localhost:3000/_next/static/chunks/node_modules_next_dist_115brz8._.js:2431
[ 2221330ms] [ERROR] Encountered two children with the same key, `%s`. Keys should be unique so that components maintain their identity across updates. Non-unique keys may cause children to be duplicated and/or omitted — the behavior is unsupported and could change in a future version. BTC @ http://localhost:3000/_next/static/chunks/node_modules_next_dist_115brz8._.js:3272
[ 2221584ms] [LOG] PortfolioPage holdings: 5 BTC,MSFT,ETH,SOL,BTC @ http://localhost:3000/_next/static/chunks/node_modules_next_dist_115brz8._.js:2431
[ 2221585ms] [LOG] PortfolioPage holdings: 5 BTC,MSFT,ETH,SOL,BTC @ http://localhost:3000/_next/static/chunks/node_modules_next_dist_115brz8._.js:2431
[ 2221590ms] [ERROR] Encountered two children with the same key, `%s`. Keys should be unique so that components maintain their identity across updates. Non-unique keys may cause children to be duplicated and/or omitted — the behavior is unsupported and could change in a future version. BTC @ http://localhost:3000/_next/static/chunks/node_modules_next_dist_115brz8._.js:3272
[ 2251599ms] [LOG] PortfolioPage holdings: 5 BTC,MSFT,ETH,SOL,BTC @ http://localhost:3000/_next/static/chunks/node_modules_next_dist_115brz8._.js:2431
[ 2251600ms] [LOG] PortfolioPage holdings: 5 BTC,MSFT,ETH,SOL,BTC @ http://localhost:3000/_next/static/chunks/node_modules_next_dist_115brz8._.js:2431
[ 2251605ms] [ERROR] Encountered two children with the same key, `%s`. Keys should be unique so that components maintain their identity across updates. Non-unique keys may cause children to be duplicated and/or omitted — the behavior is unsupported and could change in a future version. BTC @ http://localhost:3000/_next/static/chunks/node_modules_next_dist_115brz8._.js:3272
[ 2281333ms] [LOG] PortfolioPage holdings: 5 BTC,MSFT,ETH,SOL,BTC @ http://localhost:3000/_next/static/chunks/node_modules_next_dist_115brz8._.js:2431
[ 2281334ms] [LOG] PortfolioPage holdings: 5 BTC,MSFT,ETH,SOL,BTC @ http://localhost:3000/_next/static/chunks/node_modules_next_dist_115brz8._.js:2431
[ 2281340ms] [ERROR] Encountered two children with the same key, `%s`. Keys should be unique so that components maintain their identity across updates. Non-unique keys may cause children to be duplicated and/or omitted — the behavior is unsupported and could change in a future version. BTC @ http://localhost:3000/_next/static/chunks/node_modules_next_dist_115brz8._.js:3272
[ 2281605ms] [LOG] PortfolioPage holdings: 5 BTC,MSFT,ETH,SOL,BTC @ http://localhost:3000/_next/static/chunks/node_modules_next_dist_115brz8._.js:2431
[ 2281606ms] [LOG] PortfolioPage holdings: 5 BTC,MSFT,ETH,SOL,BTC @ http://localhost:3000/_next/static/chunks/node_modules_next_dist_115brz8._.js:2431
[ 2281613ms] [ERROR] Encountered two children with the same key, `%s`. Keys should be unique so that components maintain their identity across updates. Non-unique keys may cause children to be duplicated and/or omitted — the behavior is unsupported and could change in a future version. BTC @ http://localhost:3000/_next/static/chunks/node_modules_next_dist_115brz8._.js:3272
[ 2311613ms] [LOG] PortfolioPage holdings: 5 BTC,MSFT,ETH,SOL,BTC @ http://localhost:3000/_next/static/chunks/node_modules_next_dist_115brz8._.js:2431
[ 2311614ms] [LOG] PortfolioPage holdings: 5 BTC,MSFT,ETH,SOL,BTC @ http://localhost:3000/_next/static/chunks/node_modules_next_dist_115brz8._.js:2431
[ 2311619ms] [ERROR] Encountered two children with the same key, `%s`. Keys should be unique so that components maintain their identity across updates. Non-unique keys may cause children to be duplicated and/or omitted — the behavior is unsupported and could change in a future version. BTC @ http://localhost:3000/_next/static/chunks/node_modules_next_dist_115brz8._.js:3272
[ 2341353ms] [LOG] PortfolioPage holdings: 5 BTC,MSFT,ETH,SOL,BTC @ http://localhost:3000/_next/static/chunks/node_modules_next_dist_115brz8._.js:2431
[ 2341354ms] [LOG] PortfolioPage holdings: 5 BTC,MSFT,ETH,SOL,BTC @ http://localhost:3000/_next/static/chunks/node_modules_next_dist_115brz8._.js:2431
[ 2341362ms] [ERROR] Encountered two children with the same key, `%s`. Keys should be unique so that components maintain their identity across updates. Non-unique keys may cause children to be duplicated and/or omitted — the behavior is unsupported and could change in a future version. BTC @ http://localhost:3000/_next/static/chunks/node_modules_next_dist_115brz8._.js:3272
[ 2341619ms] [LOG] PortfolioPage holdings: 5 BTC,MSFT,ETH,SOL,BTC @ http://localhost:3000/_next/static/chunks/node_modules_next_dist_115brz8._.js:2431
[ 2341619ms] [LOG] PortfolioPage holdings: 5 BTC,MSFT,ETH,SOL,BTC @ http://localhost:3000/_next/static/chunks/node_modules_next_dist_115brz8._.js:2431
[ 2341627ms] [ERROR] Encountered two children with the same key, `%s`. Keys should be unique so that components maintain their identity across updates. Non-unique keys may cause children to be duplicated and/or omitted — the behavior is unsupported and could change in a future version. BTC @ http://localhost:3000/_next/static/chunks/node_modules_next_dist_115brz8._.js:3272
[ 2371625ms] [LOG] PortfolioPage holdings: 5 BTC,MSFT,ETH,SOL,BTC @ http://localhost:3000/_next/static/chunks/node_modules_next_dist_115brz8._.js:2431
[ 2371627ms] [LOG] PortfolioPage holdings: 5 BTC,MSFT,ETH,SOL,BTC @ http://localhost:3000/_next/static/chunks/node_modules_next_dist_115brz8._.js:2431
[ 2371633ms] [ERROR] Encountered two children with the same key, `%s`. Keys should be unique so that components maintain their identity across updates. Non-unique keys may cause children to be duplicated and/or omitted — the behavior is unsupported and could change in a future version. BTC @ http://localhost:3000/_next/static/chunks/node_modules_next_dist_115brz8._.js:3272
[ 2401357ms] [LOG] PortfolioPage holdings: 5 BTC,MSFT,ETH,SOL,BTC @ http://localhost:3000/_next/static/chunks/node_modules_next_dist_115brz8._.js:2431
[ 2401358ms] [LOG] PortfolioPage holdings: 5 BTC,MSFT,ETH,SOL,BTC @ http://localhost:3000/_next/static/chunks/node_modules_next_dist_115brz8._.js:2431
[ 2401371ms] [ERROR] Encountered two children with the same key, `%s`. Keys should be unique so that components maintain their identity across updates. Non-unique keys may cause children to be duplicated and/or omitted — the behavior is unsupported and could change in a future version. BTC @ http://localhost:3000/_next/static/chunks/node_modules_next_dist_115brz8._.js:3272
[ 2401627ms] [LOG] PortfolioPage holdings: 5 BTC,MSFT,ETH,SOL,BTC @ http://localhost:3000/_next/static/chunks/node_modules_next_dist_115brz8._.js:2431
[ 2401628ms] [LOG] PortfolioPage holdings: 5 BTC,MSFT,ETH,SOL,BTC @ http://localhost:3000/_next/static/chunks/node_modules_next_dist_115brz8._.js:2431
[ 2401633ms] [ERROR] Encountered two children with the same key, `%s`. Keys should be unique so that components maintain their identity across updates. Non-unique keys may cause children to be duplicated and/or omitted — the behavior is unsupported and could change in a future version. BTC @ http://localhost:3000/_next/static/chunks/node_modules_next_dist_115brz8._.js:3272
[ 2431639ms] [LOG] PortfolioPage holdings: 5 BTC,MSFT,ETH,SOL,BTC @ http://localhost:3000/_next/static/chunks/node_modules_next_dist_115brz8._.js:2431
[ 2431640ms] [LOG] PortfolioPage holdings: 5 BTC,MSFT,ETH,SOL,BTC @ http://localhost:3000/_next/static/chunks/node_modules_next_dist_115brz8._.js:2431
[ 2431645ms] [ERROR] Encountered two children with the same key, `%s`. Keys should be unique so that components maintain their identity across updates. Non-unique keys may cause children to be duplicated and/or omitted — the behavior is unsupported and could change in a future version. BTC @ http://localhost:3000/_next/static/chunks/node_modules_next_dist_115brz8._.js:3272
[ 2461360ms] [LOG] PortfolioPage holdings: 5 BTC,MSFT,ETH,SOL,BTC @ http://localhost:3000/_next/static/chunks/node_modules_next_dist_115brz8._.js:2431
[ 2461361ms] [LOG] PortfolioPage holdings: 5 BTC,MSFT,ETH,SOL,BTC @ http://localhost:3000/_next/static/chunks/node_modules_next_dist_115brz8._.js:2431
[ 2461366ms] [ERROR] Encountered two children with the same key, `%s`. Keys should be unique so that components maintain their identity across updates. Non-unique keys may cause children to be duplicated and/or omitted — the behavior is unsupported and could change in a future version. BTC @ http://localhost:3000/_next/static/chunks/node_modules_next_dist_115brz8._.js:3272
[ 2461647ms] [LOG] PortfolioPage holdings: 5 BTC,MSFT,ETH,SOL,BTC @ http://localhost:3000/_next/static/chunks/node_modules_next_dist_115brz8._.js:2431
[ 2461648ms] [LOG] PortfolioPage holdings: 5 BTC,MSFT,ETH,SOL,BTC @ http://localhost:3000/_next/static/chunks/node_modules_next_dist_115brz8._.js:2431
[ 2461654ms] [ERROR] Encountered two children with the same key, `%s`. Keys should be unique so that components maintain their identity across updates. Non-unique keys may cause children to be duplicated and/or omitted — the behavior is unsupported and could change in a future version. BTC @ http://localhost:3000/_next/static/chunks/node_modules_next_dist_115brz8._.js:3272
[ 2491664ms] [LOG] PortfolioPage holdings: 5 BTC,MSFT,ETH,SOL,BTC @ http://localhost:3000/_next/static/chunks/node_modules_next_dist_115brz8._.js:2431
[ 2491665ms] [LOG] PortfolioPage holdings: 5 BTC,MSFT,ETH,SOL,BTC @ http://localhost:3000/_next/static/chunks/node_modules_next_dist_115brz8._.js:2431
[ 2491671ms] [ERROR] Encountered two children with the same key, `%s`. Keys should be unique so that components maintain their identity across updates. Non-unique keys may cause children to be duplicated and/or omitted — the behavior is unsupported and could change in a future version. BTC @ http://localhost:3000/_next/static/chunks/node_modules_next_dist_115brz8._.js:3272
[ 2521366ms] [LOG] PortfolioPage holdings: 5 BTC,MSFT,ETH,SOL,BTC @ http://localhost:3000/_next/static/chunks/node_modules_next_dist_115brz8._.js:2431
[ 2521368ms] [LOG] PortfolioPage holdings: 5 BTC,MSFT,ETH,SOL,BTC @ http://localhost:3000/_next/static/chunks/node_modules_next_dist_115brz8._.js:2431
[ 2521380ms] [ERROR] Encountered two children with the same key, `%s`. Keys should be unique so that components maintain their identity across updates. Non-unique keys may cause children to be duplicated and/or omitted — the behavior is unsupported and could change in a future version. BTC @ http://localhost:3000/_next/static/chunks/node_modules_next_dist_115brz8._.js:3272
[ 2521681ms] [LOG] PortfolioPage holdings: 5 BTC,MSFT,ETH,SOL,BTC @ http://localhost:3000/_next/static/chunks/node_modules_next_dist_115brz8._.js:2431
[ 2521682ms] [LOG] PortfolioPage holdings: 5 BTC,MSFT,ETH,SOL,BTC @ http://localhost:3000/_next/static/chunks/node_modules_next_dist_115brz8._.js:2431
[ 2521688ms] [ERROR] Encountered two children with the same key, `%s`. Keys should be unique so that components maintain their identity across updates. Non-unique keys may cause children to be duplicated and/or omitted — the behavior is unsupported and could change in a future version. BTC @ http://localhost:3000/_next/static/chunks/node_modules_next_dist_115brz8._.js:3272
[ 2551688ms] [LOG] PortfolioPage holdings: 5 BTC,MSFT,ETH,SOL,BTC @ http://localhost:3000/_next/static/chunks/node_modules_next_dist_115brz8._.js:2431
[ 2551689ms] [LOG] PortfolioPage holdings: 5 BTC,MSFT,ETH,SOL,BTC @ http://localhost:3000/_next/static/chunks/node_modules_next_dist_115brz8._.js:2431
[ 2551697ms] [ERROR] Encountered two children with the same key, `%s`. Keys should be unique so that components maintain their identity across updates. Non-unique keys may cause children to be duplicated and/or omitted — the behavior is unsupported and could change in a future version. BTC @ http://localhost:3000/_next/static/chunks/node_modules_next_dist_115brz8._.js:3272
[ 2581374ms] [LOG] PortfolioPage holdings: 5 BTC,MSFT,ETH,SOL,BTC @ http://localhost:3000/_next/static/chunks/node_modules_next_dist_115brz8._.js:2431
[ 2581375ms] [LOG] PortfolioPage holdings: 5 BTC,MSFT,ETH,SOL,BTC @ http://localhost:3000/_next/static/chunks/node_modules_next_dist_115brz8._.js:2431
[ 2581382ms] [ERROR] Encountered two children with the same key, `%s`. Keys should be unique so that components maintain their identity across updates. Non-unique keys may cause children to be duplicated and/or omitted — the behavior is unsupported and could change in a future version. BTC @ http://localhost:3000/_next/static/chunks/node_modules_next_dist_115brz8._.js:3272
[ 2581706ms] [LOG] PortfolioPage holdings: 5 BTC,MSFT,ETH,SOL,BTC @ http://localhost:3000/_next/static/chunks/node_modules_next_dist_115brz8._.js:2431
[ 2581707ms] [LOG] PortfolioPage holdings: 5 BTC,MSFT,ETH,SOL,BTC @ http://localhost:3000/_next/static/chunks/node_modules_next_dist_115brz8._.js:2431
[ 2581713ms] [ERROR] Encountered two children with the same key, `%s`. Keys should be unique so that components maintain their identity across updates. Non-unique keys may cause children to be duplicated and/or omitted — the behavior is unsupported and could change in a future version. BTC @ http://localhost:3000/_next/static/chunks/node_modules_next_dist_115brz8._.js:3272
[ 2611729ms] [LOG] PortfolioPage holdings: 5 BTC,MSFT,ETH,SOL,BTC @ http://localhost:3000/_next/static/chunks/node_modules_next_dist_115brz8._.js:2431
[ 2611731ms] [LOG] PortfolioPage holdings: 5 BTC,MSFT,ETH,SOL,BTC @ http://localhost:3000/_next/static/chunks/node_modules_next_dist_115brz8._.js:2431
[ 2611744ms] [ERROR] Encountered two children with the same key, `%s`. Keys should be unique so that components maintain their identity across updates. Non-unique keys may cause children to be duplicated and/or omitted — the behavior is unsupported and could change in a future version. BTC @ http://localhost:3000/_next/static/chunks/node_modules_next_dist_115brz8._.js:3272
[ 2641383ms] [LOG] PortfolioPage holdings: 5 BTC,MSFT,ETH,SOL,BTC @ http://localhost:3000/_next/static/chunks/node_modules_next_dist_115brz8._.js:2431
[ 2641385ms] [LOG] PortfolioPage holdings: 5 BTC,MSFT,ETH,SOL,BTC @ http://localhost:3000/_next/static/chunks/node_modules_next_dist_115brz8._.js:2431
[ 2641391ms] [ERROR] Encountered two children with the same key, `%s`. Keys should be unique so that components maintain their identity across updates. Non-unique keys may cause children to be duplicated and/or omitted — the behavior is unsupported and could change in a future version. BTC @ http://localhost:3000/_next/static/chunks/node_modules_next_dist_115brz8._.js:3272
[ 2641742ms] [LOG] PortfolioPage holdings: 5 BTC,MSFT,ETH,SOL,BTC @ http://localhost:3000/_next/static/chunks/node_modules_next_dist_115brz8._.js:2431
[ 2641743ms] [LOG] PortfolioPage holdings: 5 BTC,MSFT,ETH,SOL,BTC @ http://localhost:3000/_next/static/chunks/node_modules_next_dist_115brz8._.js:2431
[ 2641751ms] [ERROR] Encountered two children with the same key, `%s`. Keys should be unique so that components maintain their identity across updates. Non-unique keys may cause children to be duplicated and/or omitted — the behavior is unsupported and could change in a future version. BTC @ http://localhost:3000/_next/static/chunks/node_modules_next_dist_115brz8._.js:3272
[ 2671751ms] [LOG] PortfolioPage holdings: 5 BTC,MSFT,ETH,SOL,BTC @ http://localhost:3000/_next/static/chunks/node_modules_next_dist_115brz8._.js:2431
[ 2671752ms] [LOG] PortfolioPage holdings: 5 BTC,MSFT,ETH,SOL,BTC @ http://localhost:3000/_next/static/chunks/node_modules_next_dist_115brz8._.js:2431
[ 2671757ms] [ERROR] Encountered two children with the same key, `%s`. Keys should be unique so that components maintain their identity across updates. Non-unique keys may cause children to be duplicated and/or omitted — the behavior is unsupported and could change in a future version. BTC @ http://localhost:3000/_next/static/chunks/node_modules_next_dist_115brz8._.js:3272
[ 2701390ms] [LOG] PortfolioPage holdings: 5 BTC,MSFT,ETH,SOL,BTC @ http://localhost:3000/_next/static/chunks/node_modules_next_dist_115brz8._.js:2431
[ 2701391ms] [LOG] PortfolioPage holdings: 5 BTC,MSFT,ETH,SOL,BTC @ http://localhost:3000/_next/static/chunks/node_modules_next_dist_115brz8._.js:2431
[ 2701400ms] [ERROR] Encountered two children with the same key, `%s`. Keys should be unique so that components maintain their identity across updates. Non-unique keys may cause children to be duplicated and/or omitted — the behavior is unsupported and could change in a future version. BTC @ http://localhost:3000/_next/static/chunks/node_modules_next_dist_115brz8._.js:3272
[ 2701768ms] [LOG] PortfolioPage holdings: 5 BTC,MSFT,ETH,SOL,BTC @ http://localhost:3000/_next/static/chunks/node_modules_next_dist_115brz8._.js:2431
[ 2701769ms] [LOG] PortfolioPage holdings: 5 BTC,MSFT,ETH,SOL,BTC @ http://localhost:3000/_next/static/chunks/node_modules_next_dist_115brz8._.js:2431
[ 2701778ms] [ERROR] Encountered two children with the same key, `%s`. Keys should be unique so that components maintain their identity across updates. Non-unique keys may cause children to be duplicated and/or omitted — the behavior is unsupported and could change in a future version. BTC @ http://localhost:3000/_next/static/chunks/node_modules_next_dist_115brz8._.js:3272
[ 2731774ms] [LOG] PortfolioPage holdings: 5 BTC,MSFT,ETH,SOL,BTC @ http://localhost:3000/_next/static/chunks/node_modules_next_dist_115brz8._.js:2431
[ 2731776ms] [LOG] PortfolioPage holdings: 5 BTC,MSFT,ETH,SOL,BTC @ http://localhost:3000/_next/static/chunks/node_modules_next_dist_115brz8._.js:2431
[ 2731784ms] [ERROR] Encountered two children with the same key, `%s`. Keys should be unique so that components maintain their identity across updates. Non-unique keys may cause children to be duplicated and/or omitted — the behavior is unsupported and could change in a future version. BTC @ http://localhost:3000/_next/static/chunks/node_modules_next_dist_115brz8._.js:3272
[ 2761394ms] [LOG] PortfolioPage holdings: 5 BTC,MSFT,ETH,SOL,BTC @ http://localhost:3000/_next/static/chunks/node_modules_next_dist_115brz8._.js:2431
[ 2761395ms] [LOG] PortfolioPage holdings: 5 BTC,MSFT,ETH,SOL,BTC @ http://localhost:3000/_next/static/chunks/node_modules_next_dist_115brz8._.js:2431
[ 2761401ms] [ERROR] Encountered two children with the same key, `%s`. Keys should be unique so that components maintain their identity across updates. Non-unique keys may cause children to be duplicated and/or omitted — the behavior is unsupported and could change in a future version. BTC @ http://localhost:3000/_next/static/chunks/node_modules_next_dist_115brz8._.js:3272
[ 2761789ms] [LOG] PortfolioPage holdings: 5 BTC,MSFT,ETH,SOL,BTC @ http://localhost:3000/_next/static/chunks/node_modules_next_dist_115brz8._.js:2431
[ 2761790ms] [LOG] PortfolioPage holdings: 5 BTC,MSFT,ETH,SOL,BTC @ http://localhost:3000/_next/static/chunks/node_modules_next_dist_115brz8._.js:2431
[ 2761799ms] [ERROR] Encountered two children with the same key, `%s`. Keys should be unique so that components maintain their identity across updates. Non-unique keys may cause children to be duplicated and/or omitted — the behavior is unsupported and could change in a future version. BTC @ http://localhost:3000/_next/static/chunks/node_modules_next_dist_115brz8._.js:3272
[ 2791797ms] [LOG] PortfolioPage holdings: 5 BTC,MSFT,ETH,SOL,BTC @ http://localhost:3000/_next/static/chunks/node_modules_next_dist_115brz8._.js:2431
[ 2791798ms] [LOG] PortfolioPage holdings: 5 BTC,MSFT,ETH,SOL,BTC @ http://localhost:3000/_next/static/chunks/node_modules_next_dist_115brz8._.js:2431
[ 2791803ms] [ERROR] Encountered two children with the same key, `%s`. Keys should be unique so that components maintain their identity across updates. Non-unique keys may cause children to be duplicated and/or omitted — the behavior is unsupported and could change in a future version. BTC @ http://localhost:3000/_next/static/chunks/node_modules_next_dist_115brz8._.js:3272
[ 2821408ms] [LOG] PortfolioPage holdings: 5 BTC,MSFT,ETH,SOL,BTC @ http://localhost:3000/_next/static/chunks/node_modules_next_dist_115brz8._.js:2431
[ 2821409ms] [LOG] PortfolioPage holdings: 5 BTC,MSFT,ETH,SOL,BTC @ http://localhost:3000/_next/static/chunks/node_modules_next_dist_115brz8._.js:2431
[ 2821415ms] [ERROR] Encountered two children with the same key, `%s`. Keys should be unique so that components maintain their identity across updates. Non-unique keys may cause children to be duplicated and/or omitted — the behavior is unsupported and could change in a future version. BTC @ http://localhost:3000/_next/static/chunks/node_modules_next_dist_115brz8._.js:3272
[ 2821802ms] [LOG] PortfolioPage holdings: 5 BTC,MSFT,ETH,SOL,BTC @ http://localhost:3000/_next/static/chunks/node_modules_next_dist_115brz8._.js:2431
[ 2821803ms] [LOG] PortfolioPage holdings: 5 BTC,MSFT,ETH,SOL,BTC @ http://localhost:3000/_next/static/chunks/node_modules_next_dist_115brz8._.js:2431
[ 2821809ms] [ERROR] Encountered two children with the same key, `%s`. Keys should be unique so that components maintain their identity across updates. Non-unique keys may cause children to be duplicated and/or omitted — the behavior is unsupported and could change in a future version. BTC @ http://localhost:3000/_next/static/chunks/node_modules_next_dist_115brz8._.js:3272
[ 2851818ms] [LOG] PortfolioPage holdings: 5 BTC,MSFT,ETH,SOL,BTC @ http://localhost:3000/_next/static/chunks/node_modules_next_dist_115brz8._.js:2431
[ 2851819ms] [LOG] PortfolioPage holdings: 5 BTC,MSFT,ETH,SOL,BTC @ http://localhost:3000/_next/static/chunks/node_modules_next_dist_115brz8._.js:2431
[ 2851827ms] [ERROR] Encountered two children with the same key, `%s`. Keys should be unique so that components maintain their identity across updates. Non-unique keys may cause children to be duplicated and/or omitted — the behavior is unsupported and could change in a future version. BTC @ http://localhost:3000/_next/static/chunks/node_modules_next_dist_115brz8._.js:3272
[ 2881414ms] [LOG] PortfolioPage holdings: 5 BTC,MSFT,ETH,SOL,BTC @ http://localhost:3000/_next/static/chunks/node_modules_next_dist_115brz8._.js:2431
[ 2881415ms] [LOG] PortfolioPage holdings: 5 BTC,MSFT,ETH,SOL,BTC @ http://localhost:3000/_next/static/chunks/node_modules_next_dist_115brz8._.js:2431
[ 2881421ms] [ERROR] Encountered two children with the same key, `%s`. Keys should be unique so that components maintain their identity across updates. Non-unique keys may cause children to be duplicated and/or omitted — the behavior is unsupported and could change in a future version. BTC @ http://localhost:3000/_next/static/chunks/node_modules_next_dist_115brz8._.js:3272
[ 2881823ms] [LOG] PortfolioPage holdings: 5 BTC,MSFT,ETH,SOL,BTC @ http://localhost:3000/_next/static/chunks/node_modules_next_dist_115brz8._.js:2431
[ 2881824ms] [LOG] PortfolioPage holdings: 5 BTC,MSFT,ETH,SOL,BTC @ http://localhost:3000/_next/static/chunks/node_modules_next_dist_115brz8._.js:2431
[ 2881829ms] [ERROR] Encountered two children with the same key, `%s`. Keys should be unique so that components maintain their identity across updates. Non-unique keys may cause children to be duplicated and/or omitted — the behavior is unsupported and could change in a future version. BTC @ http://localhost:3000/_next/static/chunks/node_modules_next_dist_115brz8._.js:3272
[ 2911840ms] [LOG] PortfolioPage holdings: 5 BTC,MSFT,ETH,SOL,BTC @ http://localhost:3000/_next/static/chunks/node_modules_next_dist_115brz8._.js:2431
[ 2911841ms] [LOG] PortfolioPage holdings: 5 BTC,MSFT,ETH,SOL,BTC @ http://localhost:3000/_next/static/chunks/node_modules_next_dist_115brz8._.js:2431
[ 2911846ms] [ERROR] Encountered two children with the same key, `%s`. Keys should be unique so that components maintain their identity across updates. Non-unique keys may cause children to be duplicated and/or omitted — the behavior is unsupported and could change in a future version. BTC @ http://localhost:3000/_next/static/chunks/node_modules_next_dist_115brz8._.js:3272
[ 2941418ms] [LOG] PortfolioPage holdings: 5 BTC,MSFT,ETH,SOL,BTC @ http://localhost:3000/_next/static/chunks/node_modules_next_dist_115brz8._.js:2431
[ 2941419ms] [LOG] PortfolioPage holdings: 5 BTC,MSFT,ETH,SOL,BTC @ http://localhost:3000/_next/static/chunks/node_modules_next_dist_115brz8._.js:2431
[ 2941426ms] [ERROR] Encountered two children with the same key, `%s`. Keys should be unique so that components maintain their identity across updates. Non-unique keys may cause children to be duplicated and/or omitted — the behavior is unsupported and could change in a future version. BTC @ http://localhost:3000/_next/static/chunks/node_modules_next_dist_115brz8._.js:3272
[ 2941857ms] [LOG] PortfolioPage holdings: 5 BTC,MSFT,ETH,SOL,BTC @ http://localhost:3000/_next/static/chunks/node_modules_next_dist_115brz8._.js:2431
[ 2941857ms] [LOG] PortfolioPage holdings: 5 BTC,MSFT,ETH,SOL,BTC @ http://localhost:3000/_next/static/chunks/node_modules_next_dist_115brz8._.js:2431
[ 2941863ms] [ERROR] Encountered two children with the same key, `%s`. Keys should be unique so that components maintain their identity across updates. Non-unique keys may cause children to be duplicated and/or omitted — the behavior is unsupported and could change in a future version. BTC @ http://localhost:3000/_next/static/chunks/node_modules_next_dist_115brz8._.js:3272
[ 2971861ms] [LOG] PortfolioPage holdings: 5 BTC,MSFT,ETH,SOL,BTC @ http://localhost:3000/_next/static/chunks/node_modules_next_dist_115brz8._.js:2431
[ 2971862ms] [LOG] PortfolioPage holdings: 5 BTC,MSFT,ETH,SOL,BTC @ http://localhost:3000/_next/static/chunks/node_modules_next_dist_115brz8._.js:2431
[ 2971868ms] [ERROR] Encountered two children with the same key, `%s`. Keys should be unique so that components maintain their identity across updates. Non-unique keys may cause children to be duplicated and/or omitted — the behavior is unsupported and could change in a future version. BTC @ http://localhost:3000/_next/static/chunks/node_modules_next_dist_115brz8._.js:3272
[ 3001426ms] [LOG] PortfolioPage holdings: 5 BTC,MSFT,ETH,SOL,BTC @ http://localhost:3000/_next/static/chunks/node_modules_next_dist_115brz8._.js:2431
[ 3001427ms] [LOG] PortfolioPage holdings: 5 BTC,MSFT,ETH,SOL,BTC @ http://localhost:3000/_next/static/chunks/node_modules_next_dist_115brz8._.js:2431
[ 3001433ms] [ERROR] Encountered two children with the same key, `%s`. Keys should be unique so that components maintain their identity across updates. Non-unique keys may cause children to be duplicated and/or omitted — the behavior is unsupported and could change in a future version. BTC @ http://localhost:3000/_next/static/chunks/node_modules_next_dist_115brz8._.js:3272
[ 3001872ms] [LOG] PortfolioPage holdings: 5 BTC,MSFT,ETH,SOL,BTC @ http://localhost:3000/_next/static/chunks/node_modules_next_dist_115brz8._.js:2431
[ 3001873ms] [LOG] PortfolioPage holdings: 5 BTC,MSFT,ETH,SOL,BTC @ http://localhost:3000/_next/static/chunks/node_modules_next_dist_115brz8._.js:2431
[ 3001880ms] [ERROR] Encountered two children with the same key, `%s`. Keys should be unique so that components maintain their identity across updates. Non-unique keys may cause children to be duplicated and/or omitted — the behavior is unsupported and could change in a future version. BTC @ http://localhost:3000/_next/static/chunks/node_modules_next_dist_115brz8._.js:3272
[ 3031879ms] [LOG] PortfolioPage holdings: 5 BTC,MSFT,ETH,SOL,BTC @ http://localhost:3000/_next/static/chunks/node_modules_next_dist_115brz8._.js:2431
[ 3031880ms] [LOG] PortfolioPage holdings: 5 BTC,MSFT,ETH,SOL,BTC @ http://localhost:3000/_next/static/chunks/node_modules_next_dist_115brz8._.js:2431
[ 3031885ms] [ERROR] Encountered two children with the same key, `%s`. Keys should be unique so that components maintain their identity across updates. Non-unique keys may cause children to be duplicated and/or omitted — the behavior is unsupported and could change in a future version. BTC @ http://localhost:3000/_next/static/chunks/node_modules_next_dist_115brz8._.js:3272
[ 3061438ms] [LOG] PortfolioPage holdings: 5 BTC,MSFT,ETH,SOL,BTC @ http://localhost:3000/_next/static/chunks/node_modules_next_dist_115brz8._.js:2431
[ 3061439ms] [LOG] PortfolioPage holdings: 5 BTC,MSFT,ETH,SOL,BTC @ http://localhost:3000/_next/static/chunks/node_modules_next_dist_115brz8._.js:2431
[ 3061444ms] [ERROR] Encountered two children with the same key, `%s`. Keys should be unique so that components maintain their identity across updates. Non-unique keys may cause children to be duplicated and/or omitted — the behavior is unsupported and could change in a future version. BTC @ http://localhost:3000/_next/static/chunks/node_modules_next_dist_115brz8._.js:3272
[ 3061885ms] [LOG] PortfolioPage holdings: 5 BTC,MSFT,ETH,SOL,BTC @ http://localhost:3000/_next/static/chunks/node_modules_next_dist_115brz8._.js:2431
[ 3061885ms] [LOG] PortfolioPage holdings: 5 BTC,MSFT,ETH,SOL,BTC @ http://localhost:3000/_next/static/chunks/node_modules_next_dist_115brz8._.js:2431
[ 3061891ms] [ERROR] Encountered two children with the same key, `%s`. Keys should be unique so that components maintain their identity across updates. Non-unique keys may cause children to be duplicated and/or omitted — the behavior is unsupported and could change in a future version. BTC @ http://localhost:3000/_next/static/chunks/node_modules_next_dist_115brz8._.js:3272
[ 3091896ms] [LOG] PortfolioPage holdings: 5 BTC,MSFT,ETH,SOL,BTC @ http://localhost:3000/_next/static/chunks/node_modules_next_dist_115brz8._.js:2431
[ 3091897ms] [LOG] PortfolioPage holdings: 5 BTC,MSFT,ETH,SOL,BTC @ http://localhost:3000/_next/static/chunks/node_modules_next_dist_115brz8._.js:2431
[ 3091902ms] [ERROR] Encountered two children with the same key, `%s`. Keys should be unique so that components maintain their identity across updates. Non-unique keys may cause children to be duplicated and/or omitted — the behavior is unsupported and could change in a future version. BTC @ http://localhost:3000/_next/static/chunks/node_modules_next_dist_115brz8._.js:3272
[ 3121450ms] [LOG] PortfolioPage holdings: 5 BTC,MSFT,ETH,SOL,BTC @ http://localhost:3000/_next/static/chunks/node_modules_next_dist_115brz8._.js:2431
[ 3121451ms] [LOG] PortfolioPage holdings: 5 BTC,MSFT,ETH,SOL,BTC @ http://localhost:3000/_next/static/chunks/node_modules_next_dist_115brz8._.js:2431
[ 3121456ms] [ERROR] Encountered two children with the same key, `%s`. Keys should be unique so that components maintain their identity across updates. Non-unique keys may cause children to be duplicated and/or omitted — the behavior is unsupported and could change in a future version. BTC @ http://localhost:3000/_next/static/chunks/node_modules_next_dist_115brz8._.js:3272
[ 3121905ms] [LOG] PortfolioPage holdings: 5 BTC,MSFT,ETH,SOL,BTC @ http://localhost:3000/_next/static/chunks/node_modules_next_dist_115brz8._.js:2431
[ 3121906ms] [LOG] PortfolioPage holdings: 5 BTC,MSFT,ETH,SOL,BTC @ http://localhost:3000/_next/static/chunks/node_modules_next_dist_115brz8._.js:2431
[ 3121912ms] [ERROR] Encountered two children with the same key, `%s`. Keys should be unique so that components maintain their identity across updates. Non-unique keys may cause children to be duplicated and/or omitted — the behavior is unsupported and could change in a future version. BTC @ http://localhost:3000/_next/static/chunks/node_modules_next_dist_115brz8._.js:3272
[ 3151911ms] [LOG] PortfolioPage holdings: 5 BTC,MSFT,ETH,SOL,BTC @ http://localhost:3000/_next/static/chunks/node_modules_next_dist_115brz8._.js:2431
[ 3151911ms] [LOG] PortfolioPage holdings: 5 BTC,MSFT,ETH,SOL,BTC @ http://localhost:3000/_next/static/chunks/node_modules_next_dist_115brz8._.js:2431
[ 3151917ms] [ERROR] Encountered two children with the same key, `%s`. Keys should be unique so that components maintain their identity across updates. Non-unique keys may cause children to be duplicated and/or omitted — the behavior is unsupported and could change in a future version. BTC @ http://localhost:3000/_next/static/chunks/node_modules_next_dist_115brz8._.js:3272
[ 3181455ms] [LOG] PortfolioPage holdings: 5 BTC,MSFT,ETH,SOL,BTC @ http://localhost:3000/_next/static/chunks/node_modules_next_dist_115brz8._.js:2431
[ 3181455ms] [LOG] PortfolioPage holdings: 5 BTC,MSFT,ETH,SOL,BTC @ http://localhost:3000/_next/static/chunks/node_modules_next_dist_115brz8._.js:2431
[ 3181461ms] [ERROR] Encountered two children with the same key, `%s`. Keys should be unique so that components maintain their identity across updates. Non-unique keys may cause children to be duplicated and/or omitted — the behavior is unsupported and could change in a future version. BTC @ http://localhost:3000/_next/static/chunks/node_modules_next_dist_115brz8._.js:3272
[ 3181923ms] [LOG] PortfolioPage holdings: 5 BTC,MSFT,ETH,SOL,BTC @ http://localhost:3000/_next/static/chunks/node_modules_next_dist_115brz8._.js:2431
[ 3181924ms] [LOG] PortfolioPage holdings: 5 BTC,MSFT,ETH,SOL,BTC @ http://localhost:3000/_next/static/chunks/node_modules_next_dist_115brz8._.js:2431
[ 3181930ms] [ERROR] Encountered two children with the same key, `%s`. Keys should be unique so that components maintain their identity across updates. Non-unique keys may cause children to be duplicated and/or omitted — the behavior is unsupported and could change in a future version. BTC @ http://localhost:3000/_next/static/chunks/node_modules_next_dist_115brz8._.js:3272
[ 3211935ms] [LOG] PortfolioPage holdings: 5 BTC,MSFT,ETH,SOL,BTC @ http://localhost:3000/_next/static/chunks/node_modules_next_dist_115brz8._.js:2431
[ 3211936ms] [LOG] PortfolioPage holdings: 5 BTC,MSFT,ETH,SOL,BTC @ http://localhost:3000/_next/static/chunks/node_modules_next_dist_115brz8._.js:2431
[ 3211941ms] [ERROR] Encountered two children with the same key, `%s`. Keys should be unique so that components maintain their identity across updates. Non-unique keys may cause children to be duplicated and/or omitted — the behavior is unsupported and could change in a future version. BTC @ http://localhost:3000/_next/static/chunks/node_modules_next_dist_115brz8._.js:3272
[ 3241462ms] [LOG] PortfolioPage holdings: 5 BTC,MSFT,ETH,SOL,BTC @ http://localhost:3000/_next/static/chunks/node_modules_next_dist_115brz8._.js:2431
[ 3241463ms] [LOG] PortfolioPage holdings: 5 BTC,MSFT,ETH,SOL,BTC @ http://localhost:3000/_next/static/chunks/node_modules_next_dist_115brz8._.js:2431
[ 3241469ms] [ERROR] Encountered two children with the same key, `%s`. Keys should be unique so that components maintain their identity across updates. Non-unique keys may cause children to be duplicated and/or omitted — the behavior is unsupported and could change in a future version. BTC @ http://localhost:3000/_next/static/chunks/node_modules_next_dist_115brz8._.js:3272
[ 3241947ms] [LOG] PortfolioPage holdings: 5 BTC,MSFT,ETH,SOL,BTC @ http://localhost:3000/_next/static/chunks/node_modules_next_dist_115brz8._.js:2431
[ 3241948ms] [LOG] PortfolioPage holdings: 5 BTC,MSFT,ETH,SOL,BTC @ http://localhost:3000/_next/static/chunks/node_modules_next_dist_115brz8._.js:2431
[ 3241954ms] [ERROR] Encountered two children with the same key, `%s`. Keys should be unique so that components maintain their identity across updates. Non-unique keys may cause children to be duplicated and/or omitted — the behavior is unsupported and could change in a future version. BTC @ http://localhost:3000/_next/static/chunks/node_modules_next_dist_115brz8._.js:3272
[ 3271965ms] [LOG] PortfolioPage holdings: 5 BTC,MSFT,ETH,SOL,BTC @ http://localhost:3000/_next/static/chunks/node_modules_next_dist_115brz8._.js:2431
[ 3271966ms] [LOG] PortfolioPage holdings: 5 BTC,MSFT,ETH,SOL,BTC @ http://localhost:3000/_next/static/chunks/node_modules_next_dist_115brz8._.js:2431
[ 3271975ms] [ERROR] Encountered two children with the same key, `%s`. Keys should be unique so that components maintain their identity across updates. Non-unique keys may cause children to be duplicated and/or omitted — the behavior is unsupported and could change in a future version. BTC @ http://localhost:3000/_next/static/chunks/node_modules_next_dist_115brz8._.js:3272
[ 3301478ms] [LOG] PortfolioPage holdings: 5 BTC,MSFT,ETH,SOL,BTC @ http://localhost:3000/_next/static/chunks/node_modules_next_dist_115brz8._.js:2431
[ 3301479ms] [LOG] PortfolioPage holdings: 5 BTC,MSFT,ETH,SOL,BTC @ http://localhost:3000/_next/static/chunks/node_modules_next_dist_115brz8._.js:2431
[ 3301484ms] [ERROR] Encountered two children with the same key, `%s`. Keys should be unique so that components maintain their identity across updates. Non-unique keys may cause children to be duplicated and/or omitted — the behavior is unsupported and could change in a future version. BTC @ http://localhost:3000/_next/static/chunks/node_modules_next_dist_115brz8._.js:3272
[ 3301978ms] [LOG] PortfolioPage holdings: 5 BTC,MSFT,ETH,SOL,BTC @ http://localhost:3000/_next/static/chunks/node_modules_next_dist_115brz8._.js:2431
[ 3301978ms] [LOG] PortfolioPage holdings: 5 BTC,MSFT,ETH,SOL,BTC @ http://localhost:3000/_next/static/chunks/node_modules_next_dist_115brz8._.js:2431
[ 3301984ms] [ERROR] Encountered two children with the same key, `%s`. Keys should be unique so that components maintain their identity across updates. Non-unique keys may cause children to be duplicated and/or omitted — the behavior is unsupported and could change in a future version. BTC @ http://localhost:3000/_next/static/chunks/node_modules_next_dist_115brz8._.js:3272
[ 3331994ms] [LOG] PortfolioPage holdings: 5 BTC,MSFT,ETH,SOL,BTC @ http://localhost:3000/_next/static/chunks/node_modules_next_dist_115brz8._.js:2431
[ 3331995ms] [LOG] PortfolioPage holdings: 5 BTC,MSFT,ETH,SOL,BTC @ http://localhost:3000/_next/static/chunks/node_modules_next_dist_115brz8._.js:2431
[ 3332000ms] [ERROR] Encountered two children with the same key, `%s`. Keys should be unique so that components maintain their identity across updates. Non-unique keys may cause children to be duplicated and/or omitted — the behavior is unsupported and could change in a future version. BTC @ http://localhost:3000/_next/static/chunks/node_modules_next_dist_115brz8._.js:3272
[ 3361485ms] [LOG] PortfolioPage holdings: 5 BTC,MSFT,ETH,SOL,BTC @ http://localhost:3000/_next/static/chunks/node_modules_next_dist_115brz8._.js:2431
[ 3361486ms] [LOG] PortfolioPage holdings: 5 BTC,MSFT,ETH,SOL,BTC @ http://localhost:3000/_next/static/chunks/node_modules_next_dist_115brz8._.js:2431
[ 3361492ms] [ERROR] Encountered two children with the same key, `%s`. Keys should be unique so that components maintain their identity across updates. Non-unique keys may cause children to be duplicated and/or omitted — the behavior is unsupported and could change in a future version. BTC @ http://localhost:3000/_next/static/chunks/node_modules_next_dist_115brz8._.js:3272
[ 3362002ms] [LOG] PortfolioPage holdings: 5 BTC,MSFT,ETH,SOL,BTC @ http://localhost:3000/_next/static/chunks/node_modules_next_dist_115brz8._.js:2431
[ 3362003ms] [LOG] PortfolioPage holdings: 5 BTC,MSFT,ETH,SOL,BTC @ http://localhost:3000/_next/static/chunks/node_modules_next_dist_115brz8._.js:2431
[ 3362009ms] [ERROR] Encountered two children with the same key, `%s`. Keys should be unique so that components maintain their identity across updates. Non-unique keys may cause children to be duplicated and/or omitted — the behavior is unsupported and could change in a future version. BTC @ http://localhost:3000/_next/static/chunks/node_modules_next_dist_115brz8._.js:3272
[ 3392010ms] [LOG] PortfolioPage holdings: 5 BTC,MSFT,ETH,SOL,BTC @ http://localhost:3000/_next/static/chunks/node_modules_next_dist_115brz8._.js:2431
[ 3392011ms] [LOG] PortfolioPage holdings: 5 BTC,MSFT,ETH,SOL,BTC @ http://localhost:3000/_next/static/chunks/node_modules_next_dist_115brz8._.js:2431
[ 3392017ms] [ERROR] Encountered two children with the same key, `%s`. Keys should be unique so that components maintain their identity across updates. Non-unique keys may cause children to be duplicated and/or omitted — the behavior is unsupported and could change in a future version. BTC @ http://localhost:3000/_next/static/chunks/node_modules_next_dist_115brz8._.js:3272
[ 3421496ms] [LOG] PortfolioPage holdings: 5 BTC,MSFT,ETH,SOL,BTC @ http://localhost:3000/_next/static/chunks/node_modules_next_dist_115brz8._.js:2431
[ 3421497ms] [LOG] PortfolioPage holdings: 5 BTC,MSFT,ETH,SOL,BTC @ http://localhost:3000/_next/static/chunks/node_modules_next_dist_115brz8._.js:2431
[ 3421503ms] [ERROR] Encountered two children with the same key, `%s`. Keys should be unique so that components maintain their identity across updates. Non-unique keys may cause children to be duplicated and/or omitted — the behavior is unsupported and could change in a future version. BTC @ http://localhost:3000/_next/static/chunks/node_modules_next_dist_115brz8._.js:3272
[ 3422026ms] [LOG] PortfolioPage holdings: 5 BTC,MSFT,ETH,SOL,BTC @ http://localhost:3000/_next/static/chunks/node_modules_next_dist_115brz8._.js:2431
[ 3422027ms] [LOG] PortfolioPage holdings: 5 BTC,MSFT,ETH,SOL,BTC @ http://localhost:3000/_next/static/chunks/node_modules_next_dist_115brz8._.js:2431
[ 3422033ms] [ERROR] Encountered two children with the same key, `%s`. Keys should be unique so that components maintain their identity across updates. Non-unique keys may cause children to be duplicated and/or omitted — the behavior is unsupported and could change in a future version. BTC @ http://localhost:3000/_next/static/chunks/node_modules_next_dist_115brz8._.js:3272
[ 3452041ms] [LOG] PortfolioPage holdings: 5 BTC,MSFT,ETH,SOL,BTC @ http://localhost:3000/_next/static/chunks/node_modules_next_dist_115brz8._.js:2431
[ 3452042ms] [LOG] PortfolioPage holdings: 5 BTC,MSFT,ETH,SOL,BTC @ http://localhost:3000/_next/static/chunks/node_modules_next_dist_115brz8._.js:2431
[ 3452047ms] [ERROR] Encountered two children with the same key, `%s`. Keys should be unique so that components maintain their identity across updates. Non-unique keys may cause children to be duplicated and/or omitted — the behavior is unsupported and could change in a future version. BTC @ http://localhost:3000/_next/static/chunks/node_modules_next_dist_115brz8._.js:3272
[ 3481510ms] [LOG] PortfolioPage holdings: 5 BTC,MSFT,ETH,SOL,BTC @ http://localhost:3000/_next/static/chunks/node_modules_next_dist_115brz8._.js:2431
[ 3481510ms] [LOG] PortfolioPage holdings: 5 BTC,MSFT,ETH,SOL,BTC @ http://localhost:3000/_next/static/chunks/node_modules_next_dist_115brz8._.js:2431
[ 3481517ms] [ERROR] Encountered two children with the same key, `%s`. Keys should be unique so that components maintain their identity across updates. Non-unique keys may cause children to be duplicated and/or omitted — the behavior is unsupported and could change in a future version. BTC @ http://localhost:3000/_next/static/chunks/node_modules_next_dist_115brz8._.js:3272
[ 3482057ms] [LOG] PortfolioPage holdings: 5 BTC,MSFT,ETH,SOL,BTC @ http://localhost:3000/_next/static/chunks/node_modules_next_dist_115brz8._.js:2431
[ 3482058ms] [LOG] PortfolioPage holdings: 5 BTC,MSFT,ETH,SOL,BTC @ http://localhost:3000/_next/static/chunks/node_modules_next_dist_115brz8._.js:2431
[ 3482064ms] [ERROR] Encountered two children with the same key, `%s`. Keys should be unique so that components maintain their identity across updates. Non-unique keys may cause children to be duplicated and/or omitted — the behavior is unsupported and could change in a future version. BTC @ http://localhost:3000/_next/static/chunks/node_modules_next_dist_115brz8._.js:3272
[ 3512067ms] [LOG] PortfolioPage holdings: 5 BTC,MSFT,ETH,SOL,BTC @ http://localhost:3000/_next/static/chunks/node_modules_next_dist_115brz8._.js:2431
[ 3512068ms] [LOG] PortfolioPage holdings: 5 BTC,MSFT,ETH,SOL,BTC @ http://localhost:3000/_next/static/chunks/node_modules_next_dist_115brz8._.js:2431
[ 3512073ms] [ERROR] Encountered two children with the same key, `%s`. Keys should be unique so that components maintain their identity across updates. Non-unique keys may cause children to be duplicated and/or omitted — the behavior is unsupported and could change in a future version. BTC @ http://localhost:3000/_next/static/chunks/node_modules_next_dist_115brz8._.js:3272
[ 3541515ms] [LOG] PortfolioPage holdings: 5 BTC,MSFT,ETH,SOL,BTC @ http://localhost:3000/_next/static/chunks/node_modules_next_dist_115brz8._.js:2431
[ 3541516ms] [LOG] PortfolioPage holdings: 5 BTC,MSFT,ETH,SOL,BTC @ http://localhost:3000/_next/static/chunks/node_modules_next_dist_115brz8._.js:2431
[ 3541521ms] [ERROR] Encountered two children with the same key, `%s`. Keys should be unique so that components maintain their identity across updates. Non-unique keys may cause children to be duplicated and/or omitted — the behavior is unsupported and could change in a future version. BTC @ http://localhost:3000/_next/static/chunks/node_modules_next_dist_115brz8._.js:3272
[ 3542074ms] [LOG] PortfolioPage holdings: 5 BTC,MSFT,ETH,SOL,BTC @ http://localhost:3000/_next/static/chunks/node_modules_next_dist_115brz8._.js:2431
[ 3542075ms] [LOG] PortfolioPage holdings: 5 BTC,MSFT,ETH,SOL,BTC @ http://localhost:3000/_next/static/chunks/node_modules_next_dist_115brz8._.js:2431
[ 3542080ms] [ERROR] Encountered two children with the same key, `%s`. Keys should be unique so that components maintain their identity across updates. Non-unique keys may cause children to be duplicated and/or omitted — the behavior is unsupported and could change in a future version. BTC @ http://localhost:3000/_next/static/chunks/node_modules_next_dist_115brz8._.js:3272
[ 3572086ms] [LOG] PortfolioPage holdings: 5 BTC,MSFT,ETH,SOL,BTC @ http://localhost:3000/_next/static/chunks/node_modules_next_dist_115brz8._.js:2431
[ 3572088ms] [LOG] PortfolioPage holdings: 5 BTC,MSFT,ETH,SOL,BTC @ http://localhost:3000/_next/static/chunks/node_modules_next_dist_115brz8._.js:2431
[ 3572096ms] [ERROR] Encountered two children with the same key, `%s`. Keys should be unique so that components maintain their identity across updates. Non-unique keys may cause children to be duplicated and/or omitted — the behavior is unsupported and could change in a future version. BTC @ http://localhost:3000/_next/static/chunks/node_modules_next_dist_115brz8._.js:3272
[ 3601527ms] [LOG] PortfolioPage holdings: 5 BTC,MSFT,ETH,SOL,BTC @ http://localhost:3000/_next/static/chunks/node_modules_next_dist_115brz8._.js:2431
[ 3601528ms] [LOG] PortfolioPage holdings: 5 BTC,MSFT,ETH,SOL,BTC @ http://localhost:3000/_next/static/chunks/node_modules_next_dist_115brz8._.js:2431
[ 3601534ms] [ERROR] Encountered two children with the same key, `%s`. Keys should be unique so that components maintain their identity across updates. Non-unique keys may cause children to be duplicated and/or omitted — the behavior is unsupported and could change in a future version. BTC @ http://localhost:3000/_next/static/chunks/node_modules_next_dist_115brz8._.js:3272
[ 3602089ms] [LOG] PortfolioPage holdings: 5 BTC,MSFT,ETH,SOL,BTC @ http://localhost:3000/_next/static/chunks/node_modules_next_dist_115brz8._.js:2431
[ 3602089ms] [LOG] PortfolioPage holdings: 5 BTC,MSFT,ETH,SOL,BTC @ http://localhost:3000/_next/static/chunks/node_modules_next_dist_115brz8._.js:2431
[ 3602095ms] [ERROR] Encountered two children with the same key, `%s`. Keys should be unique so that components maintain their identity across updates. Non-unique keys may cause children to be duplicated and/or omitted — the behavior is unsupported and could change in a future version. BTC @ http://localhost:3000/_next/static/chunks/node_modules_next_dist_115brz8._.js:3272
[ 3632097ms] [LOG] PortfolioPage holdings: 5 BTC,MSFT,ETH,SOL,BTC @ http://localhost:3000/_next/static/chunks/node_modules_next_dist_115brz8._.js:2431
[ 3632098ms] [LOG] PortfolioPage holdings: 5 BTC,MSFT,ETH,SOL,BTC @ http://localhost:3000/_next/static/chunks/node_modules_next_dist_115brz8._.js:2431
[ 3632105ms] [ERROR] Encountered two children with the same key, `%s`. Keys should be unique so that components maintain their identity across updates. Non-unique keys may cause children to be duplicated and/or omitted — the behavior is unsupported and could change in a future version. BTC @ http://localhost:3000/_next/static/chunks/node_modules_next_dist_115brz8._.js:3272
[ 3661530ms] [LOG] PortfolioPage holdings: 5 BTC,MSFT,ETH,SOL,BTC @ http://localhost:3000/_next/static/chunks/node_modules_next_dist_115brz8._.js:2431
[ 3661531ms] [LOG] PortfolioPage holdings: 5 BTC,MSFT,ETH,SOL,BTC @ http://localhost:3000/_next/static/chunks/node_modules_next_dist_115brz8._.js:2431
[ 3661541ms] [ERROR] Encountered two children with the same key, `%s`. Keys should be unique so that components maintain their identity across updates. Non-unique keys may cause children to be duplicated and/or omitted — the behavior is unsupported and could change in a future version. BTC @ http://localhost:3000/_next/static/chunks/node_modules_next_dist_115brz8._.js:3272
[ 3662104ms] [LOG] PortfolioPage holdings: 5 BTC,MSFT,ETH,SOL,BTC @ http://localhost:3000/_next/static/chunks/node_modules_next_dist_115brz8._.js:2431
[ 3662105ms] [LOG] PortfolioPage holdings: 5 BTC,MSFT,ETH,SOL,BTC @ http://localhost:3000/_next/static/chunks/node_modules_next_dist_115brz8._.js:2431
[ 3662110ms] [ERROR] Encountered two children with the same key, `%s`. Keys should be unique so that components maintain their identity across updates. Non-unique keys may cause children to be duplicated and/or omitted — the behavior is unsupported and could change in a future version. BTC @ http://localhost:3000/_next/static/chunks/node_modules_next_dist_115brz8._.js:3272
[ 3692111ms] [LOG] PortfolioPage holdings: 5 BTC,MSFT,ETH,SOL,BTC @ http://localhost:3000/_next/static/chunks/node_modules_next_dist_115brz8._.js:2431
[ 3692111ms] [LOG] PortfolioPage holdings: 5 BTC,MSFT,ETH,SOL,BTC @ http://localhost:3000/_next/static/chunks/node_modules_next_dist_115brz8._.js:2431
[ 3692117ms] [ERROR] Encountered two children with the same key, `%s`. Keys should be unique so that components maintain their identity across updates. Non-unique keys may cause children to be duplicated and/or omitted — the behavior is unsupported and could change in a future version. BTC @ http://localhost:3000/_next/static/chunks/node_modules_next_dist_115brz8._.js:3272
[ 3721544ms] [LOG] PortfolioPage holdings: 5 BTC,MSFT,ETH,SOL,BTC @ http://localhost:3000/_next/static/chunks/node_modules_next_dist_115brz8._.js:2431
[ 3721545ms] [LOG] PortfolioPage holdings: 5 BTC,MSFT,ETH,SOL,BTC @ http://localhost:3000/_next/static/chunks/node_modules_next_dist_115brz8._.js:2431
[ 3721551ms] [ERROR] Encountered two children with the same key, `%s`. Keys should be unique so that components maintain their identity across updates. Non-unique keys may cause children to be duplicated and/or omitted — the behavior is unsupported and could change in a future version. BTC @ http://localhost:3000/_next/static/chunks/node_modules_next_dist_115brz8._.js:3272
[ 3722120ms] [LOG] PortfolioPage holdings: 5 BTC,MSFT,ETH,SOL,BTC @ http://localhost:3000/_next/static/chunks/node_modules_next_dist_115brz8._.js:2431
[ 3722121ms] [LOG] PortfolioPage holdings: 5 BTC,MSFT,ETH,SOL,BTC @ http://localhost:3000/_next/static/chunks/node_modules_next_dist_115brz8._.js:2431
[ 3722127ms] [ERROR] Encountered two children with the same key, `%s`. Keys should be unique so that components maintain their identity across updates. Non-unique keys may cause children to be duplicated and/or omitted — the behavior is unsupported and could change in a future version. BTC @ http://localhost:3000/_next/static/chunks/node_modules_next_dist_115brz8._.js:3272
[ 3752124ms] [LOG] PortfolioPage holdings: 5 BTC,MSFT,ETH,SOL,BTC @ http://localhost:3000/_next/static/chunks/node_modules_next_dist_115brz8._.js:2431
[ 3752125ms] [LOG] PortfolioPage holdings: 5 BTC,MSFT,ETH,SOL,BTC @ http://localhost:3000/_next/static/chunks/node_modules_next_dist_115brz8._.js:2431
[ 3752130ms] [ERROR] Encountered two children with the same key, `%s`. Keys should be unique so that components maintain their identity across updates. Non-unique keys may cause children to be duplicated and/or omitted — the behavior is unsupported and could change in a future version. BTC @ http://localhost:3000/_next/static/chunks/node_modules_next_dist_115brz8._.js:3272
[ 3781559ms] [LOG] PortfolioPage holdings: 5 BTC,MSFT,ETH,SOL,BTC @ http://localhost:3000/_next/static/chunks/node_modules_next_dist_115brz8._.js:2431
[ 3781559ms] [LOG] PortfolioPage holdings: 5 BTC,MSFT,ETH,SOL,BTC @ http://localhost:3000/_next/static/chunks/node_modules_next_dist_115brz8._.js:2431
[ 3781566ms] [ERROR] Encountered two children with the same key, `%s`. Keys should be unique so that components maintain their identity across updates. Non-unique keys may cause children to be duplicated and/or omitted — the behavior is unsupported and could change in a future version. BTC @ http://localhost:3000/_next/static/chunks/node_modules_next_dist_115brz8._.js:3272
[ 3782133ms] [LOG] PortfolioPage holdings: 5 BTC,MSFT,ETH,SOL,BTC @ http://localhost:3000/_next/static/chunks/node_modules_next_dist_115brz8._.js:2431
[ 3782133ms] [LOG] PortfolioPage holdings: 5 BTC,MSFT,ETH,SOL,BTC @ http://localhost:3000/_next/static/chunks/node_modules_next_dist_115brz8._.js:2431
[ 3782138ms] [ERROR] Encountered two children with the same key, `%s`. Keys should be unique so that components maintain their identity across updates. Non-unique keys may cause children to be duplicated and/or omitted — the behavior is unsupported and could change in a future version. BTC @ http://localhost:3000/_next/static/chunks/node_modules_next_dist_115brz8._.js:3272
[ 3812147ms] [LOG] PortfolioPage holdings: 5 BTC,MSFT,ETH,SOL,BTC @ http://localhost:3000/_next/static/chunks/node_modules_next_dist_115brz8._.js:2431
[ 3812148ms] [LOG] PortfolioPage holdings: 5 BTC,MSFT,ETH,SOL,BTC @ http://localhost:3000/_next/static/chunks/node_modules_next_dist_115brz8._.js:2431
[ 3812153ms] [ERROR] Encountered two children with the same key, `%s`. Keys should be unique so that components maintain their identity across updates. Non-unique keys may cause children to be duplicated and/or omitted — the behavior is unsupported and could change in a future version. BTC @ http://localhost:3000/_next/static/chunks/node_modules_next_dist_115brz8._.js:3272
[ 3841572ms] [LOG] PortfolioPage holdings: 5 BTC,MSFT,ETH,SOL,BTC @ http://localhost:3000/_next/static/chunks/node_modules_next_dist_115brz8._.js:2431
[ 3841573ms] [LOG] PortfolioPage holdings: 5 BTC,MSFT,ETH,SOL,BTC @ http://localhost:3000/_next/static/chunks/node_modules_next_dist_115brz8._.js:2431
[ 3841578ms] [ERROR] Encountered two children with the same key, `%s`. Keys should be unique so that components maintain their identity across updates. Non-unique keys may cause children to be duplicated and/or omitted — the behavior is unsupported and could change in a future version. BTC @ http://localhost:3000/_next/static/chunks/node_modules_next_dist_115brz8._.js:3272
[ 3842165ms] [LOG] PortfolioPage holdings: 5 BTC,MSFT,ETH,SOL,BTC @ http://localhost:3000/_next/static/chunks/node_modules_next_dist_115brz8._.js:2431
[ 3842165ms] [LOG] PortfolioPage holdings: 5 BTC,MSFT,ETH,SOL,BTC @ http://localhost:3000/_next/static/chunks/node_modules_next_dist_115brz8._.js:2431
[ 3842171ms] [ERROR] Encountered two children with the same key, `%s`. Keys should be unique so that components maintain their identity across updates. Non-unique keys may cause children to be duplicated and/or omitted — the behavior is unsupported and could change in a future version. BTC @ http://localhost:3000/_next/static/chunks/node_modules_next_dist_115brz8._.js:3272
[ 3872174ms] [LOG] PortfolioPage holdings: 5 BTC,MSFT,ETH,SOL,BTC @ http://localhost:3000/_next/static/chunks/node_modules_next_dist_115brz8._.js:2431
[ 3872175ms] [LOG] PortfolioPage holdings: 5 BTC,MSFT,ETH,SOL,BTC @ http://localhost:3000/_next/static/chunks/node_modules_next_dist_115brz8._.js:2431
[ 3872180ms] [ERROR] Encountered two children with the same key, `%s`. Keys should be unique so that components maintain their identity across updates. Non-unique keys may cause children to be duplicated and/or omitted — the behavior is unsupported and could change in a future version. BTC @ http://localhost:3000/_next/static/chunks/node_modules_next_dist_115brz8._.js:3272
[ 3901584ms] [LOG] PortfolioPage holdings: 5 BTC,MSFT,ETH,SOL,BTC @ http://localhost:3000/_next/static/chunks/node_modules_next_dist_115brz8._.js:2431
[ 3901585ms] [LOG] PortfolioPage holdings: 5 BTC,MSFT,ETH,SOL,BTC @ http://localhost:3000/_next/static/chunks/node_modules_next_dist_115brz8._.js:2431
[ 3901593ms] [ERROR] Encountered two children with the same key, `%s`. Keys should be unique so that components maintain their identity across updates. Non-unique keys may cause children to be duplicated and/or omitted — the behavior is unsupported and could change in a future version. BTC @ http://localhost:3000/_next/static/chunks/node_modules_next_dist_115brz8._.js:3272
[ 3902187ms] [LOG] PortfolioPage holdings: 5 BTC,MSFT,ETH,SOL,BTC @ http://localhost:3000/_next/static/chunks/node_modules_next_dist_115brz8._.js:2431
[ 3902188ms] [LOG] PortfolioPage holdings: 5 BTC,MSFT,ETH,SOL,BTC @ http://localhost:3000/_next/static/chunks/node_modules_next_dist_115brz8._.js:2431
[ 3902194ms] [ERROR] Encountered two children with the same key, `%s`. Keys should be unique so that components maintain their identity across updates. Non-unique keys may cause children to be duplicated and/or omitted — the behavior is unsupported and could change in a future version. BTC @ http://localhost:3000/_next/static/chunks/node_modules_next_dist_115brz8._.js:3272
[ 3932196ms] [LOG] PortfolioPage holdings: 5 BTC,MSFT,ETH,SOL,BTC @ http://localhost:3000/_next/static/chunks/node_modules_next_dist_115brz8._.js:2431
[ 3932197ms] [LOG] PortfolioPage holdings: 5 BTC,MSFT,ETH,SOL,BTC @ http://localhost:3000/_next/static/chunks/node_modules_next_dist_115brz8._.js:2431
[ 3932202ms] [ERROR] Encountered two children with the same key, `%s`. Keys should be unique so that components maintain their identity across updates. Non-unique keys may cause children to be duplicated and/or omitted — the behavior is unsupported and could change in a future version. BTC @ http://localhost:3000/_next/static/chunks/node_modules_next_dist_115brz8._.js:3272
[ 3961600ms] [LOG] PortfolioPage holdings: 5 BTC,MSFT,ETH,SOL,BTC @ http://localhost:3000/_next/static/chunks/node_modules_next_dist_115brz8._.js:2431
[ 3961601ms] [LOG] PortfolioPage holdings: 5 BTC,MSFT,ETH,SOL,BTC @ http://localhost:3000/_next/static/chunks/node_modules_next_dist_115brz8._.js:2431
[ 3961607ms] [ERROR] Encountered two children with the same key, `%s`. Keys should be unique so that components maintain their identity across updates. Non-unique keys may cause children to be duplicated and/or omitted — the behavior is unsupported and could change in a future version. BTC @ http://localhost:3000/_next/static/chunks/node_modules_next_dist_115brz8._.js:3272
[ 3962206ms] [LOG] PortfolioPage holdings: 5 BTC,MSFT,ETH,SOL,BTC @ http://localhost:3000/_next/static/chunks/node_modules_next_dist_115brz8._.js:2431
[ 3962207ms] [LOG] PortfolioPage holdings: 5 BTC,MSFT,ETH,SOL,BTC @ http://localhost:3000/_next/static/chunks/node_modules_next_dist_115brz8._.js:2431
[ 3962213ms] [ERROR] Encountered two children with the same key, `%s`. Keys should be unique so that components maintain their identity across updates. Non-unique keys may cause children to be duplicated and/or omitted — the behavior is unsupported and could change in a future version. BTC @ http://localhost:3000/_next/static/chunks/node_modules_next_dist_115brz8._.js:3272
[ 3992225ms] [LOG] PortfolioPage holdings: 5 BTC,MSFT,ETH,SOL,BTC @ http://localhost:3000/_next/static/chunks/node_modules_next_dist_115brz8._.js:2431
[ 3992227ms] [LOG] PortfolioPage holdings: 5 BTC,MSFT,ETH,SOL,BTC @ http://localhost:3000/_next/static/chunks/node_modules_next_dist_115brz8._.js:2431
[ 3992232ms] [ERROR] Encountered two children with the same key, `%s`. Keys should be unique so that components maintain their identity across updates. Non-unique keys may cause children to be duplicated and/or omitted — the behavior is unsupported and could change in a future version. BTC @ http://localhost:3000/_next/static/chunks/node_modules_next_dist_115brz8._.js:3272
[ 4021608ms] [LOG] PortfolioPage holdings: 5 BTC,MSFT,ETH,SOL,BTC @ http://localhost:3000/_next/static/chunks/node_modules_next_dist_115brz8._.js:2431
[ 4021609ms] [LOG] PortfolioPage holdings: 5 BTC,MSFT,ETH,SOL,BTC @ http://localhost:3000/_next/static/chunks/node_modules_next_dist_115brz8._.js:2431
[ 4021615ms] [ERROR] Encountered two children with the same key, `%s`. Keys should be unique so that components maintain their identity across updates. Non-unique keys may cause children to be duplicated and/or omitted — the behavior is unsupported and could change in a future version. BTC @ http://localhost:3000/_next/static/chunks/node_modules_next_dist_115brz8._.js:3272
[ 4022229ms] [LOG] PortfolioPage holdings: 5 BTC,MSFT,ETH,SOL,BTC @ http://localhost:3000/_next/static/chunks/node_modules_next_dist_115brz8._.js:2431
[ 4022230ms] [LOG] PortfolioPage holdings: 5 BTC,MSFT,ETH,SOL,BTC @ http://localhost:3000/_next/static/chunks/node_modules_next_dist_115brz8._.js:2431
[ 4022236ms] [ERROR] Encountered two children with the same key, `%s`. Keys should be unique so that components maintain their identity across updates. Non-unique keys may cause children to be duplicated and/or omitted — the behavior is unsupported and could change in a future version. BTC @ http://localhost:3000/_next/static/chunks/node_modules_next_dist_115brz8._.js:3272
[ 4052235ms] [LOG] PortfolioPage holdings: 5 BTC,MSFT,ETH,SOL,BTC @ http://localhost:3000/_next/static/chunks/node_modules_next_dist_115brz8._.js:2431
[ 4052236ms] [LOG] PortfolioPage holdings: 5 BTC,MSFT,ETH,SOL,BTC @ http://localhost:3000/_next/static/chunks/node_modules_next_dist_115brz8._.js:2431
[ 4052241ms] [ERROR] Encountered two children with the same key, `%s`. Keys should be unique so that components maintain their identity across updates. Non-unique keys may cause children to be duplicated and/or omitted — the behavior is unsupported and could change in a future version. BTC @ http://localhost:3000/_next/static/chunks/node_modules_next_dist_115brz8._.js:3272
[ 4081611ms] [LOG] PortfolioPage holdings: 5 BTC,MSFT,ETH,SOL,BTC @ http://localhost:3000/_next/static/chunks/node_modules_next_dist_115brz8._.js:2431
[ 4081612ms] [LOG] PortfolioPage holdings: 5 BTC,MSFT,ETH,SOL,BTC @ http://localhost:3000/_next/static/chunks/node_modules_next_dist_115brz8._.js:2431
[ 4081619ms] [ERROR] Encountered two children with the same key, `%s`. Keys should be unique so that components maintain their identity across updates. Non-unique keys may cause children to be duplicated and/or omitted — the behavior is unsupported and could change in a future version. BTC @ http://localhost:3000/_next/static/chunks/node_modules_next_dist_115brz8._.js:3272
[ 4082246ms] [LOG] PortfolioPage holdings: 5 BTC,MSFT,ETH,SOL,BTC @ http://localhost:3000/_next/static/chunks/node_modules_next_dist_115brz8._.js:2431
[ 4082248ms] [LOG] PortfolioPage holdings: 5 BTC,MSFT,ETH,SOL,BTC @ http://localhost:3000/_next/static/chunks/node_modules_next_dist_115brz8._.js:2431
[ 4082259ms] [ERROR] Encountered two children with the same key, `%s`. Keys should be unique so that components maintain their identity across updates. Non-unique keys may cause children to be duplicated and/or omitted — the behavior is unsupported and could change in a future version. BTC @ http://localhost:3000/_next/static/chunks/node_modules_next_dist_115brz8._.js:3272
[ 4112257ms] [LOG] PortfolioPage holdings: 5 BTC,MSFT,ETH,SOL,BTC @ http://localhost:3000/_next/static/chunks/node_modules_next_dist_115brz8._.js:2431
[ 4112258ms] [LOG] PortfolioPage holdings: 5 BTC,MSFT,ETH,SOL,BTC @ http://localhost:3000/_next/static/chunks/node_modules_next_dist_115brz8._.js:2431
[ 4112265ms] [ERROR] Encountered two children with the same key, `%s`. Keys should be unique so that components maintain their identity across updates. Non-unique keys may cause children to be duplicated and/or omitted — the behavior is unsupported and could change in a future version. BTC @ http://localhost:3000/_next/static/chunks/node_modules_next_dist_115brz8._.js:3272
[ 4141620ms] [LOG] PortfolioPage holdings: 5 BTC,MSFT,ETH,SOL,BTC @ http://localhost:3000/_next/static/chunks/node_modules_next_dist_115brz8._.js:2431
[ 4141621ms] [LOG] PortfolioPage holdings: 5 BTC,MSFT,ETH,SOL,BTC @ http://localhost:3000/_next/static/chunks/node_modules_next_dist_115brz8._.js:2431
[ 4141627ms] [ERROR] Encountered two children with the same key, `%s`. Keys should be unique so that components maintain their identity across updates. Non-unique keys may cause children to be duplicated and/or omitted — the behavior is unsupported and could change in a future version. BTC @ http://localhost:3000/_next/static/chunks/node_modules_next_dist_115brz8._.js:3272
[ 4142272ms] [LOG] PortfolioPage holdings: 5 BTC,MSFT,ETH,SOL,BTC @ http://localhost:3000/_next/static/chunks/node_modules_next_dist_115brz8._.js:2431
[ 4142272ms] [LOG] PortfolioPage holdings: 5 BTC,MSFT,ETH,SOL,BTC @ http://localhost:3000/_next/static/chunks/node_modules_next_dist_115brz8._.js:2431
[ 4142279ms] [ERROR] Encountered two children with the same key, `%s`. Keys should be unique so that components maintain their identity across updates. Non-unique keys may cause children to be duplicated and/or omitted — the behavior is unsupported and could change in a future version. BTC @ http://localhost:3000/_next/static/chunks/node_modules_next_dist_115brz8._.js:3272
[ 4172276ms] [LOG] PortfolioPage holdings: 5 BTC,MSFT,ETH,SOL,BTC @ http://localhost:3000/_next/static/chunks/node_modules_next_dist_115brz8._.js:2431
[ 4172277ms] [LOG] PortfolioPage holdings: 5 BTC,MSFT,ETH,SOL,BTC @ http://localhost:3000/_next/static/chunks/node_modules_next_dist_115brz8._.js:2431
[ 4172283ms] [ERROR] Encountered two children with the same key, `%s`. Keys should be unique so that components maintain their identity across updates. Non-unique keys may cause children to be duplicated and/or omitted — the behavior is unsupported and could change in a future version. BTC @ http://localhost:3000/_next/static/chunks/node_modules_next_dist_115brz8._.js:3272
[ 4201635ms] [LOG] PortfolioPage holdings: 5 BTC,MSFT,ETH,SOL,BTC @ http://localhost:3000/_next/static/chunks/node_modules_next_dist_115brz8._.js:2431
[ 4201636ms] [LOG] PortfolioPage holdings: 5 BTC,MSFT,ETH,SOL,BTC @ http://localhost:3000/_next/static/chunks/node_modules_next_dist_115brz8._.js:2431
[ 4201643ms] [ERROR] Encountered two children with the same key, `%s`. Keys should be unique so that components maintain their identity across updates. Non-unique keys may cause children to be duplicated and/or omitted — the behavior is unsupported and could change in a future version. BTC @ http://localhost:3000/_next/static/chunks/node_modules_next_dist_115brz8._.js:3272
[ 4202286ms] [LOG] PortfolioPage holdings: 5 BTC,MSFT,ETH,SOL,BTC @ http://localhost:3000/_next/static/chunks/node_modules_next_dist_115brz8._.js:2431
[ 4202287ms] [LOG] PortfolioPage holdings: 5 BTC,MSFT,ETH,SOL,BTC @ http://localhost:3000/_next/static/chunks/node_modules_next_dist_115brz8._.js:2431
[ 4202295ms] [ERROR] Encountered two children with the same key, `%s`. Keys should be unique so that components maintain their identity across updates. Non-unique keys may cause children to be duplicated and/or omitted — the behavior is unsupported and could change in a future version. BTC @ http://localhost:3000/_next/static/chunks/node_modules_next_dist_115brz8._.js:3272
[ 4232299ms] [LOG] PortfolioPage holdings: 5 BTC,MSFT,ETH,SOL,BTC @ http://localhost:3000/_next/static/chunks/node_modules_next_dist_115brz8._.js:2431
[ 4232300ms] [LOG] PortfolioPage holdings: 5 BTC,MSFT,ETH,SOL,BTC @ http://localhost:3000/_next/static/chunks/node_modules_next_dist_115brz8._.js:2431
[ 4232306ms] [ERROR] Encountered two children with the same key, `%s`. Keys should be unique so that components maintain their identity across updates. Non-unique keys may cause children to be duplicated and/or omitted — the behavior is unsupported and could change in a future version. BTC @ http://localhost:3000/_next/static/chunks/node_modules_next_dist_115brz8._.js:3272
[ 4261653ms] [LOG] PortfolioPage holdings: 5 BTC,MSFT,ETH,SOL,BTC @ http://localhost:3000/_next/static/chunks/node_modules_next_dist_115brz8._.js:2431
[ 4261654ms] [LOG] PortfolioPage holdings: 5 BTC,MSFT,ETH,SOL,BTC @ http://localhost:3000/_next/static/chunks/node_modules_next_dist_115brz8._.js:2431
[ 4261660ms] [ERROR] Encountered two children with the same key, `%s`. Keys should be unique so that components maintain their identity across updates. Non-unique keys may cause children to be duplicated and/or omitted — the behavior is unsupported and could change in a future version. BTC @ http://localhost:3000/_next/static/chunks/node_modules_next_dist_115brz8._.js:3272
[ 4262305ms] [LOG] PortfolioPage holdings: 5 BTC,MSFT,ETH,SOL,BTC @ http://localhost:3000/_next/static/chunks/node_modules_next_dist_115brz8._.js:2431
[ 4262306ms] [LOG] PortfolioPage holdings: 5 BTC,MSFT,ETH,SOL,BTC @ http://localhost:3000/_next/static/chunks/node_modules_next_dist_115brz8._.js:2431
[ 4262312ms] [ERROR] Encountered two children with the same key, `%s`. Keys should be unique so that components maintain their identity across updates. Non-unique keys may cause children to be duplicated and/or omitted — the behavior is unsupported and could change in a future version. BTC @ http://localhost:3000/_next/static/chunks/node_modules_next_dist_115brz8._.js:3272
[ 4292315ms] [LOG] PortfolioPage holdings: 5 BTC,MSFT,ETH,SOL,BTC @ http://localhost:3000/_next/static/chunks/node_modules_next_dist_115brz8._.js:2431
[ 4292316ms] [LOG] PortfolioPage holdings: 5 BTC,MSFT,ETH,SOL,BTC @ http://localhost:3000/_next/static/chunks/node_modules_next_dist_115brz8._.js:2431
[ 4292322ms] [ERROR] Encountered two children with the same key, `%s`. Keys should be unique so that components maintain their identity across updates. Non-unique keys may cause children to be duplicated and/or omitted — the behavior is unsupported and could change in a future version. BTC @ http://localhost:3000/_next/static/chunks/node_modules_next_dist_115brz8._.js:3272
[ 4321663ms] [LOG] PortfolioPage holdings: 5 BTC,MSFT,ETH,SOL,BTC @ http://localhost:3000/_next/static/chunks/node_modules_next_dist_115brz8._.js:2431
[ 4321664ms] [LOG] PortfolioPage holdings: 5 BTC,MSFT,ETH,SOL,BTC @ http://localhost:3000/_next/static/chunks/node_modules_next_dist_115brz8._.js:2431
[ 4321670ms] [ERROR] Encountered two children with the same key, `%s`. Keys should be unique so that components maintain their identity across updates. Non-unique keys may cause children to be duplicated and/or omitted — the behavior is unsupported and could change in a future version. BTC @ http://localhost:3000/_next/static/chunks/node_modules_next_dist_115brz8._.js:3272
[ 4322331ms] [LOG] PortfolioPage holdings: 5 BTC,MSFT,ETH,SOL,BTC @ http://localhost:3000/_next/static/chunks/node_modules_next_dist_115brz8._.js:2431
[ 4322332ms] [LOG] PortfolioPage holdings: 5 BTC,MSFT,ETH,SOL,BTC @ http://localhost:3000/_next/static/chunks/node_modules_next_dist_115brz8._.js:2431
[ 4322338ms] [ERROR] Encountered two children with the same key, `%s`. Keys should be unique so that components maintain their identity across updates. Non-unique keys may cause children to be duplicated and/or omitted — the behavior is unsupported and could change in a future version. BTC @ http://localhost:3000/_next/static/chunks/node_modules_next_dist_115brz8._.js:3272
[ 4352339ms] [LOG] PortfolioPage holdings: 5 BTC,MSFT,ETH,SOL,BTC @ http://localhost:3000/_next/static/chunks/node_modules_next_dist_115brz8._.js:2431
[ 4352340ms] [LOG] PortfolioPage holdings: 5 BTC,MSFT,ETH,SOL,BTC @ http://localhost:3000/_next/static/chunks/node_modules_next_dist_115brz8._.js:2431
[ 4352346ms] [ERROR] Encountered two children with the same key, `%s`. Keys should be unique so that components maintain their identity across updates. Non-unique keys may cause children to be duplicated and/or omitted — the behavior is unsupported and could change in a future version. BTC @ http://localhost:3000/_next/static/chunks/node_modules_next_dist_115brz8._.js:3272
[ 4381671ms] [LOG] PortfolioPage holdings: 5 BTC,MSFT,ETH,SOL,BTC @ http://localhost:3000/_next/static/chunks/node_modules_next_dist_115brz8._.js:2431
[ 4381671ms] [LOG] PortfolioPage holdings: 5 BTC,MSFT,ETH,SOL,BTC @ http://localhost:3000/_next/static/chunks/node_modules_next_dist_115brz8._.js:2431
[ 4381677ms] [ERROR] Encountered two children with the same key, `%s`. Keys should be unique so that components maintain their identity across updates. Non-unique keys may cause children to be duplicated and/or omitted — the behavior is unsupported and could change in a future version. BTC @ http://localhost:3000/_next/static/chunks/node_modules_next_dist_115brz8._.js:3272
[ 4382349ms] [LOG] PortfolioPage holdings: 5 BTC,MSFT,ETH,SOL,BTC @ http://localhost:3000/_next/static/chunks/node_modules_next_dist_115brz8._.js:2431
[ 4382350ms] [LOG] PortfolioPage holdings: 5 BTC,MSFT,ETH,SOL,BTC @ http://localhost:3000/_next/static/chunks/node_modules_next_dist_115brz8._.js:2431
[ 4382359ms] [ERROR] Encountered two children with the same key, `%s`. Keys should be unique so that components maintain their identity across updates. Non-unique keys may cause children to be duplicated and/or omitted — the behavior is unsupported and could change in a future version. BTC @ http://localhost:3000/_next/static/chunks/node_modules_next_dist_115brz8._.js:3272
[ 4412365ms] [LOG] PortfolioPage holdings: 5 BTC,MSFT,ETH,SOL,BTC @ http://localhost:3000/_next/static/chunks/node_modules_next_dist_115brz8._.js:2431
[ 4412366ms] [LOG] PortfolioPage holdings: 5 BTC,MSFT,ETH,SOL,BTC @ http://localhost:3000/_next/static/chunks/node_modules_next_dist_115brz8._.js:2431
[ 4412374ms] [ERROR] Encountered two children with the same key, `%s`. Keys should be unique so that components maintain their identity across updates. Non-unique keys may cause children to be duplicated and/or omitted — the behavior is unsupported and could change in a future version. BTC @ http://localhost:3000/_next/static/chunks/node_modules_next_dist_115brz8._.js:3272
[ 4441683ms] [LOG] PortfolioPage holdings: 5 BTC,MSFT,ETH,SOL,BTC @ http://localhost:3000/_next/static/chunks/node_modules_next_dist_115brz8._.js:2431
[ 4441684ms] [LOG] PortfolioPage holdings: 5 BTC,MSFT,ETH,SOL,BTC @ http://localhost:3000/_next/static/chunks/node_modules_next_dist_115brz8._.js:2431
[ 4441690ms] [ERROR] Encountered two children with the same key, `%s`. Keys should be unique so that components maintain their identity across updates. Non-unique keys may cause children to be duplicated and/or omitted — the behavior is unsupported and could change in a future version. BTC @ http://localhost:3000/_next/static/chunks/node_modules_next_dist_115brz8._.js:3272
[ 4442377ms] [LOG] PortfolioPage holdings: 5 BTC,MSFT,ETH,SOL,BTC @ http://localhost:3000/_next/static/chunks/node_modules_next_dist_115brz8._.js:2431
[ 4442377ms] [LOG] PortfolioPage holdings: 5 BTC,MSFT,ETH,SOL,BTC @ http://localhost:3000/_next/static/chunks/node_modules_next_dist_115brz8._.js:2431
[ 4442385ms] [ERROR] Encountered two children with the same key, `%s`. Keys should be unique so that components maintain their identity across updates. Non-unique keys may cause children to be duplicated and/or omitted — the behavior is unsupported and could change in a future version. BTC @ http://localhost:3000/_next/static/chunks/node_modules_next_dist_115brz8._.js:3272
[ 4472391ms] [LOG] PortfolioPage holdings: 5 BTC,MSFT,ETH,SOL,BTC @ http://localhost:3000/_next/static/chunks/node_modules_next_dist_115brz8._.js:2431
[ 4472392ms] [LOG] PortfolioPage holdings: 5 BTC,MSFT,ETH,SOL,BTC @ http://localhost:3000/_next/static/chunks/node_modules_next_dist_115brz8._.js:2431
[ 4472398ms] [ERROR] Encountered two children with the same key, `%s`. Keys should be unique so that components maintain their identity across updates. Non-unique keys may cause children to be duplicated and/or omitted — the behavior is unsupported and could change in a future version. BTC @ http://localhost:3000/_next/static/chunks/node_modules_next_dist_115brz8._.js:3272
[ 4501705ms] [LOG] PortfolioPage holdings: 5 BTC,MSFT,ETH,SOL,BTC @ http://localhost:3000/_next/static/chunks/node_modules_next_dist_115brz8._.js:2431
[ 4501706ms] [LOG] PortfolioPage holdings: 5 BTC,MSFT,ETH,SOL,BTC @ http://localhost:3000/_next/static/chunks/node_modules_next_dist_115brz8._.js:2431
[ 4501712ms] [ERROR] Encountered two children with the same key, `%s`. Keys should be unique so that components maintain their identity across updates. Non-unique keys may cause children to be duplicated and/or omitted — the behavior is unsupported and could change in a future version. BTC @ http://localhost:3000/_next/static/chunks/node_modules_next_dist_115brz8._.js:3272
[ 4502398ms] [LOG] PortfolioPage holdings: 5 BTC,MSFT,ETH,SOL,BTC @ http://localhost:3000/_next/static/chunks/node_modules_next_dist_115brz8._.js:2431
[ 4502399ms] [LOG] PortfolioPage holdings: 5 BTC,MSFT,ETH,SOL,BTC @ http://localhost:3000/_next/static/chunks/node_modules_next_dist_115brz8._.js:2431
[ 4502404ms] [ERROR] Encountered two children with the same key, `%s`. Keys should be unique so that components maintain their identity across updates. Non-unique keys may cause children to be duplicated and/or omitted — the behavior is unsupported and could change in a future version. BTC @ http://localhost:3000/_next/static/chunks/node_modules_next_dist_115brz8._.js:3272
[ 4532403ms] [LOG] PortfolioPage holdings: 5 BTC,MSFT,ETH,SOL,BTC @ http://localhost:3000/_next/static/chunks/node_modules_next_dist_115brz8._.js:2431
[ 4532404ms] [LOG] PortfolioPage holdings: 5 BTC,MSFT,ETH,SOL,BTC @ http://localhost:3000/_next/static/chunks/node_modules_next_dist_115brz8._.js:2431
[ 4532410ms] [ERROR] Encountered two children with the same key, `%s`. Keys should be unique so that components maintain their identity across updates. Non-unique keys may cause children to be duplicated and/or omitted — the behavior is unsupported and could change in a future version. BTC @ http://localhost:3000/_next/static/chunks/node_modules_next_dist_115brz8._.js:3272
[ 4561710ms] [LOG] PortfolioPage holdings: 5 BTC,MSFT,ETH,SOL,BTC @ http://localhost:3000/_next/static/chunks/node_modules_next_dist_115brz8._.js:2431
[ 4561711ms] [LOG] PortfolioPage holdings: 5 BTC,MSFT,ETH,SOL,BTC @ http://localhost:3000/_next/static/chunks/node_modules_next_dist_115brz8._.js:2431
[ 4561719ms] [ERROR] Encountered two children with the same key, `%s`. Keys should be unique so that components maintain their identity across updates. Non-unique keys may cause children to be duplicated and/or omitted — the behavior is unsupported and could change in a future version. BTC @ http://localhost:3000/_next/static/chunks/node_modules_next_dist_115brz8._.js:3272
[ 4562406ms] [LOG] PortfolioPage holdings: 5 BTC,MSFT,ETH,SOL,BTC @ http://localhost:3000/_next/static/chunks/node_modules_next_dist_115brz8._.js:2431
[ 4562407ms] [LOG] PortfolioPage holdings: 5 BTC,MSFT,ETH,SOL,BTC @ http://localhost:3000/_next/static/chunks/node_modules_next_dist_115brz8._.js:2431
[ 4562416ms] [ERROR] Encountered two children with the same key, `%s`. Keys should be unique so that components maintain their identity across updates. Non-unique keys may cause children to be duplicated and/or omitted — the behavior is unsupported and could change in a future version. BTC @ http://localhost:3000/_next/static/chunks/node_modules_next_dist_115brz8._.js:3272
[ 4592420ms] [LOG] PortfolioPage holdings: 5 BTC,MSFT,ETH,SOL,BTC @ http://localhost:3000/_next/static/chunks/node_modules_next_dist_115brz8._.js:2431
[ 4592421ms] [LOG] PortfolioPage holdings: 5 BTC,MSFT,ETH,SOL,BTC @ http://localhost:3000/_next/static/chunks/node_modules_next_dist_115brz8._.js:2431
[ 4592427ms] [ERROR] Encountered two children with the same key, `%s`. Keys should be unique so that components maintain their identity across updates. Non-unique keys may cause children to be duplicated and/or omitted — the behavior is unsupported and could change in a future version. BTC @ http://localhost:3000/_next/static/chunks/node_modules_next_dist_115brz8._.js:3272
[ 4621726ms] [LOG] PortfolioPage holdings: 5 BTC,MSFT,ETH,SOL,BTC @ http://localhost:3000/_next/static/chunks/node_modules_next_dist_115brz8._.js:2431
[ 4621727ms] [LOG] PortfolioPage holdings: 5 BTC,MSFT,ETH,SOL,BTC @ http://localhost:3000/_next/static/chunks/node_modules_next_dist_115brz8._.js:2431
[ 4621732ms] [ERROR] Encountered two children with the same key, `%s`. Keys should be unique so that components maintain their identity across updates. Non-unique keys may cause children to be duplicated and/or omitted — the behavior is unsupported and could change in a future version. BTC @ http://localhost:3000/_next/static/chunks/node_modules_next_dist_115brz8._.js:3272
[ 4622436ms] [LOG] PortfolioPage holdings: 5 BTC,MSFT,ETH,SOL,BTC @ http://localhost:3000/_next/static/chunks/node_modules_next_dist_115brz8._.js:2431
[ 4622436ms] [LOG] PortfolioPage holdings: 5 BTC,MSFT,ETH,SOL,BTC @ http://localhost:3000/_next/static/chunks/node_modules_next_dist_115brz8._.js:2431
[ 4622443ms] [ERROR] Encountered two children with the same key, `%s`. Keys should be unique so that components maintain their identity across updates. Non-unique keys may cause children to be duplicated and/or omitted — the behavior is unsupported and could change in a future version. BTC @ http://localhost:3000/_next/static/chunks/node_modules_next_dist_115brz8._.js:3272
[ 4652442ms] [LOG] PortfolioPage holdings: 5 BTC,MSFT,ETH,SOL,BTC @ http://localhost:3000/_next/static/chunks/node_modules_next_dist_115brz8._.js:2431
[ 4652443ms] [LOG] PortfolioPage holdings: 5 BTC,MSFT,ETH,SOL,BTC @ http://localhost:3000/_next/static/chunks/node_modules_next_dist_115brz8._.js:2431
[ 4652449ms] [ERROR] Encountered two children with the same key, `%s`. Keys should be unique so that components maintain their identity across updates. Non-unique keys may cause children to be duplicated and/or omitted — the behavior is unsupported and could change in a future version. BTC @ http://localhost:3000/_next/static/chunks/node_modules_next_dist_115brz8._.js:3272
[ 4681738ms] [LOG] PortfolioPage holdings: 5 BTC,MSFT,ETH,SOL,BTC @ http://localhost:3000/_next/static/chunks/node_modules_next_dist_115brz8._.js:2431
[ 4681741ms] [LOG] PortfolioPage holdings: 5 BTC,MSFT,ETH,SOL,BTC @ http://localhost:3000/_next/static/chunks/node_modules_next_dist_115brz8._.js:2431
[ 4681748ms] [ERROR] Encountered two children with the same key, `%s`. Keys should be unique so that components maintain their identity across updates. Non-unique keys may cause children to be duplicated and/or omitted — the behavior is unsupported and could change in a future version. BTC @ http://localhost:3000/_next/static/chunks/node_modules_next_dist_115brz8._.js:3272
[ 4682449ms] [LOG] PortfolioPage holdings: 5 BTC,MSFT,ETH,SOL,BTC @ http://localhost:3000/_next/static/chunks/node_modules_next_dist_115brz8._.js:2431
[ 4682450ms] [LOG] PortfolioPage holdings: 5 BTC,MSFT,ETH,SOL,BTC @ http://localhost:3000/_next/static/chunks/node_modules_next_dist_115brz8._.js:2431
[ 4682459ms] [ERROR] Encountered two children with the same key, `%s`. Keys should be unique so that components maintain their identity across updates. Non-unique keys may cause children to be duplicated and/or omitted — the behavior is unsupported and could change in a future version. BTC @ http://localhost:3000/_next/static/chunks/node_modules_next_dist_115brz8._.js:3272
[ 4712459ms] [LOG] PortfolioPage holdings: 5 BTC,MSFT,ETH,SOL,BTC @ http://localhost:3000/_next/static/chunks/node_modules_next_dist_115brz8._.js:2431
[ 4712459ms] [LOG] PortfolioPage holdings: 5 BTC,MSFT,ETH,SOL,BTC @ http://localhost:3000/_next/static/chunks/node_modules_next_dist_115brz8._.js:2431
[ 4712465ms] [ERROR] Encountered two children with the same key, `%s`. Keys should be unique so that components maintain their identity across updates. Non-unique keys may cause children to be duplicated and/or omitted — the behavior is unsupported and could change in a future version. BTC @ http://localhost:3000/_next/static/chunks/node_modules_next_dist_115brz8._.js:3272
[ 4741751ms] [LOG] PortfolioPage holdings: 5 BTC,MSFT,ETH,SOL,BTC @ http://localhost:3000/_next/static/chunks/node_modules_next_dist_115brz8._.js:2431
[ 4741752ms] [LOG] PortfolioPage holdings: 5 BTC,MSFT,ETH,SOL,BTC @ http://localhost:3000/_next/static/chunks/node_modules_next_dist_115brz8._.js:2431
[ 4741758ms] [ERROR] Encountered two children with the same key, `%s`. Keys should be unique so that components maintain their identity across updates. Non-unique keys may cause children to be duplicated and/or omitted — the behavior is unsupported and could change in a future version. BTC @ http://localhost:3000/_next/static/chunks/node_modules_next_dist_115brz8._.js:3272
[ 4742463ms] [LOG] PortfolioPage holdings: 5 BTC,MSFT,ETH,SOL,BTC @ http://localhost:3000/_next/static/chunks/node_modules_next_dist_115brz8._.js:2431
[ 4742464ms] [LOG] PortfolioPage holdings: 5 BTC,MSFT,ETH,SOL,BTC @ http://localhost:3000/_next/static/chunks/node_modules_next_dist_115brz8._.js:2431
[ 4742470ms] [ERROR] Encountered two children with the same key, `%s`. Keys should be unique so that components maintain their identity across updates. Non-unique keys may cause children to be duplicated and/or omitted — the behavior is unsupported and could change in a future version. BTC @ http://localhost:3000/_next/static/chunks/node_modules_next_dist_115brz8._.js:3272
[ 4772466ms] [LOG] PortfolioPage holdings: 5 BTC,MSFT,ETH,SOL,BTC @ http://localhost:3000/_next/static/chunks/node_modules_next_dist_115brz8._.js:2431
[ 4772468ms] [LOG] PortfolioPage holdings: 5 BTC,MSFT,ETH,SOL,BTC @ http://localhost:3000/_next/static/chunks/node_modules_next_dist_115brz8._.js:2431
[ 4772473ms] [ERROR] Encountered two children with the same key, `%s`. Keys should be unique so that components maintain their identity across updates. Non-unique keys may cause children to be duplicated and/or omitted — the behavior is unsupported and could change in a future version. BTC @ http://localhost:3000/_next/static/chunks/node_modules_next_dist_115brz8._.js:3272
[ 4801755ms] [LOG] PortfolioPage holdings: 5 BTC,MSFT,ETH,SOL,BTC @ http://localhost:3000/_next/static/chunks/node_modules_next_dist_115brz8._.js:2431
[ 4801756ms] [LOG] PortfolioPage holdings: 5 BTC,MSFT,ETH,SOL,BTC @ http://localhost:3000/_next/static/chunks/node_modules_next_dist_115brz8._.js:2431
[ 4801761ms] [ERROR] Encountered two children with the same key, `%s`. Keys should be unique so that components maintain their identity across updates. Non-unique keys may cause children to be duplicated and/or omitted — the behavior is unsupported and could change in a future version. BTC @ http://localhost:3000/_next/static/chunks/node_modules_next_dist_115brz8._.js:3272
[ 4802479ms] [LOG] PortfolioPage holdings: 5 BTC,MSFT,ETH,SOL,BTC @ http://localhost:3000/_next/static/chunks/node_modules_next_dist_115brz8._.js:2431
[ 4802480ms] [LOG] PortfolioPage holdings: 5 BTC,MSFT,ETH,SOL,BTC @ http://localhost:3000/_next/static/chunks/node_modules_next_dist_115brz8._.js:2431
[ 4802486ms] [ERROR] Encountered two children with the same key, `%s`. Keys should be unique so that components maintain their identity across updates. Non-unique keys may cause children to be duplicated and/or omitted — the behavior is unsupported and could change in a future version. BTC @ http://localhost:3000/_next/static/chunks/node_modules_next_dist_115brz8._.js:3272
[ 4832495ms] [LOG] PortfolioPage holdings: 5 BTC,MSFT,ETH,SOL,BTC @ http://localhost:3000/_next/static/chunks/node_modules_next_dist_115brz8._.js:2431
[ 4832496ms] [LOG] PortfolioPage holdings: 5 BTC,MSFT,ETH,SOL,BTC @ http://localhost:3000/_next/static/chunks/node_modules_next_dist_115brz8._.js:2431
[ 4832501ms] [ERROR] Encountered two children with the same key, `%s`. Keys should be unique so that components maintain their identity across updates. Non-unique keys may cause children to be duplicated and/or omitted — the behavior is unsupported and could change in a future version. BTC @ http://localhost:3000/_next/static/chunks/node_modules_next_dist_115brz8._.js:3272
[ 4861762ms] [LOG] PortfolioPage holdings: 5 BTC,MSFT,ETH,SOL,BTC @ http://localhost:3000/_next/static/chunks/node_modules_next_dist_115brz8._.js:2431
[ 4861763ms] [LOG] PortfolioPage holdings: 5 BTC,MSFT,ETH,SOL,BTC @ http://localhost:3000/_next/static/chunks/node_modules_next_dist_115brz8._.js:2431
[ 4861769ms] [ERROR] Encountered two children with the same key, `%s`. Keys should be unique so that components maintain their identity across updates. Non-unique keys may cause children to be duplicated and/or omitted — the behavior is unsupported and could change in a future version. BTC @ http://localhost:3000/_next/static/chunks/node_modules_next_dist_115brz8._.js:3272
[ 4862503ms] [LOG] PortfolioPage holdings: 5 BTC,MSFT,ETH,SOL,BTC @ http://localhost:3000/_next/static/chunks/node_modules_next_dist_115brz8._.js:2431
[ 4862504ms] [LOG] PortfolioPage holdings: 5 BTC,MSFT,ETH,SOL,BTC @ http://localhost:3000/_next/static/chunks/node_modules_next_dist_115brz8._.js:2431
[ 4862509ms] [ERROR] Encountered two children with the same key, `%s`. Keys should be unique so that components maintain their identity across updates. Non-unique keys may cause children to be duplicated and/or omitted — the behavior is unsupported and could change in a future version. BTC @ http://localhost:3000/_next/static/chunks/node_modules_next_dist_115brz8._.js:3272
[ 4892509ms] [LOG] PortfolioPage holdings: 5 BTC,MSFT,ETH,SOL,BTC @ http://localhost:3000/_next/static/chunks/node_modules_next_dist_115brz8._.js:2431
[ 4892510ms] [LOG] PortfolioPage holdings: 5 BTC,MSFT,ETH,SOL,BTC @ http://localhost:3000/_next/static/chunks/node_modules_next_dist_115brz8._.js:2431
[ 4892515ms] [ERROR] Encountered two children with the same key, `%s`. Keys should be unique so that components maintain their identity across updates. Non-unique keys may cause children to be duplicated and/or omitted — the behavior is unsupported and could change in a future version. BTC @ http://localhost:3000/_next/static/chunks/node_modules_next_dist_115brz8._.js:3272
[ 4921769ms] [LOG] PortfolioPage holdings: 5 BTC,MSFT,ETH,SOL,BTC @ http://localhost:3000/_next/static/chunks/node_modules_next_dist_115brz8._.js:2431
[ 4921769ms] [LOG] PortfolioPage holdings: 5 BTC,MSFT,ETH,SOL,BTC @ http://localhost:3000/_next/static/chunks/node_modules_next_dist_115brz8._.js:2431
[ 4921775ms] [ERROR] Encountered two children with the same key, `%s`. Keys should be unique so that components maintain their identity across updates. Non-unique keys may cause children to be duplicated and/or omitted — the behavior is unsupported and could change in a future version. BTC @ http://localhost:3000/_next/static/chunks/node_modules_next_dist_115brz8._.js:3272
[ 4922524ms] [LOG] PortfolioPage holdings: 5 BTC,MSFT,ETH,SOL,BTC @ http://localhost:3000/_next/static/chunks/node_modules_next_dist_115brz8._.js:2431
[ 4922525ms] [LOG] PortfolioPage holdings: 5 BTC,MSFT,ETH,SOL,BTC @ http://localhost:3000/_next/static/chunks/node_modules_next_dist_115brz8._.js:2431
[ 4922534ms] [ERROR] Encountered two children with the same key, `%s`. Keys should be unique so that components maintain their identity across updates. Non-unique keys may cause children to be duplicated and/or omitted — the behavior is unsupported and could change in a future version. BTC @ http://localhost:3000/_next/static/chunks/node_modules_next_dist_115brz8._.js:3272
[ 4952543ms] [LOG] PortfolioPage holdings: 5 BTC,MSFT,ETH,SOL,BTC @ http://localhost:3000/_next/static/chunks/node_modules_next_dist_115brz8._.js:2431
[ 4952544ms] [LOG] PortfolioPage holdings: 5 BTC,MSFT,ETH,SOL,BTC @ http://localhost:3000/_next/static/chunks/node_modules_next_dist_115brz8._.js:2431
[ 4952550ms] [ERROR] Encountered two children with the same key, `%s`. Keys should be unique so that components maintain their identity across updates. Non-unique keys may cause children to be duplicated and/or omitted — the behavior is unsupported and could change in a future version. BTC @ http://localhost:3000/_next/static/chunks/node_modules_next_dist_115brz8._.js:3272
[ 4981777ms] [LOG] PortfolioPage holdings: 5 BTC,MSFT,ETH,SOL,BTC @ http://localhost:3000/_next/static/chunks/node_modules_next_dist_115brz8._.js:2431
[ 4981779ms] [LOG] PortfolioPage holdings: 5 BTC,MSFT,ETH,SOL,BTC @ http://localhost:3000/_next/static/chunks/node_modules_next_dist_115brz8._.js:2431
[ 4981789ms] [ERROR] Encountered two children with the same key, `%s`. Keys should be unique so that components maintain their identity across updates. Non-unique keys may cause children to be duplicated and/or omitted — the behavior is unsupported and could change in a future version. BTC @ http://localhost:3000/_next/static/chunks/node_modules_next_dist_115brz8._.js:3272
[ 4982546ms] [LOG] PortfolioPage holdings: 5 BTC,MSFT,ETH,SOL,BTC @ http://localhost:3000/_next/static/chunks/node_modules_next_dist_115brz8._.js:2431
[ 4982547ms] [LOG] PortfolioPage holdings: 5 BTC,MSFT,ETH,SOL,BTC @ http://localhost:3000/_next/static/chunks/node_modules_next_dist_115brz8._.js:2431
[ 4982553ms] [ERROR] Encountered two children with the same key, `%s`. Keys should be unique so that components maintain their identity across updates. Non-unique keys may cause children to be duplicated and/or omitted — the behavior is unsupported and could change in a future version. BTC @ http://localhost:3000/_next/static/chunks/node_modules_next_dist_115brz8._.js:3272
[ 5012562ms] [LOG] PortfolioPage holdings: 5 BTC,MSFT,ETH,SOL,BTC @ http://localhost:3000/_next/static/chunks/node_modules_next_dist_115brz8._.js:2431
[ 5012564ms] [LOG] PortfolioPage holdings: 5 BTC,MSFT,ETH,SOL,BTC @ http://localhost:3000/_next/static/chunks/node_modules_next_dist_115brz8._.js:2431
[ 5012570ms] [ERROR] Encountered two children with the same key, `%s`. Keys should be unique so that components maintain their identity across updates. Non-unique keys may cause children to be duplicated and/or omitted — the behavior is unsupported and could change in a future version. BTC @ http://localhost:3000/_next/static/chunks/node_modules_next_dist_115brz8._.js:3272
[ 5041784ms] [LOG] PortfolioPage holdings: 5 BTC,MSFT,ETH,SOL,BTC @ http://localhost:3000/_next/static/chunks/node_modules_next_dist_115brz8._.js:2431
[ 5041785ms] [LOG] PortfolioPage holdings: 5 BTC,MSFT,ETH,SOL,BTC @ http://localhost:3000/_next/static/chunks/node_modules_next_dist_115brz8._.js:2431
[ 5041792ms] [ERROR] Encountered two children with the same key, `%s`. Keys should be unique so that components maintain their identity across updates. Non-unique keys may cause children to be duplicated and/or omitted — the behavior is unsupported and could change in a future version. BTC @ http://localhost:3000/_next/static/chunks/node_modules_next_dist_115brz8._.js:3272
[ 5042573ms] [LOG] PortfolioPage holdings: 5 BTC,MSFT,ETH,SOL,BTC @ http://localhost:3000/_next/static/chunks/node_modules_next_dist_115brz8._.js:2431
[ 5042574ms] [LOG] PortfolioPage holdings: 5 BTC,MSFT,ETH,SOL,BTC @ http://localhost:3000/_next/static/chunks/node_modules_next_dist_115brz8._.js:2431
[ 5042580ms] [ERROR] Encountered two children with the same key, `%s`. Keys should be unique so that components maintain their identity across updates. Non-unique keys may cause children to be duplicated and/or omitted — the behavior is unsupported and could change in a future version. BTC @ http://localhost:3000/_next/static/chunks/node_modules_next_dist_115brz8._.js:3272
[ 5072578ms] [LOG] PortfolioPage holdings: 5 BTC,MSFT,ETH,SOL,BTC @ http://localhost:3000/_next/static/chunks/node_modules_next_dist_115brz8._.js:2431
[ 5072579ms] [LOG] PortfolioPage holdings: 5 BTC,MSFT,ETH,SOL,BTC @ http://localhost:3000/_next/static/chunks/node_modules_next_dist_115brz8._.js:2431
[ 5072586ms] [ERROR] Encountered two children with the same key, `%s`. Keys should be unique so that components maintain their identity across updates. Non-unique keys may cause children to be duplicated and/or omitted — the behavior is unsupported and could change in a future version. BTC @ http://localhost:3000/_next/static/chunks/node_modules_next_dist_115brz8._.js:3272
[ 5101792ms] [LOG] PortfolioPage holdings: 5 BTC,MSFT,ETH,SOL,BTC @ http://localhost:3000/_next/static/chunks/node_modules_next_dist_115brz8._.js:2431
[ 5101793ms] [LOG] PortfolioPage holdings: 5 BTC,MSFT,ETH,SOL,BTC @ http://localhost:3000/_next/static/chunks/node_modules_next_dist_115brz8._.js:2431
[ 5101800ms] [ERROR] Encountered two children with the same key, `%s`. Keys should be unique so that components maintain their identity across updates. Non-unique keys may cause children to be duplicated and/or omitted — the behavior is unsupported and could change in a future version. BTC @ http://localhost:3000/_next/static/chunks/node_modules_next_dist_115brz8._.js:3272
[ 5102583ms] [LOG] PortfolioPage holdings: 5 BTC,MSFT,ETH,SOL,BTC @ http://localhost:3000/_next/static/chunks/node_modules_next_dist_115brz8._.js:2431
[ 5102584ms] [LOG] PortfolioPage holdings: 5 BTC,MSFT,ETH,SOL,BTC @ http://localhost:3000/_next/static/chunks/node_modules_next_dist_115brz8._.js:2431
[ 5102590ms] [ERROR] Encountered two children with the same key, `%s`. Keys should be unique so that components maintain their identity across updates. Non-unique keys may cause children to be duplicated and/or omitted — the behavior is unsupported and could change in a future version. BTC @ http://localhost:3000/_next/static/chunks/node_modules_next_dist_115brz8._.js:3272
[ 5132595ms] [LOG] PortfolioPage holdings: 5 BTC,MSFT,ETH,SOL,BTC @ http://localhost:3000/_next/static/chunks/node_modules_next_dist_115brz8._.js:2431
[ 5132596ms] [LOG] PortfolioPage holdings: 5 BTC,MSFT,ETH,SOL,BTC @ http://localhost:3000/_next/static/chunks/node_modules_next_dist_115brz8._.js:2431
[ 5132603ms] [ERROR] Encountered two children with the same key, `%s`. Keys should be unique so that components maintain their identity across updates. Non-unique keys may cause children to be duplicated and/or omitted — the behavior is unsupported and could change in a future version. BTC @ http://localhost:3000/_next/static/chunks/node_modules_next_dist_115brz8._.js:3272
[ 5161809ms] [LOG] PortfolioPage holdings: 5 BTC,MSFT,ETH,SOL,BTC @ http://localhost:3000/_next/static/chunks/node_modules_next_dist_115brz8._.js:2431
[ 5161810ms] [LOG] PortfolioPage holdings: 5 BTC,MSFT,ETH,SOL,BTC @ http://localhost:3000/_next/static/chunks/node_modules_next_dist_115brz8._.js:2431
[ 5161816ms] [ERROR] Encountered two children with the same key, `%s`. Keys should be unique so that components maintain their identity across updates. Non-unique keys may cause children to be duplicated and/or omitted — the behavior is unsupported and could change in a future version. BTC @ http://localhost:3000/_next/static/chunks/node_modules_next_dist_115brz8._.js:3272
[ 5162611ms] [LOG] PortfolioPage holdings: 5 BTC,MSFT,ETH,SOL,BTC @ http://localhost:3000/_next/static/chunks/node_modules_next_dist_115brz8._.js:2431
[ 5162611ms] [LOG] PortfolioPage holdings: 5 BTC,MSFT,ETH,SOL,BTC @ http://localhost:3000/_next/static/chunks/node_modules_next_dist_115brz8._.js:2431
[ 5162617ms] [ERROR] Encountered two children with the same key, `%s`. Keys should be unique so that components maintain their identity across updates. Non-unique keys may cause children to be duplicated and/or omitted — the behavior is unsupported and could change in a future version. BTC @ http://localhost:3000/_next/static/chunks/node_modules_next_dist_115brz8._.js:3272
[ 5192624ms] [LOG] PortfolioPage holdings: 5 BTC,MSFT,ETH,SOL,BTC @ http://localhost:3000/_next/static/chunks/node_modules_next_dist_115brz8._.js:2431
[ 5192625ms] [LOG] PortfolioPage holdings: 5 BTC,MSFT,ETH,SOL,BTC @ http://localhost:3000/_next/static/chunks/node_modules_next_dist_115brz8._.js:2431
[ 5192631ms] [ERROR] Encountered two children with the same key, `%s`. Keys should be unique so that components maintain their identity across updates. Non-unique keys may cause children to be duplicated and/or omitted — the behavior is unsupported and could change in a future version. BTC @ http://localhost:3000/_next/static/chunks/node_modules_next_dist_115brz8._.js:3272
[ 5221819ms] [LOG] PortfolioPage holdings: 5 BTC,MSFT,ETH,SOL,BTC @ http://localhost:3000/_next/static/chunks/node_modules_next_dist_115brz8._.js:2431
[ 5221821ms] [LOG] PortfolioPage holdings: 5 BTC,MSFT,ETH,SOL,BTC @ http://localhost:3000/_next/static/chunks/node_modules_next_dist_115brz8._.js:2431
[ 5221828ms] [ERROR] Encountered two children with the same key, `%s`. Keys should be unique so that components maintain their identity across updates. Non-unique keys may cause children to be duplicated and/or omitted — the behavior is unsupported and could change in a future version. BTC @ http://localhost:3000/_next/static/chunks/node_modules_next_dist_115brz8._.js:3272
[ 5222633ms] [LOG] PortfolioPage holdings: 5 BTC,MSFT,ETH,SOL,BTC @ http://localhost:3000/_next/static/chunks/node_modules_next_dist_115brz8._.js:2431
[ 5222634ms] [LOG] PortfolioPage holdings: 5 BTC,MSFT,ETH,SOL,BTC @ http://localhost:3000/_next/static/chunks/node_modules_next_dist_115brz8._.js:2431
[ 5222639ms] [ERROR] Encountered two children with the same key, `%s`. Keys should be unique so that components maintain their identity across updates. Non-unique keys may cause children to be duplicated and/or omitted — the behavior is unsupported and could change in a future version. BTC @ http://localhost:3000/_next/static/chunks/node_modules_next_dist_115brz8._.js:3272
[ 5252641ms] [LOG] PortfolioPage holdings: 5 BTC,MSFT,ETH,SOL,BTC @ http://localhost:3000/_next/static/chunks/node_modules_next_dist_115brz8._.js:2431
[ 5252641ms] [LOG] PortfolioPage holdings: 5 BTC,MSFT,ETH,SOL,BTC @ http://localhost:3000/_next/static/chunks/node_modules_next_dist_115brz8._.js:2431
[ 5252649ms] [ERROR] Encountered two children with the same key, `%s`. Keys should be unique so that components maintain their identity across updates. Non-unique keys may cause children to be duplicated and/or omitted — the behavior is unsupported and could change in a future version. BTC @ http://localhost:3000/_next/static/chunks/node_modules_next_dist_115brz8._.js:3272
[ 5281836ms] [LOG] PortfolioPage holdings: 5 BTC,MSFT,ETH,SOL,BTC @ http://localhost:3000/_next/static/chunks/node_modules_next_dist_115brz8._.js:2431
[ 5281837ms] [LOG] PortfolioPage holdings: 5 BTC,MSFT,ETH,SOL,BTC @ http://localhost:3000/_next/static/chunks/node_modules_next_dist_115brz8._.js:2431
[ 5281843ms] [ERROR] Encountered two children with the same key, `%s`. Keys should be unique so that components maintain their identity across updates. Non-unique keys may cause children to be duplicated and/or omitted — the behavior is unsupported and could change in a future version. BTC @ http://localhost:3000/_next/static/chunks/node_modules_next_dist_115brz8._.js:3272
[ 5282650ms] [LOG] PortfolioPage holdings: 5 BTC,MSFT,ETH,SOL,BTC @ http://localhost:3000/_next/static/chunks/node_modules_next_dist_115brz8._.js:2431
[ 5282651ms] [LOG] PortfolioPage holdings: 5 BTC,MSFT,ETH,SOL,BTC @ http://localhost:3000/_next/static/chunks/node_modules_next_dist_115brz8._.js:2431
[ 5282657ms] [ERROR] Encountered two children with the same key, `%s`. Keys should be unique so that components maintain their identity across updates. Non-unique keys may cause children to be duplicated and/or omitted — the behavior is unsupported and could change in a future version. BTC @ http://localhost:3000/_next/static/chunks/node_modules_next_dist_115brz8._.js:3272
[ 5312675ms] [LOG] PortfolioPage holdings: 5 BTC,MSFT,ETH,SOL,BTC @ http://localhost:3000/_next/static/chunks/node_modules_next_dist_115brz8._.js:2431
[ 5312676ms] [LOG] PortfolioPage holdings: 5 BTC,MSFT,ETH,SOL,BTC @ http://localhost:3000/_next/static/chunks/node_modules_next_dist_115brz8._.js:2431
[ 5312683ms] [ERROR] Encountered two children with the same key, `%s`. Keys should be unique so that components maintain their identity across updates. Non-unique keys may cause children to be duplicated and/or omitted — the behavior is unsupported and could change in a future version. BTC @ http://localhost:3000/_next/static/chunks/node_modules_next_dist_115brz8._.js:3272
[ 5341845ms] [LOG] PortfolioPage holdings: 5 BTC,MSFT,ETH,SOL,BTC @ http://localhost:3000/_next/static/chunks/node_modules_next_dist_115brz8._.js:2431
[ 5341846ms] [LOG] PortfolioPage holdings: 5 BTC,MSFT,ETH,SOL,BTC @ http://localhost:3000/_next/static/chunks/node_modules_next_dist_115brz8._.js:2431
[ 5341853ms] [ERROR] Encountered two children with the same key, `%s`. Keys should be unique so that components maintain their identity across updates. Non-unique keys may cause children to be duplicated and/or omitted — the behavior is unsupported and could change in a future version. BTC @ http://localhost:3000/_next/static/chunks/node_modules_next_dist_115brz8._.js:3272
[ 5342689ms] [LOG] PortfolioPage holdings: 5 BTC,MSFT,ETH,SOL,BTC @ http://localhost:3000/_next/static/chunks/node_modules_next_dist_115brz8._.js:2431
[ 5342690ms] [LOG] PortfolioPage holdings: 5 BTC,MSFT,ETH,SOL,BTC @ http://localhost:3000/_next/static/chunks/node_modules_next_dist_115brz8._.js:2431
[ 5342696ms] [ERROR] Encountered two children with the same key, `%s`. Keys should be unique so that components maintain their identity across updates. Non-unique keys may cause children to be duplicated and/or omitted — the behavior is unsupported and could change in a future version. BTC @ http://localhost:3000/_next/static/chunks/node_modules_next_dist_115brz8._.js:3272
[ 5372697ms] [LOG] PortfolioPage holdings: 5 BTC,MSFT,ETH,SOL,BTC @ http://localhost:3000/_next/static/chunks/node_modules_next_dist_115brz8._.js:2431
[ 5372698ms] [LOG] PortfolioPage holdings: 5 BTC,MSFT,ETH,SOL,BTC @ http://localhost:3000/_next/static/chunks/node_modules_next_dist_115brz8._.js:2431
[ 5372705ms] [ERROR] Encountered two children with the same key, `%s`. Keys should be unique so that components maintain their identity across updates. Non-unique keys may cause children to be duplicated and/or omitted — the behavior is unsupported and could change in a future version. BTC @ http://localhost:3000/_next/static/chunks/node_modules_next_dist_115brz8._.js:3272
[ 5401862ms] [LOG] PortfolioPage holdings: 5 BTC,MSFT,ETH,SOL,BTC @ http://localhost:3000/_next/static/chunks/node_modules_next_dist_115brz8._.js:2431
[ 5401863ms] [LOG] PortfolioPage holdings: 5 BTC,MSFT,ETH,SOL,BTC @ http://localhost:3000/_next/static/chunks/node_modules_next_dist_115brz8._.js:2431
[ 5401869ms] [ERROR] Encountered two children with the same key, `%s`. Keys should be unique so that components maintain their identity across updates. Non-unique keys may cause children to be duplicated and/or omitted — the behavior is unsupported and could change in a future version. BTC @ http://localhost:3000/_next/static/chunks/node_modules_next_dist_115brz8._.js:3272
[ 5402702ms] [LOG] PortfolioPage holdings: 5 BTC,MSFT,ETH,SOL,BTC @ http://localhost:3000/_next/static/chunks/node_modules_next_dist_115brz8._.js:2431
[ 5402703ms] [LOG] PortfolioPage holdings: 5 BTC,MSFT,ETH,SOL,BTC @ http://localhost:3000/_next/static/chunks/node_modules_next_dist_115brz8._.js:2431
[ 5402709ms] [ERROR] Encountered two children with the same key, `%s`. Keys should be unique so that components maintain their identity across updates. Non-unique keys may cause children to be duplicated and/or omitted — the behavior is unsupported and could change in a future version. BTC @ http://localhost:3000/_next/static/chunks/node_modules_next_dist_115brz8._.js:3272
[ 5432708ms] [LOG] PortfolioPage holdings: 5 BTC,MSFT,ETH,SOL,BTC @ http://localhost:3000/_next/static/chunks/node_modules_next_dist_115brz8._.js:2431
[ 5432709ms] [LOG] PortfolioPage holdings: 5 BTC,MSFT,ETH,SOL,BTC @ http://localhost:3000/_next/static/chunks/node_modules_next_dist_115brz8._.js:2431
[ 5432715ms] [ERROR] Encountered two children with the same key, `%s`. Keys should be unique so that components maintain their identity across updates. Non-unique keys may cause children to be duplicated and/or omitted — the behavior is unsupported and could change in a future version. BTC @ http://localhost:3000/_next/static/chunks/node_modules_next_dist_115brz8._.js:3272
[ 5444123ms] [LOG] [Fast Refresh] rebuilding @ http://localhost:3000/_next/static/chunks/node_modules_next_dist_115brz8._.js:2431
[ 5444215ms] [LOG] [Fast Refresh] done in 196ms @ http://localhost:3000/_next/static/chunks/node_modules_next_dist_115brz8._.js:2431
[ 5444320ms] [LOG] [Fast Refresh] rebuilding @ http://localhost:3000/_next/static/chunks/node_modules_next_dist_115brz8._.js:2431
[ 5444574ms] [LOG] [Fast Refresh] done in 355ms @ http://localhost:3000/_next/static/chunks/node_modules_next_dist_115brz8._.js:2431
[ 5444599ms] [LOG] PortfolioPage holdings: 5 BTC,MSFT,ETH,SOL,BTC @ http://localhost:3000/_next/static/chunks/node_modules_next_dist_115brz8._.js:2431
[ 5444600ms] [LOG] PortfolioPage holdings: 5 BTC,MSFT,ETH,SOL,BTC @ http://localhost:3000/_next/static/chunks/node_modules_next_dist_115brz8._.js:2431
[ 5444618ms] [ERROR] Encountered two children with the same key, `%s`. Keys should be unique so that components maintain their identity across updates. Non-unique keys may cause children to be duplicated and/or omitted — the behavior is unsupported and could change in a future version. BTC @ http://localhost:3000/_next/static/chunks/node_modules_next_dist_115brz8._.js:3272
[ 5461867ms] [LOG] PortfolioPage holdings: 5 BTC,MSFT,ETH,SOL,BTC @ http://localhost:3000/_next/static/chunks/node_modules_next_dist_115brz8._.js:2431
[ 5461868ms] [LOG] PortfolioPage holdings: 5 BTC,MSFT,ETH,SOL,BTC @ http://localhost:3000/_next/static/chunks/node_modules_next_dist_115brz8._.js:2431
[ 5461876ms] [ERROR] Encountered two children with the same key, `%s`. Keys should be unique so that components maintain their identity across updates. Non-unique keys may cause children to be duplicated and/or omitted — the behavior is unsupported and could change in a future version. BTC @ http://localhost:3000/_next/static/chunks/node_modules_next_dist_115brz8._.js:3272
[ 5462713ms] [LOG] PortfolioPage holdings: 5 BTC,MSFT,ETH,SOL,BTC @ http://localhost:3000/_next/static/chunks/node_modules_next_dist_115brz8._.js:2431
[ 5462714ms] [LOG] PortfolioPage holdings: 5 BTC,MSFT,ETH,SOL,BTC @ http://localhost:3000/_next/static/chunks/node_modules_next_dist_115brz8._.js:2431
[ 5462722ms] [ERROR] Encountered two children with the same key, `%s`. Keys should be unique so that components maintain their identity across updates. Non-unique keys may cause children to be duplicated and/or omitted — the behavior is unsupported and could change in a future version. BTC @ http://localhost:3000/_next/static/chunks/node_modules_next_dist_115brz8._.js:3272
[ 5462846ms] [LOG] [Fast Refresh] rebuilding @ http://localhost:3000/_next/static/chunks/node_modules_next_dist_115brz8._.js:2431
[ 5463341ms] [LOG] [Fast Refresh] done in 607ms @ http://localhost:3000/_next/static/chunks/node_modules_next_dist_115brz8._.js:2431
[ 5492721ms] [LOG] PortfolioPage holdings: 5 BTC,MSFT,ETH,SOL,BTC @ http://localhost:3000/_next/static/chunks/node_modules_next_dist_115brz8._.js:2431
[ 5492722ms] [LOG] PortfolioPage holdings: 5 BTC,MSFT,ETH,SOL,BTC @ http://localhost:3000/_next/static/chunks/node_modules_next_dist_115brz8._.js:2431
[ 5492729ms] [ERROR] Encountered two children with the same key, `%s`. Keys should be unique so that components maintain their identity across updates. Non-unique keys may cause children to be duplicated and/or omitted — the behavior is unsupported and could change in a future version. BTC @ http://localhost:3000/_next/static/chunks/node_modules_next_dist_115brz8._.js:3272
[ 5521871ms] [LOG] PortfolioPage holdings: 5 BTC,MSFT,ETH,SOL,BTC @ http://localhost:3000/_next/static/chunks/node_modules_next_dist_115brz8._.js:2431
[ 5521872ms] [LOG] PortfolioPage holdings: 5 BTC,MSFT,ETH,SOL,BTC @ http://localhost:3000/_next/static/chunks/node_modules_next_dist_115brz8._.js:2431
[ 5521878ms] [ERROR] Encountered two children with the same key, `%s`. Keys should be unique so that components maintain their identity across updates. Non-unique keys may cause children to be duplicated and/or omitted — the behavior is unsupported and could change in a future version. BTC @ http://localhost:3000/_next/static/chunks/node_modules_next_dist_115brz8._.js:3272
[ 5522735ms] [LOG] PortfolioPage holdings: 5 BTC,MSFT,ETH,SOL,BTC @ http://localhost:3000/_next/static/chunks/node_modules_next_dist_115brz8._.js:2431
[ 5522736ms] [LOG] PortfolioPage holdings: 5 BTC,MSFT,ETH,SOL,BTC @ http://localhost:3000/_next/static/chunks/node_modules_next_dist_115brz8._.js:2431
[ 5522742ms] [ERROR] Encountered two children with the same key, `%s`. Keys should be unique so that components maintain their identity across updates. Non-unique keys may cause children to be duplicated and/or omitted — the behavior is unsupported and could change in a future version. BTC @ http://localhost:3000/_next/static/chunks/node_modules_next_dist_115brz8._.js:3272
[ 5552742ms] [LOG] PortfolioPage holdings: 5 BTC,MSFT,ETH,SOL,BTC @ http://localhost:3000/_next/static/chunks/node_modules_next_dist_115brz8._.js:2431
[ 5552743ms] [LOG] PortfolioPage holdings: 5 BTC,MSFT,ETH,SOL,BTC @ http://localhost:3000/_next/static/chunks/node_modules_next_dist_115brz8._.js:2431
[ 5552750ms] [ERROR] Encountered two children with the same key, `%s`. Keys should be unique so that components maintain their identity across updates. Non-unique keys may cause children to be duplicated and/or omitted — the behavior is unsupported and could change in a future version. BTC @ http://localhost:3000/_next/static/chunks/node_modules_next_dist_115brz8._.js:3272
[ 5581877ms] [LOG] PortfolioPage holdings: 5 BTC,MSFT,ETH,SOL,BTC @ http://localhost:3000/_next/static/chunks/node_modules_next_dist_115brz8._.js:2431
[ 5581878ms] [LOG] PortfolioPage holdings: 5 BTC,MSFT,ETH,SOL,BTC @ http://localhost:3000/_next/static/chunks/node_modules_next_dist_115brz8._.js:2431
[ 5581885ms] [ERROR] Encountered two children with the same key, `%s`. Keys should be unique so that components maintain their identity across updates. Non-unique keys may cause children to be duplicated and/or omitted — the behavior is unsupported and could change in a future version. BTC @ http://localhost:3000/_next/static/chunks/node_modules_next_dist_115brz8._.js:3272
[ 5582751ms] [LOG] PortfolioPage holdings: 5 BTC,MSFT,ETH,SOL,BTC @ http://localhost:3000/_next/static/chunks/node_modules_next_dist_115brz8._.js:2431
[ 5582751ms] [LOG] PortfolioPage holdings: 5 BTC,MSFT,ETH,SOL,BTC @ http://localhost:3000/_next/static/chunks/node_modules_next_dist_115brz8._.js:2431
[ 5582757ms] [ERROR] Encountered two children with the same key, `%s`. Keys should be unique so that components maintain their identity across updates. Non-unique keys may cause children to be duplicated and/or omitted — the behavior is unsupported and could change in a future version. BTC @ http://localhost:3000/_next/static/chunks/node_modules_next_dist_115brz8._.js:3272
[ 5596318ms] [LOG] [Fast Refresh] rebuilding @ http://localhost:3000/_next/static/chunks/node_modules_next_dist_115brz8._.js:2431
[ 5596439ms] [LOG] [Fast Refresh] done in 235ms @ http://localhost:3000/_next/static/chunks/node_modules_next_dist_115brz8._.js:2431
[ 5598563ms] [LOG] [Fast Refresh] rebuilding @ http://localhost:3000/_next/static/chunks/node_modules_next_dist_115brz8._.js:2431
[ 5598565ms] [LOG] [Fast Refresh] done in 103ms @ http://localhost:3000/_next/static/chunks/node_modules_next_dist_115brz8._.js:2431
[ 5602621ms] [LOG] [Fast Refresh] rebuilding @ http://localhost:3000/_next/static/chunks/node_modules_next_dist_115brz8._.js:2431
[ 5603392ms] [LOG] [Fast Refresh] done in 518ms @ http://localhost:3000/_next/static/chunks/node_modules_next_dist_115brz8._.js:2431
[ 5603510ms] [LOG] [Fast Refresh] rebuilding @ http://localhost:3000/_next/static/chunks/node_modules_next_dist_115brz8._.js:2431
[ 5603529ms] [LOG] [Fast Refresh] done in 121ms @ http://localhost:3000/_next/static/chunks/node_modules_next_dist_115brz8._.js:2431
[ 5603647ms] [LOG] [Fast Refresh] rebuilding @ http://localhost:3000/_next/static/chunks/node_modules_next_dist_115brz8._.js:2431
[ 5603888ms] [LOG] [Fast Refresh] done in 343ms @ http://localhost:3000/_next/static/chunks/node_modules_next_dist_115brz8._.js:2431
[ 5604116ms] [LOG] [Fast Refresh] rebuilding @ http://localhost:3000/_next/static/chunks/node_modules_next_dist_115brz8._.js:2431
[ 5604215ms] [LOG] [Fast Refresh] done in 203ms @ http://localhost:3000/_next/static/chunks/node_modules_next_dist_115brz8._.js:2431
[ 5604335ms] [LOG] [Fast Refresh] rebuilding @ http://localhost:3000/_next/static/chunks/node_modules_next_dist_115brz8._.js:2431
[ 5604455ms] [LOG] [Fast Refresh] done in 223ms @ http://localhost:3000/_next/static/chunks/node_modules_next_dist_115brz8._.js:2431
[ 5604563ms] [LOG] [Fast Refresh] rebuilding @ http://localhost:3000/_next/static/chunks/node_modules_next_dist_115brz8._.js:2431
[ 5604861ms] [LOG] [Fast Refresh] done in 405ms @ http://localhost:3000/_next/static/chunks/node_modules_next_dist_115brz8._.js:2431
[ 5605081ms] [LOG] [Fast Refresh] rebuilding @ http://localhost:3000/_next/static/chunks/node_modules_next_dist_115brz8._.js:2431
[ 5605111ms] [LOG] [Fast Refresh] done in 133ms @ http://localhost:3000/_next/static/chunks/node_modules_next_dist_115brz8._.js:2431
[ 5605507ms] [LOG] [Fast Refresh] rebuilding @ http://localhost:3000/_next/static/chunks/node_modules_next_dist_115brz8._.js:2431
[ 5605571ms] [LOG] [Fast Refresh] done in 166ms @ http://localhost:3000/_next/static/chunks/node_modules_next_dist_115brz8._.js:2431
[ 5605904ms] [LOG] [Fast Refresh] rebuilding @ http://localhost:3000/_next/static/chunks/node_modules_next_dist_115brz8._.js:2431
[ 5606244ms] [LOG] [Fast Refresh] done in 441ms @ http://localhost:3000/_next/static/chunks/node_modules_next_dist_115brz8._.js:2431
[ 5606382ms] [LOG] [Fast Refresh] rebuilding @ http://localhost:3000/_next/static/chunks/node_modules_next_dist_115brz8._.js:2431
[ 5606471ms] [LOG] [Fast Refresh] done in 198ms @ http://localhost:3000/_next/static/chunks/node_modules_next_dist_115brz8._.js:2431
[ 5606714ms] [LOG] [Fast Refresh] rebuilding @ http://localhost:3000/_next/static/chunks/node_modules_next_dist_115brz8._.js:2431
[ 5607567ms] [LOG] [Fast Refresh] done in 960ms @ http://localhost:3000/_next/static/chunks/node_modules_next_dist_115brz8._.js:2431
[ 5607633ms] [LOG] PortfolioPage holdings: 5 BTC,MSFT,ETH,SOL,BTC @ http://localhost:3000/_next/static/chunks/node_modules_next_dist_115brz8._.js:2431
[ 5607635ms] [LOG] PortfolioPage holdings: 5 BTC,MSFT,ETH,SOL,BTC @ http://localhost:3000/_next/static/chunks/node_modules_next_dist_115brz8._.js:2431
[ 5607642ms] [ERROR] Encountered two children with the same key, `%s`. Keys should be unique so that components maintain their identity across updates. Non-unique keys may cause children to be duplicated and/or omitted — the behavior is unsupported and could change in a future version. BTC @ http://localhost:3000/_next/static/chunks/node_modules_next_dist_115brz8._.js:3272
[ 5612758ms] [LOG] PortfolioPage holdings: 5 BTC,MSFT,ETH,SOL,BTC @ http://localhost:3000/_next/static/chunks/node_modules_next_dist_115brz8._.js:2431
[ 5612759ms] [LOG] PortfolioPage holdings: 5 BTC,MSFT,ETH,SOL,BTC @ http://localhost:3000/_next/static/chunks/node_modules_next_dist_115brz8._.js:2431
[ 5612765ms] [ERROR] Encountered two children with the same key, `%s`. Keys should be unique so that components maintain their identity across updates. Non-unique keys may cause children to be duplicated and/or omitted — the behavior is unsupported and could change in a future version. BTC @ http://localhost:3000/_next/static/chunks/node_modules_next_dist_115brz8._.js:3272
[ 5624517ms] [LOG] [Fast Refresh] rebuilding @ http://localhost:3000/_next/static/chunks/node_modules_next_dist_115brz8._.js:2431
[ 5624533ms] [LOG] [Fast Refresh] done in 130ms @ http://localhost:3000/_next/static/chunks/node_modules_next_dist_115brz8._.js:2431
[ 5626813ms] [LOG] [Fast Refresh] rebuilding @ http://localhost:3000/_next/static/chunks/node_modules_next_dist_115brz8._.js:2431
[ 5626828ms] [LOG] [Fast Refresh] done in 118ms @ http://localhost:3000/_next/static/chunks/node_modules_next_dist_115brz8._.js:2431
[ 5634304ms] [LOG] [Fast Refresh] rebuilding @ http://localhost:3000/_next/static/chunks/node_modules_next_dist_115brz8._.js:2431
[ 5634532ms] [LOG] PortfolioPage holdings: 5 BTC,MSFT,ETH,SOL,BTC @ http://localhost:3000/_next/static/chunks/node_modules_next_dist_115brz8._.js:2431
[ 5634534ms] [LOG] PortfolioPage holdings: 5 BTC,MSFT,ETH,SOL,BTC @ http://localhost:3000/_next/static/chunks/node_modules_next_dist_115brz8._.js:2431
[ 5634541ms] [ERROR] Encountered two children with the same key, `%s`. Keys should be unique so that components maintain their identity across updates. Non-unique keys may cause children to be duplicated and/or omitted — the behavior is unsupported and could change in a future version. BTC @ http://localhost:3000/_next/static/chunks/node_modules_next_dist_115brz8._.js:3272
[ 5634559ms] [LOG] PortfolioPage holdings: 5 BTC,MSFT,ETH,SOL,BTC @ http://localhost:3000/_next/static/chunks/node_modules_next_dist_115brz8._.js:2431
[ 5634561ms] [LOG] PortfolioPage holdings: 5 BTC,MSFT,ETH,SOL,BTC @ http://localhost:3000/_next/static/chunks/node_modules_next_dist_115brz8._.js:2431
[ 5634568ms] [ERROR] Encountered two children with the same key, `%s`. Keys should be unique so that components maintain their identity across updates. Non-unique keys may cause children to be duplicated and/or omitted — the behavior is unsupported and could change in a future version. BTC @ http://localhost:3000/_next/static/chunks/node_modules_next_dist_115brz8._.js:3272
[ 5634594ms] [LOG] PortfolioPage holdings: 5 BTC,MSFT,ETH,SOL,BTC @ http://localhost:3000/_next/static/chunks/node_modules_next_dist_115brz8._.js:2431
[ 5634595ms] [LOG] PortfolioPage holdings: 5 BTC,MSFT,ETH,SOL,BTC @ http://localhost:3000/_next/static/chunks/node_modules_next_dist_115brz8._.js:2431
[ 5634601ms] [ERROR] Encountered two children with the same key, `%s`. Keys should be unique so that components maintain their identity across updates. Non-unique keys may cause children to be duplicated and/or omitted — the behavior is unsupported and could change in a future version. BTC @ http://localhost:3000/_next/static/chunks/node_modules_next_dist_115brz8._.js:3272
[ 5635022ms] [LOG] [Fast Refresh] done in 832ms @ http://localhost:3000/_next/static/chunks/node_modules_next_dist_115brz8._.js:2431
[ 5635144ms] [LOG] [Fast Refresh] rebuilding @ http://localhost:3000/_next/static/chunks/node_modules_next_dist_115brz8._.js:2431
[ 5635162ms] [LOG] PortfolioPage holdings: 5 BTC,MSFT,ETH,SOL,BTC @ http://localhost:3000/_next/static/chunks/node_modules_next_dist_115brz8._.js:2431
[ 5635164ms] [LOG] PortfolioPage holdings: 5 BTC,MSFT,ETH,SOL,BTC @ http://localhost:3000/_next/static/chunks/node_modules_next_dist_115brz8._.js:2431
[ 5635170ms] [ERROR] Encountered two children with the same key, `%s`. Keys should be unique so that components maintain their identity across updates. Non-unique keys may cause children to be duplicated and/or omitted — the behavior is unsupported and could change in a future version. BTC @ http://localhost:3000/_next/static/chunks/node_modules_next_dist_115brz8._.js:3272
[ 5635387ms] [LOG] [Fast Refresh] done in 348ms @ http://localhost:3000/_next/static/chunks/node_modules_next_dist_115brz8._.js:2431
[ 5635419ms] [LOG] PortfolioPage holdings: 5 BTC,MSFT,ETH,SOL,BTC @ http://localhost:3000/_next/static/chunks/node_modules_next_dist_115brz8._.js:2431
[ 5635420ms] [LOG] PortfolioPage holdings: 5 BTC,MSFT,ETH,SOL,BTC @ http://localhost:3000/_next/static/chunks/node_modules_next_dist_115brz8._.js:2431
[ 5635426ms] [ERROR] Encountered two children with the same key, `%s`. Keys should be unique so that components maintain their identity across updates. Non-unique keys may cause children to be duplicated and/or omitted — the behavior is unsupported and could change in a future version. BTC @ http://localhost:3000/_next/static/chunks/node_modules_next_dist_115brz8._.js:3272
[ 5639696ms] [LOG] [Fast Refresh] rebuilding @ http://localhost:3000/_next/static/chunks/node_modules_next_dist_115brz8._.js:2431
[ 5639859ms] [LOG] [Fast Refresh] done in 222ms @ http://localhost:3000/_next/static/chunks/node_modules_next_dist_115brz8._.js:2431
[ 5646037ms] [LOG] [Fast Refresh] rebuilding @ http://localhost:3000/_next/static/chunks/node_modules_next_dist_115brz8._.js:2431
[ 5646098ms] [LOG] [Fast Refresh] done in 132ms @ http://localhost:3000/_next/static/chunks/node_modules_next_dist_115brz8._.js:2431
[ 5652580ms] [LOG] [Fast Refresh] rebuilding @ http://localhost:3000/_next/static/chunks/node_modules_next_dist_115brz8._.js:2431
[ 5655225ms] [LOG] [Fast Refresh] done in 2758ms @ http://localhost:3000/_next/static/chunks/node_modules_next_dist_115brz8._.js:2431
[ 5655341ms] [LOG] [Fast Refresh] rebuilding @ http://localhost:3000/_next/static/chunks/node_modules_next_dist_115brz8._.js:2431
[ 5655375ms] [LOG] [Fast Refresh] done in 140ms @ http://localhost:3000/_next/static/chunks/node_modules_next_dist_115brz8._.js:2431
[ 5655543ms] [LOG] [Fast Refresh] rebuilding @ http://localhost:3000/_next/static/chunks/node_modules_next_dist_115brz8._.js:2431
[ 5655571ms] [LOG] [Fast Refresh] done in 133ms @ http://localhost:3000/_next/static/chunks/node_modules_next_dist_115brz8._.js:2431
[ 5655679ms] [LOG] [Fast Refresh] rebuilding @ http://localhost:3000/_next/static/chunks/node_modules_next_dist_115brz8._.js:2431
[ 5655885ms] [LOG] [Fast Refresh] done in 313ms @ http://localhost:3000/_next/static/chunks/node_modules_next_dist_115brz8._.js:2431
[ 5655926ms] [LOG] PortfolioPage holdings: 5 BTC,MSFT,ETH,SOL,BTC @ http://localhost:3000/_next/static/chunks/node_modules_next_dist_115brz8._.js:2431
[ 5655927ms] [LOG] PortfolioPage holdings: 5 BTC,MSFT,ETH,SOL,BTC @ http://localhost:3000/_next/static/chunks/node_modules_next_dist_115brz8._.js:2431
[ 5655935ms] [ERROR] Encountered two children with the same key, `%s`. Keys should be unique so that components maintain their identity across updates. Non-unique keys may cause children to be duplicated and/or omitted — the behavior is unsupported and could change in a future version. BTC @ http://localhost:3000/_next/static/chunks/node_modules_next_dist_115brz8._.js:3272
[ 5656446ms] [LOG] [Fast Refresh] rebuilding @ http://localhost:3000/_next/static/chunks/node_modules_next_dist_115brz8._.js:2431
[ 5656610ms] [LOG] [Fast Refresh] done in 272ms @ http://localhost:3000/_next/static/chunks/node_modules_next_dist_115brz8._.js:2431
[ 5656726ms] [LOG] [Fast Refresh] rebuilding @ http://localhost:3000/_next/static/chunks/node_modules_next_dist_115brz8._.js:2431
[ 5656973ms] [LOG] [Fast Refresh] done in 360ms @ http://localhost:3000/_next/static/chunks/node_modules_next_dist_115brz8._.js:2431
[ 5657064ms] [LOG] PortfolioPage holdings: 5 BTC,MSFT,ETH,SOL,BTC @ http://localhost:3000/_next/static/chunks/node_modules_next_dist_115brz8._.js:2431
[ 5657065ms] [LOG] PortfolioPage holdings: 5 BTC,MSFT,ETH,SOL,BTC @ http://localhost:3000/_next/static/chunks/node_modules_next_dist_115brz8._.js:2431
[ 5657073ms] [ERROR] Encountered two children with the same key, `%s`. Keys should be unique so that components maintain their identity across updates. Non-unique keys may cause children to be duplicated and/or omitted — the behavior is unsupported and could change in a future version. BTC @ http://localhost:3000/_next/static/chunks/node_modules_next_dist_115brz8._.js:3272
[ 5657238ms] [LOG] [Fast Refresh] rebuilding @ http://localhost:3000/_next/static/chunks/node_modules_next_dist_115brz8._.js:2431
[ 5657874ms] [LOG] [Fast Refresh] done in 743ms @ http://localhost:3000/_next/static/chunks/node_modules_next_dist_115brz8._.js:2431
[ 5664306ms] [LOG] [Fast Refresh] rebuilding @ http://localhost:3000/_next/static/chunks/node_modules_next_dist_115brz8._.js:2431
[ 5664389ms] [LOG] [Fast Refresh] done in 177ms @ http://localhost:3000/_next/static/chunks/node_modules_next_dist_115brz8._.js:2431
[ 5664498ms] [LOG] [Fast Refresh] rebuilding @ http://localhost:3000/_next/static/chunks/node_modules_next_dist_115brz8._.js:2431
[ 5664806ms] [LOG] [Fast Refresh] done in 414ms @ http://localhost:3000/_next/static/chunks/node_modules_next_dist_115brz8._.js:2431
[ 5664844ms] [LOG] PortfolioPage holdings: 5 BTC,MSFT,ETH,SOL,BTC @ http://localhost:3000/_next/static/chunks/node_modules_next_dist_115brz8._.js:2431
[ 5664845ms] [LOG] PortfolioPage holdings: 5 BTC,MSFT,ETH,SOL,BTC @ http://localhost:3000/_next/static/chunks/node_modules_next_dist_115brz8._.js:2431
[ 5664864ms] [ERROR] Encountered two children with the same key, `%s`. Keys should be unique so that components maintain their identity across updates. Non-unique keys may cause children to be duplicated and/or omitted — the behavior is unsupported and could change in a future version. BTC @ http://localhost:3000/_next/static/chunks/node_modules_next_dist_115brz8._.js:3272
[ 5664999ms] [LOG] [Fast Refresh] rebuilding @ http://localhost:3000/_next/static/chunks/node_modules_next_dist_115brz8._.js:2431
[ 5665002ms] [LOG] [Fast Refresh] done in 110ms @ http://localhost:3000/_next/static/chunks/node_modules_next_dist_115brz8._.js:2431
[ 5666679ms] [LOG] [Fast Refresh] rebuilding @ http://localhost:3000/_next/static/chunks/node_modules_next_dist_115brz8._.js:2431
[ 5666750ms] [LOG] [Fast Refresh] done in 169ms @ http://localhost:3000/_next/static/chunks/node_modules_next_dist_115brz8._.js:2431
[ 5666854ms] [LOG] [Fast Refresh] rebuilding @ http://localhost:3000/_next/static/chunks/node_modules_next_dist_115brz8._.js:2431
[ 5667189ms] [LOG] [Fast Refresh] done in 435ms @ http://localhost:3000/_next/static/chunks/node_modules_next_dist_115brz8._.js:2431
[ 5667237ms] [LOG] PortfolioPage holdings: 5 BTC,MSFT,ETH,SOL,BTC @ http://localhost:3000/_next/static/chunks/node_modules_next_dist_115brz8._.js:2431
[ 5667239ms] [LOG] PortfolioPage holdings: 5 BTC,MSFT,ETH,SOL,BTC @ http://localhost:3000/_next/static/chunks/node_modules_next_dist_115brz8._.js:2431
[ 5667249ms] [ERROR] Encountered two children with the same key, `%s`. Keys should be unique so that components maintain their identity across updates. Non-unique keys may cause children to be duplicated and/or omitted — the behavior is unsupported and could change in a future version. BTC @ http://localhost:3000/_next/static/chunks/node_modules_next_dist_115brz8._.js:3272
[ 5672164ms] [LOG] [Fast Refresh] rebuilding @ http://localhost:3000/_next/static/chunks/node_modules_next_dist_115brz8._.js:2431
[ 5672242ms] [LOG] [Fast Refresh] done in 176ms @ http://localhost:3000/_next/static/chunks/node_modules_next_dist_115brz8._.js:2431
[ 5672346ms] [LOG] [Fast Refresh] rebuilding @ http://localhost:3000/_next/static/chunks/node_modules_next_dist_115brz8._.js:2431
[ 5672555ms] [LOG] [Fast Refresh] done in 311ms @ http://localhost:3000/_next/static/chunks/node_modules_next_dist_115brz8._.js:2431
[ 5672583ms] [LOG] PortfolioPage holdings: 5 BTC,MSFT,ETH,SOL,BTC @ http://localhost:3000/_next/static/chunks/node_modules_next_dist_115brz8._.js:2431
[ 5672584ms] [LOG] PortfolioPage holdings: 5 BTC,MSFT,ETH,SOL,BTC @ http://localhost:3000/_next/static/chunks/node_modules_next_dist_115brz8._.js:2431
[ 5672591ms] [ERROR] Encountered two children with the same key, `%s`. Keys should be unique so that components maintain their identity across updates. Non-unique keys may cause children to be duplicated and/or omitted — the behavior is unsupported and could change in a future version. BTC @ http://localhost:3000/_next/static/chunks/node_modules_next_dist_115brz8._.js:3272
[ 5676778ms] [LOG] [Fast Refresh] rebuilding @ http://localhost:3000/_next/static/chunks/node_modules_next_dist_115brz8._.js:2431
[ 5676846ms] [LOG] [Fast Refresh] done in 174ms @ http://localhost:3000/_next/static/chunks/node_modules_next_dist_115brz8._.js:2431
[ 5676960ms] [LOG] [Fast Refresh] rebuilding @ http://localhost:3000/_next/static/chunks/node_modules_next_dist_115brz8._.js:2431
[ 5677126ms] [LOG] [Fast Refresh] done in 279ms @ http://localhost:3000/_next/static/chunks/node_modules_next_dist_115brz8._.js:2431
[ 5677146ms] [LOG] PortfolioPage holdings: 5 BTC,MSFT,ETH,SOL,BTC @ http://localhost:3000/_next/static/chunks/node_modules_next_dist_115brz8._.js:2431
[ 5677148ms] [LOG] PortfolioPage holdings: 5 BTC,MSFT,ETH,SOL,BTC @ http://localhost:3000/_next/static/chunks/node_modules_next_dist_115brz8._.js:2431
[ 5677172ms] [ERROR] Encountered two children with the same key, `%s`. Keys should be unique so that components maintain their identity across updates. Non-unique keys may cause children to be duplicated and/or omitted — the behavior is unsupported and could change in a future version. BTC @ http://localhost:3000/_next/static/chunks/node_modules_next_dist_115brz8._.js:3272
[ 5684380ms] [LOG] [Fast Refresh] rebuilding @ http://localhost:3000/_next/static/chunks/node_modules_next_dist_115brz8._.js:2431
[ 5684442ms] [LOG] PortfolioPage holdings: 5 BTC,MSFT,ETH,SOL,BTC @ http://localhost:3000/_next/static/chunks/node_modules_next_dist_115brz8._.js:2431
[ 5684446ms] [LOG] PortfolioPage holdings: 5 BTC,MSFT,ETH,SOL,BTC @ http://localhost:3000/_next/static/chunks/node_modules_next_dist_115brz8._.js:2431
[ 5684467ms] [ERROR] Encountered two children with the same key, `%s`. Keys should be unique so that components maintain their identity across updates. Non-unique keys may cause children to be duplicated and/or omitted — the behavior is unsupported and could change in a future version. BTC @ http://localhost:3000/_next/static/chunks/node_modules_next_dist_115brz8._.js:3272
[ 5684501ms] [LOG] PortfolioPage holdings: 5 BTC,MSFT,ETH,SOL,BTC @ http://localhost:3000/_next/static/chunks/node_modules_next_dist_115brz8._.js:2431
[ 5684503ms] [LOG] PortfolioPage holdings: 5 BTC,MSFT,ETH,SOL,BTC @ http://localhost:3000/_next/static/chunks/node_modules_next_dist_115brz8._.js:2431
[ 5684515ms] [ERROR] Encountered two children with the same key, `%s`. Keys should be unique so that components maintain their identity across updates. Non-unique keys may cause children to be duplicated and/or omitted — the behavior is unsupported and could change in a future version. BTC @ http://localhost:3000/_next/static/chunks/node_modules_next_dist_115brz8._.js:3272
[ 5684534ms] [LOG] [Fast Refresh] done in 172ms @ http://localhost:3000/_next/static/chunks/node_modules_next_dist_115brz8._.js:2431
[ 5684564ms] [LOG] PortfolioPage holdings: 5 BTC,MSFT,ETH,SOL,BTC @ http://localhost:3000/_next/static/chunks/node_modules_next_dist_115brz8._.js:2431
[ 5684566ms] [LOG] PortfolioPage holdings: 5 BTC,MSFT,ETH,SOL,BTC @ http://localhost:3000/_next/static/chunks/node_modules_next_dist_115brz8._.js:2431
[ 5684576ms] [ERROR] Encountered two children with the same key, `%s`. Keys should be unique so that components maintain their identity across updates. Non-unique keys may cause children to be duplicated and/or omitted — the behavior is unsupported and could change in a future version. BTC @ http://localhost:3000/_next/static/chunks/node_modules_next_dist_115brz8._.js:3272
[ 5684649ms] [LOG] [Fast Refresh] rebuilding @ http://localhost:3000/_next/static/chunks/node_modules_next_dist_115brz8._.js:2431
[ 5685617ms] [LOG] [Fast Refresh] done in 1075ms @ http://localhost:3000/_next/static/chunks/node_modules_next_dist_115brz8._.js:2431
[ 5685742ms] [LOG] [Fast Refresh] rebuilding @ http://localhost:3000/_next/static/chunks/node_modules_next_dist_115brz8._.js:2431
[ 5685743ms] [LOG] PortfolioPage holdings: 5 BTC,MSFT,ETH,SOL,BTC @ http://localhost:3000/_next/static/chunks/node_modules_next_dist_115brz8._.js:2431
[ 5685745ms] [LOG] PortfolioPage holdings: 5 BTC,MSFT,ETH,SOL,BTC @ http://localhost:3000/_next/static/chunks/node_modules_next_dist_115brz8._.js:2431
[ 5685751ms] [ERROR] Encountered two children with the same key, `%s`. Keys should be unique so that components maintain their identity across updates. Non-unique keys may cause children to be duplicated and/or omitted — the behavior is unsupported and could change in a future version. BTC @ http://localhost:3000/_next/static/chunks/node_modules_next_dist_115brz8._.js:3272
[ 5685783ms] [LOG] [Fast Refresh] done in 147ms @ http://localhost:3000/_next/static/chunks/node_modules_next_dist_115brz8._.js:2431
[ 5685799ms] [LOG] PortfolioPage holdings: 5 BTC,MSFT,ETH,SOL,BTC @ http://localhost:3000/_next/static/chunks/node_modules_next_dist_115brz8._.js:2431
[ 5685800ms] [LOG] PortfolioPage holdings: 5 BTC,MSFT,ETH,SOL,BTC @ http://localhost:3000/_next/static/chunks/node_modules_next_dist_115brz8._.js:2431
[ 5685805ms] [ERROR] Encountered two children with the same key, `%s`. Keys should be unique so that components maintain their identity across updates. Non-unique keys may cause children to be duplicated and/or omitted — the behavior is unsupported and could change in a future version. BTC @ http://localhost:3000/_next/static/chunks/node_modules_next_dist_115brz8._.js:3272
[ 5688086ms] [LOG] [Fast Refresh] rebuilding @ http://localhost:3000/_next/static/chunks/node_modules_next_dist_115brz8._.js:2431
[ 5688475ms] [LOG] PortfolioPage holdings: 5 BTC,MSFT,ETH,SOL,BTC @ http://localhost:3000/_next/static/chunks/node_modules_next_dist_115brz8._.js:2431
[ 5688481ms] [LOG] PortfolioPage holdings: 5 BTC,MSFT,ETH,SOL,BTC @ http://localhost:3000/_next/static/chunks/node_modules_next_dist_115brz8._.js:2431
[ 5688489ms] [LOG] PortfolioPage holdings: 5 BTC,MSFT,ETH,SOL,BTC @ http://localhost:3000/_next/static/chunks/node_modules_next_dist_115brz8._.js:2431
[ 5688491ms] [LOG] PortfolioPage holdings: 5 BTC,MSFT,ETH,SOL,BTC @ http://localhost:3000/_next/static/chunks/node_modules_next_dist_115brz8._.js:2431
[ 5688555ms] [LOG] [Fast Refresh] done in 488ms @ http://localhost:3000/_next/static/chunks/node_modules_next_dist_115brz8._.js:2431
[ 5688663ms] [LOG] PortfolioPage holdings: 5 BTC,MSFT,ETH,SOL,BTC @ http://localhost:3000/_next/static/chunks/node_modules_next_dist_115brz8._.js:2431
[ 5688665ms] [LOG] PortfolioPage holdings: 5 BTC,MSFT,ETH,SOL,BTC @ http://localhost:3000/_next/static/chunks/node_modules_next_dist_115brz8._.js:2431
[ 5688761ms] [LOG] [Fast Refresh] rebuilding @ http://localhost:3000/_next/static/chunks/node_modules_next_dist_115brz8._.js:2431
[ 5688792ms] [LOG] [Fast Refresh] done in 138ms @ http://localhost:3000/_next/static/chunks/node_modules_next_dist_115brz8._.js:2431
[ 5689010ms] [LOG] [Fast Refresh] rebuilding @ http://localhost:3000/_next/static/chunks/node_modules_next_dist_115brz8._.js:2431
[ 5689229ms] [LOG] PortfolioPage holdings: 5 BTC,MSFT,ETH,SOL,BTC @ http://localhost:3000/_next/static/chunks/node_modules_next_dist_115brz8._.js:2431
[ 5689229ms] [LOG] PortfolioPage holdings: 5 BTC,MSFT,ETH,SOL,BTC @ http://localhost:3000/_next/static/chunks/node_modules_next_dist_115brz8._.js:2431
[ 5695120ms] [LOG] PortfolioPage holdings: 5 BTC,MSFT,ETH,SOL,BTC @ http://localhost:3000/_next/static/chunks/node_modules_next_dist_115brz8._.js:2431
[ 5695123ms] [LOG] PortfolioPage holdings: 5 BTC,MSFT,ETH,SOL,BTC @ http://localhost:3000/_next/static/chunks/node_modules_next_dist_115brz8._.js:2431
[ 5695160ms] [LOG] PortfolioPage holdings: 5 BTC,MSFT,ETH,SOL,BTC @ http://localhost:3000/_next/static/chunks/node_modules_next_dist_115brz8._.js:2431
[ 5695162ms] [LOG] PortfolioPage holdings: 5 BTC,MSFT,ETH,SOL,BTC @ http://localhost:3000/_next/static/chunks/node_modules_next_dist_115brz8._.js:2431
[ 5695203ms] [LOG] PortfolioPage holdings: 5 BTC,MSFT,ETH,SOL,BTC @ http://localhost:3000/_next/static/chunks/node_modules_next_dist_115brz8._.js:2431
[ 5695204ms] [LOG] PortfolioPage holdings: 5 BTC,MSFT,ETH,SOL,BTC @ http://localhost:3000/_next/static/chunks/node_modules_next_dist_115brz8._.js:2431
[ 5696097ms] [LOG] PortfolioPage holdings: 5 BTC,MSFT,ETH,SOL,BTC @ http://localhost:3000/_next/static/chunks/node_modules_next_dist_115brz8._.js:2431
[ 5696098ms] [LOG] PortfolioPage holdings: 5 BTC,MSFT,ETH,SOL,BTC @ http://localhost:3000/_next/static/chunks/node_modules_next_dist_115brz8._.js:2431
[ 5707669ms] [LOG] [Fast Refresh] done in 6211ms @ http://localhost:3000/_next/static/chunks/node_modules_next_dist_115brz8._.js:2431
[ 5707850ms] [LOG] PortfolioPage holdings: 5 BTC,MSFT,ETH,SOL,BTC @ http://localhost:3000/_next/static/chunks/node_modules_next_dist_115brz8._.js:2431
[ 5707851ms] [LOG] PortfolioPage holdings: 5 BTC,MSFT,ETH,SOL,BTC @ http://localhost:3000/_next/static/chunks/node_modules_next_dist_115brz8._.js:2431
[ 5725217ms] [LOG] PortfolioPage holdings: 5 BTC,MSFT,ETH,SOL,BTC @ http://localhost:3000/_next/static/chunks/node_modules_next_dist_115brz8._.js:2431
[ 5725218ms] [LOG] PortfolioPage holdings: 5 BTC,MSFT,ETH,SOL,BTC @ http://localhost:3000/_next/static/chunks/node_modules_next_dist_115brz8._.js:2431
[ 5725469ms] [LOG] [Fast Refresh] rebuilding @ http://localhost:3000/_next/static/chunks/node_modules_next_dist_115brz8._.js:2431
[ 5726563ms] [LOG] [Fast Refresh] done in 1197ms @ http://localhost:3000/_next/static/chunks/node_modules_next_dist_115brz8._.js:2431
[ 5749702ms] [LOG] [Fast Refresh] rebuilding @ http://localhost:3000/_next/static/chunks/node_modules_next_dist_115brz8._.js:2431
[ 5749861ms] [LOG] [Fast Refresh] done in 263ms @ http://localhost:3000/_next/static/chunks/node_modules_next_dist_115brz8._.js:2431
[ 5749974ms] [LOG] [Fast Refresh] rebuilding @ http://localhost:3000/_next/static/chunks/node_modules_next_dist_115brz8._.js:2431
[ 5750312ms] [LOG] [Fast Refresh] done in 447ms @ http://localhost:3000/_next/static/chunks/node_modules_next_dist_115brz8._.js:2431
[ 5750416ms] [LOG] PortfolioPage holdings: 5 BTC,MSFT,ETH,SOL,BTC @ http://localhost:3000/_next/static/chunks/node_modules_next_dist_115brz8._.js:2431
[ 5750417ms] [LOG] PortfolioPage holdings: 5 BTC,MSFT,ETH,SOL,BTC @ http://localhost:3000/_next/static/chunks/node_modules_next_dist_115brz8._.js:2431
[ 5754273ms] [LOG] [Fast Refresh] rebuilding @ http://localhost:3000/_next/static/chunks/node_modules_next_dist_115brz8._.js:2431
[ 5754638ms] [ERROR] ./components/dashboard/KoreanStockWatchlist.tsx:22:24
Expected ident
  20 |
  21 |   const stockMap = new Map((data?.data || []).map((q) => [q.symbol, q]));
> 22 |   const stocks: typeof (data extends undefined ? [] : data['data']) = POPULAR_STOCKS
     |                        ^
  23 |     .map((s) => stockMap.get(s.symbol))
  24 |     .filter((s): s is Exclude<typeof s, undefined> => s !== undefined);
  25 |

Parsing ecmascript source code failed

Import trace:
  Server Component:
    ./components/dashboard/KoreanStockWatchlist.tsx
    ./app/(main)/dashboard/page.tsx @ http://localhost:3000/_next/static/chunks/node_modules_next_dist_115brz8._.js:3272
[ 5754771ms] [ERROR] ./components/dashboard/KoreanStockWatchlist.tsx:22:24
Expected ident
  20 |
  21 |   const stockMap = new Map((data?.data || []).map((q) => [q.symbol, q]));
> 22 |   const stocks: typeof (data extends undefined ? [] : data['data']) = POPULAR_STOCKS
     |                        ^
  23 |     .map((s) => stockMap.get(s.symbol))
  24 |     .filter((s): s is Exclude<typeof s, undefined> => s !== undefined);
  25 |

Parsing ecmascript source code failed

Import trace:
  Server Component:
    ./components/dashboard/KoreanStockWatchlist.tsx
    ./app/(main)/dashboard/page.tsx @ http://localhost:3000/_next/static/chunks/node_modules_next_dist_115brz8._.js:3272
[ 5754874ms] [LOG] [Fast Refresh] rebuilding @ http://localhost:3000/_next/static/chunks/node_modules_next_dist_115brz8._.js:2431
[ 5755055ms] [ERROR] ./components/dashboard/KoreanStockWatchlist.tsx:22:24
Expected ident
  20 |
  21 |   const stockMap = new Map((data?.data || []).map((q) => [q.symbol, q]));
> 22 |   const stocks: typeof (data extends undefined ? [] : data['data']) = POPULAR_STOCKS
     |                        ^
  23 |     .map((s) => stockMap.get(s.symbol))
  24 |     .filter((s): s is Exclude<typeof s, undefined> => s !== undefined);
  25 |

Parsing ecmascript source code failed

Import trace:
  Server Component:
    ./components/dashboard/KoreanStockWatchlist.tsx
    ./app/(main)/dashboard/page.tsx @ http://localhost:3000/_next/static/chunks/node_modules_next_dist_115brz8._.js:3272
[ 5755056ms] [ERROR] ./components/dashboard/KoreanStockWatchlist.tsx:22:24
Expected ident
  20 |
  21 |   const stockMap = new Map((data?.data || []).map((q) => [q.symbol, q]));
> 22 |   const stocks: typeof (data extends undefined ? [] : data['data']) = POPULAR_STOCKS
     |                        ^
  23 |     .map((s) => stockMap.get(s.symbol))
  24 |     .filter((s): s is Exclude<typeof s, undefined> => s !== undefined);
  25 |

Parsing ecmascript source code failed

Import trace:
  Server Component:
    ./components/dashboard/KoreanStockWatchlist.tsx
    ./app/(main)/dashboard/page.tsx @ http://localhost:3000/_next/static/chunks/node_modules_next_dist_115brz8._.js:3272
[ 5755059ms] [ERROR] ./components/dashboard/KoreanStockWatchlist.tsx:22:24
Expected ident
  20 |
  21 |   const stockMap = new Map((data?.data || []).map((q) => [q.symbol, q]));
> 22 |   const stocks: typeof (data extends undefined ? [] : data['data']) = POPULAR_STOCKS
     |                        ^
  23 |     .map((s) => stockMap.get(s.symbol))
  24 |     .filter((s): s is Exclude<typeof s, undefined> => s !== undefined);
  25 |

Parsing ecmascript source code failed

Import trace:
  Server Component:
    ./components/dashboard/KoreanStockWatchlist.tsx
    ./app/(main)/dashboard/page.tsx @ http://localhost:3000/_next/static/chunks/node_modules_next_dist_115brz8._.js:3272
[ 5755174ms] [LOG] [Fast Refresh] rebuilding @ http://localhost:3000/_next/static/chunks/node_modules_next_dist_115brz8._.js:2431
[ 5755176ms] [ERROR] ./components/dashboard/KoreanStockWatchlist.tsx:22:24
Expected ident
  20 |
  21 |   const stockMap = new Map((data?.data || []).map((q) => [q.symbol, q]));
> 22 |   const stocks: typeof (data extends undefined ? [] : data['data']) = POPULAR_STOCKS
     |                        ^
  23 |     .map((s) => stockMap.get(s.symbol))
  24 |     .filter((s): s is Exclude<typeof s, undefined> => s !== undefined);
  25 |

Parsing ecmascript source code failed

Import trace:
  Server Component:
    ./components/dashboard/KoreanStockWatchlist.tsx
    ./app/(main)/dashboard/page.tsx @ http://localhost:3000/_next/static/chunks/node_modules_next_dist_115brz8._.js:3272
[ 5755211ms] [LOG] PortfolioPage holdings: 5 BTC,MSFT,ETH,SOL,BTC @ http://localhost:3000/_next/static/chunks/node_modules_next_dist_115brz8._.js:2431
[ 5755213ms] [LOG] PortfolioPage holdings: 5 BTC,MSFT,ETH,SOL,BTC @ http://localhost:3000/_next/static/chunks/node_modules_next_dist_115brz8._.js:2431
[ 5755261ms] [LOG] PortfolioPage holdings: 5 BTC,MSFT,ETH,SOL,BTC @ http://localhost:3000/_next/static/chunks/node_modules_next_dist_115brz8._.js:2431
[ 5755263ms] [LOG] PortfolioPage holdings: 5 BTC,MSFT,ETH,SOL,BTC @ http://localhost:3000/_next/static/chunks/node_modules_next_dist_115brz8._.js:2431
[ 5755355ms] [LOG] [Fast Refresh] rebuilding @ http://localhost:3000/_next/static/chunks/node_modules_next_dist_115brz8._.js:2431
[ 5755486ms] [ERROR] ./components/dashboard/KoreanStockWatchlist.tsx:22:24
Expected ident
  20 |
  21 |   const stockMap = new Map((data?.data || []).map((q) => [q.symbol, q]));
> 22 |   const stocks: typeof (data extends undefined ? [] : data['data']) = POPULAR_STOCKS
     |                        ^
  23 |     .map((s) => stockMap.get(s.symbol))
  24 |     .filter((s): s is Exclude<typeof s, undefined> => s !== undefined);
  25 |

Parsing ecmascript source code failed

Import trace:
  Server Component:
    ./components/dashboard/KoreanStockWatchlist.tsx
    ./app/(main)/dashboard/page.tsx @ http://localhost:3000/_next/static/chunks/node_modules_next_dist_115brz8._.js:3272
[ 5755486ms] [ERROR] Failed to load resource: the server responded with a status of 500 (Internal Server Error) @ http://localhost:3000/portfolio?_rsc=5c607:0
[ 5755500ms] [ERROR] ./components/dashboard/KoreanStockWatchlist.tsx:22:24
Expected ident
  20 |
  21 |   const stockMap = new Map((data?.data || []).map((q) => [q.symbol, q]));
> 22 |   const stocks: typeof (data extends undefined ? [] : data['data']) = POPULAR_STOCKS
     |                        ^
  23 |     .map((s) => stockMap.get(s.symbol))
  24 |     .filter((s): s is Exclude<typeof s, undefined> => s !== undefined);
  25 |

Parsing ecmascript source code failed

Import trace:
  Server Component:
    ./components/dashboard/KoreanStockWatchlist.tsx
    ./app/(main)/dashboard/page.tsx @ http://localhost:3000/_next/static/chunks/node_modules_next_dist_115brz8._.js:3272
[ 5755502ms] [ERROR] ./components/dashboard/KoreanStockWatchlist.tsx:22:24
Expected ident
  20 |
  21 |   const stockMap = new Map((data?.data || []).map((q) => [q.symbol, q]));
> 22 |   const stocks: typeof (data extends undefined ? [] : data['data']) = POPULAR_STOCKS
     |                        ^
  23 |     .map((s) => stockMap.get(s.symbol))
  24 |     .filter((s): s is Exclude<typeof s, undefined> => s !== undefined);
  25 |

Parsing ecmascript source code failed

Import trace:
  Server Component:
    ./components/dashboard/KoreanStockWatchlist.tsx
    ./app/(main)/dashboard/page.tsx @ http://localhost:3000/_next/static/chunks/node_modules_next_dist_115brz8._.js:3272
[ 5755549ms] [ERROR] Failed to load resource: the server responded with a status of 500 (Internal Server Error) @ http://localhost:3000/api/crypto/prices?ids=bitcoin,ethereum,solana,bitcoin:0
[ 5755583ms] [ERROR] Failed to load resource: the server responded with a status of 500 (Internal Server Error) @ http://localhost:3000/api/stocks/quotes?symbols=MSFT:0
[ 5755584ms] [ERROR] Failed to load resource: the server responded with a status of 500 (Internal Server Error) @ http://localhost:3000/portfolio?_rsc=5c607:0
[ 5755603ms] [LOG] [Fast Refresh] rebuilding @ http://localhost:3000/_next/static/chunks/node_modules_next_dist_115brz8._.js:2431
[ 5755672ms] [ERROR] Failed to load resource: the server responded with a status of 500 (Internal Server Error) @ http://localhost:3000/portfolio:0
[ 5755880ms] [INFO] %cDownload the React DevTools for a better development experience: https://react.dev/link/react-devtools font-weight:bold @ http://localhost:3000/_next/static/chunks/node_modules_react-dom_0bruynb._.js:15305
[ 5755993ms] Error: ./components/dashboard/KoreanStockWatchlist.tsx:22:24
Expected ident
  20 |
  21 |   const stockMap = new Map((data?.data || []).map((q) => [q.symbol, q]));
> 22 |   const stocks: typeof (data extends undefined ? [] : data['data']) = POPULAR_STOCKS
     |                        ^
  23 |     .map((s) => stockMap.get(s.symbol))
  24 |     .filter((s): s is Exclude<typeof s, undefined> => s !== undefined);
  25 |

Parsing ecmascript source code failed

Import trace:
  Server Component:
    ./components/dashboard/KoreanStockWatchlist.tsx
    ./app/(main)/dashboard/page.tsx


    at <unknown> (Error: ./components/dashboard/KoreanStockWatchlist.tsx:22:24)
    at Object.getCompilationErrors (file://C:\Users\user\workspaces\courses\moneytoring-web\node_modules\next\dist\server\dev\hot-reloader-turbopack.js:1186:59)
    at DevBundlerService.getCompilationError (file://C:\Users\user\workspaces\courses\moneytoring-web\node_modules\next\dist\server\lib\dev-bundler-service.js:44:55)
    at DevServer.getCompilationError (file://C:\Users\user\workspaces\courses\moneytoring-web\node_modules\next\dist\server\dev\next-dev-server.js:719:42)
    at DevServer.findPageComponents (file://C:\Users\user\workspaces\courses\moneytoring-web\node_modules\next\dist\server\dev\next-dev-server.js:689:43)
    at async DevServer.renderErrorToResponseImpl (file://C:\Users\user\workspaces\courses\moneytoring-web\node_modules\next\dist\server\base-server.js:1745:26)
[ 5755988ms] [LOG] [HMR] connected @ http://localhost:3000/_next/static/chunks/node_modules_next_dist_0u_w_5s._.js:1226
[ 5755994ms] [ERROR] ./components/dashboard/KoreanStockWatchlist.tsx:22:24
Expected ident
  20 |
  21 |   const stockMap = new Map((data?.data || []).map((q) => [q.symbol, q]));
> 22 |   const stocks: typeof (data extends undefined ? [] : data['data']) = POPULAR_STOCKS
     |                        ^
  23 |     .map((s) => stockMap.get(s.symbol))
  24 |     .filter((s): s is Exclude<typeof s, undefined> => s !== undefined);
  25 |

Parsing ecmascript source code failed

Import trace:
  Server Component:
    ./components/dashboard/KoreanStockWatchlist.tsx
    ./app/(main)/dashboard/page.tsx @ http://localhost:3000/_next/static/chunks/node_modules_next_dist_0u_w_5s._.js:1945
[ 5756130ms] [ERROR] ./components/dashboard/KoreanStockWatchlist.tsx:22:24
Expected ident
  20 |
  21 |   const stockMap = new Map((data?.data || []).map((q) => [q.symbol, q]));
> 22 |   const stocks: typeof (data extends undefined ? [] : data['data']) = POPULAR_STOCKS
     |                        ^
  23 |     .map((s) => stockMap.get(s.symbol))
  24 |     .filter((s): s is Exclude<typeof s, undefined> => s !== undefined);
  25 |

Parsing ecmascript source code failed

Import trace:
  Server Component:
    ./components/dashboard/KoreanStockWatchlist.tsx
    ./app/(main)/dashboard/page.tsx @ http://localhost:3000/_next/static/chunks/node_modules_next_dist_0u_w_5s._.js:1945
[ 5756187ms] [ERROR] ./components/dashboard/KoreanStockWatchlist.tsx:22:24
Expected ident
  20 |
  21 |   const stockMap = new Map((data?.data || []).map((q) => [q.symbol, q]));
> 22 |   const stocks: typeof (data extends undefined ? [] : data['data']) = POPULAR_STOCKS
     |                        ^
  23 |     .map((s) => stockMap.get(s.symbol))
  24 |     .filter((s): s is Exclude<typeof s, undefined> => s !== undefined);
  25 |

Parsing ecmascript source code failed

Import trace:
  Server Component:
    ./components/dashboard/KoreanStockWatchlist.tsx
    ./app/(main)/dashboard/page.tsx @ http://localhost:3000/_next/static/chunks/node_modules_next_dist_0u_w_5s._.js:1945
[ 5756248ms] [ERROR] ./components/dashboard/KoreanStockWatchlist.tsx:22:24
Expected ident
  20 |
  21 |   const stockMap = new Map((data?.data || []).map((q) => [q.symbol, q]));
> 22 |   const stocks: typeof (data extends undefined ? [] : data['data']) = POPULAR_STOCKS
     |                        ^
  23 |     .map((s) => stockMap.get(s.symbol))
  24 |     .filter((s): s is Exclude<typeof s, undefined> => s !== undefined);
  25 |

Parsing ecmascript source code failed

Import trace:
  Server Component:
    ./components/dashboard/KoreanStockWatchlist.tsx
    ./app/(main)/dashboard/page.tsx @ http://localhost:3000/_next/static/chunks/node_modules_next_dist_0u_w_5s._.js:1945
[ 5756311ms] [ERROR] ./components/dashboard/KoreanStockWatchlist.tsx:22:24
Expected ident
  20 |
  21 |   const stockMap = new Map((data?.data || []).map((q) => [q.symbol, q]));
> 22 |   const stocks: typeof (data extends undefined ? [] : data['data']) = POPULAR_STOCKS
     |                        ^
  23 |     .map((s) => stockMap.get(s.symbol))
  24 |     .filter((s): s is Exclude<typeof s, undefined> => s !== undefined);
  25 |

Parsing ecmascript source code failed

Import trace:
  Server Component:
    ./components/dashboard/KoreanStockWatchlist.tsx
    ./app/(main)/dashboard/page.tsx @ http://localhost:3000/_next/static/chunks/node_modules_next_dist_0u_w_5s._.js:1945
[ 5756371ms] [ERROR] ./components/dashboard/KoreanStockWatchlist.tsx:22:24
Expected ident
  20 |
  21 |   const stockMap = new Map((data?.data || []).map((q) => [q.symbol, q]));
> 22 |   const stocks: typeof (data extends undefined ? [] : data['data']) = POPULAR_STOCKS
     |                        ^
  23 |     .map((s) => stockMap.get(s.symbol))
  24 |     .filter((s): s is Exclude<typeof s, undefined> => s !== undefined);
  25 |

Parsing ecmascript source code failed

Import trace:
  Server Component:
    ./components/dashboard/KoreanStockWatchlist.tsx
    ./app/(main)/dashboard/page.tsx @ http://localhost:3000/_next/static/chunks/node_modules_next_dist_0u_w_5s._.js:1945
[ 5756430ms] [ERROR] ./components/dashboard/KoreanStockWatchlist.tsx:22:24
Expected ident
  20 |
  21 |   const stockMap = new Map((data?.data || []).map((q) => [q.symbol, q]));
> 22 |   const stocks: typeof (data extends undefined ? [] : data['data']) = POPULAR_STOCKS
     |                        ^
  23 |     .map((s) => stockMap.get(s.symbol))
  24 |     .filter((s): s is Exclude<typeof s, undefined> => s !== undefined);
  25 |

Parsing ecmascript source code failed

Import trace:
  Server Component:
    ./components/dashboard/KoreanStockWatchlist.tsx
    ./app/(main)/dashboard/page.tsx @ http://localhost:3000/_next/static/chunks/node_modules_next_dist_0u_w_5s._.js:1945
[ 5756491ms] [ERROR] ./components/dashboard/KoreanStockWatchlist.tsx:22:24
Expected ident
  20 |
  21 |   const stockMap = new Map((data?.data || []).map((q) => [q.symbol, q]));
> 22 |   const stocks: typeof (data extends undefined ? [] : data['data']) = POPULAR_STOCKS
     |                        ^
  23 |     .map((s) => stockMap.get(s.symbol))
  24 |     .filter((s): s is Exclude<typeof s, undefined> => s !== undefined);
  25 |

Parsing ecmascript source code failed

Import trace:
  Server Component:
    ./components/dashboard/KoreanStockWatchlist.tsx
    ./app/(main)/dashboard/page.tsx @ http://localhost:3000/_next/static/chunks/node_modules_next_dist_0u_w_5s._.js:1945
[ 5756551ms] [ERROR] ./components/dashboard/KoreanStockWatchlist.tsx:22:24
Expected ident
  20 |
  21 |   const stockMap = new Map((data?.data || []).map((q) => [q.symbol, q]));
> 22 |   const stocks: typeof (data extends undefined ? [] : data['data']) = POPULAR_STOCKS
     |                        ^
  23 |     .map((s) => stockMap.get(s.symbol))
  24 |     .filter((s): s is Exclude<typeof s, undefined> => s !== undefined);
  25 |

Parsing ecmascript source code failed

Import trace:
  Server Component:
    ./components/dashboard/KoreanStockWatchlist.tsx
    ./app/(main)/dashboard/page.tsx @ http://localhost:3000/_next/static/chunks/node_modules_next_dist_0u_w_5s._.js:1945
[ 5756611ms] [ERROR] ./components/dashboard/KoreanStockWatchlist.tsx:22:24
Expected ident
  20 |
  21 |   const stockMap = new Map((data?.data || []).map((q) => [q.symbol, q]));
> 22 |   const stocks: typeof (data extends undefined ? [] : data['data']) = POPULAR_STOCKS
     |                        ^
  23 |     .map((s) => stockMap.get(s.symbol))
  24 |     .filter((s): s is Exclude<typeof s, undefined> => s !== undefined);
  25 |

Parsing ecmascript source code failed

Import trace:
  Server Component:
    ./components/dashboard/KoreanStockWatchlist.tsx
    ./app/(main)/dashboard/page.tsx @ http://localhost:3000/_next/static/chunks/node_modules_next_dist_0u_w_5s._.js:1945
[ 5756671ms] [ERROR] ./components/dashboard/KoreanStockWatchlist.tsx:22:24
Expected ident
  20 |
  21 |   const stockMap = new Map((data?.data || []).map((q) => [q.symbol, q]));
> 22 |   const stocks: typeof (data extends undefined ? [] : data['data']) = POPULAR_STOCKS
     |                        ^
  23 |     .map((s) => stockMap.get(s.symbol))
  24 |     .filter((s): s is Exclude<typeof s, undefined> => s !== undefined);
  25 |

Parsing ecmascript source code failed

Import trace:
  Server Component:
    ./components/dashboard/KoreanStockWatchlist.tsx
    ./app/(main)/dashboard/page.tsx @ http://localhost:3000/_next/static/chunks/node_modules_next_dist_0u_w_5s._.js:1945
[ 5756731ms] [ERROR] ./components/dashboard/KoreanStockWatchlist.tsx:22:24
Expected ident
  20 |
  21 |   const stockMap = new Map((data?.data || []).map((q) => [q.symbol, q]));
> 22 |   const stocks: typeof (data extends undefined ? [] : data['data']) = POPULAR_STOCKS
     |                        ^
  23 |     .map((s) => stockMap.get(s.symbol))
  24 |     .filter((s): s is Exclude<typeof s, undefined> => s !== undefined);
  25 |

Parsing ecmascript source code failed

Import trace:
  Server Component:
    ./components/dashboard/KoreanStockWatchlist.tsx
    ./app/(main)/dashboard/page.tsx @ http://localhost:3000/_next/static/chunks/node_modules_next_dist_0u_w_5s._.js:1945
[ 5756793ms] [ERROR] ./components/dashboard/KoreanStockWatchlist.tsx:22:24
Expected ident
  20 |
  21 |   const stockMap = new Map((data?.data || []).map((q) => [q.symbol, q]));
> 22 |   const stocks: typeof (data extends undefined ? [] : data['data']) = POPULAR_STOCKS
     |                        ^
  23 |     .map((s) => stockMap.get(s.symbol))
  24 |     .filter((s): s is Exclude<typeof s, undefined> => s !== undefined);
  25 |

Parsing ecmascript source code failed

Import trace:
  Server Component:
    ./components/dashboard/KoreanStockWatchlist.tsx
    ./app/(main)/dashboard/page.tsx @ http://localhost:3000/_next/static/chunks/node_modules_next_dist_0u_w_5s._.js:1945
[ 5756852ms] [ERROR] ./components/dashboard/KoreanStockWatchlist.tsx:22:24
Expected ident
  20 |
  21 |   const stockMap = new Map((data?.data || []).map((q) => [q.symbol, q]));
> 22 |   const stocks: typeof (data extends undefined ? [] : data['data']) = POPULAR_STOCKS
     |                        ^
  23 |     .map((s) => stockMap.get(s.symbol))
  24 |     .filter((s): s is Exclude<typeof s, undefined> => s !== undefined);
  25 |

Parsing ecmascript source code failed

Import trace:
  Server Component:
    ./components/dashboard/KoreanStockWatchlist.tsx
    ./app/(main)/dashboard/page.tsx @ http://localhost:3000/_next/static/chunks/node_modules_next_dist_0u_w_5s._.js:1945
[ 5756912ms] [ERROR] ./components/dashboard/KoreanStockWatchlist.tsx:22:24
Expected ident
  20 |
  21 |   const stockMap = new Map((data?.data || []).map((q) => [q.symbol, q]));
> 22 |   const stocks: typeof (data extends undefined ? [] : data['data']) = POPULAR_STOCKS
     |                        ^
  23 |     .map((s) => stockMap.get(s.symbol))
  24 |     .filter((s): s is Exclude<typeof s, undefined> => s !== undefined);
  25 |

Parsing ecmascript source code failed

Import trace:
  Server Component:
    ./components/dashboard/KoreanStockWatchlist.tsx
    ./app/(main)/dashboard/page.tsx @ http://localhost:3000/_next/static/chunks/node_modules_next_dist_0u_w_5s._.js:1945
[ 5756971ms] [ERROR] ./components/dashboard/KoreanStockWatchlist.tsx:22:24
Expected ident
  20 |
  21 |   const stockMap = new Map((data?.data || []).map((q) => [q.symbol, q]));
> 22 |   const stocks: typeof (data extends undefined ? [] : data['data']) = POPULAR_STOCKS
     |                        ^
  23 |     .map((s) => stockMap.get(s.symbol))
  24 |     .filter((s): s is Exclude<typeof s, undefined> => s !== undefined);
  25 |

Parsing ecmascript source code failed

Import trace:
  Server Component:
    ./components/dashboard/KoreanStockWatchlist.tsx
    ./app/(main)/dashboard/page.tsx @ http://localhost:3000/_next/static/chunks/node_modules_next_dist_0u_w_5s._.js:1945
[ 5757031ms] [ERROR] ./components/dashboard/KoreanStockWatchlist.tsx:22:24
Expected ident
  20 |
  21 |   const stockMap = new Map((data?.data || []).map((q) => [q.symbol, q]));
> 22 |   const stocks: typeof (data extends undefined ? [] : data['data']) = POPULAR_STOCKS
     |                        ^
  23 |     .map((s) => stockMap.get(s.symbol))
  24 |     .filter((s): s is Exclude<typeof s, undefined> => s !== undefined);
  25 |

Parsing ecmascript source code failed

Import trace:
  Server Component:
    ./components/dashboard/KoreanStockWatchlist.tsx
    ./app/(main)/dashboard/page.tsx @ http://localhost:3000/_next/static/chunks/node_modules_next_dist_0u_w_5s._.js:1945
[ 5757092ms] [ERROR] ./components/dashboard/KoreanStockWatchlist.tsx:22:24
Expected ident
  20 |
  21 |   const stockMap = new Map((data?.data || []).map((q) => [q.symbol, q]));
> 22 |   const stocks: typeof (data extends undefined ? [] : data['data']) = POPULAR_STOCKS
     |                        ^
  23 |     .map((s) => stockMap.get(s.symbol))
  24 |     .filter((s): s is Exclude<typeof s, undefined> => s !== undefined);
  25 |

Parsing ecmascript source code failed

Import trace:
  Server Component:
    ./components/dashboard/KoreanStockWatchlist.tsx
    ./app/(main)/dashboard/page.tsx @ http://localhost:3000/_next/static/chunks/node_modules_next_dist_0u_w_5s._.js:1945
[ 5757151ms] [ERROR] ./components/dashboard/KoreanStockWatchlist.tsx:22:24
Expected ident
  20 |
  21 |   const stockMap = new Map((data?.data || []).map((q) => [q.symbol, q]));
> 22 |   const stocks: typeof (data extends undefined ? [] : data['data']) = POPULAR_STOCKS
     |                        ^
  23 |     .map((s) => stockMap.get(s.symbol))
  24 |     .filter((s): s is Exclude<typeof s, undefined> => s !== undefined);
  25 |

Parsing ecmascript source code failed

Import trace:
  Server Component:
    ./components/dashboard/KoreanStockWatchlist.tsx
    ./app/(main)/dashboard/page.tsx @ http://localhost:3000/_next/static/chunks/node_modules_next_dist_0u_w_5s._.js:1945
[ 5757211ms] [ERROR] ./components/dashboard/KoreanStockWatchlist.tsx:22:24
Expected ident
  20 |
  21 |   const stockMap = new Map((data?.data || []).map((q) => [q.symbol, q]));
> 22 |   const stocks: typeof (data extends undefined ? [] : data['data']) = POPULAR_STOCKS
     |                        ^
  23 |     .map((s) => stockMap.get(s.symbol))
  24 |     .filter((s): s is Exclude<typeof s, undefined> => s !== undefined);
  25 |

Parsing ecmascript source code failed

Import trace:
  Server Component:
    ./components/dashboard/KoreanStockWatchlist.tsx
    ./app/(main)/dashboard/page.tsx @ http://localhost:3000/_next/static/chunks/node_modules_next_dist_0u_w_5s._.js:1945
[ 5757272ms] [ERROR] ./components/dashboard/KoreanStockWatchlist.tsx:22:24
Expected ident
  20 |
  21 |   const stockMap = new Map((data?.data || []).map((q) => [q.symbol, q]));
> 22 |   const stocks: typeof (data extends undefined ? [] : data['data']) = POPULAR_STOCKS
     |                        ^
  23 |     .map((s) => stockMap.get(s.symbol))
  24 |     .filter((s): s is Exclude<typeof s, undefined> => s !== undefined);
  25 |

Parsing ecmascript source code failed

Import trace:
  Server Component:
    ./components/dashboard/KoreanStockWatchlist.tsx
    ./app/(main)/dashboard/page.tsx @ http://localhost:3000/_next/static/chunks/node_modules_next_dist_0u_w_5s._.js:1945
[ 5757332ms] [ERROR] ./components/dashboard/KoreanStockWatchlist.tsx:22:24
Expected ident
  20 |
  21 |   const stockMap = new Map((data?.data || []).map((q) => [q.symbol, q]));
> 22 |   const stocks: typeof (data extends undefined ? [] : data['data']) = POPULAR_STOCKS
     |                        ^
  23 |     .map((s) => stockMap.get(s.symbol))
  24 |     .filter((s): s is Exclude<typeof s, undefined> => s !== undefined);
  25 |

Parsing ecmascript source code failed

Import trace:
  Server Component:
    ./components/dashboard/KoreanStockWatchlist.tsx
    ./app/(main)/dashboard/page.tsx @ http://localhost:3000/_next/static/chunks/node_modules_next_dist_0u_w_5s._.js:1945
[ 5757392ms] [ERROR] ./components/dashboard/KoreanStockWatchlist.tsx:22:24
Expected ident
  20 |
  21 |   const stockMap = new Map((data?.data || []).map((q) => [q.symbol, q]));
> 22 |   const stocks: typeof (data extends undefined ? [] : data['data']) = POPULAR_STOCKS
     |                        ^
  23 |     .map((s) => stockMap.get(s.symbol))
  24 |     .filter((s): s is Exclude<typeof s, undefined> => s !== undefined);
  25 |

Parsing ecmascript source code failed

Import trace:
  Server Component:
    ./components/dashboard/KoreanStockWatchlist.tsx
    ./app/(main)/dashboard/page.tsx @ http://localhost:3000/_next/static/chunks/node_modules_next_dist_0u_w_5s._.js:1945
[ 5757451ms] [ERROR] ./components/dashboard/KoreanStockWatchlist.tsx:22:24
Expected ident
  20 |
  21 |   const stockMap = new Map((data?.data || []).map((q) => [q.symbol, q]));
> 22 |   const stocks: typeof (data extends undefined ? [] : data['data']) = POPULAR_STOCKS
     |                        ^
  23 |     .map((s) => stockMap.get(s.symbol))
  24 |     .filter((s): s is Exclude<typeof s, undefined> => s !== undefined);
  25 |

Parsing ecmascript source code failed

Import trace:
  Server Component:
    ./components/dashboard/KoreanStockWatchlist.tsx
    ./app/(main)/dashboard/page.tsx @ http://localhost:3000/_next/static/chunks/node_modules_next_dist_0u_w_5s._.js:1945
[ 5757511ms] [ERROR] ./components/dashboard/KoreanStockWatchlist.tsx:22:24
Expected ident
  20 |
  21 |   const stockMap = new Map((data?.data || []).map((q) => [q.symbol, q]));
> 22 |   const stocks: typeof (data extends undefined ? [] : data['data']) = POPULAR_STOCKS
     |                        ^
  23 |     .map((s) => stockMap.get(s.symbol))
  24 |     .filter((s): s is Exclude<typeof s, undefined> => s !== undefined);
  25 |

Parsing ecmascript source code failed

Import trace:
  Server Component:
    ./components/dashboard/KoreanStockWatchlist.tsx
    ./app/(main)/dashboard/page.tsx @ http://localhost:3000/_next/static/chunks/node_modules_next_dist_0u_w_5s._.js:1945
[ 5757571ms] [ERROR] ./components/dashboard/KoreanStockWatchlist.tsx:22:24
Expected ident
  20 |
  21 |   const stockMap = new Map((data?.data || []).map((q) => [q.symbol, q]));
> 22 |   const stocks: typeof (data extends undefined ? [] : data['data']) = POPULAR_STOCKS
     |                        ^
  23 |     .map((s) => stockMap.get(s.symbol))
  24 |     .filter((s): s is Exclude<typeof s, undefined> => s !== undefined);
  25 |

Parsing ecmascript source code failed

Import trace:
  Server Component:
    ./components/dashboard/KoreanStockWatchlist.tsx
    ./app/(main)/dashboard/page.tsx @ http://localhost:3000/_next/static/chunks/node_modules_next_dist_0u_w_5s._.js:1945
[ 5757631ms] [ERROR] ./components/dashboard/KoreanStockWatchlist.tsx:22:24
Expected ident
  20 |
  21 |   const stockMap = new Map((data?.data || []).map((q) => [q.symbol, q]));
> 22 |   const stocks: typeof (data extends undefined ? [] : data['data']) = POPULAR_STOCKS
     |                        ^
  23 |     .map((s) => stockMap.get(s.symbol))
  24 |     .filter((s): s is Exclude<typeof s, undefined> => s !== undefined);
  25 |

Parsing ecmascript source code failed

Import trace:
  Server Component:
    ./components/dashboard/KoreanStockWatchlist.tsx
    ./app/(main)/dashboard/page.tsx @ http://localhost:3000/_next/static/chunks/node_modules_next_dist_0u_w_5s._.js:1945
[ 5757692ms] [ERROR] ./components/dashboard/KoreanStockWatchlist.tsx:22:24
Expected ident
  20 |
  21 |   const stockMap = new Map((data?.data || []).map((q) => [q.symbol, q]));
> 22 |   const stocks: typeof (data extends undefined ? [] : data['data']) = POPULAR_STOCKS
     |                        ^
  23 |     .map((s) => stockMap.get(s.symbol))
  24 |     .filter((s): s is Exclude<typeof s, undefined> => s !== undefined);
  25 |

Parsing ecmascript source code failed

Import trace:
  Server Component:
    ./components/dashboard/KoreanStockWatchlist.tsx
    ./app/(main)/dashboard/page.tsx @ http://localhost:3000/_next/static/chunks/node_modules_next_dist_0u_w_5s._.js:1945
[ 5757751ms] [ERROR] ./components/dashboard/KoreanStockWatchlist.tsx:22:24
Expected ident
  20 |
  21 |   const stockMap = new Map((data?.data || []).map((q) => [q.symbol, q]));
> 22 |   const stocks: typeof (data extends undefined ? [] : data['data']) = POPULAR_STOCKS
     |                        ^
  23 |     .map((s) => stockMap.get(s.symbol))
  24 |     .filter((s): s is Exclude<typeof s, undefined> => s !== undefined);
  25 |

Parsing ecmascript source code failed

Import trace:
  Server Component:
    ./components/dashboard/KoreanStockWatchlist.tsx
    ./app/(main)/dashboard/page.tsx @ http://localhost:3000/_next/static/chunks/node_modules_next_dist_0u_w_5s._.js:1945
[ 5757811ms] [ERROR] ./components/dashboard/KoreanStockWatchlist.tsx:22:24
Expected ident
  20 |
  21 |   const stockMap = new Map((data?.data || []).map((q) => [q.symbol, q]));
> 22 |   const stocks: typeof (data extends undefined ? [] : data['data']) = POPULAR_STOCKS
     |                        ^
  23 |     .map((s) => stockMap.get(s.symbol))
  24 |     .filter((s): s is Exclude<typeof s, undefined> => s !== undefined);
  25 |

Parsing ecmascript source code failed

Import trace:
  Server Component:
    ./components/dashboard/KoreanStockWatchlist.tsx
    ./app/(main)/dashboard/page.tsx @ http://localhost:3000/_next/static/chunks/node_modules_next_dist_0u_w_5s._.js:1945
[ 5757871ms] [ERROR] ./components/dashboard/KoreanStockWatchlist.tsx:22:24
Expected ident
  20 |
  21 |   const stockMap = new Map((data?.data || []).map((q) => [q.symbol, q]));
> 22 |   const stocks: typeof (data extends undefined ? [] : data['data']) = POPULAR_STOCKS
     |                        ^
  23 |     .map((s) => stockMap.get(s.symbol))
  24 |     .filter((s): s is Exclude<typeof s, undefined> => s !== undefined);
  25 |

Parsing ecmascript source code failed

Import trace:
  Server Component:
    ./components/dashboard/KoreanStockWatchlist.tsx
    ./app/(main)/dashboard/page.tsx @ http://localhost:3000/_next/static/chunks/node_modules_next_dist_0u_w_5s._.js:1945
[ 5757931ms] [ERROR] ./components/dashboard/KoreanStockWatchlist.tsx:22:24
Expected ident
  20 |
  21 |   const stockMap = new Map((data?.data || []).map((q) => [q.symbol, q]));
> 22 |   const stocks: typeof (data extends undefined ? [] : data['data']) = POPULAR_STOCKS
     |                        ^
  23 |     .map((s) => stockMap.get(s.symbol))
  24 |     .filter((s): s is Exclude<typeof s, undefined> => s !== undefined);
  25 |

Parsing ecmascript source code failed

Import trace:
  Server Component:
    ./components/dashboard/KoreanStockWatchlist.tsx
    ./app/(main)/dashboard/page.tsx @ http://localhost:3000/_next/static/chunks/node_modules_next_dist_0u_w_5s._.js:1945
[ 5757992ms] [ERROR] ./components/dashboard/KoreanStockWatchlist.tsx:22:24
Expected ident
  20 |
  21 |   const stockMap = new Map((data?.data || []).map((q) => [q.symbol, q]));
> 22 |   const stocks: typeof (data extends undefined ? [] : data['data']) = POPULAR_STOCKS
     |                        ^
  23 |     .map((s) => stockMap.get(s.symbol))
  24 |     .filter((s): s is Exclude<typeof s, undefined> => s !== undefined);
  25 |

Parsing ecmascript source code failed

Import trace:
  Server Component:
    ./components/dashboard/KoreanStockWatchlist.tsx
    ./app/(main)/dashboard/page.tsx @ http://localhost:3000/_next/static/chunks/node_modules_next_dist_0u_w_5s._.js:1945
[ 5758051ms] [ERROR] ./components/dashboard/KoreanStockWatchlist.tsx:22:24
Expected ident
  20 |
  21 |   const stockMap = new Map((data?.data || []).map((q) => [q.symbol, q]));
> 22 |   const stocks: typeof (data extends undefined ? [] : data['data']) = POPULAR_STOCKS
     |                        ^
  23 |     .map((s) => stockMap.get(s.symbol))
  24 |     .filter((s): s is Exclude<typeof s, undefined> => s !== undefined);
  25 |

Parsing ecmascript source code failed

Import trace:
  Server Component:
    ./components/dashboard/KoreanStockWatchlist.tsx
    ./app/(main)/dashboard/page.tsx @ http://localhost:3000/_next/static/chunks/node_modules_next_dist_0u_w_5s._.js:1945
[ 5758111ms] [ERROR] ./components/dashboard/KoreanStockWatchlist.tsx:22:24
Expected ident
  20 |
  21 |   const stockMap = new Map((data?.data || []).map((q) => [q.symbol, q]));
> 22 |   const stocks: typeof (data extends undefined ? [] : data['data']) = POPULAR_STOCKS
     |                        ^
  23 |     .map((s) => stockMap.get(s.symbol))
  24 |     .filter((s): s is Exclude<typeof s, undefined> => s !== undefined);
  25 |

Parsing ecmascript source code failed

Import trace:
  Server Component:
    ./components/dashboard/KoreanStockWatchlist.tsx
    ./app/(main)/dashboard/page.tsx @ http://localhost:3000/_next/static/chunks/node_modules_next_dist_0u_w_5s._.js:1945
[ 5758171ms] [ERROR] ./components/dashboard/KoreanStockWatchlist.tsx:22:24
Expected ident
  20 |
  21 |   const stockMap = new Map((data?.data || []).map((q) => [q.symbol, q]));
> 22 |   const stocks: typeof (data extends undefined ? [] : data['data']) = POPULAR_STOCKS
     |                        ^
  23 |     .map((s) => stockMap.get(s.symbol))
  24 |     .filter((s): s is Exclude<typeof s, undefined> => s !== undefined);
  25 |

Parsing ecmascript source code failed

Import trace:
  Server Component:
    ./components/dashboard/KoreanStockWatchlist.tsx
    ./app/(main)/dashboard/page.tsx @ http://localhost:3000/_next/static/chunks/node_modules_next_dist_0u_w_5s._.js:1945
[ 5758231ms] [ERROR] ./components/dashboard/KoreanStockWatchlist.tsx:22:24
Expected ident
  20 |
  21 |   const stockMap = new Map((data?.data || []).map((q) => [q.symbol, q]));
> 22 |   const stocks: typeof (data extends undefined ? [] : data['data']) = POPULAR_STOCKS
     |                        ^
  23 |     .map((s) => stockMap.get(s.symbol))
  24 |     .filter((s): s is Exclude<typeof s, undefined> => s !== undefined);
  25 |

Parsing ecmascript source code failed

Import trace:
  Server Component:
    ./components/dashboard/KoreanStockWatchlist.tsx
    ./app/(main)/dashboard/page.tsx @ http://localhost:3000/_next/static/chunks/node_modules_next_dist_0u_w_5s._.js:1945
[ 5758291ms] [ERROR] ./components/dashboard/KoreanStockWatchlist.tsx:22:24
Expected ident
  20 |
  21 |   const stockMap = new Map((data?.data || []).map((q) => [q.symbol, q]));
> 22 |   const stocks: typeof (data extends undefined ? [] : data['data']) = POPULAR_STOCKS
     |                        ^
  23 |     .map((s) => stockMap.get(s.symbol))
  24 |     .filter((s): s is Exclude<typeof s, undefined> => s !== undefined);
  25 |

Parsing ecmascript source code failed

Import trace:
  Server Component:
    ./components/dashboard/KoreanStockWatchlist.tsx
    ./app/(main)/dashboard/page.tsx @ http://localhost:3000/_next/static/chunks/node_modules_next_dist_0u_w_5s._.js:1945
[ 5758351ms] [ERROR] ./components/dashboard/KoreanStockWatchlist.tsx:22:24
Expected ident
  20 |
  21 |   const stockMap = new Map((data?.data || []).map((q) => [q.symbol, q]));
> 22 |   const stocks: typeof (data extends undefined ? [] : data['data']) = POPULAR_STOCKS
     |                        ^
  23 |     .map((s) => stockMap.get(s.symbol))
  24 |     .filter((s): s is Exclude<typeof s, undefined> => s !== undefined);
  25 |

Parsing ecmascript source code failed

Import trace:
  Server Component:
    ./components/dashboard/KoreanStockWatchlist.tsx
    ./app/(main)/dashboard/page.tsx @ http://localhost:3000/_next/static/chunks/node_modules_next_dist_0u_w_5s._.js:1945
[ 5758411ms] [ERROR] ./components/dashboard/KoreanStockWatchlist.tsx:22:24
Expected ident
  20 |
  21 |   const stockMap = new Map((data?.data || []).map((q) => [q.symbol, q]));
> 22 |   const stocks: typeof (data extends undefined ? [] : data['data']) = POPULAR_STOCKS
     |                        ^
  23 |     .map((s) => stockMap.get(s.symbol))
  24 |     .filter((s): s is Exclude<typeof s, undefined> => s !== undefined);
  25 |

Parsing ecmascript source code failed

Import trace:
  Server Component:
    ./components/dashboard/KoreanStockWatchlist.tsx
    ./app/(main)/dashboard/page.tsx @ http://localhost:3000/_next/static/chunks/node_modules_next_dist_0u_w_5s._.js:1945
[ 5758471ms] [ERROR] ./components/dashboard/KoreanStockWatchlist.tsx:22:24
Expected ident
  20 |
  21 |   const stockMap = new Map((data?.data || []).map((q) => [q.symbol, q]));
> 22 |   const stocks: typeof (data extends undefined ? [] : data['data']) = POPULAR_STOCKS
     |                        ^
  23 |     .map((s) => stockMap.get(s.symbol))
  24 |     .filter((s): s is Exclude<typeof s, undefined> => s !== undefined);
  25 |

Parsing ecmascript source code failed

Import trace:
  Server Component:
    ./components/dashboard/KoreanStockWatchlist.tsx
    ./app/(main)/dashboard/page.tsx @ http://localhost:3000/_next/static/chunks/node_modules_next_dist_0u_w_5s._.js:1945
[ 5758531ms] [ERROR] ./components/dashboard/KoreanStockWatchlist.tsx:22:24
Expected ident
  20 |
  21 |   const stockMap = new Map((data?.data || []).map((q) => [q.symbol, q]));
> 22 |   const stocks: typeof (data extends undefined ? [] : data['data']) = POPULAR_STOCKS
     |                        ^
  23 |     .map((s) => stockMap.get(s.symbol))
  24 |     .filter((s): s is Exclude<typeof s, undefined> => s !== undefined);
  25 |

Parsing ecmascript source code failed

Import trace:
  Server Component:
    ./components/dashboard/KoreanStockWatchlist.tsx
    ./app/(main)/dashboard/page.tsx @ http://localhost:3000/_next/static/chunks/node_modules_next_dist_0u_w_5s._.js:1945
[ 5758596ms] [ERROR] ./components/dashboard/KoreanStockWatchlist.tsx:22:24
Expected ident
  20 |
  21 |   const stockMap = new Map((data?.data || []).map((q) => [q.symbol, q]));
> 22 |   const stocks: typeof (data extends undefined ? [] : data['data']) = POPULAR_STOCKS
     |                        ^
  23 |     .map((s) => stockMap.get(s.symbol))
  24 |     .filter((s): s is Exclude<typeof s, undefined> => s !== undefined);
  25 |

Parsing ecmascript source code failed

Import trace:
  Server Component:
    ./components/dashboard/KoreanStockWatchlist.tsx
    ./app/(main)/dashboard/page.tsx @ http://localhost:3000/_next/static/chunks/node_modules_next_dist_0u_w_5s._.js:1945
[ 5758653ms] [ERROR] ./components/dashboard/KoreanStockWatchlist.tsx:22:24
Expected ident
  20 |
  21 |   const stockMap = new Map((data?.data || []).map((q) => [q.symbol, q]));
> 22 |   const stocks: typeof (data extends undefined ? [] : data['data']) = POPULAR_STOCKS
     |                        ^
  23 |     .map((s) => stockMap.get(s.symbol))
  24 |     .filter((s): s is Exclude<typeof s, undefined> => s !== undefined);
  25 |

Parsing ecmascript source code failed

Import trace:
  Server Component:
    ./components/dashboard/KoreanStockWatchlist.tsx
    ./app/(main)/dashboard/page.tsx @ http://localhost:3000/_next/static/chunks/node_modules_next_dist_0u_w_5s._.js:1945
[ 5758713ms] [ERROR] ./components/dashboard/KoreanStockWatchlist.tsx:22:24
Expected ident
  20 |
  21 |   const stockMap = new Map((data?.data || []).map((q) => [q.symbol, q]));
> 22 |   const stocks: typeof (data extends undefined ? [] : data['data']) = POPULAR_STOCKS
     |                        ^
  23 |     .map((s) => stockMap.get(s.symbol))
  24 |     .filter((s): s is Exclude<typeof s, undefined> => s !== undefined);
  25 |

Parsing ecmascript source code failed

Import trace:
  Server Component:
    ./components/dashboard/KoreanStockWatchlist.tsx
    ./app/(main)/dashboard/page.tsx @ http://localhost:3000/_next/static/chunks/node_modules_next_dist_0u_w_5s._.js:1945
[ 5758773ms] [ERROR] ./components/dashboard/KoreanStockWatchlist.tsx:22:24
Expected ident
  20 |
  21 |   const stockMap = new Map((data?.data || []).map((q) => [q.symbol, q]));
> 22 |   const stocks: typeof (data extends undefined ? [] : data['data']) = POPULAR_STOCKS
     |                        ^
  23 |     .map((s) => stockMap.get(s.symbol))
  24 |     .filter((s): s is Exclude<typeof s, undefined> => s !== undefined);
  25 |

Parsing ecmascript source code failed

Import trace:
  Server Component:
    ./components/dashboard/KoreanStockWatchlist.tsx
    ./app/(main)/dashboard/page.tsx @ http://localhost:3000/_next/static/chunks/node_modules_next_dist_0u_w_5s._.js:1945
[ 5758832ms] [ERROR] ./components/dashboard/KoreanStockWatchlist.tsx:22:24
Expected ident
  20 |
  21 |   const stockMap = new Map((data?.data || []).map((q) => [q.symbol, q]));
> 22 |   const stocks: typeof (data extends undefined ? [] : data['data']) = POPULAR_STOCKS
     |                        ^
  23 |     .map((s) => stockMap.get(s.symbol))
  24 |     .filter((s): s is Exclude<typeof s, undefined> => s !== undefined);
  25 |

Parsing ecmascript source code failed

Import trace:
  Server Component:
    ./components/dashboard/KoreanStockWatchlist.tsx
    ./app/(main)/dashboard/page.tsx @ http://localhost:3000/_next/static/chunks/node_modules_next_dist_0u_w_5s._.js:1945
[ 5758892ms] [ERROR] ./components/dashboard/KoreanStockWatchlist.tsx:22:24
Expected ident
  20 |
  21 |   const stockMap = new Map((data?.data || []).map((q) => [q.symbol, q]));
> 22 |   const stocks: typeof (data extends undefined ? [] : data['data']) = POPULAR_STOCKS
     |                        ^
  23 |     .map((s) => stockMap.get(s.symbol))
  24 |     .filter((s): s is Exclude<typeof s, undefined> => s !== undefined);
  25 |

Parsing ecmascript source code failed

Import trace:
  Server Component:
    ./components/dashboard/KoreanStockWatchlist.tsx
    ./app/(main)/dashboard/page.tsx @ http://localhost:3000/_next/static/chunks/node_modules_next_dist_0u_w_5s._.js:1945
[ 5758952ms] [ERROR] ./components/dashboard/KoreanStockWatchlist.tsx:22:24
Expected ident
  20 |
  21 |   const stockMap = new Map((data?.data || []).map((q) => [q.symbol, q]));
> 22 |   const stocks: typeof (data extends undefined ? [] : data['data']) = POPULAR_STOCKS
     |                        ^
  23 |     .map((s) => stockMap.get(s.symbol))
  24 |     .filter((s): s is Exclude<typeof s, undefined> => s !== undefined);
  25 |

Parsing ecmascript source code failed

Import trace:
  Server Component:
    ./components/dashboard/KoreanStockWatchlist.tsx
    ./app/(main)/dashboard/page.tsx @ http://localhost:3000/_next/static/chunks/node_modules_next_dist_0u_w_5s._.js:1945
[ 5759012ms] [ERROR] ./components/dashboard/KoreanStockWatchlist.tsx:22:24
Expected ident
  20 |
  21 |   const stockMap = new Map((data?.data || []).map((q) => [q.symbol, q]));
> 22 |   const stocks: typeof (data extends undefined ? [] : data['data']) = POPULAR_STOCKS
     |                        ^
  23 |     .map((s) => stockMap.get(s.symbol))
  24 |     .filter((s): s is Exclude<typeof s, undefined> => s !== undefined);
  25 |

Parsing ecmascript source code failed

Import trace:
  Server Component:
    ./components/dashboard/KoreanStockWatchlist.tsx
    ./app/(main)/dashboard/page.tsx @ http://localhost:3000/_next/static/chunks/node_modules_next_dist_0u_w_5s._.js:1945
[ 5759072ms] [ERROR] ./components/dashboard/KoreanStockWatchlist.tsx:22:24
Expected ident
  20 |
  21 |   const stockMap = new Map((data?.data || []).map((q) => [q.symbol, q]));
> 22 |   const stocks: typeof (data extends undefined ? [] : data['data']) = POPULAR_STOCKS
     |                        ^
  23 |     .map((s) => stockMap.get(s.symbol))
  24 |     .filter((s): s is Exclude<typeof s, undefined> => s !== undefined);
  25 |

Parsing ecmascript source code failed

Import trace:
  Server Component:
    ./components/dashboard/KoreanStockWatchlist.tsx
    ./app/(main)/dashboard/page.tsx @ http://localhost:3000/_next/static/chunks/node_modules_next_dist_0u_w_5s._.js:1945
[ 5759133ms] [ERROR] ./components/dashboard/KoreanStockWatchlist.tsx:22:24
Expected ident
  20 |
  21 |   const stockMap = new Map((data?.data || []).map((q) => [q.symbol, q]));
> 22 |   const stocks: typeof (data extends undefined ? [] : data['data']) = POPULAR_STOCKS
     |                        ^
  23 |     .map((s) => stockMap.get(s.symbol))
  24 |     .filter((s): s is Exclude<typeof s, undefined> => s !== undefined);
  25 |

Parsing ecmascript source code failed

Import trace:
  Server Component:
    ./components/dashboard/KoreanStockWatchlist.tsx
    ./app/(main)/dashboard/page.tsx @ http://localhost:3000/_next/static/chunks/node_modules_next_dist_0u_w_5s._.js:1945
[ 5759193ms] [ERROR] ./components/dashboard/KoreanStockWatchlist.tsx:22:24
Expected ident
  20 |
  21 |   const stockMap = new Map((data?.data || []).map((q) => [q.symbol, q]));
> 22 |   const stocks: typeof (data extends undefined ? [] : data['data']) = POPULAR_STOCKS
     |                        ^
  23 |     .map((s) => stockMap.get(s.symbol))
  24 |     .filter((s): s is Exclude<typeof s, undefined> => s !== undefined);
  25 |

Parsing ecmascript source code failed

Import trace:
  Server Component:
    ./components/dashboard/KoreanStockWatchlist.tsx
    ./app/(main)/dashboard/page.tsx @ http://localhost:3000/_next/static/chunks/node_modules_next_dist_0u_w_5s._.js:1945
[ 5759253ms] [ERROR] ./components/dashboard/KoreanStockWatchlist.tsx:22:24
Expected ident
  20 |
  21 |   const stockMap = new Map((data?.data || []).map((q) => [q.symbol, q]));
> 22 |   const stocks: typeof (data extends undefined ? [] : data['data']) = POPULAR_STOCKS
     |                        ^
  23 |     .map((s) => stockMap.get(s.symbol))
  24 |     .filter((s): s is Exclude<typeof s, undefined> => s !== undefined);
  25 |

Parsing ecmascript source code failed

Import trace:
  Server Component:
    ./components/dashboard/KoreanStockWatchlist.tsx
    ./app/(main)/dashboard/page.tsx @ http://localhost:3000/_next/static/chunks/node_modules_next_dist_0u_w_5s._.js:1945
[ 5759327ms] [LOG] [Fast Refresh] rebuilding @ http://localhost:3000/_next/static/chunks/node_modules_next_dist_0u_w_5s._.js:1226
[ 5759403ms] [ERROR] ./components/dashboard/KoreanStockWatchlist.tsx:22:24
Expected ident
  20 |
  21 |   const stockMap = new Map((data?.data || []).map((q) => [q.symbol, q]));
> 22 |   const stocks: typeof (data extends undefined ? [] : data['data']) = POPULAR_STOCKS
     |                        ^
  23 |     .map((s) => stockMap.get(s.symbol))
  24 |     .filter((s): s is Exclude<typeof s, undefined> => s !== undefined);
  25 |

Parsing ecmascript source code failed

Import trace:
  Server Component:
    ./components/dashboard/KoreanStockWatchlist.tsx
    ./app/(main)/dashboard/page.tsx @ http://localhost:3000/_next/static/chunks/node_modules_next_dist_0u_w_5s._.js:1945
[ 5759478ms] [ERROR] ./components/dashboard/KoreanStockWatchlist.tsx:22:24
Expected ident
  20 |
  21 |   const stockMap = new Map((data?.data || []).map((q) => [q.symbol, q]));
> 22 |   const stocks: typeof (data extends undefined ? [] : data['data']) = POPULAR_STOCKS
     |                        ^
  23 |     .map((s) => stockMap.get(s.symbol))
  24 |     .filter((s): s is Exclude<typeof s, undefined> => s !== undefined);
  25 |

Parsing ecmascript source code failed

Import trace:
  Server Component:
    ./components/dashboard/KoreanStockWatchlist.tsx
    ./app/(main)/dashboard/page.tsx @ http://localhost:3000/_next/static/chunks/node_modules_next_dist_0u_w_5s._.js:1945
[ 5759539ms] [ERROR] ./components/dashboard/KoreanStockWatchlist.tsx:22:24
Expected ident
  20 |
  21 |   const stockMap = new Map((data?.data || []).map((q) => [q.symbol, q]));
> 22 |   const stocks: typeof (data extends undefined ? [] : data['data']) = POPULAR_STOCKS
     |                        ^
  23 |     .map((s) => stockMap.get(s.symbol))
  24 |     .filter((s): s is Exclude<typeof s, undefined> => s !== undefined);
  25 |

Parsing ecmascript source code failed

Import trace:
  Server Component:
    ./components/dashboard/KoreanStockWatchlist.tsx
    ./app/(main)/dashboard/page.tsx @ http://localhost:3000/_next/static/chunks/node_modules_next_dist_0u_w_5s._.js:1945
[ 5759599ms] [ERROR] ./components/dashboard/KoreanStockWatchlist.tsx:22:24
Expected ident
  20 |
  21 |   const stockMap = new Map((data?.data || []).map((q) => [q.symbol, q]));
> 22 |   const stocks: typeof (data extends undefined ? [] : data['data']) = POPULAR_STOCKS
     |                        ^
  23 |     .map((s) => stockMap.get(s.symbol))
  24 |     .filter((s): s is Exclude<typeof s, undefined> => s !== undefined);
  25 |

Parsing ecmascript source code failed

Import trace:
  Server Component:
    ./components/dashboard/KoreanStockWatchlist.tsx
    ./app/(main)/dashboard/page.tsx @ http://localhost:3000/_next/static/chunks/node_modules_next_dist_0u_w_5s._.js:1945
[ 5759659ms] [ERROR] ./components/dashboard/KoreanStockWatchlist.tsx:22:24
Expected ident
  20 |
  21 |   const stockMap = new Map((data?.data || []).map((q) => [q.symbol, q]));
> 22 |   const stocks: typeof (data extends undefined ? [] : data['data']) = POPULAR_STOCKS
     |                        ^
  23 |     .map((s) => stockMap.get(s.symbol))
  24 |     .filter((s): s is Exclude<typeof s, undefined> => s !== undefined);
  25 |

Parsing ecmascript source code failed

Import trace:
  Server Component:
    ./components/dashboard/KoreanStockWatchlist.tsx
    ./app/(main)/dashboard/page.tsx @ http://localhost:3000/_next/static/chunks/node_modules_next_dist_0u_w_5s._.js:1945
[ 5759719ms] [ERROR] ./components/dashboard/KoreanStockWatchlist.tsx:22:24
Expected ident
  20 |
  21 |   const stockMap = new Map((data?.data || []).map((q) => [q.symbol, q]));
> 22 |   const stocks: typeof (data extends undefined ? [] : data['data']) = POPULAR_STOCKS
     |                        ^
  23 |     .map((s) => stockMap.get(s.symbol))
  24 |     .filter((s): s is Exclude<typeof s, undefined> => s !== undefined);
  25 |

Parsing ecmascript source code failed

Import trace:
  Server Component:
    ./components/dashboard/KoreanStockWatchlist.tsx
    ./app/(main)/dashboard/page.tsx @ http://localhost:3000/_next/static/chunks/node_modules_next_dist_0u_w_5s._.js:1945
[ 5759779ms] [ERROR] ./components/dashboard/KoreanStockWatchlist.tsx:22:24
Expected ident
  20 |
  21 |   const stockMap = new Map((data?.data || []).map((q) => [q.symbol, q]));
> 22 |   const stocks: typeof (data extends undefined ? [] : data['data']) = POPULAR_STOCKS
     |                        ^
  23 |     .map((s) => stockMap.get(s.symbol))
  24 |     .filter((s): s is Exclude<typeof s, undefined> => s !== undefined);
  25 |

Parsing ecmascript source code failed

Import trace:
  Server Component:
    ./components/dashboard/KoreanStockWatchlist.tsx
    ./app/(main)/dashboard/page.tsx @ http://localhost:3000/_next/static/chunks/node_modules_next_dist_0u_w_5s._.js:1945
[ 5759839ms] [ERROR] ./components/dashboard/KoreanStockWatchlist.tsx:22:24
Expected ident
  20 |
  21 |   const stockMap = new Map((data?.data || []).map((q) => [q.symbol, q]));
> 22 |   const stocks: typeof (data extends undefined ? [] : data['data']) = POPULAR_STOCKS
     |                        ^
  23 |     .map((s) => stockMap.get(s.symbol))
  24 |     .filter((s): s is Exclude<typeof s, undefined> => s !== undefined);
  25 |

Parsing ecmascript source code failed

Import trace:
  Server Component:
    ./components/dashboard/KoreanStockWatchlist.tsx
    ./app/(main)/dashboard/page.tsx @ http://localhost:3000/_next/static/chunks/node_modules_next_dist_0u_w_5s._.js:1945
[ 5759899ms] [ERROR] ./components/dashboard/KoreanStockWatchlist.tsx:22:24
Expected ident
  20 |
  21 |   const stockMap = new Map((data?.data || []).map((q) => [q.symbol, q]));
> 22 |   const stocks: typeof (data extends undefined ? [] : data['data']) = POPULAR_STOCKS
     |                        ^
  23 |     .map((s) => stockMap.get(s.symbol))
  24 |     .filter((s): s is Exclude<typeof s, undefined> => s !== undefined);
  25 |

Parsing ecmascript source code failed

Import trace:
  Server Component:
    ./components/dashboard/KoreanStockWatchlist.tsx
    ./app/(main)/dashboard/page.tsx @ http://localhost:3000/_next/static/chunks/node_modules_next_dist_0u_w_5s._.js:1945
[ 5759961ms] [ERROR] ./components/dashboard/KoreanStockWatchlist.tsx:22:24
Expected ident
  20 |
  21 |   const stockMap = new Map((data?.data || []).map((q) => [q.symbol, q]));
> 22 |   const stocks: typeof (data extends undefined ? [] : data['data']) = POPULAR_STOCKS
     |                        ^
  23 |     .map((s) => stockMap.get(s.symbol))
  24 |     .filter((s): s is Exclude<typeof s, undefined> => s !== undefined);
  25 |

Parsing ecmascript source code failed

Import trace:
  Server Component:
    ./components/dashboard/KoreanStockWatchlist.tsx
    ./app/(main)/dashboard/page.tsx @ http://localhost:3000/_next/static/chunks/node_modules_next_dist_0u_w_5s._.js:1945
[ 5760028ms] [ERROR] ./components/dashboard/KoreanStockWatchlist.tsx:22:24
Expected ident
  20 |
  21 |   const stockMap = new Map((data?.data || []).map((q) => [q.symbol, q]));
> 22 |   const stocks: typeof (data extends undefined ? [] : data['data']) = POPULAR_STOCKS
     |                        ^
  23 |     .map((s) => stockMap.get(s.symbol))
  24 |     .filter((s): s is Exclude<typeof s, undefined> => s !== undefined);
  25 |

Parsing ecmascript source code failed

Import trace:
  Server Component:
    ./components/dashboard/KoreanStockWatchlist.tsx
    ./app/(main)/dashboard/page.tsx @ http://localhost:3000/_next/static/chunks/node_modules_next_dist_0u_w_5s._.js:1945
[ 5760119ms] [ERROR] ./components/dashboard/KoreanStockWatchlist.tsx:22:24
Expected ident
  20 |
  21 |   const stockMap = new Map((data?.data || []).map((q) => [q.symbol, q]));
> 22 |   const stocks: typeof (data extends undefined ? [] : data['data']) = POPULAR_STOCKS
     |                        ^
  23 |     .map((s) => stockMap.get(s.symbol))
  24 |     .filter((s): s is Exclude<typeof s, undefined> => s !== undefined);
  25 |

Parsing ecmascript source code failed

Import trace:
  Server Component:
    ./components/dashboard/KoreanStockWatchlist.tsx
    ./app/(main)/dashboard/page.tsx @ http://localhost:3000/_next/static/chunks/node_modules_next_dist_0u_w_5s._.js:1945
[ 5760197ms] [ERROR] ./components/dashboard/KoreanStockWatchlist.tsx:22:24
Expected ident
  20 |
  21 |   const stockMap = new Map((data?.data || []).map((q) => [q.symbol, q]));
> 22 |   const stocks: typeof (data extends undefined ? [] : data['data']) = POPULAR_STOCKS
     |                        ^
  23 |     .map((s) => stockMap.get(s.symbol))
  24 |     .filter((s): s is Exclude<typeof s, undefined> => s !== undefined);
  25 |

Parsing ecmascript source code failed

Import trace:
  Server Component:
    ./components/dashboard/KoreanStockWatchlist.tsx
    ./app/(main)/dashboard/page.tsx @ http://localhost:3000/_next/static/chunks/node_modules_next_dist_0u_w_5s._.js:1945
[ 5760261ms] [ERROR] ./components/dashboard/KoreanStockWatchlist.tsx:22:24
Expected ident
  20 |
  21 |   const stockMap = new Map((data?.data || []).map((q) => [q.symbol, q]));
> 22 |   const stocks: typeof (data extends undefined ? [] : data['data']) = POPULAR_STOCKS
     |                        ^
  23 |     .map((s) => stockMap.get(s.symbol))
  24 |     .filter((s): s is Exclude<typeof s, undefined> => s !== undefined);
  25 |

Parsing ecmascript source code failed

Import trace:
  Server Component:
    ./components/dashboard/KoreanStockWatchlist.tsx
    ./app/(main)/dashboard/page.tsx @ http://localhost:3000/_next/static/chunks/node_modules_next_dist_0u_w_5s._.js:1945
[ 5760336ms] [ERROR] ./components/dashboard/KoreanStockWatchlist.tsx:22:24
Expected ident
  20 |
  21 |   const stockMap = new Map((data?.data || []).map((q) => [q.symbol, q]));
> 22 |   const stocks: typeof (data extends undefined ? [] : data['data']) = POPULAR_STOCKS
     |                        ^
  23 |     .map((s) => stockMap.get(s.symbol))
  24 |     .filter((s): s is Exclude<typeof s, undefined> => s !== undefined);
  25 |

Parsing ecmascript source code failed

Import trace:
  Server Component:
    ./components/dashboard/KoreanStockWatchlist.tsx
    ./app/(main)/dashboard/page.tsx @ http://localhost:3000/_next/static/chunks/node_modules_next_dist_0u_w_5s._.js:1945
[ 5760415ms] [ERROR] ./components/dashboard/KoreanStockWatchlist.tsx:22:24
Expected ident
  20 |
  21 |   const stockMap = new Map((data?.data || []).map((q) => [q.symbol, q]));
> 22 |   const stocks: typeof (data extends undefined ? [] : data['data']) = POPULAR_STOCKS
     |                        ^
  23 |     .map((s) => stockMap.get(s.symbol))
  24 |     .filter((s): s is Exclude<typeof s, undefined> => s !== undefined);
  25 |

Parsing ecmascript source code failed

Import trace:
  Server Component:
    ./components/dashboard/KoreanStockWatchlist.tsx
    ./app/(main)/dashboard/page.tsx @ http://localhost:3000/_next/static/chunks/node_modules_next_dist_0u_w_5s._.js:1945
[ 5760491ms] [ERROR] ./components/dashboard/KoreanStockWatchlist.tsx:22:24
Expected ident
  20 |
  21 |   const stockMap = new Map((data?.data || []).map((q) => [q.symbol, q]));
> 22 |   const stocks: typeof (data extends undefined ? [] : data['data']) = POPULAR_STOCKS
     |                        ^
  23 |     .map((s) => stockMap.get(s.symbol))
  24 |     .filter((s): s is Exclude<typeof s, undefined> => s !== undefined);
  25 |

Parsing ecmascript source code failed

Import trace:
  Server Component:
    ./components/dashboard/KoreanStockWatchlist.tsx
    ./app/(main)/dashboard/page.tsx @ http://localhost:3000/_next/static/chunks/node_modules_next_dist_0u_w_5s._.js:1945
[ 5760551ms] [ERROR] ./components/dashboard/KoreanStockWatchlist.tsx:22:24
Expected ident
  20 |
  21 |   const stockMap = new Map((data?.data || []).map((q) => [q.symbol, q]));
> 22 |   const stocks: typeof (data extends undefined ? [] : data['data']) = POPULAR_STOCKS
     |                        ^
  23 |     .map((s) => stockMap.get(s.symbol))
  24 |     .filter((s): s is Exclude<typeof s, undefined> => s !== undefined);
  25 |

Parsing ecmascript source code failed

Import trace:
  Server Component:
    ./components/dashboard/KoreanStockWatchlist.tsx
    ./app/(main)/dashboard/page.tsx @ http://localhost:3000/_next/static/chunks/node_modules_next_dist_0u_w_5s._.js:1945
[ 5760614ms] [ERROR] ./components/dashboard/KoreanStockWatchlist.tsx:22:24
Expected ident
  20 |
  21 |   const stockMap = new Map((data?.data || []).map((q) => [q.symbol, q]));
> 22 |   const stocks: typeof (data extends undefined ? [] : data['data']) = POPULAR_STOCKS
     |                        ^
  23 |     .map((s) => stockMap.get(s.symbol))
  24 |     .filter((s): s is Exclude<typeof s, undefined> => s !== undefined);
  25 |

Parsing ecmascript source code failed

Import trace:
  Server Component:
    ./components/dashboard/KoreanStockWatchlist.tsx
    ./app/(main)/dashboard/page.tsx @ http://localhost:3000/_next/static/chunks/node_modules_next_dist_0u_w_5s._.js:1945
[ 5760677ms] [ERROR] ./components/dashboard/KoreanStockWatchlist.tsx:22:24
Expected ident
  20 |
  21 |   const stockMap = new Map((data?.data || []).map((q) => [q.symbol, q]));
> 22 |   const stocks: typeof (data extends undefined ? [] : data['data']) = POPULAR_STOCKS
     |                        ^
  23 |     .map((s) => stockMap.get(s.symbol))
  24 |     .filter((s): s is Exclude<typeof s, undefined> => s !== undefined);
  25 |

Parsing ecmascript source code failed

Import trace:
  Server Component:
    ./components/dashboard/KoreanStockWatchlist.tsx
    ./app/(main)/dashboard/page.tsx @ http://localhost:3000/_next/static/chunks/node_modules_next_dist_0u_w_5s._.js:1945
[ 5760738ms] [ERROR] ./components/dashboard/KoreanStockWatchlist.tsx:22:24
Expected ident
  20 |
  21 |   const stockMap = new Map((data?.data || []).map((q) => [q.symbol, q]));
> 22 |   const stocks: typeof (data extends undefined ? [] : data['data']) = POPULAR_STOCKS
     |                        ^
  23 |     .map((s) => stockMap.get(s.symbol))
  24 |     .filter((s): s is Exclude<typeof s, undefined> => s !== undefined);
  25 |

Parsing ecmascript source code failed

Import trace:
  Server Component:
    ./components/dashboard/KoreanStockWatchlist.tsx
    ./app/(main)/dashboard/page.tsx @ http://localhost:3000/_next/static/chunks/node_modules_next_dist_0u_w_5s._.js:1945
[ 5760800ms] [ERROR] ./components/dashboard/KoreanStockWatchlist.tsx:22:24
Expected ident
  20 |
  21 |   const stockMap = new Map((data?.data || []).map((q) => [q.symbol, q]));
> 22 |   const stocks: typeof (data extends undefined ? [] : data['data']) = POPULAR_STOCKS
     |                        ^
  23 |     .map((s) => stockMap.get(s.symbol))
  24 |     .filter((s): s is Exclude<typeof s, undefined> => s !== undefined);
  25 |

Parsing ecmascript source code failed

Import trace:
  Server Component:
    ./components/dashboard/KoreanStockWatchlist.tsx
    ./app/(main)/dashboard/page.tsx @ http://localhost:3000/_next/static/chunks/node_modules_next_dist_0u_w_5s._.js:1945
[ 5760883ms] [ERROR] ./components/dashboard/KoreanStockWatchlist.tsx:22:24
Expected ident
  20 |
  21 |   const stockMap = new Map((data?.data || []).map((q) => [q.symbol, q]));
> 22 |   const stocks: typeof (data extends undefined ? [] : data['data']) = POPULAR_STOCKS
     |                        ^
  23 |     .map((s) => stockMap.get(s.symbol))
  24 |     .filter((s): s is Exclude<typeof s, undefined> => s !== undefined);
  25 |

Parsing ecmascript source code failed

Import trace:
  Server Component:
    ./components/dashboard/KoreanStockWatchlist.tsx
    ./app/(main)/dashboard/page.tsx @ http://localhost:3000/_next/static/chunks/node_modules_next_dist_0u_w_5s._.js:1945
[ 5760923ms] [LOG] [Fast Refresh] rebuilding @ http://localhost:3000/_next/static/chunks/node_modules_next_dist_0u_w_5s._.js:1226
[ 5761005ms] [ERROR] ./components/dashboard/KoreanStockWatchlist.tsx:22:24
Expected ident
  20 |
  21 |   const stockMap = new Map((data?.data || []).map((q) => [q.symbol, q]));
> 22 |   const stocks: typeof (data extends undefined ? [] : data['data']) = POPULAR_STOCKS
     |                        ^
  23 |     .map((s) => stockMap.get(s.symbol))
  24 |     .filter((s): s is Exclude<typeof s, undefined> => s !== undefined);
  25 |

Parsing ecmascript source code failed

Import trace:
  Server Component:
    ./components/dashboard/KoreanStockWatchlist.tsx
    ./app/(main)/dashboard/page.tsx @ http://localhost:3000/_next/static/chunks/node_modules_next_dist_0u_w_5s._.js:1945
[ 5761079ms] [ERROR] ./components/dashboard/KoreanStockWatchlist.tsx:22:24
Expected ident
  20 |
  21 |   const stockMap = new Map((data?.data || []).map((q) => [q.symbol, q]));
> 22 |   const stocks: typeof (data extends undefined ? [] : data['data']) = POPULAR_STOCKS
     |                        ^
  23 |     .map((s) => stockMap.get(s.symbol))
  24 |     .filter((s): s is Exclude<typeof s, undefined> => s !== undefined);
  25 |

Parsing ecmascript source code failed

Import trace:
  Server Component:
    ./components/dashboard/KoreanStockWatchlist.tsx
    ./app/(main)/dashboard/page.tsx @ http://localhost:3000/_next/static/chunks/node_modules_next_dist_0u_w_5s._.js:1945
[ 5761140ms] [ERROR] ./components/dashboard/KoreanStockWatchlist.tsx:22:24
Expected ident
  20 |
  21 |   const stockMap = new Map((data?.data || []).map((q) => [q.symbol, q]));
> 22 |   const stocks: typeof (data extends undefined ? [] : data['data']) = POPULAR_STOCKS
     |                        ^
  23 |     .map((s) => stockMap.get(s.symbol))
  24 |     .filter((s): s is Exclude<typeof s, undefined> => s !== undefined);
  25 |

Parsing ecmascript source code failed

Import trace:
  Server Component:
    ./components/dashboard/KoreanStockWatchlist.tsx
    ./app/(main)/dashboard/page.tsx @ http://localhost:3000/_next/static/chunks/node_modules_next_dist_0u_w_5s._.js:1945
[ 5761200ms] [ERROR] ./components/dashboard/KoreanStockWatchlist.tsx:22:24
Expected ident
  20 |
  21 |   const stockMap = new Map((data?.data || []).map((q) => [q.symbol, q]));
> 22 |   const stocks: typeof (data extends undefined ? [] : data['data']) = POPULAR_STOCKS
     |                        ^
  23 |     .map((s) => stockMap.get(s.symbol))
  24 |     .filter((s): s is Exclude<typeof s, undefined> => s !== undefined);
  25 |

Parsing ecmascript source code failed

Import trace:
  Server Component:
    ./components/dashboard/KoreanStockWatchlist.tsx
    ./app/(main)/dashboard/page.tsx @ http://localhost:3000/_next/static/chunks/node_modules_next_dist_0u_w_5s._.js:1945
[ 5761260ms] [ERROR] ./components/dashboard/KoreanStockWatchlist.tsx:22:24
Expected ident
  20 |
  21 |   const stockMap = new Map((data?.data || []).map((q) => [q.symbol, q]));
> 22 |   const stocks: typeof (data extends undefined ? [] : data['data']) = POPULAR_STOCKS
     |                        ^
  23 |     .map((s) => stockMap.get(s.symbol))
  24 |     .filter((s): s is Exclude<typeof s, undefined> => s !== undefined);
  25 |

Parsing ecmascript source code failed

Import trace:
  Server Component:
    ./components/dashboard/KoreanStockWatchlist.tsx
    ./app/(main)/dashboard/page.tsx @ http://localhost:3000/_next/static/chunks/node_modules_next_dist_0u_w_5s._.js:1945
[ 5761321ms] [ERROR] ./components/dashboard/KoreanStockWatchlist.tsx:22:24
Expected ident
  20 |
  21 |   const stockMap = new Map((data?.data || []).map((q) => [q.symbol, q]));
> 22 |   const stocks: typeof (data extends undefined ? [] : data['data']) = POPULAR_STOCKS
     |                        ^
  23 |     .map((s) => stockMap.get(s.symbol))
  24 |     .filter((s): s is Exclude<typeof s, undefined> => s !== undefined);
  25 |

Parsing ecmascript source code failed

Import trace:
  Server Component:
    ./components/dashboard/KoreanStockWatchlist.tsx
    ./app/(main)/dashboard/page.tsx @ http://localhost:3000/_next/static/chunks/node_modules_next_dist_0u_w_5s._.js:1945
[ 5761380ms] [ERROR] ./components/dashboard/KoreanStockWatchlist.tsx:22:24
Expected ident
  20 |
  21 |   const stockMap = new Map((data?.data || []).map((q) => [q.symbol, q]));
> 22 |   const stocks: typeof (data extends undefined ? [] : data['data']) = POPULAR_STOCKS
     |                        ^
  23 |     .map((s) => stockMap.get(s.symbol))
  24 |     .filter((s): s is Exclude<typeof s, undefined> => s !== undefined);
  25 |

Parsing ecmascript source code failed

Import trace:
  Server Component:
    ./components/dashboard/KoreanStockWatchlist.tsx
    ./app/(main)/dashboard/page.tsx @ http://localhost:3000/_next/static/chunks/node_modules_next_dist_0u_w_5s._.js:1945
[ 5761442ms] [ERROR] ./components/dashboard/KoreanStockWatchlist.tsx:22:24
Expected ident
  20 |
  21 |   const stockMap = new Map((data?.data || []).map((q) => [q.symbol, q]));
> 22 |   const stocks: typeof (data extends undefined ? [] : data['data']) = POPULAR_STOCKS
     |                        ^
  23 |     .map((s) => stockMap.get(s.symbol))
  24 |     .filter((s): s is Exclude<typeof s, undefined> => s !== undefined);
  25 |

Parsing ecmascript source code failed

Import trace:
  Server Component:
    ./components/dashboard/KoreanStockWatchlist.tsx
    ./app/(main)/dashboard/page.tsx @ http://localhost:3000/_next/static/chunks/node_modules_next_dist_0u_w_5s._.js:1945
[ 5761519ms] [ERROR] ./components/dashboard/KoreanStockWatchlist.tsx:22:24
Expected ident
  20 |
  21 |   const stockMap = new Map((data?.data || []).map((q) => [q.symbol, q]));
> 22 |   const stocks: typeof (data extends undefined ? [] : data['data']) = POPULAR_STOCKS
     |                        ^
  23 |     .map((s) => stockMap.get(s.symbol))
  24 |     .filter((s): s is Exclude<typeof s, undefined> => s !== undefined);
  25 |

Parsing ecmascript source code failed

Import trace:
  Server Component:
    ./components/dashboard/KoreanStockWatchlist.tsx
    ./app/(main)/dashboard/page.tsx @ http://localhost:3000/_next/static/chunks/node_modules_next_dist_0u_w_5s._.js:1945
[ 5761586ms] [ERROR] ./components/dashboard/KoreanStockWatchlist.tsx:22:24
Expected ident
  20 |
  21 |   const stockMap = new Map((data?.data || []).map((q) => [q.symbol, q]));
> 22 |   const stocks: typeof (data extends undefined ? [] : data['data']) = POPULAR_STOCKS
     |                        ^
  23 |     .map((s) => stockMap.get(s.symbol))
  24 |     .filter((s): s is Exclude<typeof s, undefined> => s !== undefined);
  25 |

Parsing ecmascript source code failed

Import trace:
  Server Component:
    ./components/dashboard/KoreanStockWatchlist.tsx
    ./app/(main)/dashboard/page.tsx @ http://localhost:3000/_next/static/chunks/node_modules_next_dist_0u_w_5s._.js:1945
[ 5761676ms] [ERROR] ./components/dashboard/KoreanStockWatchlist.tsx:22:24
Expected ident
  20 |
  21 |   const stockMap = new Map((data?.data || []).map((q) => [q.symbol, q]));
> 22 |   const stocks: typeof (data extends undefined ? [] : data['data']) = POPULAR_STOCKS
     |                        ^
  23 |     .map((s) => stockMap.get(s.symbol))
  24 |     .filter((s): s is Exclude<typeof s, undefined> => s !== undefined);
  25 |

Parsing ecmascript source code failed

Import trace:
  Server Component:
    ./components/dashboard/KoreanStockWatchlist.tsx
    ./app/(main)/dashboard/page.tsx @ http://localhost:3000/_next/static/chunks/node_modules_next_dist_0u_w_5s._.js:1945
[ 5761736ms] [ERROR] ./components/dashboard/KoreanStockWatchlist.tsx:22:24
Expected ident
  20 |
  21 |   const stockMap = new Map((data?.data || []).map((q) => [q.symbol, q]));
> 22 |   const stocks: typeof (data extends undefined ? [] : data['data']) = POPULAR_STOCKS
     |                        ^
  23 |     .map((s) => stockMap.get(s.symbol))
  24 |     .filter((s): s is Exclude<typeof s, undefined> => s !== undefined);
  25 |

Parsing ecmascript source code failed

Import trace:
  Server Component:
    ./components/dashboard/KoreanStockWatchlist.tsx
    ./app/(main)/dashboard/page.tsx @ http://localhost:3000/_next/static/chunks/node_modules_next_dist_0u_w_5s._.js:1945
[ 5761796ms] [ERROR] ./components/dashboard/KoreanStockWatchlist.tsx:22:24
Expected ident
  20 |
  21 |   const stockMap = new Map((data?.data || []).map((q) => [q.symbol, q]));
> 22 |   const stocks: typeof (data extends undefined ? [] : data['data']) = POPULAR_STOCKS
     |                        ^
  23 |     .map((s) => stockMap.get(s.symbol))
  24 |     .filter((s): s is Exclude<typeof s, undefined> => s !== undefined);
  25 |

Parsing ecmascript source code failed

Import trace:
  Server Component:
    ./components/dashboard/KoreanStockWatchlist.tsx
    ./app/(main)/dashboard/page.tsx @ http://localhost:3000/_next/static/chunks/node_modules_next_dist_0u_w_5s._.js:1945
[ 5761856ms] [ERROR] ./components/dashboard/KoreanStockWatchlist.tsx:22:24
Expected ident
  20 |
  21 |   const stockMap = new Map((data?.data || []).map((q) => [q.symbol, q]));
> 22 |   const stocks: typeof (data extends undefined ? [] : data['data']) = POPULAR_STOCKS
     |                        ^
  23 |     .map((s) => stockMap.get(s.symbol))
  24 |     .filter((s): s is Exclude<typeof s, undefined> => s !== undefined);
  25 |

Parsing ecmascript source code failed

Import trace:
  Server Component:
    ./components/dashboard/KoreanStockWatchlist.tsx
    ./app/(main)/dashboard/page.tsx @ http://localhost:3000/_next/static/chunks/node_modules_next_dist_0u_w_5s._.js:1945
[ 5761916ms] [ERROR] ./components/dashboard/KoreanStockWatchlist.tsx:22:24
Expected ident
  20 |
  21 |   const stockMap = new Map((data?.data || []).map((q) => [q.symbol, q]));
> 22 |   const stocks: typeof (data extends undefined ? [] : data['data']) = POPULAR_STOCKS
     |                        ^
  23 |     .map((s) => stockMap.get(s.symbol))
  24 |     .filter((s): s is Exclude<typeof s, undefined> => s !== undefined);
  25 |

Parsing ecmascript source code failed

Import trace:
  Server Component:
    ./components/dashboard/KoreanStockWatchlist.tsx
    ./app/(main)/dashboard/page.tsx @ http://localhost:3000/_next/static/chunks/node_modules_next_dist_0u_w_5s._.js:1945
[ 5761976ms] [ERROR] ./components/dashboard/KoreanStockWatchlist.tsx:22:24
Expected ident
  20 |
  21 |   const stockMap = new Map((data?.data || []).map((q) => [q.symbol, q]));
> 22 |   const stocks: typeof (data extends undefined ? [] : data['data']) = POPULAR_STOCKS
     |                        ^
  23 |     .map((s) => stockMap.get(s.symbol))
  24 |     .filter((s): s is Exclude<typeof s, undefined> => s !== undefined);
  25 |

Parsing ecmascript source code failed

Import trace:
  Server Component:
    ./components/dashboard/KoreanStockWatchlist.tsx
    ./app/(main)/dashboard/page.tsx @ http://localhost:3000/_next/static/chunks/node_modules_next_dist_0u_w_5s._.js:1945
[ 5762036ms] [ERROR] ./components/dashboard/KoreanStockWatchlist.tsx:22:24
Expected ident
  20 |
  21 |   const stockMap = new Map((data?.data || []).map((q) => [q.symbol, q]));
> 22 |   const stocks: typeof (data extends undefined ? [] : data['data']) = POPULAR_STOCKS
     |                        ^
  23 |     .map((s) => stockMap.get(s.symbol))
  24 |     .filter((s): s is Exclude<typeof s, undefined> => s !== undefined);
  25 |

Parsing ecmascript source code failed

Import trace:
  Server Component:
    ./components/dashboard/KoreanStockWatchlist.tsx
    ./app/(main)/dashboard/page.tsx @ http://localhost:3000/_next/static/chunks/node_modules_next_dist_0u_w_5s._.js:1945
[ 5762096ms] [ERROR] ./components/dashboard/KoreanStockWatchlist.tsx:22:24
Expected ident
  20 |
  21 |   const stockMap = new Map((data?.data || []).map((q) => [q.symbol, q]));
> 22 |   const stocks: typeof (data extends undefined ? [] : data['data']) = POPULAR_STOCKS
     |                        ^
  23 |     .map((s) => stockMap.get(s.symbol))
  24 |     .filter((s): s is Exclude<typeof s, undefined> => s !== undefined);
  25 |

Parsing ecmascript source code failed

Import trace:
  Server Component:
    ./components/dashboard/KoreanStockWatchlist.tsx
    ./app/(main)/dashboard/page.tsx @ http://localhost:3000/_next/static/chunks/node_modules_next_dist_0u_w_5s._.js:1945
[ 5762156ms] [ERROR] ./components/dashboard/KoreanStockWatchlist.tsx:22:24
Expected ident
  20 |
  21 |   const stockMap = new Map((data?.data || []).map((q) => [q.symbol, q]));
> 22 |   const stocks: typeof (data extends undefined ? [] : data['data']) = POPULAR_STOCKS
     |                        ^
  23 |     .map((s) => stockMap.get(s.symbol))
  24 |     .filter((s): s is Exclude<typeof s, undefined> => s !== undefined);
  25 |

Parsing ecmascript source code failed

Import trace:
  Server Component:
    ./components/dashboard/KoreanStockWatchlist.tsx
    ./app/(main)/dashboard/page.tsx @ http://localhost:3000/_next/static/chunks/node_modules_next_dist_0u_w_5s._.js:1945
[ 5762216ms] [ERROR] ./components/dashboard/KoreanStockWatchlist.tsx:22:24
Expected ident
  20 |
  21 |   const stockMap = new Map((data?.data || []).map((q) => [q.symbol, q]));
> 22 |   const stocks: typeof (data extends undefined ? [] : data['data']) = POPULAR_STOCKS
     |                        ^
  23 |     .map((s) => stockMap.get(s.symbol))
  24 |     .filter((s): s is Exclude<typeof s, undefined> => s !== undefined);
  25 |

Parsing ecmascript source code failed

Import trace:
  Server Component:
    ./components/dashboard/KoreanStockWatchlist.tsx
    ./app/(main)/dashboard/page.tsx @ http://localhost:3000/_next/static/chunks/node_modules_next_dist_0u_w_5s._.js:1945
[ 5762276ms] [ERROR] ./components/dashboard/KoreanStockWatchlist.tsx:22:24
Expected ident
  20 |
  21 |   const stockMap = new Map((data?.data || []).map((q) => [q.symbol, q]));
> 22 |   const stocks: typeof (data extends undefined ? [] : data['data']) = POPULAR_STOCKS
     |                        ^
  23 |     .map((s) => stockMap.get(s.symbol))
  24 |     .filter((s): s is Exclude<typeof s, undefined> => s !== undefined);
  25 |

Parsing ecmascript source code failed

Import trace:
  Server Component:
    ./components/dashboard/KoreanStockWatchlist.tsx
    ./app/(main)/dashboard/page.tsx @ http://localhost:3000/_next/static/chunks/node_modules_next_dist_0u_w_5s._.js:1945
[ 5762337ms] [ERROR] ./components/dashboard/KoreanStockWatchlist.tsx:22:24
Expected ident
  20 |
  21 |   const stockMap = new Map((data?.data || []).map((q) => [q.symbol, q]));
> 22 |   const stocks: typeof (data extends undefined ? [] : data['data']) = POPULAR_STOCKS
     |                        ^
  23 |     .map((s) => stockMap.get(s.symbol))
  24 |     .filter((s): s is Exclude<typeof s, undefined> => s !== undefined);
  25 |

Parsing ecmascript source code failed

Import trace:
  Server Component:
    ./components/dashboard/KoreanStockWatchlist.tsx
    ./app/(main)/dashboard/page.tsx @ http://localhost:3000/_next/static/chunks/node_modules_next_dist_0u_w_5s._.js:1945
[ 5762398ms] [ERROR] ./components/dashboard/KoreanStockWatchlist.tsx:22:24
Expected ident
  20 |
  21 |   const stockMap = new Map((data?.data || []).map((q) => [q.symbol, q]));
> 22 |   const stocks: typeof (data extends undefined ? [] : data['data']) = POPULAR_STOCKS
     |                        ^
  23 |     .map((s) => stockMap.get(s.symbol))
  24 |     .filter((s): s is Exclude<typeof s, undefined> => s !== undefined);
  25 |

Parsing ecmascript source code failed

Import trace:
  Server Component:
    ./components/dashboard/KoreanStockWatchlist.tsx
    ./app/(main)/dashboard/page.tsx @ http://localhost:3000/_next/static/chunks/node_modules_next_dist_0u_w_5s._.js:1945
[ 5762459ms] [ERROR] ./components/dashboard/KoreanStockWatchlist.tsx:22:24
Expected ident
  20 |
  21 |   const stockMap = new Map((data?.data || []).map((q) => [q.symbol, q]));
> 22 |   const stocks: typeof (data extends undefined ? [] : data['data']) = POPULAR_STOCKS
     |                        ^
  23 |     .map((s) => stockMap.get(s.symbol))
  24 |     .filter((s): s is Exclude<typeof s, undefined> => s !== undefined);
  25 |

Parsing ecmascript source code failed

Import trace:
  Server Component:
    ./components/dashboard/KoreanStockWatchlist.tsx
    ./app/(main)/dashboard/page.tsx @ http://localhost:3000/_next/static/chunks/node_modules_next_dist_0u_w_5s._.js:1945
[ 5762517ms] [ERROR] ./components/dashboard/KoreanStockWatchlist.tsx:22:24
Expected ident
  20 |
  21 |   const stockMap = new Map((data?.data || []).map((q) => [q.symbol, q]));
> 22 |   const stocks: typeof (data extends undefined ? [] : data['data']) = POPULAR_STOCKS
     |                        ^
  23 |     .map((s) => stockMap.get(s.symbol))
  24 |     .filter((s): s is Exclude<typeof s, undefined> => s !== undefined);
  25 |

Parsing ecmascript source code failed

Import trace:
  Server Component:
    ./components/dashboard/KoreanStockWatchlist.tsx
    ./app/(main)/dashboard/page.tsx @ http://localhost:3000/_next/static/chunks/node_modules_next_dist_0u_w_5s._.js:1945
[ 5762577ms] [ERROR] ./components/dashboard/KoreanStockWatchlist.tsx:22:24
Expected ident
  20 |
  21 |   const stockMap = new Map((data?.data || []).map((q) => [q.symbol, q]));
> 22 |   const stocks: typeof (data extends undefined ? [] : data['data']) = POPULAR_STOCKS
     |                        ^
  23 |     .map((s) => stockMap.get(s.symbol))
  24 |     .filter((s): s is Exclude<typeof s, undefined> => s !== undefined);
  25 |

Parsing ecmascript source code failed

Import trace:
  Server Component:
    ./components/dashboard/KoreanStockWatchlist.tsx
    ./app/(main)/dashboard/page.tsx @ http://localhost:3000/_next/static/chunks/node_modules_next_dist_0u_w_5s._.js:1945
[ 5762637ms] [ERROR] ./components/dashboard/KoreanStockWatchlist.tsx:22:24
Expected ident
  20 |
  21 |   const stockMap = new Map((data?.data || []).map((q) => [q.symbol, q]));
> 22 |   const stocks: typeof (data extends undefined ? [] : data['data']) = POPULAR_STOCKS
     |                        ^
  23 |     .map((s) => stockMap.get(s.symbol))
  24 |     .filter((s): s is Exclude<typeof s, undefined> => s !== undefined);
  25 |

Parsing ecmascript source code failed

Import trace:
  Server Component:
    ./components/dashboard/KoreanStockWatchlist.tsx
    ./app/(main)/dashboard/page.tsx @ http://localhost:3000/_next/static/chunks/node_modules_next_dist_0u_w_5s._.js:1945
[ 5762697ms] [ERROR] ./components/dashboard/KoreanStockWatchlist.tsx:22:24
Expected ident
  20 |
  21 |   const stockMap = new Map((data?.data || []).map((q) => [q.symbol, q]));
> 22 |   const stocks: typeof (data extends undefined ? [] : data['data']) = POPULAR_STOCKS
     |                        ^
  23 |     .map((s) => stockMap.get(s.symbol))
  24 |     .filter((s): s is Exclude<typeof s, undefined> => s !== undefined);
  25 |

Parsing ecmascript source code failed

Import trace:
  Server Component:
    ./components/dashboard/KoreanStockWatchlist.tsx
    ./app/(main)/dashboard/page.tsx @ http://localhost:3000/_next/static/chunks/node_modules_next_dist_0u_w_5s._.js:1945
[ 5762758ms] [ERROR] ./components/dashboard/KoreanStockWatchlist.tsx:22:24
Expected ident
  20 |
  21 |   const stockMap = new Map((data?.data || []).map((q) => [q.symbol, q]));
> 22 |   const stocks: typeof (data extends undefined ? [] : data['data']) = POPULAR_STOCKS
     |                        ^
  23 |     .map((s) => stockMap.get(s.symbol))
  24 |     .filter((s): s is Exclude<typeof s, undefined> => s !== undefined);
  25 |

Parsing ecmascript source code failed

Import trace:
  Server Component:
    ./components/dashboard/KoreanStockWatchlist.tsx
    ./app/(main)/dashboard/page.tsx @ http://localhost:3000/_next/static/chunks/node_modules_next_dist_0u_w_5s._.js:1945
[ 5762820ms] [ERROR] ./components/dashboard/KoreanStockWatchlist.tsx:22:24
Expected ident
  20 |
  21 |   const stockMap = new Map((data?.data || []).map((q) => [q.symbol, q]));
> 22 |   const stocks: typeof (data extends undefined ? [] : data['data']) = POPULAR_STOCKS
     |                        ^
  23 |     .map((s) => stockMap.get(s.symbol))
  24 |     .filter((s): s is Exclude<typeof s, undefined> => s !== undefined);
  25 |

Parsing ecmascript source code failed

Import trace:
  Server Component:
    ./components/dashboard/KoreanStockWatchlist.tsx
    ./app/(main)/dashboard/page.tsx @ http://localhost:3000/_next/static/chunks/node_modules_next_dist_0u_w_5s._.js:1945
[ 5762895ms] [ERROR] ./components/dashboard/KoreanStockWatchlist.tsx:22:24
Expected ident
  20 |
  21 |   const stockMap = new Map((data?.data || []).map((q) => [q.symbol, q]));
> 22 |   const stocks: typeof (data extends undefined ? [] : data['data']) = POPULAR_STOCKS
     |                        ^
  23 |     .map((s) => stockMap.get(s.symbol))
  24 |     .filter((s): s is Exclude<typeof s, undefined> => s !== undefined);
  25 |

Parsing ecmascript source code failed

Import trace:
  Server Component:
    ./components/dashboard/KoreanStockWatchlist.tsx
    ./app/(main)/dashboard/page.tsx @ http://localhost:3000/_next/static/chunks/node_modules_next_dist_0u_w_5s._.js:1945
[ 5762956ms] [ERROR] ./components/dashboard/KoreanStockWatchlist.tsx:22:24
Expected ident
  20 |
  21 |   const stockMap = new Map((data?.data || []).map((q) => [q.symbol, q]));
> 22 |   const stocks: typeof (data extends undefined ? [] : data['data']) = POPULAR_STOCKS
     |                        ^
  23 |     .map((s) => stockMap.get(s.symbol))
  24 |     .filter((s): s is Exclude<typeof s, undefined> => s !== undefined);
  25 |

Parsing ecmascript source code failed

Import trace:
  Server Component:
    ./components/dashboard/KoreanStockWatchlist.tsx
    ./app/(main)/dashboard/page.tsx @ http://localhost:3000/_next/static/chunks/node_modules_next_dist_0u_w_5s._.js:1945
[ 5763017ms] [ERROR] ./components/dashboard/KoreanStockWatchlist.tsx:22:24
Expected ident
  20 |
  21 |   const stockMap = new Map((data?.data || []).map((q) => [q.symbol, q]));
> 22 |   const stocks: typeof (data extends undefined ? [] : data['data']) = POPULAR_STOCKS
     |                        ^
  23 |     .map((s) => stockMap.get(s.symbol))
  24 |     .filter((s): s is Exclude<typeof s, undefined> => s !== undefined);
  25 |

Parsing ecmascript source code failed

Import trace:
  Server Component:
    ./components/dashboard/KoreanStockWatchlist.tsx
    ./app/(main)/dashboard/page.tsx @ http://localhost:3000/_next/static/chunks/node_modules_next_dist_0u_w_5s._.js:1945
[ 5763080ms] [ERROR] ./components/dashboard/KoreanStockWatchlist.tsx:22:24
Expected ident
  20 |
  21 |   const stockMap = new Map((data?.data || []).map((q) => [q.symbol, q]));
> 22 |   const stocks: typeof (data extends undefined ? [] : data['data']) = POPULAR_STOCKS
     |                        ^
  23 |     .map((s) => stockMap.get(s.symbol))
  24 |     .filter((s): s is Exclude<typeof s, undefined> => s !== undefined);
  25 |

Parsing ecmascript source code failed

Import trace:
  Server Component:
    ./components/dashboard/KoreanStockWatchlist.tsx
    ./app/(main)/dashboard/page.tsx @ http://localhost:3000/_next/static/chunks/node_modules_next_dist_0u_w_5s._.js:1945
[ 5763153ms] [ERROR] ./components/dashboard/KoreanStockWatchlist.tsx:22:24
Expected ident
  20 |
  21 |   const stockMap = new Map((data?.data || []).map((q) => [q.symbol, q]));
> 22 |   const stocks: typeof (data extends undefined ? [] : data['data']) = POPULAR_STOCKS
     |                        ^
  23 |     .map((s) => stockMap.get(s.symbol))
  24 |     .filter((s): s is Exclude<typeof s, undefined> => s !== undefined);
  25 |

Parsing ecmascript source code failed

Import trace:
  Server Component:
    ./components/dashboard/KoreanStockWatchlist.tsx
    ./app/(main)/dashboard/page.tsx @ http://localhost:3000/_next/static/chunks/node_modules_next_dist_0u_w_5s._.js:1945
[ 5763214ms] [ERROR] ./components/dashboard/KoreanStockWatchlist.tsx:22:24
Expected ident
  20 |
  21 |   const stockMap = new Map((data?.data || []).map((q) => [q.symbol, q]));
> 22 |   const stocks: typeof (data extends undefined ? [] : data['data']) = POPULAR_STOCKS
     |                        ^
  23 |     .map((s) => stockMap.get(s.symbol))
  24 |     .filter((s): s is Exclude<typeof s, undefined> => s !== undefined);
  25 |

Parsing ecmascript source code failed

Import trace:
  Server Component:
    ./components/dashboard/KoreanStockWatchlist.tsx
    ./app/(main)/dashboard/page.tsx @ http://localhost:3000/_next/static/chunks/node_modules_next_dist_0u_w_5s._.js:1945
[ 5763277ms] [ERROR] ./components/dashboard/KoreanStockWatchlist.tsx:22:24
Expected ident
  20 |
  21 |   const stockMap = new Map((data?.data || []).map((q) => [q.symbol, q]));
> 22 |   const stocks: typeof (data extends undefined ? [] : data['data']) = POPULAR_STOCKS
     |                        ^
  23 |     .map((s) => stockMap.get(s.symbol))
  24 |     .filter((s): s is Exclude<typeof s, undefined> => s !== undefined);
  25 |

Parsing ecmascript source code failed

Import trace:
  Server Component:
    ./components/dashboard/KoreanStockWatchlist.tsx
    ./app/(main)/dashboard/page.tsx @ http://localhost:3000/_next/static/chunks/node_modules_next_dist_0u_w_5s._.js:1945
[ 5763339ms] [ERROR] ./components/dashboard/KoreanStockWatchlist.tsx:22:24
Expected ident
  20 |
  21 |   const stockMap = new Map((data?.data || []).map((q) => [q.symbol, q]));
> 22 |   const stocks: typeof (data extends undefined ? [] : data['data']) = POPULAR_STOCKS
     |                        ^
  23 |     .map((s) => stockMap.get(s.symbol))
  24 |     .filter((s): s is Exclude<typeof s, undefined> => s !== undefined);
  25 |

Parsing ecmascript source code failed

Import trace:
  Server Component:
    ./components/dashboard/KoreanStockWatchlist.tsx
    ./app/(main)/dashboard/page.tsx @ http://localhost:3000/_next/static/chunks/node_modules_next_dist_0u_w_5s._.js:1945
[ 5763432ms] [LOG] [Fast Refresh] rebuilding @ http://localhost:3000/_next/static/chunks/node_modules_next_dist_0u_w_5s._.js:1226
[ 5763576ms] [LOG] [Fast Refresh] rebuilding @ http://localhost:3000/_next/static/chunks/node_modules_next_dist_0u_w_5s._.js:1226
[ 5763625ms] [ERROR] ./components/dashboard/KoreanStockWatchlist.tsx:22:24
Expected ident
  20 |
  21 |   const stockMap = new Map((data?.data || []).map((q) => [q.symbol, q]));
> 22 |   const stocks: typeof (data extends undefined ? [] : data['data']) = POPULAR_STOCKS
     |                        ^
  23 |     .map((s) => stockMap.get(s.symbol))
  24 |     .filter((s): s is Exclude<typeof s, undefined> => s !== undefined);
  25 |

Parsing ecmascript source code failed

Import trace:
  Server Component:
    ./components/dashboard/KoreanStockWatchlist.tsx
    ./app/(main)/dashboard/page.tsx @ http://localhost:3000/_next/static/chunks/node_modules_next_dist_0u_w_5s._.js:1945
[ 5763643ms] [ERROR] ./components/dashboard/KoreanStockWatchlist.tsx:22:24
Expected ident
  20 |
  21 |   const stockMap = new Map((data?.data || []).map((q) => [q.symbol, q]));
> 22 |   const stocks: typeof (data extends undefined ? [] : data['data']) = POPULAR_STOCKS
     |                        ^
  23 |     .map((s) => stockMap.get(s.symbol))
  24 |     .filter((s): s is Exclude<typeof s, undefined> => s !== undefined);
  25 |

Parsing ecmascript source code failed

Import trace:
  Server Component:
    ./components/dashboard/KoreanStockWatchlist.tsx
    ./app/(main)/dashboard/page.tsx @ http://localhost:3000/_next/static/chunks/node_modules_next_dist_0u_w_5s._.js:1945
[ 5763701ms] [ERROR] ./components/dashboard/KoreanStockWatchlist.tsx:22:24
Expected ident
  20 |
  21 |   const stockMap = new Map((data?.data || []).map((q) => [q.symbol, q]));
> 22 |   const stocks: typeof (data extends undefined ? [] : data['data']) = POPULAR_STOCKS
     |                        ^
  23 |     .map((s) => stockMap.get(s.symbol))
  24 |     .filter((s): s is Exclude<typeof s, undefined> => s !== undefined);
  25 |

Parsing ecmascript source code failed

Import trace:
  Server Component:
    ./components/dashboard/KoreanStockWatchlist.tsx
    ./app/(main)/dashboard/page.tsx @ http://localhost:3000/_next/static/chunks/node_modules_next_dist_0u_w_5s._.js:1945
[ 5763761ms] [ERROR] ./components/dashboard/KoreanStockWatchlist.tsx:22:24
Expected ident
  20 |
  21 |   const stockMap = new Map((data?.data || []).map((q) => [q.symbol, q]));
> 22 |   const stocks: typeof (data extends undefined ? [] : data['data']) = POPULAR_STOCKS
     |                        ^
  23 |     .map((s) => stockMap.get(s.symbol))
  24 |     .filter((s): s is Exclude<typeof s, undefined> => s !== undefined);
  25 |

Parsing ecmascript source code failed

Import trace:
  Server Component:
    ./components/dashboard/KoreanStockWatchlist.tsx
    ./app/(main)/dashboard/page.tsx @ http://localhost:3000/_next/static/chunks/node_modules_next_dist_0u_w_5s._.js:1945
[ 5763836ms] [ERROR] ./components/dashboard/KoreanStockWatchlist.tsx:22:24
Expected ident
  20 |
  21 |   const stockMap = new Map((data?.data || []).map((q) => [q.symbol, q]));
> 22 |   const stocks: typeof (data extends undefined ? [] : data['data']) = POPULAR_STOCKS
     |                        ^
  23 |     .map((s) => stockMap.get(s.symbol))
  24 |     .filter((s): s is Exclude<typeof s, undefined> => s !== undefined);
  25 |

Parsing ecmascript source code failed

Import trace:
  Server Component:
    ./components/dashboard/KoreanStockWatchlist.tsx
    ./app/(main)/dashboard/page.tsx @ http://localhost:3000/_next/static/chunks/node_modules_next_dist_0u_w_5s._.js:1945
[ 5763896ms] [ERROR] ./components/dashboard/KoreanStockWatchlist.tsx:22:24
Expected ident
  20 |
  21 |   const stockMap = new Map((data?.data || []).map((q) => [q.symbol, q]));
> 22 |   const stocks: typeof (data extends undefined ? [] : data['data']) = POPULAR_STOCKS
     |                        ^
  23 |     .map((s) => stockMap.get(s.symbol))
  24 |     .filter((s): s is Exclude<typeof s, undefined> => s !== undefined);
  25 |

Parsing ecmascript source code failed

Import trace:
  Server Component:
    ./components/dashboard/KoreanStockWatchlist.tsx
    ./app/(main)/dashboard/page.tsx @ http://localhost:3000/_next/static/chunks/node_modules_next_dist_0u_w_5s._.js:1945
[ 5763955ms] [ERROR] ./components/dashboard/KoreanStockWatchlist.tsx:22:24
Expected ident
  20 |
  21 |   const stockMap = new Map((data?.data || []).map((q) => [q.symbol, q]));
> 22 |   const stocks: typeof (data extends undefined ? [] : data['data']) = POPULAR_STOCKS
     |                        ^
  23 |     .map((s) => stockMap.get(s.symbol))
  24 |     .filter((s): s is Exclude<typeof s, undefined> => s !== undefined);
  25 |

Parsing ecmascript source code failed

Import trace:
  Server Component:
    ./components/dashboard/KoreanStockWatchlist.tsx
    ./app/(main)/dashboard/page.tsx @ http://localhost:3000/_next/static/chunks/node_modules_next_dist_0u_w_5s._.js:1945
[ 5764016ms] [ERROR] ./components/dashboard/KoreanStockWatchlist.tsx:22:24
Expected ident
  20 |
  21 |   const stockMap = new Map((data?.data || []).map((q) => [q.symbol, q]));
> 22 |   const stocks: typeof (data extends undefined ? [] : data['data']) = POPULAR_STOCKS
     |                        ^
  23 |     .map((s) => stockMap.get(s.symbol))
  24 |     .filter((s): s is Exclude<typeof s, undefined> => s !== undefined);
  25 |

Parsing ecmascript source code failed

Import trace:
  Server Component:
    ./components/dashboard/KoreanStockWatchlist.tsx
    ./app/(main)/dashboard/page.tsx @ http://localhost:3000/_next/static/chunks/node_modules_next_dist_0u_w_5s._.js:1945
[ 5764076ms] [ERROR] ./components/dashboard/KoreanStockWatchlist.tsx:22:24
Expected ident
  20 |
  21 |   const stockMap = new Map((data?.data || []).map((q) => [q.symbol, q]));
> 22 |   const stocks: typeof (data extends undefined ? [] : data['data']) = POPULAR_STOCKS
     |                        ^
  23 |     .map((s) => stockMap.get(s.symbol))
  24 |     .filter((s): s is Exclude<typeof s, undefined> => s !== undefined);
  25 |

Parsing ecmascript source code failed

Import trace:
  Server Component:
    ./components/dashboard/KoreanStockWatchlist.tsx
    ./app/(main)/dashboard/page.tsx @ http://localhost:3000/_next/static/chunks/node_modules_next_dist_0u_w_5s._.js:1945
[ 5764138ms] [ERROR] ./components/dashboard/KoreanStockWatchlist.tsx:22:24
Expected ident
  20 |
  21 |   const stockMap = new Map((data?.data || []).map((q) => [q.symbol, q]));
> 22 |   const stocks: typeof (data extends undefined ? [] : data['data']) = POPULAR_STOCKS
     |                        ^
  23 |     .map((s) => stockMap.get(s.symbol))
  24 |     .filter((s): s is Exclude<typeof s, undefined> => s !== undefined);
  25 |

Parsing ecmascript source code failed

Import trace:
  Server Component:
    ./components/dashboard/KoreanStockWatchlist.tsx
    ./app/(main)/dashboard/page.tsx @ http://localhost:3000/_next/static/chunks/node_modules_next_dist_0u_w_5s._.js:1945
[ 5764217ms] [ERROR] ./components/dashboard/KoreanStockWatchlist.tsx:22:24
Expected ident
  20 |
  21 |   const stockMap = new Map((data?.data || []).map((q) => [q.symbol, q]));
> 22 |   const stocks: typeof (data extends undefined ? [] : data['data']) = POPULAR_STOCKS
     |                        ^
  23 |     .map((s) => stockMap.get(s.symbol))
  24 |     .filter((s): s is Exclude<typeof s, undefined> => s !== undefined);
  25 |

Parsing ecmascript source code failed

Import trace:
  Server Component:
    ./components/dashboard/KoreanStockWatchlist.tsx
    ./app/(main)/dashboard/page.tsx @ http://localhost:3000/_next/static/chunks/node_modules_next_dist_0u_w_5s._.js:1945
[ 5764280ms] [ERROR] ./components/dashboard/KoreanStockWatchlist.tsx:22:24
Expected ident
  20 |
  21 |   const stockMap = new Map((data?.data || []).map((q) => [q.symbol, q]));
> 22 |   const stocks: typeof (data extends undefined ? [] : data['data']) = POPULAR_STOCKS
     |                        ^
  23 |     .map((s) => stockMap.get(s.symbol))
  24 |     .filter((s): s is Exclude<typeof s, undefined> => s !== undefined);
  25 |

Parsing ecmascript source code failed

Import trace:
  Server Component:
    ./components/dashboard/KoreanStockWatchlist.tsx
    ./app/(main)/dashboard/page.tsx @ http://localhost:3000/_next/static/chunks/node_modules_next_dist_0u_w_5s._.js:1945
[ 5764343ms] [ERROR] ./components/dashboard/KoreanStockWatchlist.tsx:22:24
Expected ident
  20 |
  21 |   const stockMap = new Map((data?.data || []).map((q) => [q.symbol, q]));
> 22 |   const stocks: typeof (data extends undefined ? [] : data['data']) = POPULAR_STOCKS
     |                        ^
  23 |     .map((s) => stockMap.get(s.symbol))
  24 |     .filter((s): s is Exclude<typeof s, undefined> => s !== undefined);
  25 |

Parsing ecmascript source code failed

Import trace:
  Server Component:
    ./components/dashboard/KoreanStockWatchlist.tsx
    ./app/(main)/dashboard/page.tsx @ http://localhost:3000/_next/static/chunks/node_modules_next_dist_0u_w_5s._.js:1945
[ 5764483ms] [LOG] [Fast Refresh] rebuilding @ http://localhost:3000/_next/static/chunks/node_modules_next_dist_0u_w_5s._.js:1226
[ 5764484ms] [ERROR] ./components/dashboard/KoreanStockWatchlist.tsx:22:24
Expected ident
  20 |
  21 |   const stockMap = new Map((data?.data || []).map((q) => [q.symbol, q]));
> 22 |   const stocks: typeof (data extends undefined ? [] : data['data']) = POPULAR_STOCKS
     |                        ^
  23 |     .map((s) => stockMap.get(s.symbol))
  24 |     .filter((s): s is Exclude<typeof s, undefined> => s !== undefined);
  25 |

Parsing ecmascript source code failed

Import trace:
  Server Component:
    ./components/dashboard/KoreanStockWatchlist.tsx
    ./app/(main)/dashboard/page.tsx @ http://localhost:3000/_next/static/chunks/node_modules_next_dist_0u_w_5s._.js:1945
[ 5764561ms] [ERROR] ./components/dashboard/KoreanStockWatchlist.tsx:22:24
Expected ident
  20 |
  21 |   const stockMap = new Map((data?.data || []).map((q) => [q.symbol, q]));
> 22 |   const stocks: typeof (data extends undefined ? [] : data['data']) = POPULAR_STOCKS
     |                        ^
  23 |     .map((s) => stockMap.get(s.symbol))
  24 |     .filter((s): s is Exclude<typeof s, undefined> => s !== undefined);
  25 |

Parsing ecmascript source code failed

Import trace:
  Server Component:
    ./components/dashboard/KoreanStockWatchlist.tsx
    ./app/(main)/dashboard/page.tsx @ http://localhost:3000/_next/static/chunks/node_modules_next_dist_0u_w_5s._.js:1945
[ 5764620ms] [ERROR] ./components/dashboard/KoreanStockWatchlist.tsx:22:24
Expected ident
  20 |
  21 |   const stockMap = new Map((data?.data || []).map((q) => [q.symbol, q]));
> 22 |   const stocks: typeof (data extends undefined ? [] : data['data']) = POPULAR_STOCKS
     |                        ^
  23 |     .map((s) => stockMap.get(s.symbol))
  24 |     .filter((s): s is Exclude<typeof s, undefined> => s !== undefined);
  25 |

Parsing ecmascript source code failed

Import trace:
  Server Component:
    ./components/dashboard/KoreanStockWatchlist.tsx
    ./app/(main)/dashboard/page.tsx @ http://localhost:3000/_next/static/chunks/node_modules_next_dist_0u_w_5s._.js:1945
[ 5764680ms] [ERROR] ./components/dashboard/KoreanStockWatchlist.tsx:22:24
Expected ident
  20 |
  21 |   const stockMap = new Map((data?.data || []).map((q) => [q.symbol, q]));
> 22 |   const stocks: typeof (data extends undefined ? [] : data['data']) = POPULAR_STOCKS
     |                        ^
  23 |     .map((s) => stockMap.get(s.symbol))
  24 |     .filter((s): s is Exclude<typeof s, undefined> => s !== undefined);
  25 |

Parsing ecmascript source code failed

Import trace:
  Server Component:
    ./components/dashboard/KoreanStockWatchlist.tsx
    ./app/(main)/dashboard/page.tsx @ http://localhost:3000/_next/static/chunks/node_modules_next_dist_0u_w_5s._.js:1945
[ 5764740ms] [ERROR] ./components/dashboard/KoreanStockWatchlist.tsx:22:24
Expected ident
  20 |
  21 |   const stockMap = new Map((data?.data || []).map((q) => [q.symbol, q]));
> 22 |   const stocks: typeof (data extends undefined ? [] : data['data']) = POPULAR_STOCKS
     |                        ^
  23 |     .map((s) => stockMap.get(s.symbol))
  24 |     .filter((s): s is Exclude<typeof s, undefined> => s !== undefined);
  25 |

Parsing ecmascript source code failed

Import trace:
  Server Component:
    ./components/dashboard/KoreanStockWatchlist.tsx
    ./app/(main)/dashboard/page.tsx @ http://localhost:3000/_next/static/chunks/node_modules_next_dist_0u_w_5s._.js:1945
[ 5764800ms] [ERROR] ./components/dashboard/KoreanStockWatchlist.tsx:22:24
Expected ident
  20 |
  21 |   const stockMap = new Map((data?.data || []).map((q) => [q.symbol, q]));
> 22 |   const stocks: typeof (data extends undefined ? [] : data['data']) = POPULAR_STOCKS
     |                        ^
  23 |     .map((s) => stockMap.get(s.symbol))
  24 |     .filter((s): s is Exclude<typeof s, undefined> => s !== undefined);
  25 |

Parsing ecmascript source code failed

Import trace:
  Server Component:
    ./components/dashboard/KoreanStockWatchlist.tsx
    ./app/(main)/dashboard/page.tsx @ http://localhost:3000/_next/static/chunks/node_modules_next_dist_0u_w_5s._.js:1945
[ 5764868ms] [ERROR] ./components/dashboard/KoreanStockWatchlist.tsx:22:24
Expected ident
  20 |
  21 |   const stockMap = new Map((data?.data || []).map((q) => [q.symbol, q]));
> 22 |   const stocks: typeof (data extends undefined ? [] : data['data']) = POPULAR_STOCKS
     |                        ^
  23 |     .map((s) => stockMap.get(s.symbol))
  24 |     .filter((s): s is Exclude<typeof s, undefined> => s !== undefined);
  25 |

Parsing ecmascript source code failed

Import trace:
  Server Component:
    ./components/dashboard/KoreanStockWatchlist.tsx
    ./app/(main)/dashboard/page.tsx @ http://localhost:3000/_next/static/chunks/node_modules_next_dist_0u_w_5s._.js:1945
[ 5764928ms] [ERROR] ./components/dashboard/KoreanStockWatchlist.tsx:22:24
Expected ident
  20 |
  21 |   const stockMap = new Map((data?.data || []).map((q) => [q.symbol, q]));
> 22 |   const stocks: typeof (data extends undefined ? [] : data['data']) = POPULAR_STOCKS
     |                        ^
  23 |     .map((s) => stockMap.get(s.symbol))
  24 |     .filter((s): s is Exclude<typeof s, undefined> => s !== undefined);
  25 |

Parsing ecmascript source code failed

Import trace:
  Server Component:
    ./components/dashboard/KoreanStockWatchlist.tsx
    ./app/(main)/dashboard/page.tsx @ http://localhost:3000/_next/static/chunks/node_modules_next_dist_0u_w_5s._.js:1945
[ 5765039ms] [ERROR] ./components/dashboard/KoreanStockWatchlist.tsx:22:24
Expected ident
  20 |
  21 |   const stockMap = new Map((data?.data || []).map((q) => [q.symbol, q]));
> 22 |   const stocks: typeof (data extends undefined ? [] : data['data']) = POPULAR_STOCKS
     |                        ^
  23 |     .map((s) => stockMap.get(s.symbol))
  24 |     .filter((s): s is Exclude<typeof s, undefined> => s !== undefined);
  25 |

Parsing ecmascript source code failed

Import trace:
  Server Component:
    ./components/dashboard/KoreanStockWatchlist.tsx
    ./app/(main)/dashboard/page.tsx @ http://localhost:3000/_next/static/chunks/node_modules_next_dist_0u_w_5s._.js:1945
[ 5765124ms] [ERROR] ./components/dashboard/KoreanStockWatchlist.tsx:22:24
Expected ident
  20 |
  21 |   const stockMap = new Map((data?.data || []).map((q) => [q.symbol, q]));
> 22 |   const stocks: typeof (data extends undefined ? [] : data['data']) = POPULAR_STOCKS
     |                        ^
  23 |     .map((s) => stockMap.get(s.symbol))
  24 |     .filter((s): s is Exclude<typeof s, undefined> => s !== undefined);
  25 |

Parsing ecmascript source code failed

Import trace:
  Server Component:
    ./components/dashboard/KoreanStockWatchlist.tsx
    ./app/(main)/dashboard/page.tsx @ http://localhost:3000/_next/static/chunks/node_modules_next_dist_0u_w_5s._.js:1945
[ 5765162ms] [LOG] [Fast Refresh] rebuilding @ http://localhost:3000/_next/static/chunks/node_modules_next_dist_0u_w_5s._.js:1226
[ 5765269ms] [ERROR] ./components/dashboard/KoreanStockWatchlist.tsx:22:24
Expected ident
  20 |
  21 |   const stockMap = new Map((data?.data || []).map((q) => [q.symbol, q]));
> 22 |   const stocks: typeof (data extends undefined ? [] : data['data']) = POPULAR_STOCKS
     |                        ^
  23 |     .map((s) => stockMap.get(s.symbol))
  24 |     .filter((s): s is Exclude<typeof s, undefined> => s !== undefined);
  25 |

Parsing ecmascript source code failed

Import trace:
  Server Component:
    ./components/dashboard/KoreanStockWatchlist.tsx
    ./app/(main)/dashboard/page.tsx @ http://localhost:3000/_next/static/chunks/node_modules_next_dist_0u_w_5s._.js:1945
[ 5765288ms] [LOG] [Fast Refresh] rebuilding @ http://localhost:3000/_next/static/chunks/node_modules_next_dist_0u_w_5s._.js:1226
[ 5765357ms] [ERROR] ./components/dashboard/KoreanStockWatchlist.tsx:22:24
Expected ident
  20 |
  21 |   const stockMap = new Map((data?.data || []).map((q) => [q.symbol, q]));
> 22 |   const stocks: typeof (data extends undefined ? [] : data['data']) = POPULAR_STOCKS
     |                        ^
  23 |     .map((s) => stockMap.get(s.symbol))
  24 |     .filter((s): s is Exclude<typeof s, undefined> => s !== undefined);
  25 |

Parsing ecmascript source code failed

Import trace:
  Server Component:
    ./components/dashboard/KoreanStockWatchlist.tsx
    ./app/(main)/dashboard/page.tsx @ http://localhost:3000/_next/static/chunks/node_modules_next_dist_0u_w_5s._.js:1945
[ 5765434ms] [ERROR] ./components/dashboard/KoreanStockWatchlist.tsx:22:24
Expected ident
  20 |
  21 |   const stockMap = new Map((data?.data || []).map((q) => [q.symbol, q]));
> 22 |   const stocks: typeof (data extends undefined ? [] : data['data']) = POPULAR_STOCKS
     |                        ^
  23 |     .map((s) => stockMap.get(s.symbol))
  24 |     .filter((s): s is Exclude<typeof s, undefined> => s !== undefined);
  25 |

Parsing ecmascript source code failed

Import trace:
  Server Component:
    ./components/dashboard/KoreanStockWatchlist.tsx
    ./app/(main)/dashboard/page.tsx @ http://localhost:3000/_next/static/chunks/node_modules_next_dist_0u_w_5s._.js:1945
[ 5765494ms] [ERROR] ./components/dashboard/KoreanStockWatchlist.tsx:22:24
Expected ident
  20 |
  21 |   const stockMap = new Map((data?.data || []).map((q) => [q.symbol, q]));
> 22 |   const stocks: typeof (data extends undefined ? [] : data['data']) = POPULAR_STOCKS
     |                        ^
  23 |     .map((s) => stockMap.get(s.symbol))
  24 |     .filter((s): s is Exclude<typeof s, undefined> => s !== undefined);
  25 |

Parsing ecmascript source code failed

Import trace:
  Server Component:
    ./components/dashboard/KoreanStockWatchlist.tsx
    ./app/(main)/dashboard/page.tsx @ http://localhost:3000/_next/static/chunks/node_modules_next_dist_0u_w_5s._.js:1945
[ 5765557ms] [ERROR] ./components/dashboard/KoreanStockWatchlist.tsx:22:24
Expected ident
  20 |
  21 |   const stockMap = new Map((data?.data || []).map((q) => [q.symbol, q]));
> 22 |   const stocks: typeof (data extends undefined ? [] : data['data']) = POPULAR_STOCKS
     |                        ^
  23 |     .map((s) => stockMap.get(s.symbol))
  24 |     .filter((s): s is Exclude<typeof s, undefined> => s !== undefined);
  25 |

Parsing ecmascript source code failed

Import trace:
  Server Component:
    ./components/dashboard/KoreanStockWatchlist.tsx
    ./app/(main)/dashboard/page.tsx @ http://localhost:3000/_next/static/chunks/node_modules_next_dist_0u_w_5s._.js:1945
[ 5765618ms] [ERROR] ./components/dashboard/KoreanStockWatchlist.tsx:22:24
Expected ident
  20 |
  21 |   const stockMap = new Map((data?.data || []).map((q) => [q.symbol, q]));
> 22 |   const stocks: typeof (data extends undefined ? [] : data['data']) = POPULAR_STOCKS
     |                        ^
  23 |     .map((s) => stockMap.get(s.symbol))
  24 |     .filter((s): s is Exclude<typeof s, undefined> => s !== undefined);
  25 |

Parsing ecmascript source code failed

Import trace:
  Server Component:
    ./components/dashboard/KoreanStockWatchlist.tsx
    ./app/(main)/dashboard/page.tsx @ http://localhost:3000/_next/static/chunks/node_modules_next_dist_0u_w_5s._.js:1945
[ 5765700ms] [ERROR] ./components/dashboard/KoreanStockWatchlist.tsx:22:24
Expected ident
  20 |
  21 |   const stockMap = new Map((data?.data || []).map((q) => [q.symbol, q]));
> 22 |   const stocks: typeof (data extends undefined ? [] : data['data']) = POPULAR_STOCKS
     |                        ^
  23 |     .map((s) => stockMap.get(s.symbol))
  24 |     .filter((s): s is Exclude<typeof s, undefined> => s !== undefined);
  25 |

Parsing ecmascript source code failed

Import trace:
  Server Component:
    ./components/dashboard/KoreanStockWatchlist.tsx
    ./app/(main)/dashboard/page.tsx @ http://localhost:3000/_next/static/chunks/node_modules_next_dist_0u_w_5s._.js:1945
[ 5765772ms] [ERROR] ./components/dashboard/KoreanStockWatchlist.tsx:22:24
Expected ident
  20 |
  21 |   const stockMap = new Map((data?.data || []).map((q) => [q.symbol, q]));
> 22 |   const stocks: typeof (data extends undefined ? [] : data['data']) = POPULAR_STOCKS
     |                        ^
  23 |     .map((s) => stockMap.get(s.symbol))
  24 |     .filter((s): s is Exclude<typeof s, undefined> => s !== undefined);
  25 |

Parsing ecmascript source code failed

Import trace:
  Server Component:
    ./components/dashboard/KoreanStockWatchlist.tsx
    ./app/(main)/dashboard/page.tsx @ http://localhost:3000/_next/static/chunks/node_modules_next_dist_0u_w_5s._.js:1945
[ 5765851ms] [ERROR] ./components/dashboard/KoreanStockWatchlist.tsx:22:24
Expected ident
  20 |
  21 |   const stockMap = new Map((data?.data || []).map((q) => [q.symbol, q]));
> 22 |   const stocks: typeof (data extends undefined ? [] : data['data']) = POPULAR_STOCKS
     |                        ^
  23 |     .map((s) => stockMap.get(s.symbol))
  24 |     .filter((s): s is Exclude<typeof s, undefined> => s !== undefined);
  25 |

Parsing ecmascript source code failed

Import trace:
  Server Component:
    ./components/dashboard/KoreanStockWatchlist.tsx
    ./app/(main)/dashboard/page.tsx @ http://localhost:3000/_next/static/chunks/node_modules_next_dist_0u_w_5s._.js:1945
[ 5765913ms] [ERROR] ./components/dashboard/KoreanStockWatchlist.tsx:22:24
Expected ident
  20 |
  21 |   const stockMap = new Map((data?.data || []).map((q) => [q.symbol, q]));
> 22 |   const stocks: typeof (data extends undefined ? [] : data['data']) = POPULAR_STOCKS
     |                        ^
  23 |     .map((s) => stockMap.get(s.symbol))
  24 |     .filter((s): s is Exclude<typeof s, undefined> => s !== undefined);
  25 |

Parsing ecmascript source code failed

Import trace:
  Server Component:
    ./components/dashboard/KoreanStockWatchlist.tsx
    ./app/(main)/dashboard/page.tsx @ http://localhost:3000/_next/static/chunks/node_modules_next_dist_0u_w_5s._.js:1945
[ 5765971ms] [ERROR] ./components/dashboard/KoreanStockWatchlist.tsx:22:24
Expected ident
  20 |
  21 |   const stockMap = new Map((data?.data || []).map((q) => [q.symbol, q]));
> 22 |   const stocks: typeof (data extends undefined ? [] : data['data']) = POPULAR_STOCKS
     |                        ^
  23 |     .map((s) => stockMap.get(s.symbol))
  24 |     .filter((s): s is Exclude<typeof s, undefined> => s !== undefined);
  25 |

Parsing ecmascript source code failed

Import trace:
  Server Component:
    ./components/dashboard/KoreanStockWatchlist.tsx
    ./app/(main)/dashboard/page.tsx @ http://localhost:3000/_next/static/chunks/node_modules_next_dist_0u_w_5s._.js:1945
[ 5766031ms] [ERROR] ./components/dashboard/KoreanStockWatchlist.tsx:22:24
Expected ident
  20 |
  21 |   const stockMap = new Map((data?.data || []).map((q) => [q.symbol, q]));
> 22 |   const stocks: typeof (data extends undefined ? [] : data['data']) = POPULAR_STOCKS
     |                        ^
  23 |     .map((s) => stockMap.get(s.symbol))
  24 |     .filter((s): s is Exclude<typeof s, undefined> => s !== undefined);
  25 |

Parsing ecmascript source code failed

Import trace:
  Server Component:
    ./components/dashboard/KoreanStockWatchlist.tsx
    ./app/(main)/dashboard/page.tsx @ http://localhost:3000/_next/static/chunks/node_modules_next_dist_0u_w_5s._.js:1945
[ 5766092ms] [ERROR] ./components/dashboard/KoreanStockWatchlist.tsx:22:24
Expected ident
  20 |
  21 |   const stockMap = new Map((data?.data || []).map((q) => [q.symbol, q]));
> 22 |   const stocks: typeof (data extends undefined ? [] : data['data']) = POPULAR_STOCKS
     |                        ^
  23 |     .map((s) => stockMap.get(s.symbol))
  24 |     .filter((s): s is Exclude<typeof s, undefined> => s !== undefined);
  25 |

Parsing ecmascript source code failed

Import trace:
  Server Component:
    ./components/dashboard/KoreanStockWatchlist.tsx
    ./app/(main)/dashboard/page.tsx @ http://localhost:3000/_next/static/chunks/node_modules_next_dist_0u_w_5s._.js:1945
[ 5766153ms] [ERROR] ./components/dashboard/KoreanStockWatchlist.tsx:22:24
Expected ident
  20 |
  21 |   const stockMap = new Map((data?.data || []).map((q) => [q.symbol, q]));
> 22 |   const stocks: typeof (data extends undefined ? [] : data['data']) = POPULAR_STOCKS
     |                        ^
  23 |     .map((s) => stockMap.get(s.symbol))
  24 |     .filter((s): s is Exclude<typeof s, undefined> => s !== undefined);
  25 |

Parsing ecmascript source code failed

Import trace:
  Server Component:
    ./components/dashboard/KoreanStockWatchlist.tsx
    ./app/(main)/dashboard/page.tsx @ http://localhost:3000/_next/static/chunks/node_modules_next_dist_0u_w_5s._.js:1945
[ 5766212ms] [ERROR] ./components/dashboard/KoreanStockWatchlist.tsx:22:24
Expected ident
  20 |
  21 |   const stockMap = new Map((data?.data || []).map((q) => [q.symbol, q]));
> 22 |   const stocks: typeof (data extends undefined ? [] : data['data']) = POPULAR_STOCKS
     |                        ^
  23 |     .map((s) => stockMap.get(s.symbol))
  24 |     .filter((s): s is Exclude<typeof s, undefined> => s !== undefined);
  25 |

Parsing ecmascript source code failed

Import trace:
  Server Component:
    ./components/dashboard/KoreanStockWatchlist.tsx
    ./app/(main)/dashboard/page.tsx @ http://localhost:3000/_next/static/chunks/node_modules_next_dist_0u_w_5s._.js:1945
[ 5766271ms] [LOG] [Fast Refresh] rebuilding @ http://localhost:3000/_next/static/chunks/node_modules_next_dist_0u_w_5s._.js:1226
[ 5766430ms] [ERROR] ./components/dashboard/KoreanStockWatchlist.tsx:22:24
Expected ident
  20 |
  21 |   const stockMap = new Map((data?.data || []).map((q) => [q.symbol, q]));
> 22 |   const stocks: typeof (data extends undefined ? [] : data['data']) = POPULAR_STOCKS
     |                        ^
  23 |     .map((s) => stockMap.get(s.symbol))
  24 |     .filter((s): s is Exclude<typeof s, undefined> => s !== undefined);
  25 |

Parsing ecmascript source code failed

Import trace:
  Server Component:
    ./components/dashboard/KoreanStockWatchlist.tsx
    ./app/(main)/dashboard/page.tsx @ http://localhost:3000/_next/static/chunks/node_modules_next_dist_0u_w_5s._.js:1945
[ 5766501ms] [ERROR] ./components/dashboard/KoreanStockWatchlist.tsx:22:24
Expected ident
  20 |
  21 |   const stockMap = new Map((data?.data || []).map((q) => [q.symbol, q]));
> 22 |   const stocks: typeof (data extends undefined ? [] : data['data']) = POPULAR_STOCKS
     |                        ^
  23 |     .map((s) => stockMap.get(s.symbol))
  24 |     .filter((s): s is Exclude<typeof s, undefined> => s !== undefined);
  25 |

Parsing ecmascript source code failed

Import trace:
  Server Component:
    ./components/dashboard/KoreanStockWatchlist.tsx
    ./app/(main)/dashboard/page.tsx @ http://localhost:3000/_next/static/chunks/node_modules_next_dist_0u_w_5s._.js:1945
[ 5766562ms] [ERROR] ./components/dashboard/KoreanStockWatchlist.tsx:22:24
Expected ident
  20 |
  21 |   const stockMap = new Map((data?.data || []).map((q) => [q.symbol, q]));
> 22 |   const stocks: typeof (data extends undefined ? [] : data['data']) = POPULAR_STOCKS
     |                        ^
  23 |     .map((s) => stockMap.get(s.symbol))
  24 |     .filter((s): s is Exclude<typeof s, undefined> => s !== undefined);
  25 |

Parsing ecmascript source code failed

Import trace:
  Server Component:
    ./components/dashboard/KoreanStockWatchlist.tsx
    ./app/(main)/dashboard/page.tsx @ http://localhost:3000/_next/static/chunks/node_modules_next_dist_0u_w_5s._.js:1945
[ 5766621ms] [ERROR] ./components/dashboard/KoreanStockWatchlist.tsx:22:24
Expected ident
  20 |
  21 |   const stockMap = new Map((data?.data || []).map((q) => [q.symbol, q]));
> 22 |   const stocks: typeof (data extends undefined ? [] : data['data']) = POPULAR_STOCKS
     |                        ^
  23 |     .map((s) => stockMap.get(s.symbol))
  24 |     .filter((s): s is Exclude<typeof s, undefined> => s !== undefined);
  25 |

Parsing ecmascript source code failed

Import trace:
  Server Component:
    ./components/dashboard/KoreanStockWatchlist.tsx
    ./app/(main)/dashboard/page.tsx @ http://localhost:3000/_next/static/chunks/node_modules_next_dist_0u_w_5s._.js:1945
[ 5766681ms] [ERROR] ./components/dashboard/KoreanStockWatchlist.tsx:22:24
Expected ident
  20 |
  21 |   const stockMap = new Map((data?.data || []).map((q) => [q.symbol, q]));
> 22 |   const stocks: typeof (data extends undefined ? [] : data['data']) = POPULAR_STOCKS
     |                        ^
  23 |     .map((s) => stockMap.get(s.symbol))
  24 |     .filter((s): s is Exclude<typeof s, undefined> => s !== undefined);
  25 |

Parsing ecmascript source code failed

Import trace:
  Server Component:
    ./components/dashboard/KoreanStockWatchlist.tsx
    ./app/(main)/dashboard/page.tsx @ http://localhost:3000/_next/static/chunks/node_modules_next_dist_0u_w_5s._.js:1945
[ 5766742ms] [ERROR] ./components/dashboard/KoreanStockWatchlist.tsx:22:24
Expected ident
  20 |
  21 |   const stockMap = new Map((data?.data || []).map((q) => [q.symbol, q]));
> 22 |   const stocks: typeof (data extends undefined ? [] : data['data']) = POPULAR_STOCKS
     |                        ^
  23 |     .map((s) => stockMap.get(s.symbol))
  24 |     .filter((s): s is Exclude<typeof s, undefined> => s !== undefined);
  25 |

Parsing ecmascript source code failed

Import trace:
  Server Component:
    ./components/dashboard/KoreanStockWatchlist.tsx
    ./app/(main)/dashboard/page.tsx @ http://localhost:3000/_next/static/chunks/node_modules_next_dist_0u_w_5s._.js:1945
[ 5766802ms] [ERROR] ./components/dashboard/KoreanStockWatchlist.tsx:22:24
Expected ident
  20 |
  21 |   const stockMap = new Map((data?.data || []).map((q) => [q.symbol, q]));
> 22 |   const stocks: typeof (data extends undefined ? [] : data['data']) = POPULAR_STOCKS
     |                        ^
  23 |     .map((s) => stockMap.get(s.symbol))
  24 |     .filter((s): s is Exclude<typeof s, undefined> => s !== undefined);
  25 |

Parsing ecmascript source code failed

Import trace:
  Server Component:
    ./components/dashboard/KoreanStockWatchlist.tsx
    ./app/(main)/dashboard/page.tsx @ http://localhost:3000/_next/static/chunks/node_modules_next_dist_0u_w_5s._.js:1945
[ 5766862ms] [ERROR] ./components/dashboard/KoreanStockWatchlist.tsx:22:24
Expected ident
  20 |
  21 |   const stockMap = new Map((data?.data || []).map((q) => [q.symbol, q]));
> 22 |   const stocks: typeof (data extends undefined ? [] : data['data']) = POPULAR_STOCKS
     |                        ^
  23 |     .map((s) => stockMap.get(s.symbol))
  24 |     .filter((s): s is Exclude<typeof s, undefined> => s !== undefined);
  25 |

Parsing ecmascript source code failed

Import trace:
  Server Component:
    ./components/dashboard/KoreanStockWatchlist.tsx
    ./app/(main)/dashboard/page.tsx @ http://localhost:3000/_next/static/chunks/node_modules_next_dist_0u_w_5s._.js:1945
[ 5766922ms] [ERROR] ./components/dashboard/KoreanStockWatchlist.tsx:22:24
Expected ident
  20 |
  21 |   const stockMap = new Map((data?.data || []).map((q) => [q.symbol, q]));
> 22 |   const stocks: typeof (data extends undefined ? [] : data['data']) = POPULAR_STOCKS
     |                        ^
  23 |     .map((s) => stockMap.get(s.symbol))
  24 |     .filter((s): s is Exclude<typeof s, undefined> => s !== undefined);
  25 |

Parsing ecmascript source code failed

Import trace:
  Server Component:
    ./components/dashboard/KoreanStockWatchlist.tsx
    ./app/(main)/dashboard/page.tsx @ http://localhost:3000/_next/static/chunks/node_modules_next_dist_0u_w_5s._.js:1945
[ 5766982ms] [ERROR] ./components/dashboard/KoreanStockWatchlist.tsx:22:24
Expected ident
  20 |
  21 |   const stockMap = new Map((data?.data || []).map((q) => [q.symbol, q]));
> 22 |   const stocks: typeof (data extends undefined ? [] : data['data']) = POPULAR_STOCKS
     |                        ^
  23 |     .map((s) => stockMap.get(s.symbol))
  24 |     .filter((s): s is Exclude<typeof s, undefined> => s !== undefined);
  25 |

Parsing ecmascript source code failed

Import trace:
  Server Component:
    ./components/dashboard/KoreanStockWatchlist.tsx
    ./app/(main)/dashboard/page.tsx @ http://localhost:3000/_next/static/chunks/node_modules_next_dist_0u_w_5s._.js:1945
[ 5767042ms] [ERROR] ./components/dashboard/KoreanStockWatchlist.tsx:22:24
Expected ident
  20 |
  21 |   const stockMap = new Map((data?.data || []).map((q) => [q.symbol, q]));
> 22 |   const stocks: typeof (data extends undefined ? [] : data['data']) = POPULAR_STOCKS
     |                        ^
  23 |     .map((s) => stockMap.get(s.symbol))
  24 |     .filter((s): s is Exclude<typeof s, undefined> => s !== undefined);
  25 |

Parsing ecmascript source code failed

Import trace:
  Server Component:
    ./components/dashboard/KoreanStockWatchlist.tsx
    ./app/(main)/dashboard/page.tsx @ http://localhost:3000/_next/static/chunks/node_modules_next_dist_0u_w_5s._.js:1945
[ 5767102ms] [ERROR] ./components/dashboard/KoreanStockWatchlist.tsx:22:24
Expected ident
  20 |
  21 |   const stockMap = new Map((data?.data || []).map((q) => [q.symbol, q]));
> 22 |   const stocks: typeof (data extends undefined ? [] : data['data']) = POPULAR_STOCKS
     |                        ^
  23 |     .map((s) => stockMap.get(s.symbol))
  24 |     .filter((s): s is Exclude<typeof s, undefined> => s !== undefined);
  25 |

Parsing ecmascript source code failed

Import trace:
  Server Component:
    ./components/dashboard/KoreanStockWatchlist.tsx
    ./app/(main)/dashboard/page.tsx @ http://localhost:3000/_next/static/chunks/node_modules_next_dist_0u_w_5s._.js:1945
[ 5767162ms] [ERROR] ./components/dashboard/KoreanStockWatchlist.tsx:22:24
Expected ident
  20 |
  21 |   const stockMap = new Map((data?.data || []).map((q) => [q.symbol, q]));
> 22 |   const stocks: typeof (data extends undefined ? [] : data['data']) = POPULAR_STOCKS
     |                        ^
  23 |     .map((s) => stockMap.get(s.symbol))
  24 |     .filter((s): s is Exclude<typeof s, undefined> => s !== undefined);
  25 |

Parsing ecmascript source code failed

Import trace:
  Server Component:
    ./components/dashboard/KoreanStockWatchlist.tsx
    ./app/(main)/dashboard/page.tsx @ http://localhost:3000/_next/static/chunks/node_modules_next_dist_0u_w_5s._.js:1945
[ 5767222ms] [ERROR] ./components/dashboard/KoreanStockWatchlist.tsx:22:24
Expected ident
  20 |
  21 |   const stockMap = new Map((data?.data || []).map((q) => [q.symbol, q]));
> 22 |   const stocks: typeof (data extends undefined ? [] : data['data']) = POPULAR_STOCKS
     |                        ^
  23 |     .map((s) => stockMap.get(s.symbol))
  24 |     .filter((s): s is Exclude<typeof s, undefined> => s !== undefined);
  25 |

Parsing ecmascript source code failed

Import trace:
  Server Component:
    ./components/dashboard/KoreanStockWatchlist.tsx
    ./app/(main)/dashboard/page.tsx @ http://localhost:3000/_next/static/chunks/node_modules_next_dist_0u_w_5s._.js:1945
[ 5767282ms] [ERROR] ./components/dashboard/KoreanStockWatchlist.tsx:22:24
Expected ident
  20 |
  21 |   const stockMap = new Map((data?.data || []).map((q) => [q.symbol, q]));
> 22 |   const stocks: typeof (data extends undefined ? [] : data['data']) = POPULAR_STOCKS
     |                        ^
  23 |     .map((s) => stockMap.get(s.symbol))
  24 |     .filter((s): s is Exclude<typeof s, undefined> => s !== undefined);
  25 |

Parsing ecmascript source code failed

Import trace:
  Server Component:
    ./components/dashboard/KoreanStockWatchlist.tsx
    ./app/(main)/dashboard/page.tsx @ http://localhost:3000/_next/static/chunks/node_modules_next_dist_0u_w_5s._.js:1945
[ 5767342ms] [ERROR] ./components/dashboard/KoreanStockWatchlist.tsx:22:24
Expected ident
  20 |
  21 |   const stockMap = new Map((data?.data || []).map((q) => [q.symbol, q]));
> 22 |   const stocks: typeof (data extends undefined ? [] : data['data']) = POPULAR_STOCKS
     |                        ^
  23 |     .map((s) => stockMap.get(s.symbol))
  24 |     .filter((s): s is Exclude<typeof s, undefined> => s !== undefined);
  25 |

Parsing ecmascript source code failed

Import trace:
  Server Component:
    ./components/dashboard/KoreanStockWatchlist.tsx
    ./app/(main)/dashboard/page.tsx @ http://localhost:3000/_next/static/chunks/node_modules_next_dist_0u_w_5s._.js:1945
[ 5767403ms] [ERROR] ./components/dashboard/KoreanStockWatchlist.tsx:22:24
Expected ident
  20 |
  21 |   const stockMap = new Map((data?.data || []).map((q) => [q.symbol, q]));
> 22 |   const stocks: typeof (data extends undefined ? [] : data['data']) = POPULAR_STOCKS
     |                        ^
  23 |     .map((s) => stockMap.get(s.symbol))
  24 |     .filter((s): s is Exclude<typeof s, undefined> => s !== undefined);
  25 |

Parsing ecmascript source code failed

Import trace:
  Server Component:
    ./components/dashboard/KoreanStockWatchlist.tsx
    ./app/(main)/dashboard/page.tsx @ http://localhost:3000/_next/static/chunks/node_modules_next_dist_0u_w_5s._.js:1945
[ 5767463ms] [ERROR] ./components/dashboard/KoreanStockWatchlist.tsx:22:24
Expected ident
  20 |
  21 |   const stockMap = new Map((data?.data || []).map((q) => [q.symbol, q]));
> 22 |   const stocks: typeof (data extends undefined ? [] : data['data']) = POPULAR_STOCKS
     |                        ^
  23 |     .map((s) => stockMap.get(s.symbol))
  24 |     .filter((s): s is Exclude<typeof s, undefined> => s !== undefined);
  25 |

Parsing ecmascript source code failed

Import trace:
  Server Component:
    ./components/dashboard/KoreanStockWatchlist.tsx
    ./app/(main)/dashboard/page.tsx @ http://localhost:3000/_next/static/chunks/node_modules_next_dist_0u_w_5s._.js:1945
[ 5767523ms] [ERROR] ./components/dashboard/KoreanStockWatchlist.tsx:22:24
Expected ident
  20 |
  21 |   const stockMap = new Map((data?.data || []).map((q) => [q.symbol, q]));
> 22 |   const stocks: typeof (data extends undefined ? [] : data['data']) = POPULAR_STOCKS
     |                        ^
  23 |     .map((s) => stockMap.get(s.symbol))
  24 |     .filter((s): s is Exclude<typeof s, undefined> => s !== undefined);
  25 |

Parsing ecmascript source code failed

Import trace:
  Server Component:
    ./components/dashboard/KoreanStockWatchlist.tsx
    ./app/(main)/dashboard/page.tsx @ http://localhost:3000/_next/static/chunks/node_modules_next_dist_0u_w_5s._.js:1945
[ 5767583ms] [ERROR] ./components/dashboard/KoreanStockWatchlist.tsx:22:24
Expected ident
  20 |
  21 |   const stockMap = new Map((data?.data || []).map((q) => [q.symbol, q]));
> 22 |   const stocks: typeof (data extends undefined ? [] : data['data']) = POPULAR_STOCKS
     |                        ^
  23 |     .map((s) => stockMap.get(s.symbol))
  24 |     .filter((s): s is Exclude<typeof s, undefined> => s !== undefined);
  25 |

Parsing ecmascript source code failed

Import trace:
  Server Component:
    ./components/dashboard/KoreanStockWatchlist.tsx
    ./app/(main)/dashboard/page.tsx @ http://localhost:3000/_next/static/chunks/node_modules_next_dist_0u_w_5s._.js:1945
[ 5767645ms] [ERROR] ./components/dashboard/KoreanStockWatchlist.tsx:22:24
Expected ident
  20 |
  21 |   const stockMap = new Map((data?.data || []).map((q) => [q.symbol, q]));
> 22 |   const stocks: typeof (data extends undefined ? [] : data['data']) = POPULAR_STOCKS
     |                        ^
  23 |     .map((s) => stockMap.get(s.symbol))
  24 |     .filter((s): s is Exclude<typeof s, undefined> => s !== undefined);
  25 |

Parsing ecmascript source code failed

Import trace:
  Server Component:
    ./components/dashboard/KoreanStockWatchlist.tsx
    ./app/(main)/dashboard/page.tsx @ http://localhost:3000/_next/static/chunks/node_modules_next_dist_0u_w_5s._.js:1945
[ 5767705ms] [ERROR] ./components/dashboard/KoreanStockWatchlist.tsx:22:24
Expected ident
  20 |
  21 |   const stockMap = new Map((data?.data || []).map((q) => [q.symbol, q]));
> 22 |   const stocks: typeof (data extends undefined ? [] : data['data']) = POPULAR_STOCKS
     |                        ^
  23 |     .map((s) => stockMap.get(s.symbol))
  24 |     .filter((s): s is Exclude<typeof s, undefined> => s !== undefined);
  25 |

Parsing ecmascript source code failed

Import trace:
  Server Component:
    ./components/dashboard/KoreanStockWatchlist.tsx
    ./app/(main)/dashboard/page.tsx @ http://localhost:3000/_next/static/chunks/node_modules_next_dist_0u_w_5s._.js:1945
[ 5767765ms] [ERROR] ./components/dashboard/KoreanStockWatchlist.tsx:22:24
Expected ident
  20 |
  21 |   const stockMap = new Map((data?.data || []).map((q) => [q.symbol, q]));
> 22 |   const stocks: typeof (data extends undefined ? [] : data['data']) = POPULAR_STOCKS
     |                        ^
  23 |     .map((s) => stockMap.get(s.symbol))
  24 |     .filter((s): s is Exclude<typeof s, undefined> => s !== undefined);
  25 |

Parsing ecmascript source code failed

Import trace:
  Server Component:
    ./components/dashboard/KoreanStockWatchlist.tsx
    ./app/(main)/dashboard/page.tsx @ http://localhost:3000/_next/static/chunks/node_modules_next_dist_0u_w_5s._.js:1945
[ 5767825ms] [ERROR] ./components/dashboard/KoreanStockWatchlist.tsx:22:24
Expected ident
  20 |
  21 |   const stockMap = new Map((data?.data || []).map((q) => [q.symbol, q]));
> 22 |   const stocks: typeof (data extends undefined ? [] : data['data']) = POPULAR_STOCKS
     |                        ^
  23 |     .map((s) => stockMap.get(s.symbol))
  24 |     .filter((s): s is Exclude<typeof s, undefined> => s !== undefined);
  25 |

Parsing ecmascript source code failed

Import trace:
  Server Component:
    ./components/dashboard/KoreanStockWatchlist.tsx
    ./app/(main)/dashboard/page.tsx @ http://localhost:3000/_next/static/chunks/node_modules_next_dist_0u_w_5s._.js:1945
[ 5767885ms] [ERROR] ./components/dashboard/KoreanStockWatchlist.tsx:22:24
Expected ident
  20 |
  21 |   const stockMap = new Map((data?.data || []).map((q) => [q.symbol, q]));
> 22 |   const stocks: typeof (data extends undefined ? [] : data['data']) = POPULAR_STOCKS
     |                        ^
  23 |     .map((s) => stockMap.get(s.symbol))
  24 |     .filter((s): s is Exclude<typeof s, undefined> => s !== undefined);
  25 |

Parsing ecmascript source code failed

Import trace:
  Server Component:
    ./components/dashboard/KoreanStockWatchlist.tsx
    ./app/(main)/dashboard/page.tsx @ http://localhost:3000/_next/static/chunks/node_modules_next_dist_0u_w_5s._.js:1945
[ 5767947ms] [ERROR] ./components/dashboard/KoreanStockWatchlist.tsx:22:24
Expected ident
  20 |
  21 |   const stockMap = new Map((data?.data || []).map((q) => [q.symbol, q]));
> 22 |   const stocks: typeof (data extends undefined ? [] : data['data']) = POPULAR_STOCKS
     |                        ^
  23 |     .map((s) => stockMap.get(s.symbol))
  24 |     .filter((s): s is Exclude<typeof s, undefined> => s !== undefined);
  25 |

Parsing ecmascript source code failed

Import trace:
  Server Component:
    ./components/dashboard/KoreanStockWatchlist.tsx
    ./app/(main)/dashboard/page.tsx @ http://localhost:3000/_next/static/chunks/node_modules_next_dist_0u_w_5s._.js:1945
[ 5768008ms] [ERROR] ./components/dashboard/KoreanStockWatchlist.tsx:22:24
Expected ident
  20 |
  21 |   const stockMap = new Map((data?.data || []).map((q) => [q.symbol, q]));
> 22 |   const stocks: typeof (data extends undefined ? [] : data['data']) = POPULAR_STOCKS
     |                        ^
  23 |     .map((s) => stockMap.get(s.symbol))
  24 |     .filter((s): s is Exclude<typeof s, undefined> => s !== undefined);
  25 |

Parsing ecmascript source code failed

Import trace:
  Server Component:
    ./components/dashboard/KoreanStockWatchlist.tsx
    ./app/(main)/dashboard/page.tsx @ http://localhost:3000/_next/static/chunks/node_modules_next_dist_0u_w_5s._.js:1945
[ 5768068ms] [ERROR] ./components/dashboard/KoreanStockWatchlist.tsx:22:24
Expected ident
  20 |
  21 |   const stockMap = new Map((data?.data || []).map((q) => [q.symbol, q]));
> 22 |   const stocks: typeof (data extends undefined ? [] : data['data']) = POPULAR_STOCKS
     |                        ^
  23 |     .map((s) => stockMap.get(s.symbol))
  24 |     .filter((s): s is Exclude<typeof s, undefined> => s !== undefined);
  25 |

Parsing ecmascript source code failed

Import trace:
  Server Component:
    ./components/dashboard/KoreanStockWatchlist.tsx
    ./app/(main)/dashboard/page.tsx @ http://localhost:3000/_next/static/chunks/node_modules_next_dist_0u_w_5s._.js:1945
[ 5768128ms] [ERROR] ./components/dashboard/KoreanStockWatchlist.tsx:22:24
Expected ident
  20 |
  21 |   const stockMap = new Map((data?.data || []).map((q) => [q.symbol, q]));
> 22 |   const stocks: typeof (data extends undefined ? [] : data['data']) = POPULAR_STOCKS
     |                        ^
  23 |     .map((s) => stockMap.get(s.symbol))
  24 |     .filter((s): s is Exclude<typeof s, undefined> => s !== undefined);
  25 |

Parsing ecmascript source code failed

Import trace:
  Server Component:
    ./components/dashboard/KoreanStockWatchlist.tsx
    ./app/(main)/dashboard/page.tsx @ http://localhost:3000/_next/static/chunks/node_modules_next_dist_0u_w_5s._.js:1945
[ 5768188ms] [ERROR] ./components/dashboard/KoreanStockWatchlist.tsx:22:24
Expected ident
  20 |
  21 |   const stockMap = new Map((data?.data || []).map((q) => [q.symbol, q]));
> 22 |   const stocks: typeof (data extends undefined ? [] : data['data']) = POPULAR_STOCKS
     |                        ^
  23 |     .map((s) => stockMap.get(s.symbol))
  24 |     .filter((s): s is Exclude<typeof s, undefined> => s !== undefined);
  25 |

Parsing ecmascript source code failed

Import trace:
  Server Component:
    ./components/dashboard/KoreanStockWatchlist.tsx
    ./app/(main)/dashboard/page.tsx @ http://localhost:3000/_next/static/chunks/node_modules_next_dist_0u_w_5s._.js:1945
[ 5768248ms] [ERROR] ./components/dashboard/KoreanStockWatchlist.tsx:22:24
Expected ident
  20 |
  21 |   const stockMap = new Map((data?.data || []).map((q) => [q.symbol, q]));
> 22 |   const stocks: typeof (data extends undefined ? [] : data['data']) = POPULAR_STOCKS
     |                        ^
  23 |     .map((s) => stockMap.get(s.symbol))
  24 |     .filter((s): s is Exclude<typeof s, undefined> => s !== undefined);
  25 |

Parsing ecmascript source code failed

Import trace:
  Server Component:
    ./components/dashboard/KoreanStockWatchlist.tsx
    ./app/(main)/dashboard/page.tsx @ http://localhost:3000/_next/static/chunks/node_modules_next_dist_0u_w_5s._.js:1945
[ 5768308ms] [ERROR] ./components/dashboard/KoreanStockWatchlist.tsx:22:24
Expected ident
  20 |
  21 |   const stockMap = new Map((data?.data || []).map((q) => [q.symbol, q]));
> 22 |   const stocks: typeof (data extends undefined ? [] : data['data']) = POPULAR_STOCKS
     |                        ^
  23 |     .map((s) => stockMap.get(s.symbol))
  24 |     .filter((s): s is Exclude<typeof s, undefined> => s !== undefined);
  25 |

Parsing ecmascript source code failed

Import trace:
  Server Component:
    ./components/dashboard/KoreanStockWatchlist.tsx
    ./app/(main)/dashboard/page.tsx @ http://localhost:3000/_next/static/chunks/node_modules_next_dist_0u_w_5s._.js:1945
[ 5768368ms] [ERROR] ./components/dashboard/KoreanStockWatchlist.tsx:22:24
Expected ident
  20 |
  21 |   const stockMap = new Map((data?.data || []).map((q) => [q.symbol, q]));
> 22 |   const stocks: typeof (data extends undefined ? [] : data['data']) = POPULAR_STOCKS
     |                        ^
  23 |     .map((s) => stockMap.get(s.symbol))
  24 |     .filter((s): s is Exclude<typeof s, undefined> => s !== undefined);
  25 |

Parsing ecmascript source code failed

Import trace:
  Server Component:
    ./components/dashboard/KoreanStockWatchlist.tsx
    ./app/(main)/dashboard/page.tsx @ http://localhost:3000/_next/static/chunks/node_modules_next_dist_0u_w_5s._.js:1945
[ 5768429ms] [ERROR] ./components/dashboard/KoreanStockWatchlist.tsx:22:24
Expected ident
  20 |
  21 |   const stockMap = new Map((data?.data || []).map((q) => [q.symbol, q]));
> 22 |   const stocks: typeof (data extends undefined ? [] : data['data']) = POPULAR_STOCKS
     |                        ^
  23 |     .map((s) => stockMap.get(s.symbol))
  24 |     .filter((s): s is Exclude<typeof s, undefined> => s !== undefined);
  25 |

Parsing ecmascript source code failed

Import trace:
  Server Component:
    ./components/dashboard/KoreanStockWatchlist.tsx
    ./app/(main)/dashboard/page.tsx @ http://localhost:3000/_next/static/chunks/node_modules_next_dist_0u_w_5s._.js:1945
[ 5768490ms] [ERROR] ./components/dashboard/KoreanStockWatchlist.tsx:22:24
Expected ident
  20 |
  21 |   const stockMap = new Map((data?.data || []).map((q) => [q.symbol, q]));
> 22 |   const stocks: typeof (data extends undefined ? [] : data['data']) = POPULAR_STOCKS
     |                        ^
  23 |     .map((s) => stockMap.get(s.symbol))
  24 |     .filter((s): s is Exclude<typeof s, undefined> => s !== undefined);
  25 |

Parsing ecmascript source code failed

Import trace:
  Server Component:
    ./components/dashboard/KoreanStockWatchlist.tsx
    ./app/(main)/dashboard/page.tsx @ http://localhost:3000/_next/static/chunks/node_modules_next_dist_0u_w_5s._.js:1945
[ 5768550ms] [ERROR] ./components/dashboard/KoreanStockWatchlist.tsx:22:24
Expected ident
  20 |
  21 |   const stockMap = new Map((data?.data || []).map((q) => [q.symbol, q]));
> 22 |   const stocks: typeof (data extends undefined ? [] : data['data']) = POPULAR_STOCKS
     |                        ^
  23 |     .map((s) => stockMap.get(s.symbol))
  24 |     .filter((s): s is Exclude<typeof s, undefined> => s !== undefined);
  25 |

Parsing ecmascript source code failed

Import trace:
  Server Component:
    ./components/dashboard/KoreanStockWatchlist.tsx
    ./app/(main)/dashboard/page.tsx @ http://localhost:3000/_next/static/chunks/node_modules_next_dist_0u_w_5s._.js:1945
[ 5768610ms] [ERROR] ./components/dashboard/KoreanStockWatchlist.tsx:22:24
Expected ident
  20 |
  21 |   const stockMap = new Map((data?.data || []).map((q) => [q.symbol, q]));
> 22 |   const stocks: typeof (data extends undefined ? [] : data['data']) = POPULAR_STOCKS
     |                        ^
  23 |     .map((s) => stockMap.get(s.symbol))
  24 |     .filter((s): s is Exclude<typeof s, undefined> => s !== undefined);
  25 |

Parsing ecmascript source code failed

Import trace:
  Server Component:
    ./components/dashboard/KoreanStockWatchlist.tsx
    ./app/(main)/dashboard/page.tsx @ http://localhost:3000/_next/static/chunks/node_modules_next_dist_0u_w_5s._.js:1945
[ 5768671ms] [ERROR] ./components/dashboard/KoreanStockWatchlist.tsx:22:24
Expected ident
  20 |
  21 |   const stockMap = new Map((data?.data || []).map((q) => [q.symbol, q]));
> 22 |   const stocks: typeof (data extends undefined ? [] : data['data']) = POPULAR_STOCKS
     |                        ^
  23 |     .map((s) => stockMap.get(s.symbol))
  24 |     .filter((s): s is Exclude<typeof s, undefined> => s !== undefined);
  25 |

Parsing ecmascript source code failed

Import trace:
  Server Component:
    ./components/dashboard/KoreanStockWatchlist.tsx
    ./app/(main)/dashboard/page.tsx @ http://localhost:3000/_next/static/chunks/node_modules_next_dist_0u_w_5s._.js:1945
[ 5768731ms] [ERROR] ./components/dashboard/KoreanStockWatchlist.tsx:22:24
Expected ident
  20 |
  21 |   const stockMap = new Map((data?.data || []).map((q) => [q.symbol, q]));
> 22 |   const stocks: typeof (data extends undefined ? [] : data['data']) = POPULAR_STOCKS
     |                        ^
  23 |     .map((s) => stockMap.get(s.symbol))
  24 |     .filter((s): s is Exclude<typeof s, undefined> => s !== undefined);
  25 |

Parsing ecmascript source code failed

Import trace:
  Server Component:
    ./components/dashboard/KoreanStockWatchlist.tsx
    ./app/(main)/dashboard/page.tsx @ http://localhost:3000/_next/static/chunks/node_modules_next_dist_0u_w_5s._.js:1945
[ 5768792ms] [ERROR] ./components/dashboard/KoreanStockWatchlist.tsx:22:24
Expected ident
  20 |
  21 |   const stockMap = new Map((data?.data || []).map((q) => [q.symbol, q]));
> 22 |   const stocks: typeof (data extends undefined ? [] : data['data']) = POPULAR_STOCKS
     |                        ^
  23 |     .map((s) => stockMap.get(s.symbol))
  24 |     .filter((s): s is Exclude<typeof s, undefined> => s !== undefined);
  25 |

Parsing ecmascript source code failed

Import trace:
  Server Component:
    ./components/dashboard/KoreanStockWatchlist.tsx
    ./app/(main)/dashboard/page.tsx @ http://localhost:3000/_next/static/chunks/node_modules_next_dist_0u_w_5s._.js:1945
[ 5768851ms] [ERROR] ./components/dashboard/KoreanStockWatchlist.tsx:22:24
Expected ident
  20 |
  21 |   const stockMap = new Map((data?.data || []).map((q) => [q.symbol, q]));
> 22 |   const stocks: typeof (data extends undefined ? [] : data['data']) = POPULAR_STOCKS
     |                        ^
  23 |     .map((s) => stockMap.get(s.symbol))
  24 |     .filter((s): s is Exclude<typeof s, undefined> => s !== undefined);
  25 |

Parsing ecmascript source code failed

Import trace:
  Server Component:
    ./components/dashboard/KoreanStockWatchlist.tsx
    ./app/(main)/dashboard/page.tsx @ http://localhost:3000/_next/static/chunks/node_modules_next_dist_0u_w_5s._.js:1945
[ 5768912ms] [ERROR] ./components/dashboard/KoreanStockWatchlist.tsx:22:24
Expected ident
  20 |
  21 |   const stockMap = new Map((data?.data || []).map((q) => [q.symbol, q]));
> 22 |   const stocks: typeof (data extends undefined ? [] : data['data']) = POPULAR_STOCKS
     |                        ^
  23 |     .map((s) => stockMap.get(s.symbol))
  24 |     .filter((s): s is Exclude<typeof s, undefined> => s !== undefined);
  25 |

Parsing ecmascript source code failed

Import trace:
  Server Component:
    ./components/dashboard/KoreanStockWatchlist.tsx
    ./app/(main)/dashboard/page.tsx @ http://localhost:3000/_next/static/chunks/node_modules_next_dist_0u_w_5s._.js:1945
[ 5768973ms] [ERROR] ./components/dashboard/KoreanStockWatchlist.tsx:22:24
Expected ident
  20 |
  21 |   const stockMap = new Map((data?.data || []).map((q) => [q.symbol, q]));
> 22 |   const stocks: typeof (data extends undefined ? [] : data['data']) = POPULAR_STOCKS
     |                        ^
  23 |     .map((s) => stockMap.get(s.symbol))
  24 |     .filter((s): s is Exclude<typeof s, undefined> => s !== undefined);
  25 |

Parsing ecmascript source code failed

Import trace:
  Server Component:
    ./components/dashboard/KoreanStockWatchlist.tsx
    ./app/(main)/dashboard/page.tsx @ http://localhost:3000/_next/static/chunks/node_modules_next_dist_0u_w_5s._.js:1945
[ 5769033ms] [ERROR] ./components/dashboard/KoreanStockWatchlist.tsx:22:24
Expected ident
  20 |
  21 |   const stockMap = new Map((data?.data || []).map((q) => [q.symbol, q]));
> 22 |   const stocks: typeof (data extends undefined ? [] : data['data']) = POPULAR_STOCKS
     |                        ^
  23 |     .map((s) => stockMap.get(s.symbol))
  24 |     .filter((s): s is Exclude<typeof s, undefined> => s !== undefined);
  25 |

Parsing ecmascript source code failed

Import trace:
  Server Component:
    ./components/dashboard/KoreanStockWatchlist.tsx
    ./app/(main)/dashboard/page.tsx @ http://localhost:3000/_next/static/chunks/node_modules_next_dist_0u_w_5s._.js:1945
[ 5769094ms] [ERROR] ./components/dashboard/KoreanStockWatchlist.tsx:22:24
Expected ident
  20 |
  21 |   const stockMap = new Map((data?.data || []).map((q) => [q.symbol, q]));
> 22 |   const stocks: typeof (data extends undefined ? [] : data['data']) = POPULAR_STOCKS
     |                        ^
  23 |     .map((s) => stockMap.get(s.symbol))
  24 |     .filter((s): s is Exclude<typeof s, undefined> => s !== undefined);
  25 |

Parsing ecmascript source code failed

Import trace:
  Server Component:
    ./components/dashboard/KoreanStockWatchlist.tsx
    ./app/(main)/dashboard/page.tsx @ http://localhost:3000/_next/static/chunks/node_modules_next_dist_0u_w_5s._.js:1945
[ 5769154ms] [ERROR] ./components/dashboard/KoreanStockWatchlist.tsx:22:24
Expected ident
  20 |
  21 |   const stockMap = new Map((data?.data || []).map((q) => [q.symbol, q]));
> 22 |   const stocks: typeof (data extends undefined ? [] : data['data']) = POPULAR_STOCKS
     |                        ^
  23 |     .map((s) => stockMap.get(s.symbol))
  24 |     .filter((s): s is Exclude<typeof s, undefined> => s !== undefined);
  25 |

Parsing ecmascript source code failed

Import trace:
  Server Component:
    ./components/dashboard/KoreanStockWatchlist.tsx
    ./app/(main)/dashboard/page.tsx @ http://localhost:3000/_next/static/chunks/node_modules_next_dist_0u_w_5s._.js:1945
[ 5769214ms] [ERROR] ./components/dashboard/KoreanStockWatchlist.tsx:22:24
Expected ident
  20 |
  21 |   const stockMap = new Map((data?.data || []).map((q) => [q.symbol, q]));
> 22 |   const stocks: typeof (data extends undefined ? [] : data['data']) = POPULAR_STOCKS
     |                        ^
  23 |     .map((s) => stockMap.get(s.symbol))
  24 |     .filter((s): s is Exclude<typeof s, undefined> => s !== undefined);
  25 |

Parsing ecmascript source code failed

Import trace:
  Server Component:
    ./components/dashboard/KoreanStockWatchlist.tsx
    ./app/(main)/dashboard/page.tsx @ http://localhost:3000/_next/static/chunks/node_modules_next_dist_0u_w_5s._.js:1945
[ 5769276ms] [ERROR] ./components/dashboard/KoreanStockWatchlist.tsx:22:24
Expected ident
  20 |
  21 |   const stockMap = new Map((data?.data || []).map((q) => [q.symbol, q]));
> 22 |   const stocks: typeof (data extends undefined ? [] : data['data']) = POPULAR_STOCKS
     |                        ^
  23 |     .map((s) => stockMap.get(s.symbol))
  24 |     .filter((s): s is Exclude<typeof s, undefined> => s !== undefined);
  25 |

Parsing ecmascript source code failed

Import trace:
  Server Component:
    ./components/dashboard/KoreanStockWatchlist.tsx
    ./app/(main)/dashboard/page.tsx @ http://localhost:3000/_next/static/chunks/node_modules_next_dist_0u_w_5s._.js:1945
[ 5769335ms] [ERROR] ./components/dashboard/KoreanStockWatchlist.tsx:22:24
Expected ident
  20 |
  21 |   const stockMap = new Map((data?.data || []).map((q) => [q.symbol, q]));
> 22 |   const stocks: typeof (data extends undefined ? [] : data['data']) = POPULAR_STOCKS
     |                        ^
  23 |     .map((s) => stockMap.get(s.symbol))
  24 |     .filter((s): s is Exclude<typeof s, undefined> => s !== undefined);
  25 |

Parsing ecmascript source code failed

Import trace:
  Server Component:
    ./components/dashboard/KoreanStockWatchlist.tsx
    ./app/(main)/dashboard/page.tsx @ http://localhost:3000/_next/static/chunks/node_modules_next_dist_0u_w_5s._.js:1945
[ 5769395ms] [ERROR] ./components/dashboard/KoreanStockWatchlist.tsx:22:24
Expected ident
  20 |
  21 |   const stockMap = new Map((data?.data || []).map((q) => [q.symbol, q]));
> 22 |   const stocks: typeof (data extends undefined ? [] : data['data']) = POPULAR_STOCKS
     |                        ^
  23 |     .map((s) => stockMap.get(s.symbol))
  24 |     .filter((s): s is Exclude<typeof s, undefined> => s !== undefined);
  25 |

Parsing ecmascript source code failed

Import trace:
  Server Component:
    ./components/dashboard/KoreanStockWatchlist.tsx
    ./app/(main)/dashboard/page.tsx @ http://localhost:3000/_next/static/chunks/node_modules_next_dist_0u_w_5s._.js:1945
[ 5769455ms] [ERROR] ./components/dashboard/KoreanStockWatchlist.tsx:22:24
Expected ident
  20 |
  21 |   const stockMap = new Map((data?.data || []).map((q) => [q.symbol, q]));
> 22 |   const stocks: typeof (data extends undefined ? [] : data['data']) = POPULAR_STOCKS
     |                        ^
  23 |     .map((s) => stockMap.get(s.symbol))
  24 |     .filter((s): s is Exclude<typeof s, undefined> => s !== undefined);
  25 |

Parsing ecmascript source code failed

Import trace:
  Server Component:
    ./components/dashboard/KoreanStockWatchlist.tsx
    ./app/(main)/dashboard/page.tsx @ http://localhost:3000/_next/static/chunks/node_modules_next_dist_0u_w_5s._.js:1945
[ 5769516ms] [ERROR] ./components/dashboard/KoreanStockWatchlist.tsx:22:24
Expected ident
  20 |
  21 |   const stockMap = new Map((data?.data || []).map((q) => [q.symbol, q]));
> 22 |   const stocks: typeof (data extends undefined ? [] : data['data']) = POPULAR_STOCKS
     |                        ^
  23 |     .map((s) => stockMap.get(s.symbol))
  24 |     .filter((s): s is Exclude<typeof s, undefined> => s !== undefined);
  25 |

Parsing ecmascript source code failed

Import trace:
  Server Component:
    ./components/dashboard/KoreanStockWatchlist.tsx
    ./app/(main)/dashboard/page.tsx @ http://localhost:3000/_next/static/chunks/node_modules_next_dist_0u_w_5s._.js:1945
[ 5769575ms] [ERROR] ./components/dashboard/KoreanStockWatchlist.tsx:22:24
Expected ident
  20 |
  21 |   const stockMap = new Map((data?.data || []).map((q) => [q.symbol, q]));
> 22 |   const stocks: typeof (data extends undefined ? [] : data['data']) = POPULAR_STOCKS
     |                        ^
  23 |     .map((s) => stockMap.get(s.symbol))
  24 |     .filter((s): s is Exclude<typeof s, undefined> => s !== undefined);
  25 |

Parsing ecmascript source code failed

Import trace:
  Server Component:
    ./components/dashboard/KoreanStockWatchlist.tsx
    ./app/(main)/dashboard/page.tsx @ http://localhost:3000/_next/static/chunks/node_modules_next_dist_0u_w_5s._.js:1945
[ 5769635ms] [ERROR] ./components/dashboard/KoreanStockWatchlist.tsx:22:24
Expected ident
  20 |
  21 |   const stockMap = new Map((data?.data || []).map((q) => [q.symbol, q]));
> 22 |   const stocks: typeof (data extends undefined ? [] : data['data']) = POPULAR_STOCKS
     |                        ^
  23 |     .map((s) => stockMap.get(s.symbol))
  24 |     .filter((s): s is Exclude<typeof s, undefined> => s !== undefined);
  25 |

Parsing ecmascript source code failed

Import trace:
  Server Component:
    ./components/dashboard/KoreanStockWatchlist.tsx
    ./app/(main)/dashboard/page.tsx @ http://localhost:3000/_next/static/chunks/node_modules_next_dist_0u_w_5s._.js:1945
[ 5769696ms] [ERROR] ./components/dashboard/KoreanStockWatchlist.tsx:22:24
Expected ident
  20 |
  21 |   const stockMap = new Map((data?.data || []).map((q) => [q.symbol, q]));
> 22 |   const stocks: typeof (data extends undefined ? [] : data['data']) = POPULAR_STOCKS
     |                        ^
  23 |     .map((s) => stockMap.get(s.symbol))
  24 |     .filter((s): s is Exclude<typeof s, undefined> => s !== undefined);
  25 |

Parsing ecmascript source code failed

Import trace:
  Server Component:
    ./components/dashboard/KoreanStockWatchlist.tsx
    ./app/(main)/dashboard/page.tsx @ http://localhost:3000/_next/static/chunks/node_modules_next_dist_0u_w_5s._.js:1945
[ 5769758ms] [ERROR] ./components/dashboard/KoreanStockWatchlist.tsx:22:24
Expected ident
  20 |
  21 |   const stockMap = new Map((data?.data || []).map((q) => [q.symbol, q]));
> 22 |   const stocks: typeof (data extends undefined ? [] : data['data']) = POPULAR_STOCKS
     |                        ^
  23 |     .map((s) => stockMap.get(s.symbol))
  24 |     .filter((s): s is Exclude<typeof s, undefined> => s !== undefined);
  25 |

Parsing ecmascript source code failed

Import trace:
  Server Component:
    ./components/dashboard/KoreanStockWatchlist.tsx
    ./app/(main)/dashboard/page.tsx @ http://localhost:3000/_next/static/chunks/node_modules_next_dist_0u_w_5s._.js:1945
[ 5769817ms] [ERROR] ./components/dashboard/KoreanStockWatchlist.tsx:22:24
Expected ident
  20 |
  21 |   const stockMap = new Map((data?.data || []).map((q) => [q.symbol, q]));
> 22 |   const stocks: typeof (data extends undefined ? [] : data['data']) = POPULAR_STOCKS
     |                        ^
  23 |     .map((s) => stockMap.get(s.symbol))
  24 |     .filter((s): s is Exclude<typeof s, undefined> => s !== undefined);
  25 |

Parsing ecmascript source code failed

Import trace:
  Server Component:
    ./components/dashboard/KoreanStockWatchlist.tsx
    ./app/(main)/dashboard/page.tsx @ http://localhost:3000/_next/static/chunks/node_modules_next_dist_0u_w_5s._.js:1945
[ 5769877ms] [ERROR] ./components/dashboard/KoreanStockWatchlist.tsx:22:24
Expected ident
  20 |
  21 |   const stockMap = new Map((data?.data || []).map((q) => [q.symbol, q]));
> 22 |   const stocks: typeof (data extends undefined ? [] : data['data']) = POPULAR_STOCKS
     |                        ^
  23 |     .map((s) => stockMap.get(s.symbol))
  24 |     .filter((s): s is Exclude<typeof s, undefined> => s !== undefined);
  25 |

Parsing ecmascript source code failed

Import trace:
  Server Component:
    ./components/dashboard/KoreanStockWatchlist.tsx
    ./app/(main)/dashboard/page.tsx @ http://localhost:3000/_next/static/chunks/node_modules_next_dist_0u_w_5s._.js:1945
[ 5769937ms] [ERROR] ./components/dashboard/KoreanStockWatchlist.tsx:22:24
Expected ident
  20 |
  21 |   const stockMap = new Map((data?.data || []).map((q) => [q.symbol, q]));
> 22 |   const stocks: typeof (data extends undefined ? [] : data['data']) = POPULAR_STOCKS
     |                        ^
  23 |     .map((s) => stockMap.get(s.symbol))
  24 |     .filter((s): s is Exclude<typeof s, undefined> => s !== undefined);
  25 |

Parsing ecmascript source code failed

Import trace:
  Server Component:
    ./components/dashboard/KoreanStockWatchlist.tsx
    ./app/(main)/dashboard/page.tsx @ http://localhost:3000/_next/static/chunks/node_modules_next_dist_0u_w_5s._.js:1945
[ 5769997ms] [ERROR] ./components/dashboard/KoreanStockWatchlist.tsx:22:24
Expected ident
  20 |
  21 |   const stockMap = new Map((data?.data || []).map((q) => [q.symbol, q]));
> 22 |   const stocks: typeof (data extends undefined ? [] : data['data']) = POPULAR_STOCKS
     |                        ^
  23 |     .map((s) => stockMap.get(s.symbol))
  24 |     .filter((s): s is Exclude<typeof s, undefined> => s !== undefined);
  25 |

Parsing ecmascript source code failed

Import trace:
  Server Component:
    ./components/dashboard/KoreanStockWatchlist.tsx
    ./app/(main)/dashboard/page.tsx @ http://localhost:3000/_next/static/chunks/node_modules_next_dist_0u_w_5s._.js:1945
[ 5770058ms] [ERROR] ./components/dashboard/KoreanStockWatchlist.tsx:22:24
Expected ident
  20 |
  21 |   const stockMap = new Map((data?.data || []).map((q) => [q.symbol, q]));
> 22 |   const stocks: typeof (data extends undefined ? [] : data['data']) = POPULAR_STOCKS
     |                        ^
  23 |     .map((s) => stockMap.get(s.symbol))
  24 |     .filter((s): s is Exclude<typeof s, undefined> => s !== undefined);
  25 |

Parsing ecmascript source code failed

Import trace:
  Server Component:
    ./components/dashboard/KoreanStockWatchlist.tsx
    ./app/(main)/dashboard/page.tsx @ http://localhost:3000/_next/static/chunks/node_modules_next_dist_0u_w_5s._.js:1945
[ 5770119ms] [ERROR] ./components/dashboard/KoreanStockWatchlist.tsx:22:24
Expected ident
  20 |
  21 |   const stockMap = new Map((data?.data || []).map((q) => [q.symbol, q]));
> 22 |   const stocks: typeof (data extends undefined ? [] : data['data']) = POPULAR_STOCKS
     |                        ^
  23 |     .map((s) => stockMap.get(s.symbol))
  24 |     .filter((s): s is Exclude<typeof s, undefined> => s !== undefined);
  25 |

Parsing ecmascript source code failed

Import trace:
  Server Component:
    ./components/dashboard/KoreanStockWatchlist.tsx
    ./app/(main)/dashboard/page.tsx @ http://localhost:3000/_next/static/chunks/node_modules_next_dist_0u_w_5s._.js:1945
[ 5770161ms] [LOG] [Fast Refresh] rebuilding @ http://localhost:3000/_next/static/chunks/node_modules_next_dist_0u_w_5s._.js:1226
[ 5770372ms] [LOG] [Fast Refresh] done in 242ms @ http://localhost:3000/_next/static/chunks/node_modules_next_dist_0u_w_5s._.js:1226
[ 5770523ms] [LOG] [Fast Refresh] rebuilding @ http://localhost:3000/_next/static/chunks/node_modules_next_dist_0u_w_5s._.js:1226
[ 5772753ms] [LOG] [Fast Refresh] done in 2335ms @ http://localhost:3000/_next/static/chunks/node_modules_next_dist_0u_w_5s._.js:1226
[ 5776509ms] [INFO] %cDownload the React DevTools for a better development experience: https://react.dev/link/react-devtools font-weight:bold @ http://localhost:3000/_next/static/chunks/node_modules_next_dist_115brz8._.js:2431
[ 5776632ms] [LOG] [HMR] connected @ http://localhost:3000/_next/static/chunks/node_modules_next_dist_115brz8._.js:2431
[ 5776673ms] [LOG] PortfolioPage holdings: 5 BTC,MSFT,ETH,SOL,BTC @ http://localhost:3000/_next/static/chunks/node_modules_next_dist_115brz8._.js:2431
[ 5776675ms] [LOG] PortfolioPage holdings: 5 BTC,MSFT,ETH,SOL,BTC @ http://localhost:3000/_next/static/chunks/node_modules_next_dist_115brz8._.js:2431
[ 5776687ms] [LOG] PortfolioPage holdings: 5 BTC,MSFT,ETH,SOL,BTC @ http://localhost:3000/_next/static/chunks/node_modules_next_dist_115brz8._.js:2431
[ 5776689ms] [LOG] PortfolioPage holdings: 5 BTC,MSFT,ETH,SOL,BTC @ http://localhost:3000/_next/static/chunks/node_modules_next_dist_115brz8._.js:2431
[ 5776782ms] [LOG] PortfolioPage holdings: 5 BTC,MSFT,ETH,SOL,BTC @ http://localhost:3000/_next/static/chunks/node_modules_next_dist_115brz8._.js:2431
[ 5776784ms] [LOG] PortfolioPage holdings: 5 BTC,MSFT,ETH,SOL,BTC @ http://localhost:3000/_next/static/chunks/node_modules_next_dist_115brz8._.js:2431
[ 5776954ms] [LOG] PortfolioPage holdings: 5 BTC,MSFT,ETH,SOL,BTC @ http://localhost:3000/_next/static/chunks/node_modules_next_dist_115brz8._.js:2431
[ 5776956ms] [LOG] PortfolioPage holdings: 5 BTC,MSFT,ETH,SOL,BTC @ http://localhost:3000/_next/static/chunks/node_modules_next_dist_115brz8._.js:2431
[ 5800077ms] [LOG] [Fast Refresh] rebuilding @ http://localhost:3000/_next/static/chunks/node_modules_next_dist_115brz8._.js:2431
[ 5800137ms] [LOG] [Fast Refresh] done in 102ms @ http://localhost:3000/_next/static/chunks/node_modules_next_dist_115brz8._.js:2431
[ 5828877ms] [LOG] [Fast Refresh] rebuilding @ http://localhost:3000/_next/static/chunks/node_modules_next_dist_115brz8._.js:2431
[ 5828938ms] [LOG] [Fast Refresh] done in 175ms @ http://localhost:3000/_next/static/chunks/node_modules_next_dist_115brz8._.js:2431
[ 5836807ms] [LOG] PortfolioPage holdings: 5 BTC,MSFT,ETH,SOL,BTC @ http://localhost:3000/_next/static/chunks/node_modules_next_dist_115brz8._.js:2431
[ 5836809ms] [LOG] PortfolioPage holdings: 5 BTC,MSFT,ETH,SOL,BTC @ http://localhost:3000/_next/static/chunks/node_modules_next_dist_115brz8._.js:2431
[ 5849400ms] [ERROR] WebSocket connection to 'ws://localhost:3000/_next/webpack-hmr?id=YXybdg6YBXT1Y7gS38-23' failed: Error in connection establishment: net::ERR_CONNECTION_REFUSED @ http://localhost:3000/_next/static/chunks/node_modules_next_dist_client_0fhqo1d._.js:13299
[ 5852411ms] [LOG] [HMR] connected @ http://localhost:3000/_next/static/chunks/node_modules_next_dist_115brz8._.js:2431
[ 5853923ms] [INFO] %cDownload the React DevTools for a better development experience: https://react.dev/link/react-devtools font-weight:bold @ http://localhost:3000/_next/static/chunks/node_modules_next_dist_115brz8._.js:2431
[ 5853960ms] [LOG] [HMR] connected @ http://localhost:3000/_next/static/chunks/node_modules_next_dist_115brz8._.js:2431
[ 5854079ms] [LOG] PortfolioPage holdings: 5 BTC,MSFT,ETH,SOL,BTC @ http://localhost:3000/_next/static/chunks/node_modules_next_dist_115brz8._.js:2431
[ 5854081ms] [LOG] PortfolioPage holdings: 5 BTC,MSFT,ETH,SOL,BTC @ http://localhost:3000/_next/static/chunks/node_modules_next_dist_115brz8._.js:2431
[ 5854098ms] [LOG] PortfolioPage holdings: 5 BTC,MSFT,ETH,SOL,BTC @ http://localhost:3000/_next/static/chunks/node_modules_next_dist_115brz8._.js:2431
[ 5854101ms] [LOG] PortfolioPage holdings: 5 BTC,MSFT,ETH,SOL,BTC @ http://localhost:3000/_next/static/chunks/node_modules_next_dist_115brz8._.js:2431
[ 5854188ms] [LOG] PortfolioPage holdings: 5 BTC,MSFT,ETH,SOL,BTC @ http://localhost:3000/_next/static/chunks/node_modules_next_dist_115brz8._.js:2431
[ 5854190ms] [LOG] PortfolioPage holdings: 5 BTC,MSFT,ETH,SOL,BTC @ http://localhost:3000/_next/static/chunks/node_modules_next_dist_115brz8._.js:2431
[ 5854301ms] [LOG] [Fast Refresh] rebuilding @ http://localhost:3000/_next/static/chunks/node_modules_next_dist_115brz8._.js:2431
[ 5854402ms] [LOG] [Fast Refresh] done in 218ms @ http://localhost:3000/_next/static/chunks/node_modules_next_dist_115brz8._.js:2431
[ 5884221ms] [LOG] PortfolioPage holdings: 5 BTC,MSFT,ETH,SOL,BTC @ http://localhost:3000/_next/static/chunks/node_modules_next_dist_115brz8._.js:2431
[ 5884223ms] [LOG] PortfolioPage holdings: 5 BTC,MSFT,ETH,SOL,BTC @ http://localhost:3000/_next/static/chunks/node_modules_next_dist_115brz8._.js:2431
[ 5914515ms] [LOG] PortfolioPage holdings: 5 BTC,MSFT,ETH,SOL,BTC @ http://localhost:3000/_next/static/chunks/node_modules_next_dist_115brz8._.js:2431
[ 5914517ms] [LOG] PortfolioPage holdings: 5 BTC,MSFT,ETH,SOL,BTC @ http://localhost:3000/_next/static/chunks/node_modules_next_dist_115brz8._.js:2431
[ 5944234ms] [LOG] PortfolioPage holdings: 5 BTC,MSFT,ETH,SOL,BTC @ http://localhost:3000/_next/static/chunks/node_modules_next_dist_115brz8._.js:2431
[ 5944235ms] [LOG] PortfolioPage holdings: 5 BTC,MSFT,ETH,SOL,BTC @ http://localhost:3000/_next/static/chunks/node_modules_next_dist_115brz8._.js:2431
[ 5973903ms] [LOG] [Fast Refresh] rebuilding @ http://localhost:3000/_next/static/chunks/node_modules_next_dist_115brz8._.js:2431
[ 5973945ms] [LOG] [Fast Refresh] done in 146ms @ http://localhost:3000/_next/static/chunks/node_modules_next_dist_115brz8._.js:2431
[ 5974239ms] [LOG] PortfolioPage holdings: 5 BTC,MSFT,ETH,SOL,BTC @ http://localhost:3000/_next/static/chunks/node_modules_next_dist_115brz8._.js:2431
[ 5974240ms] [LOG] PortfolioPage holdings: 5 BTC,MSFT,ETH,SOL,BTC @ http://localhost:3000/_next/static/chunks/node_modules_next_dist_115brz8._.js:2431
[ 6004242ms] [LOG] PortfolioPage holdings: 5 BTC,MSFT,ETH,SOL,BTC @ http://localhost:3000/_next/static/chunks/node_modules_next_dist_115brz8._.js:2431
[ 6004243ms] [LOG] PortfolioPage holdings: 5 BTC,MSFT,ETH,SOL,BTC @ http://localhost:3000/_next/static/chunks/node_modules_next_dist_115brz8._.js:2431
[ 6034259ms] [LOG] PortfolioPage holdings: 5 BTC,MSFT,ETH,SOL,BTC @ http://localhost:3000/_next/static/chunks/node_modules_next_dist_115brz8._.js:2431
[ 6034260ms] [LOG] PortfolioPage holdings: 5 BTC,MSFT,ETH,SOL,BTC @ http://localhost:3000/_next/static/chunks/node_modules_next_dist_115brz8._.js:2431
[ 6034527ms] [LOG] PortfolioPage holdings: 5 BTC,MSFT,ETH,SOL,BTC @ http://localhost:3000/_next/static/chunks/node_modules_next_dist_115brz8._.js:2431
[ 6034528ms] [LOG] PortfolioPage holdings: 5 BTC,MSFT,ETH,SOL,BTC @ http://localhost:3000/_next/static/chunks/node_modules_next_dist_115brz8._.js:2431
[ 6064273ms] [LOG] PortfolioPage holdings: 5 BTC,MSFT,ETH,SOL,BTC @ http://localhost:3000/_next/static/chunks/node_modules_next_dist_115brz8._.js:2431
[ 6064274ms] [LOG] PortfolioPage holdings: 5 BTC,MSFT,ETH,SOL,BTC @ http://localhost:3000/_next/static/chunks/node_modules_next_dist_115brz8._.js:2431
[ 6094106ms] [LOG] [Fast Refresh] rebuilding @ http://localhost:3000/_next/static/chunks/node_modules_next_dist_115brz8._.js:2431
[ 6094290ms] [LOG] PortfolioPage holdings: 5 BTC,MSFT,ETH,SOL,BTC @ http://localhost:3000/_next/static/chunks/node_modules_next_dist_115brz8._.js:2431
[ 6094292ms] [LOG] PortfolioPage holdings: 5 BTC,MSFT,ETH,SOL,BTC @ http://localhost:3000/_next/static/chunks/node_modules_next_dist_115brz8._.js:2431
[ 6094534ms] [LOG] PortfolioPage holdings: 5 BTC,MSFT,ETH,SOL,BTC @ http://localhost:3000/_next/static/chunks/node_modules_next_dist_115brz8._.js:2431
[ 6094536ms] [LOG] PortfolioPage holdings: 5 BTC,MSFT,ETH,SOL,BTC @ http://localhost:3000/_next/static/chunks/node_modules_next_dist_115brz8._.js:2431
[ 6095034ms] [LOG] [Fast Refresh] done in 1028ms @ http://localhost:3000/_next/static/chunks/node_modules_next_dist_115brz8._.js:2431
[ 6095145ms] [LOG] [Fast Refresh] rebuilding @ http://localhost:3000/_next/static/chunks/node_modules_next_dist_115brz8._.js:2431
[ 6095472ms] [LOG] [Fast Refresh] done in 431ms @ http://localhost:3000/_next/static/chunks/node_modules_next_dist_115brz8._.js:2431
[ 6095593ms] [LOG] PortfolioPage holdings: 5 BTC,MSFT,ETH,SOL,BTC @ http://localhost:3000/_next/static/chunks/node_modules_next_dist_115brz8._.js:2431
[ 6095595ms] [LOG] PortfolioPage holdings: 5 BTC,MSFT,ETH,SOL,BTC @ http://localhost:3000/_next/static/chunks/node_modules_next_dist_115brz8._.js:2431
[ 6103260ms] [LOG] [Fast Refresh] rebuilding @ http://localhost:3000/_next/static/chunks/node_modules_next_dist_115brz8._.js:2431
[ 6103382ms] [LOG] [Fast Refresh] done in 224ms @ http://localhost:3000/_next/static/chunks/node_modules_next_dist_115brz8._.js:2431
[ 6103501ms] [LOG] [Fast Refresh] rebuilding @ http://localhost:3000/_next/static/chunks/node_modules_next_dist_115brz8._.js:2431
[ 6103713ms] [LOG] [Fast Refresh] done in 325ms @ http://localhost:3000/_next/static/chunks/node_modules_next_dist_115brz8._.js:2431
[ 6103823ms] [LOG] PortfolioPage holdings: 5 BTC,MSFT,ETH,SOL,BTC @ http://localhost:3000/_next/static/chunks/node_modules_next_dist_115brz8._.js:2431
[ 6103824ms] [LOG] PortfolioPage holdings: 5 BTC,MSFT,ETH,SOL,BTC @ http://localhost:3000/_next/static/chunks/node_modules_next_dist_115brz8._.js:2431
[ 6120502ms] [LOG] [Fast Refresh] rebuilding @ http://localhost:3000/_next/static/chunks/node_modules_next_dist_115brz8._.js:2431
[ 6120531ms] [LOG] [Fast Refresh] done in 147ms @ http://localhost:3000/_next/static/chunks/node_modules_next_dist_115brz8._.js:2431
[ 6124297ms] [LOG] PortfolioPage holdings: 5 BTC,MSFT,ETH,SOL,BTC @ http://localhost:3000/_next/static/chunks/node_modules_next_dist_115brz8._.js:2431
[ 6124299ms] [LOG] PortfolioPage holdings: 5 BTC,MSFT,ETH,SOL,BTC @ http://localhost:3000/_next/static/chunks/node_modules_next_dist_115brz8._.js:2431
[ 6124507ms] [LOG] [Fast Refresh] rebuilding @ http://localhost:3000/_next/static/chunks/node_modules_next_dist_115brz8._.js:2431
[ 6124682ms] [LOG] [Fast Refresh] done in 276ms @ http://localhost:3000/_next/static/chunks/node_modules_next_dist_115brz8._.js:2431
[ 6154304ms] [LOG] PortfolioPage holdings: 5 BTC,MSFT,ETH,SOL,BTC @ http://localhost:3000/_next/static/chunks/node_modules_next_dist_115brz8._.js:2431
[ 6154305ms] [LOG] PortfolioPage holdings: 5 BTC,MSFT,ETH,SOL,BTC @ http://localhost:3000/_next/static/chunks/node_modules_next_dist_115brz8._.js:2431
[ 6154343ms] [ERROR] WebSocket is already in CLOSING or CLOSED state. @ http://localhost:3000/_next/static/chunks/node_modules_next_dist_115brz8._.js:2790
[ 6154536ms] [LOG] PortfolioPage holdings: 5 BTC,MSFT,ETH,SOL,BTC @ http://localhost:3000/_next/static/chunks/node_modules_next_dist_115brz8._.js:2431
[ 6154537ms] [LOG] PortfolioPage holdings: 5 BTC,MSFT,ETH,SOL,BTC @ http://localhost:3000/_next/static/chunks/node_modules_next_dist_115brz8._.js:2431
[ 6154570ms] [ERROR] WebSocket is already in CLOSING or CLOSED state. @ http://localhost:3000/_next/static/chunks/node_modules_next_dist_115brz8._.js:2790
[ 6156216ms] [ERROR] WebSocket connection to 'ws://localhost:3000/_next/webpack-hmr?id=NeJoQmhL3M8YLG7woeZIO' failed: Error in connection establishment: net::ERR_CONNECTION_REFUSED @ http://localhost:3000/_next/static/chunks/node_modules_next_dist_client_0fhqo1d._.js:13299
[ 6160048ms] [LOG] [HMR] connected @ http://localhost:3000/_next/static/chunks/node_modules_next_dist_115brz8._.js:2431
[ 6161867ms] [INFO] %cDownload the React DevTools for a better development experience: https://react.dev/link/react-devtools font-weight:bold @ http://localhost:3000/_next/static/chunks/node_modules_next_dist_115brz8._.js:2431
[ 6161913ms] [LOG] [HMR] connected @ http://localhost:3000/_next/static/chunks/node_modules_next_dist_115brz8._.js:2431
[ 6162068ms] [LOG] PortfolioPage holdings: 5 BTC,MSFT,ETH,SOL,BTC @ http://localhost:3000/_next/static/chunks/node_modules_next_dist_115brz8._.js:2431
[ 6162069ms] [LOG] PortfolioPage holdings: 5 BTC,MSFT,ETH,SOL,BTC @ http://localhost:3000/_next/static/chunks/node_modules_next_dist_115brz8._.js:2431
[ 6162090ms] [LOG] PortfolioPage holdings: 5 BTC,MSFT,ETH,SOL,BTC @ http://localhost:3000/_next/static/chunks/node_modules_next_dist_115brz8._.js:2431
[ 6162094ms] [LOG] PortfolioPage holdings: 5 BTC,MSFT,ETH,SOL,BTC @ http://localhost:3000/_next/static/chunks/node_modules_next_dist_115brz8._.js:2431
[ 6162169ms] [LOG] [Fast Refresh] rebuilding @ http://localhost:3000/_next/static/chunks/node_modules_next_dist_115brz8._.js:2431
[ 6162171ms] [LOG] [Fast Refresh] done in 142ms @ http://localhost:3000/_next/static/chunks/node_modules_next_dist_115brz8._.js:2431
[ 6162276ms] [LOG] [Fast Refresh] rebuilding @ http://localhost:3000/_next/static/chunks/node_modules_next_dist_115brz8._.js:2431
[ 6162335ms] [LOG] [Fast Refresh] done in 159ms @ http://localhost:3000/_next/static/chunks/node_modules_next_dist_115brz8._.js:2431
[ 6162371ms] [LOG] PortfolioPage holdings: 5 BTC,MSFT,ETH,SOL,BTC @ http://localhost:3000/_next/static/chunks/node_modules_next_dist_115brz8._.js:2431
[ 6162372ms] [LOG] PortfolioPage holdings: 5 BTC,MSFT,ETH,SOL,BTC @ http://localhost:3000/_next/static/chunks/node_modules_next_dist_115brz8._.js:2431
[ 6162410ms] [LOG] PortfolioPage holdings: 5 BTC,MSFT,ETH,SOL,BTC @ http://localhost:3000/_next/static/chunks/node_modules_next_dist_115brz8._.js:2431
[ 6162412ms] [LOG] PortfolioPage holdings: 5 BTC,MSFT,ETH,SOL,BTC @ http://localhost:3000/_next/static/chunks/node_modules_next_dist_115brz8._.js:2431
[ 6162719ms] [LOG] PortfolioPage holdings: 5 BTC,MSFT,ETH,SOL,BTC @ http://localhost:3000/_next/static/chunks/node_modules_next_dist_115brz8._.js:2431
[ 6162721ms] [LOG] PortfolioPage holdings: 5 BTC,MSFT,ETH,SOL,BTC @ http://localhost:3000/_next/static/chunks/node_modules_next_dist_115brz8._.js:2431
[ 6222413ms] [LOG] PortfolioPage holdings: 5 BTC,MSFT,ETH,SOL,BTC @ http://localhost:3000/_next/static/chunks/node_modules_next_dist_115brz8._.js:2431
[ 6222414ms] [LOG] PortfolioPage holdings: 5 BTC,MSFT,ETH,SOL,BTC @ http://localhost:3000/_next/static/chunks/node_modules_next_dist_115brz8._.js:2431
[ 6282422ms] [LOG] PortfolioPage holdings: 5 BTC,MSFT,ETH,SOL,BTC @ http://localhost:3000/_next/static/chunks/node_modules_next_dist_115brz8._.js:2431
[ 6282423ms] [LOG] PortfolioPage holdings: 5 BTC,MSFT,ETH,SOL,BTC @ http://localhost:3000/_next/static/chunks/node_modules_next_dist_115brz8._.js:2431
[ 6282725ms] [LOG] PortfolioPage holdings: 5 BTC,MSFT,ETH,SOL,BTC @ http://localhost:3000/_next/static/chunks/node_modules_next_dist_115brz8._.js:2431
[ 6282726ms] [LOG] PortfolioPage holdings: 5 BTC,MSFT,ETH,SOL,BTC @ http://localhost:3000/_next/static/chunks/node_modules_next_dist_115brz8._.js:2431
[ 6312435ms] [LOG] PortfolioPage holdings: 5 BTC,MSFT,ETH,SOL,BTC @ http://localhost:3000/_next/static/chunks/node_modules_next_dist_115brz8._.js:2431
[ 6312437ms] [LOG] PortfolioPage holdings: 5 BTC,MSFT,ETH,SOL,BTC @ http://localhost:3000/_next/static/chunks/node_modules_next_dist_115brz8._.js:2431
[ 6342453ms] [LOG] PortfolioPage holdings: 5 BTC,MSFT,ETH,SOL,BTC @ http://localhost:3000/_next/static/chunks/node_modules_next_dist_115brz8._.js:2431
[ 6342454ms] [LOG] PortfolioPage holdings: 5 BTC,MSFT,ETH,SOL,BTC @ http://localhost:3000/_next/static/chunks/node_modules_next_dist_115brz8._.js:2431
[ 6342727ms] [LOG] PortfolioPage holdings: 5 BTC,MSFT,ETH,SOL,BTC @ http://localhost:3000/_next/static/chunks/node_modules_next_dist_115brz8._.js:2431
[ 6342728ms] [LOG] PortfolioPage holdings: 5 BTC,MSFT,ETH,SOL,BTC @ http://localhost:3000/_next/static/chunks/node_modules_next_dist_115brz8._.js:2431
[ 6372479ms] [LOG] PortfolioPage holdings: 5 BTC,MSFT,ETH,SOL,BTC @ http://localhost:3000/_next/static/chunks/node_modules_next_dist_115brz8._.js:2431
[ 6372480ms] [LOG] PortfolioPage holdings: 5 BTC,MSFT,ETH,SOL,BTC @ http://localhost:3000/_next/static/chunks/node_modules_next_dist_115brz8._.js:2431
[ 6402715ms] [ERROR] Failed to load resource: net::ERR_CONNECTION_RESET @ http://localhost:3000/api/stocks/quotes?symbols=MSFT:0
[ 6402744ms] [LOG] PortfolioPage holdings: 5 BTC,MSFT,ETH,SOL,BTC @ http://localhost:3000/_next/static/chunks/node_modules_next_dist_115brz8._.js:2431
[ 6402746ms] [LOG] PortfolioPage holdings: 5 BTC,MSFT,ETH,SOL,BTC @ http://localhost:3000/_next/static/chunks/node_modules_next_dist_115brz8._.js:2431
