[    4268ms] [ERROR] ./components/crypto/CryptoDetailHeader.tsx:6:1
Export Github doesn't exist in target module
  4 | import { formatCryptoPrice } from '@/lib/cryptoUtils';
  5 | import { Skeleton } from '@/components/ui/skeleton';
> 6 | import { TrendingUp, TrendingDown, Globe, MessageSquare, Github } from 'lucide-react';
    | ^^^^^^^^^^^^^^^^^^^^^^^^^^^^^^^^^^^^^^^^^^^^^^^^^^^^^^^^^^^^^^^^^^^^^^^^^^^^^^^^^^^^^^
  7 |
  8 | interface CryptoDetailHeaderProps {
  9 |   id: string;

The export Github was not found in module [project]/node_modules/lucide-react/dist/esm/lucide-react.mjs [app-client] (ecmascript).
Did you mean to import Gift?
All exports of the module are statically known (It doesn't have dynamic exports). So it's known statically that the requested export doesn't exist.

Import traces:
  Client Component Browser:
    ./components/crypto/CryptoDetailHeader.tsx [Client Component Browser]
    ./app/(main)/crypto/[id]/page.tsx [Client Component Browser]
    ./app/(main)/crypto/[id]/page.tsx [Server Component]

  Client Component SSR:
    ./components/crypto/CryptoDetailHeader.tsx [Client Component SSR]
    ./app/(main)/crypto/[id]/page.tsx [Client Component SSR]
    ./app/(main)/crypto/[id]/page.tsx [Server Component] @ http://localhost:3000/_next/static/chunks/node_modules_next_dist_115brz8._.js:3272
[    4269ms] [ERROR] ./components/crypto/CryptoDetailHeader.tsx:6:1
Export Github doesn't exist in target module
  4 | import { formatCryptoPrice } from '@/lib/cryptoUtils';
  5 | import { Skeleton } from '@/components/ui/skeleton';
> 6 | import { TrendingUp, TrendingDown, Globe, MessageSquare, Github } from 'lucide-react';
    | ^^^^^^^^^^^^^^^^^^^^^^^^^^^^^^^^^^^^^^^^^^^^^^^^^^^^^^^^^^^^^^^^^^^^^^^^^^^^^^^^^^^^^^
  7 |
  8 | interface CryptoDetailHeaderProps {
  9 |   id: string;

The export Github was not found in module [project]/node_modules/lucide-react/dist/esm/lucide-react.mjs [app-ssr] (ecmascript).
Did you mean to import Gift?
All exports of the module are statically known (It doesn't have dynamic exports). So it's known statically that the requested export doesn't exist.

Import traces:
  Client Component Browser:
    ./components/crypto/CryptoDetailHeader.tsx [Client Component Browser]
    ./app/(main)/crypto/[id]/page.tsx [Client Component Browser]
    ./app/(main)/crypto/[id]/page.tsx [Server Component]

  Client Component SSR:
    ./components/crypto/CryptoDetailHeader.tsx [Client Component SSR]
    ./app/(main)/crypto/[id]/page.tsx [Client Component SSR]
    ./app/(main)/crypto/[id]/page.tsx [Server Component] @ http://localhost:3000/_next/static/chunks/node_modules_next_dist_115brz8._.js:3272
[    4455ms] [LOG] [Fast Refresh] rebuilding @ http://localhost:3000/_next/static/chunks/node_modules_next_dist_115brz8._.js:2431
[    4996ms] [ERROR] ./components/crypto/CryptoDetailHeader.tsx:6:1
Export Github doesn't exist in target module
  4 | import { formatCryptoPrice } from '@/lib/cryptoUtils';
  5 | import { Skeleton } from '@/components/ui/skeleton';
> 6 | import { TrendingUp, TrendingDown, Globe, MessageSquare, Github } from 'lucide-react';
    | ^^^^^^^^^^^^^^^^^^^^^^^^^^^^^^^^^^^^^^^^^^^^^^^^^^^^^^^^^^^^^^^^^^^^^^^^^^^^^^^^^^^^^^
  7 |
  8 | interface CryptoDetailHeaderProps {
  9 |   id: string;

The export Github was not found in module [project]/node_modules/lucide-react/dist/esm/lucide-react.mjs [app-client] (ecmascript).
Did you mean to import Gift?
All exports of the module are statically known (It doesn't have dynamic exports). So it's known statically that the requested export doesn't exist.

Import traces:
  Client Component Browser:
    ./components/crypto/CryptoDetailHeader.tsx [Client Component Browser]
    ./app/(main)/crypto/[id]/page.tsx [Client Component Browser]
    ./app/(main)/crypto/[id]/page.tsx [Server Component]

  Client Component SSR:
    ./components/crypto/CryptoDetailHeader.tsx [Client Component SSR]
    ./app/(main)/crypto/[id]/page.tsx [Client Component SSR]
    ./app/(main)/crypto/[id]/page.tsx [Server Component] @ http://localhost:3000/_next/static/chunks/node_modules_next_dist_115brz8._.js:3272
[    4997ms] [ERROR] ./components/crypto/CryptoDetailHeader.tsx:6:1
Export Github doesn't exist in target module
  4 | import { formatCryptoPrice } from '@/lib/cryptoUtils';
  5 | import { Skeleton } from '@/components/ui/skeleton';
> 6 | import { TrendingUp, TrendingDown, Globe, MessageSquare, Github } from 'lucide-react';
    | ^^^^^^^^^^^^^^^^^^^^^^^^^^^^^^^^^^^^^^^^^^^^^^^^^^^^^^^^^^^^^^^^^^^^^^^^^^^^^^^^^^^^^^
  7 |
  8 | interface CryptoDetailHeaderProps {
  9 |   id: string;

The export Github was not found in module [project]/node_modules/lucide-react/dist/esm/lucide-react.mjs [app-ssr] (ecmascript).
Did you mean to import Gift?
All exports of the module are statically known (It doesn't have dynamic exports). So it's known statically that the requested export doesn't exist.

Import traces:
  Client Component Browser:
    ./components/crypto/CryptoDetailHeader.tsx [Client Component Browser]
    ./app/(main)/crypto/[id]/page.tsx [Client Component Browser]
    ./app/(main)/crypto/[id]/page.tsx [Server Component]

  Client Component SSR:
    ./components/crypto/CryptoDetailHeader.tsx [Client Component SSR]
    ./app/(main)/crypto/[id]/page.tsx [Client Component SSR]
    ./app/(main)/crypto/[id]/page.tsx [Server Component] @ http://localhost:3000/_next/static/chunks/node_modules_next_dist_115brz8._.js:3272
[    5225ms] [ERROR] ./components/crypto/CryptoDetailHeader.tsx:6:1
Export Github doesn't exist in target module
  4 | import { formatCryptoPrice } from '@/lib/cryptoUtils';
  5 | import { Skeleton } from '@/components/ui/skeleton';
> 6 | import { TrendingUp, TrendingDown, Globe, MessageSquare, Github } from 'lucide-react';
    | ^^^^^^^^^^^^^^^^^^^^^^^^^^^^^^^^^^^^^^^^^^^^^^^^^^^^^^^^^^^^^^^^^^^^^^^^^^^^^^^^^^^^^^
  7 |
  8 | interface CryptoDetailHeaderProps {
  9 |   id: string;

The export Github was not found in module [project]/node_modules/lucide-react/dist/esm/lucide-react.mjs [app-client] (ecmascript).
Did you mean to import Gift?
All exports of the module are statically known (It doesn't have dynamic exports). So it's known statically that the requested export doesn't exist.

Import traces:
  Client Component Browser:
    ./components/crypto/CryptoDetailHeader.tsx [Client Component Browser]
    ./app/(main)/crypto/[id]/page.tsx [Client Component Browser]
    ./app/(main)/crypto/[id]/page.tsx [Server Component]

  Client Component SSR:
    ./components/crypto/CryptoDetailHeader.tsx [Client Component SSR]
    ./app/(main)/crypto/[id]/page.tsx [Client Component SSR]
    ./app/(main)/crypto/[id]/page.tsx [Server Component] @ http://localhost:3000/_next/static/chunks/node_modules_next_dist_115brz8._.js:3272
[    5226ms] [ERROR] ./components/crypto/CryptoDetailHeader.tsx:6:1
Export Github doesn't exist in target module
  4 | import { formatCryptoPrice } from '@/lib/cryptoUtils';
  5 | import { Skeleton } from '@/components/ui/skeleton';
> 6 | import { TrendingUp, TrendingDown, Globe, MessageSquare, Github } from 'lucide-react';
    | ^^^^^^^^^^^^^^^^^^^^^^^^^^^^^^^^^^^^^^^^^^^^^^^^^^^^^^^^^^^^^^^^^^^^^^^^^^^^^^^^^^^^^^
  7 |
  8 | interface CryptoDetailHeaderProps {
  9 |   id: string;

The export Github was not found in module [project]/node_modules/lucide-react/dist/esm/lucide-react.mjs [app-ssr] (ecmascript).
Did you mean to import Gift?
All exports of the module are statically known (It doesn't have dynamic exports). So it's known statically that the requested export doesn't exist.

Import traces:
  Client Component Browser:
    ./components/crypto/CryptoDetailHeader.tsx [Client Component Browser]
    ./app/(main)/crypto/[id]/page.tsx [Client Component Browser]
    ./app/(main)/crypto/[id]/page.tsx [Server Component]

  Client Component SSR:
    ./components/crypto/CryptoDetailHeader.tsx [Client Component SSR]
    ./app/(main)/crypto/[id]/page.tsx [Client Component SSR]
    ./app/(main)/crypto/[id]/page.tsx [Server Component] @ http://localhost:3000/_next/static/chunks/node_modules_next_dist_115brz8._.js:3272
[    5227ms] [ERROR] Failed to load resource: the server responded with a status of 500 (Internal Server Error) @ http://localhost:3000/crypto/bitcoin?_rsc=1b86g:0
[    5240ms] [ERROR] Failed to load resource: the server responded with a status of 500 (Internal Server Error) @ http://localhost:3000/crypto/bitcoin:0
[    5408ms] [INFO] %cDownload the React DevTools for a better development experience: https://react.dev/link/react-devtools font-weight:bold @ http://localhost:3000/_next/static/chunks/node_modules_react-dom_0bruynb._.js:15305
[    5484ms] Error: ./components/crypto/CryptoDetailHeader.tsx:6:1
Export Github doesn't exist in target module
  4 | import { formatCryptoPrice } from '@/lib/cryptoUtils';
  5 | import { Skeleton } from '@/components/ui/skeleton';
> 6 | import { TrendingUp, TrendingDown, Globe, MessageSquare, Github } from 'lucide-react';
    | ^^^^^^^^^^^^^^^^^^^^^^^^^^^^^^^^^^^^^^^^^^^^^^^^^^^^^^^^^^^^^^^^^^^^^^^^^^^^^^^^^^^^^^
  7 |
  8 | interface CryptoDetailHeaderProps {
  9 |   id: string;

The export Github was not found in module [project]/node_modules/lucide-react/dist/esm/lucide-react.mjs [app-client] (ecmascript).
Did you mean to import Gift?
All exports of the module are statically known (It doesn't have dynamic exports). So it's known statically that the requested export doesn't exist.

Import traces:
  Client Component Browser:
    ./components/crypto/CryptoDetailHeader.tsx [Client Component Browser]
    ./app/(main)/crypto/[id]/page.tsx [Client Component Browser]
    ./app/(main)/crypto/[id]/page.tsx [Server Component]

  Client Component SSR:
    ./components/crypto/CryptoDetailHeader.tsx [Client Component SSR]
    ./app/(main)/crypto/[id]/page.tsx [Client Component SSR]
    ./app/(main)/crypto/[id]/page.tsx [Server Component]


    at <unknown> (Error: ./components/crypto/CryptoDetailHeader.tsx:6:1)
    at Object.getCompilationErrors (file://C:\Users\user\workspaces\courses\moneytoring-web\node_modules\next\dist\server\dev\hot-reloader-turbopack.js:1186:59)
    at DevBundlerService.getCompilationError (file://C:\Users\user\workspaces\courses\moneytoring-web\node_modules\next\dist\server\lib\dev-bundler-service.js:44:55)
    at DevServer.getCompilationError (file://C:\Users\user\workspaces\courses\moneytoring-web\node_modules\next\dist\server\dev\next-dev-server.js:719:42)
    at DevServer.findPageComponents (file://C:\Users\user\workspaces\courses\moneytoring-web\node_modules\next\dist\server\dev\next-dev-server.js:689:43)
    at async DevServer.renderErrorToResponseImpl (file://C:\Users\user\workspaces\courses\moneytoring-web\node_modules\next\dist\server\base-server.js:1745:26)
[    5484ms] [LOG] [HMR] connected @ http://localhost:3000/_next/static/chunks/node_modules_next_dist_0u_w_5s._.js:1226
[    5488ms] [ERROR] ./components/crypto/CryptoDetailHeader.tsx:6:1
Export Github doesn't exist in target module
  4 | import { formatCryptoPrice } from '@/lib/cryptoUtils';
  5 | import { Skeleton } from '@/components/ui/skeleton';
> 6 | import { TrendingUp, TrendingDown, Globe, MessageSquare, Github } from 'lucide-react';
    | ^^^^^^^^^^^^^^^^^^^^^^^^^^^^^^^^^^^^^^^^^^^^^^^^^^^^^^^^^^^^^^^^^^^^^^^^^^^^^^^^^^^^^^
  7 |
  8 | interface CryptoDetailHeaderProps {
  9 |   id: string;

The export Github was not found in module [project]/node_modules/lucide-react/dist/esm/lucide-react.mjs [app-client] (ecmascript).
Did you mean to import Gift?
All exports of the module are statically known (It doesn't have dynamic exports). So it's known statically that the requested export doesn't exist.

Import traces:
  Client Component Browser:
    ./components/crypto/CryptoDetailHeader.tsx [Client Component Browser]
    ./app/(main)/crypto/[id]/page.tsx [Client Component Browser]
    ./app/(main)/crypto/[id]/page.tsx [Server Component]

  Client Component SSR:
    ./components/crypto/CryptoDetailHeader.tsx [Client Component SSR]
    ./app/(main)/crypto/[id]/page.tsx [Client Component SSR]
    ./app/(main)/crypto/[id]/page.tsx [Server Component] @ http://localhost:3000/_next/static/chunks/node_modules_next_dist_0u_w_5s._.js:1945
[    5489ms] [ERROR] ./components/crypto/CryptoDetailHeader.tsx:6:1
Export Github doesn't exist in target module
  4 | import { formatCryptoPrice } from '@/lib/cryptoUtils';
  5 | import { Skeleton } from '@/components/ui/skeleton';
> 6 | import { TrendingUp, TrendingDown, Globe, MessageSquare, Github } from 'lucide-react';
    | ^^^^^^^^^^^^^^^^^^^^^^^^^^^^^^^^^^^^^^^^^^^^^^^^^^^^^^^^^^^^^^^^^^^^^^^^^^^^^^^^^^^^^^
  7 |
  8 | interface CryptoDetailHeaderProps {
  9 |   id: string;

The export Github was not found in module [project]/node_modules/lucide-react/dist/esm/lucide-react.mjs [app-ssr] (ecmascript).
Did you mean to import Gift?
All exports of the module are statically known (It doesn't have dynamic exports). So it's known statically that the requested export doesn't exist.

Import traces:
  Client Component Browser:
    ./components/crypto/CryptoDetailHeader.tsx [Client Component Browser]
    ./app/(main)/crypto/[id]/page.tsx [Client Component Browser]
    ./app/(main)/crypto/[id]/page.tsx [Server Component]

  Client Component SSR:
    ./components/crypto/CryptoDetailHeader.tsx [Client Component SSR]
    ./app/(main)/crypto/[id]/page.tsx [Client Component SSR]
    ./app/(main)/crypto/[id]/page.tsx [Server Component] @ http://localhost:3000/_next/static/chunks/node_modules_next_dist_0u_w_5s._.js:1945
[    5597ms] [LOG] [Fast Refresh] rebuilding @ http://localhost:3000/_next/static/chunks/node_modules_next_dist_0u_w_5s._.js:1226
[    5684ms] [ERROR] ./components/crypto/CryptoDetailHeader.tsx:6:1
Export Github doesn't exist in target module
  4 | import { formatCryptoPrice } from '@/lib/cryptoUtils';
  5 | import { Skeleton } from '@/components/ui/skeleton';
> 6 | import { TrendingUp, TrendingDown, Globe, MessageSquare, Github } from 'lucide-react';
    | ^^^^^^^^^^^^^^^^^^^^^^^^^^^^^^^^^^^^^^^^^^^^^^^^^^^^^^^^^^^^^^^^^^^^^^^^^^^^^^^^^^^^^^
  7 |
  8 | interface CryptoDetailHeaderProps {
  9 |   id: string;

The export Github was not found in module [project]/node_modules/lucide-react/dist/esm/lucide-react.mjs [app-client] (ecmascript).
Did you mean to import Gift?
All exports of the module are statically known (It doesn't have dynamic exports). So it's known statically that the requested export doesn't exist.

Import traces:
  Client Component Browser:
    ./components/crypto/CryptoDetailHeader.tsx [Client Component Browser]
    ./app/(main)/crypto/[id]/page.tsx [Client Component Browser]
    ./app/(main)/crypto/[id]/page.tsx [Server Component]

  Client Component SSR:
    ./components/crypto/CryptoDetailHeader.tsx [Client Component SSR]
    ./app/(main)/crypto/[id]/page.tsx [Client Component SSR]
    ./app/(main)/crypto/[id]/page.tsx [Server Component] @ http://localhost:3000/_next/static/chunks/node_modules_next_dist_0u_w_5s._.js:1945
[    5685ms] [ERROR] ./components/crypto/CryptoDetailHeader.tsx:6:1
Export Github doesn't exist in target module
  4 | import { formatCryptoPrice } from '@/lib/cryptoUtils';
  5 | import { Skeleton } from '@/components/ui/skeleton';
> 6 | import { TrendingUp, TrendingDown, Globe, MessageSquare, Github } from 'lucide-react';
    | ^^^^^^^^^^^^^^^^^^^^^^^^^^^^^^^^^^^^^^^^^^^^^^^^^^^^^^^^^^^^^^^^^^^^^^^^^^^^^^^^^^^^^^
  7 |
  8 | interface CryptoDetailHeaderProps {
  9 |   id: string;

The export Github was not found in module [project]/node_modules/lucide-react/dist/esm/lucide-react.mjs [app-ssr] (ecmascript).
Did you mean to import Gift?
All exports of the module are statically known (It doesn't have dynamic exports). So it's known statically that the requested export doesn't exist.

Import traces:
  Client Component Browser:
    ./components/crypto/CryptoDetailHeader.tsx [Client Component Browser]
    ./app/(main)/crypto/[id]/page.tsx [Client Component Browser]
    ./app/(main)/crypto/[id]/page.tsx [Server Component]

  Client Component SSR:
    ./components/crypto/CryptoDetailHeader.tsx [Client Component SSR]
    ./app/(main)/crypto/[id]/page.tsx [Client Component SSR]
    ./app/(main)/crypto/[id]/page.tsx [Server Component] @ http://localhost:3000/_next/static/chunks/node_modules_next_dist_0u_w_5s._.js:1945
[    5741ms] [ERROR] ./components/crypto/CryptoDetailHeader.tsx:6:1
Export Github doesn't exist in target module
  4 | import { formatCryptoPrice } from '@/lib/cryptoUtils';
  5 | import { Skeleton } from '@/components/ui/skeleton';
> 6 | import { TrendingUp, TrendingDown, Globe, MessageSquare, Github } from 'lucide-react';
    | ^^^^^^^^^^^^^^^^^^^^^^^^^^^^^^^^^^^^^^^^^^^^^^^^^^^^^^^^^^^^^^^^^^^^^^^^^^^^^^^^^^^^^^
  7 |
  8 | interface CryptoDetailHeaderProps {
  9 |   id: string;

The export Github was not found in module [project]/node_modules/lucide-react/dist/esm/lucide-react.mjs [app-client] (ecmascript).
Did you mean to import Gift?
All exports of the module are statically known (It doesn't have dynamic exports). So it's known statically that the requested export doesn't exist.

Import traces:
  Client Component Browser:
    ./components/crypto/CryptoDetailHeader.tsx [Client Component Browser]
    ./app/(main)/crypto/[id]/page.tsx [Client Component Browser]
    ./app/(main)/crypto/[id]/page.tsx [Server Component]

  Client Component SSR:
    ./components/crypto/CryptoDetailHeader.tsx [Client Component SSR]
    ./app/(main)/crypto/[id]/page.tsx [Client Component SSR]
    ./app/(main)/crypto/[id]/page.tsx [Server Component] @ http://localhost:3000/_next/static/chunks/node_modules_next_dist_0u_w_5s._.js:1945
[    5741ms] [ERROR] ./components/crypto/CryptoDetailHeader.tsx:6:1
Export Github doesn't exist in target module
  4 | import { formatCryptoPrice } from '@/lib/cryptoUtils';
  5 | import { Skeleton } from '@/components/ui/skeleton';
> 6 | import { TrendingUp, TrendingDown, Globe, MessageSquare, Github } from 'lucide-react';
    | ^^^^^^^^^^^^^^^^^^^^^^^^^^^^^^^^^^^^^^^^^^^^^^^^^^^^^^^^^^^^^^^^^^^^^^^^^^^^^^^^^^^^^^
  7 |
  8 | interface CryptoDetailHeaderProps {
  9 |   id: string;

The export Github was not found in module [project]/node_modules/lucide-react/dist/esm/lucide-react.mjs [app-ssr] (ecmascript).
Did you mean to import Gift?
All exports of the module are statically known (It doesn't have dynamic exports). So it's known statically that the requested export doesn't exist.

Import traces:
  Client Component Browser:
    ./components/crypto/CryptoDetailHeader.tsx [Client Component Browser]
    ./app/(main)/crypto/[id]/page.tsx [Client Component Browser]
    ./app/(main)/crypto/[id]/page.tsx [Server Component]

  Client Component SSR:
    ./components/crypto/CryptoDetailHeader.tsx [Client Component SSR]
    ./app/(main)/crypto/[id]/page.tsx [Client Component SSR]
    ./app/(main)/crypto/[id]/page.tsx [Server Component] @ http://localhost:3000/_next/static/chunks/node_modules_next_dist_0u_w_5s._.js:1945
[    5801ms] [ERROR] ./components/crypto/CryptoDetailHeader.tsx:6:1
Export Github doesn't exist in target module
  4 | import { formatCryptoPrice } from '@/lib/cryptoUtils';
  5 | import { Skeleton } from '@/components/ui/skeleton';
> 6 | import { TrendingUp, TrendingDown, Globe, MessageSquare, Github } from 'lucide-react';
    | ^^^^^^^^^^^^^^^^^^^^^^^^^^^^^^^^^^^^^^^^^^^^^^^^^^^^^^^^^^^^^^^^^^^^^^^^^^^^^^^^^^^^^^
  7 |
  8 | interface CryptoDetailHeaderProps {
  9 |   id: string;

The export Github was not found in module [project]/node_modules/lucide-react/dist/esm/lucide-react.mjs [app-client] (ecmascript).
Did you mean to import Gift?
All exports of the module are statically known (It doesn't have dynamic exports). So it's known statically that the requested export doesn't exist.

Import traces:
  Client Component Browser:
    ./components/crypto/CryptoDetailHeader.tsx [Client Component Browser]
    ./app/(main)/crypto/[id]/page.tsx [Client Component Browser]
    ./app/(main)/crypto/[id]/page.tsx [Server Component]

  Client Component SSR:
    ./components/crypto/CryptoDetailHeader.tsx [Client Component SSR]
    ./app/(main)/crypto/[id]/page.tsx [Client Component SSR]
    ./app/(main)/crypto/[id]/page.tsx [Server Component] @ http://localhost:3000/_next/static/chunks/node_modules_next_dist_0u_w_5s._.js:1945
[    5801ms] [ERROR] ./components/crypto/CryptoDetailHeader.tsx:6:1
Export Github doesn't exist in target module
  4 | import { formatCryptoPrice } from '@/lib/cryptoUtils';
  5 | import { Skeleton } from '@/components/ui/skeleton';
> 6 | import { TrendingUp, TrendingDown, Globe, MessageSquare, Github } from 'lucide-react';
    | ^^^^^^^^^^^^^^^^^^^^^^^^^^^^^^^^^^^^^^^^^^^^^^^^^^^^^^^^^^^^^^^^^^^^^^^^^^^^^^^^^^^^^^
  7 |
  8 | interface CryptoDetailHeaderProps {
  9 |   id: string;

The export Github was not found in module [project]/node_modules/lucide-react/dist/esm/lucide-react.mjs [app-ssr] (ecmascript).
Did you mean to import Gift?
All exports of the module are statically known (It doesn't have dynamic exports). So it's known statically that the requested export doesn't exist.

Import traces:
  Client Component Browser:
    ./components/crypto/CryptoDetailHeader.tsx [Client Component Browser]
    ./app/(main)/crypto/[id]/page.tsx [Client Component Browser]
    ./app/(main)/crypto/[id]/page.tsx [Server Component]

  Client Component SSR:
    ./components/crypto/CryptoDetailHeader.tsx [Client Component SSR]
    ./app/(main)/crypto/[id]/page.tsx [Client Component SSR]
    ./app/(main)/crypto/[id]/page.tsx [Server Component] @ http://localhost:3000/_next/static/chunks/node_modules_next_dist_0u_w_5s._.js:1945
[    5861ms] [ERROR] ./components/crypto/CryptoDetailHeader.tsx:6:1
Export Github doesn't exist in target module
  4 | import { formatCryptoPrice } from '@/lib/cryptoUtils';
  5 | import { Skeleton } from '@/components/ui/skeleton';
> 6 | import { TrendingUp, TrendingDown, Globe, MessageSquare, Github } from 'lucide-react';
    | ^^^^^^^^^^^^^^^^^^^^^^^^^^^^^^^^^^^^^^^^^^^^^^^^^^^^^^^^^^^^^^^^^^^^^^^^^^^^^^^^^^^^^^
  7 |
  8 | interface CryptoDetailHeaderProps {
  9 |   id: string;

The export Github was not found in module [project]/node_modules/lucide-react/dist/esm/lucide-react.mjs [app-client] (ecmascript).
Did you mean to import Gift?
All exports of the module are statically known (It doesn't have dynamic exports). So it's known statically that the requested export doesn't exist.

Import traces:
  Client Component Browser:
    ./components/crypto/CryptoDetailHeader.tsx [Client Component Browser]
    ./app/(main)/crypto/[id]/page.tsx [Client Component Browser]
    ./app/(main)/crypto/[id]/page.tsx [Server Component]

  Client Component SSR:
    ./components/crypto/CryptoDetailHeader.tsx [Client Component SSR]
    ./app/(main)/crypto/[id]/page.tsx [Client Component SSR]
    ./app/(main)/crypto/[id]/page.tsx [Server Component] @ http://localhost:3000/_next/static/chunks/node_modules_next_dist_0u_w_5s._.js:1945
[    5862ms] [ERROR] ./components/crypto/CryptoDetailHeader.tsx:6:1
Export Github doesn't exist in target module
  4 | import { formatCryptoPrice } from '@/lib/cryptoUtils';
  5 | import { Skeleton } from '@/components/ui/skeleton';
> 6 | import { TrendingUp, TrendingDown, Globe, MessageSquare, Github } from 'lucide-react';
    | ^^^^^^^^^^^^^^^^^^^^^^^^^^^^^^^^^^^^^^^^^^^^^^^^^^^^^^^^^^^^^^^^^^^^^^^^^^^^^^^^^^^^^^
  7 |
  8 | interface CryptoDetailHeaderProps {
  9 |   id: string;

The export Github was not found in module [project]/node_modules/lucide-react/dist/esm/lucide-react.mjs [app-ssr] (ecmascript).
Did you mean to import Gift?
All exports of the module are statically known (It doesn't have dynamic exports). So it's known statically that the requested export doesn't exist.

Import traces:
  Client Component Browser:
    ./components/crypto/CryptoDetailHeader.tsx [Client Component Browser]
    ./app/(main)/crypto/[id]/page.tsx [Client Component Browser]
    ./app/(main)/crypto/[id]/page.tsx [Server Component]

  Client Component SSR:
    ./components/crypto/CryptoDetailHeader.tsx [Client Component SSR]
    ./app/(main)/crypto/[id]/page.tsx [Client Component SSR]
    ./app/(main)/crypto/[id]/page.tsx [Server Component] @ http://localhost:3000/_next/static/chunks/node_modules_next_dist_0u_w_5s._.js:1945
[    5921ms] [ERROR] ./components/crypto/CryptoDetailHeader.tsx:6:1
Export Github doesn't exist in target module
  4 | import { formatCryptoPrice } from '@/lib/cryptoUtils';
  5 | import { Skeleton } from '@/components/ui/skeleton';
> 6 | import { TrendingUp, TrendingDown, Globe, MessageSquare, Github } from 'lucide-react';
    | ^^^^^^^^^^^^^^^^^^^^^^^^^^^^^^^^^^^^^^^^^^^^^^^^^^^^^^^^^^^^^^^^^^^^^^^^^^^^^^^^^^^^^^
  7 |
  8 | interface CryptoDetailHeaderProps {
  9 |   id: string;

The export Github was not found in module [project]/node_modules/lucide-react/dist/esm/lucide-react.mjs [app-client] (ecmascript).
Did you mean to import Gift?
All exports of the module are statically known (It doesn't have dynamic exports). So it's known statically that the requested export doesn't exist.

Import traces:
  Client Component Browser:
    ./components/crypto/CryptoDetailHeader.tsx [Client Component Browser]
    ./app/(main)/crypto/[id]/page.tsx [Client Component Browser]
    ./app/(main)/crypto/[id]/page.tsx [Server Component]

  Client Component SSR:
    ./components/crypto/CryptoDetailHeader.tsx [Client Component SSR]
    ./app/(main)/crypto/[id]/page.tsx [Client Component SSR]
    ./app/(main)/crypto/[id]/page.tsx [Server Component] @ http://localhost:3000/_next/static/chunks/node_modules_next_dist_0u_w_5s._.js:1945
[    5921ms] [ERROR] ./components/crypto/CryptoDetailHeader.tsx:6:1
Export Github doesn't exist in target module
  4 | import { formatCryptoPrice } from '@/lib/cryptoUtils';
  5 | import { Skeleton } from '@/components/ui/skeleton';
> 6 | import { TrendingUp, TrendingDown, Globe, MessageSquare, Github } from 'lucide-react';
    | ^^^^^^^^^^^^^^^^^^^^^^^^^^^^^^^^^^^^^^^^^^^^^^^^^^^^^^^^^^^^^^^^^^^^^^^^^^^^^^^^^^^^^^
  7 |
  8 | interface CryptoDetailHeaderProps {
  9 |   id: string;

The export Github was not found in module [project]/node_modules/lucide-react/dist/esm/lucide-react.mjs [app-ssr] (ecmascript).
Did you mean to import Gift?
All exports of the module are statically known (It doesn't have dynamic exports). So it's known statically that the requested export doesn't exist.

Import traces:
  Client Component Browser:
    ./components/crypto/CryptoDetailHeader.tsx [Client Component Browser]
    ./app/(main)/crypto/[id]/page.tsx [Client Component Browser]
    ./app/(main)/crypto/[id]/page.tsx [Server Component]

  Client Component SSR:
    ./components/crypto/CryptoDetailHeader.tsx [Client Component SSR]
    ./app/(main)/crypto/[id]/page.tsx [Client Component SSR]
    ./app/(main)/crypto/[id]/page.tsx [Server Component] @ http://localhost:3000/_next/static/chunks/node_modules_next_dist_0u_w_5s._.js:1945
[    5981ms] [ERROR] ./components/crypto/CryptoDetailHeader.tsx:6:1
Export Github doesn't exist in target module
  4 | import { formatCryptoPrice } from '@/lib/cryptoUtils';
  5 | import { Skeleton } from '@/components/ui/skeleton';
> 6 | import { TrendingUp, TrendingDown, Globe, MessageSquare, Github } from 'lucide-react';
    | ^^^^^^^^^^^^^^^^^^^^^^^^^^^^^^^^^^^^^^^^^^^^^^^^^^^^^^^^^^^^^^^^^^^^^^^^^^^^^^^^^^^^^^
  7 |
  8 | interface CryptoDetailHeaderProps {
  9 |   id: string;

The export Github was not found in module [project]/node_modules/lucide-react/dist/esm/lucide-react.mjs [app-client] (ecmascript).
Did you mean to import Gift?
All exports of the module are statically known (It doesn't have dynamic exports). So it's known statically that the requested export doesn't exist.

Import traces:
  Client Component Browser:
    ./components/crypto/CryptoDetailHeader.tsx [Client Component Browser]
    ./app/(main)/crypto/[id]/page.tsx [Client Component Browser]
    ./app/(main)/crypto/[id]/page.tsx [Server Component]

  Client Component SSR:
    ./components/crypto/CryptoDetailHeader.tsx [Client Component SSR]
    ./app/(main)/crypto/[id]/page.tsx [Client Component SSR]
    ./app/(main)/crypto/[id]/page.tsx [Server Component] @ http://localhost:3000/_next/static/chunks/node_modules_next_dist_0u_w_5s._.js:1945
[    5982ms] [ERROR] ./components/crypto/CryptoDetailHeader.tsx:6:1
Export Github doesn't exist in target module
  4 | import { formatCryptoPrice } from '@/lib/cryptoUtils';
  5 | import { Skeleton } from '@/components/ui/skeleton';
> 6 | import { TrendingUp, TrendingDown, Globe, MessageSquare, Github } from 'lucide-react';
    | ^^^^^^^^^^^^^^^^^^^^^^^^^^^^^^^^^^^^^^^^^^^^^^^^^^^^^^^^^^^^^^^^^^^^^^^^^^^^^^^^^^^^^^
  7 |
  8 | interface CryptoDetailHeaderProps {
  9 |   id: string;

The export Github was not found in module [project]/node_modules/lucide-react/dist/esm/lucide-react.mjs [app-ssr] (ecmascript).
Did you mean to import Gift?
All exports of the module are statically known (It doesn't have dynamic exports). So it's known statically that the requested export doesn't exist.

Import traces:
  Client Component Browser:
    ./components/crypto/CryptoDetailHeader.tsx [Client Component Browser]
    ./app/(main)/crypto/[id]/page.tsx [Client Component Browser]
    ./app/(main)/crypto/[id]/page.tsx [Server Component]

  Client Component SSR:
    ./components/crypto/CryptoDetailHeader.tsx [Client Component SSR]
    ./app/(main)/crypto/[id]/page.tsx [Client Component SSR]
    ./app/(main)/crypto/[id]/page.tsx [Server Component] @ http://localhost:3000/_next/static/chunks/node_modules_next_dist_0u_w_5s._.js:1945
[    6041ms] [ERROR] ./components/crypto/CryptoDetailHeader.tsx:6:1
Export Github doesn't exist in target module
  4 | import { formatCryptoPrice } from '@/lib/cryptoUtils';
  5 | import { Skeleton } from '@/components/ui/skeleton';
> 6 | import { TrendingUp, TrendingDown, Globe, MessageSquare, Github } from 'lucide-react';
    | ^^^^^^^^^^^^^^^^^^^^^^^^^^^^^^^^^^^^^^^^^^^^^^^^^^^^^^^^^^^^^^^^^^^^^^^^^^^^^^^^^^^^^^
  7 |
  8 | interface CryptoDetailHeaderProps {
  9 |   id: string;

The export Github was not found in module [project]/node_modules/lucide-react/dist/esm/lucide-react.mjs [app-client] (ecmascript).
Did you mean to import Gift?
All exports of the module are statically known (It doesn't have dynamic exports). So it's known statically that the requested export doesn't exist.

Import traces:
  Client Component Browser:
    ./components/crypto/CryptoDetailHeader.tsx [Client Component Browser]
    ./app/(main)/crypto/[id]/page.tsx [Client Component Browser]
    ./app/(main)/crypto/[id]/page.tsx [Server Component]

  Client Component SSR:
    ./components/crypto/CryptoDetailHeader.tsx [Client Component SSR]
    ./app/(main)/crypto/[id]/page.tsx [Client Component SSR]
    ./app/(main)/crypto/[id]/page.tsx [Server Component] @ http://localhost:3000/_next/static/chunks/node_modules_next_dist_0u_w_5s._.js:1945
[    6041ms] [ERROR] ./components/crypto/CryptoDetailHeader.tsx:6:1
Export Github doesn't exist in target module
  4 | import { formatCryptoPrice } from '@/lib/cryptoUtils';
  5 | import { Skeleton } from '@/components/ui/skeleton';
> 6 | import { TrendingUp, TrendingDown, Globe, MessageSquare, Github } from 'lucide-react';
    | ^^^^^^^^^^^^^^^^^^^^^^^^^^^^^^^^^^^^^^^^^^^^^^^^^^^^^^^^^^^^^^^^^^^^^^^^^^^^^^^^^^^^^^
  7 |
  8 | interface CryptoDetailHeaderProps {
  9 |   id: string;

The export Github was not found in module [project]/node_modules/lucide-react/dist/esm/lucide-react.mjs [app-ssr] (ecmascript).
Did you mean to import Gift?
All exports of the module are statically known (It doesn't have dynamic exports). So it's known statically that the requested export doesn't exist.

Import traces:
  Client Component Browser:
    ./components/crypto/CryptoDetailHeader.tsx [Client Component Browser]
    ./app/(main)/crypto/[id]/page.tsx [Client Component Browser]
    ./app/(main)/crypto/[id]/page.tsx [Server Component]

  Client Component SSR:
    ./components/crypto/CryptoDetailHeader.tsx [Client Component SSR]
    ./app/(main)/crypto/[id]/page.tsx [Client Component SSR]
    ./app/(main)/crypto/[id]/page.tsx [Server Component] @ http://localhost:3000/_next/static/chunks/node_modules_next_dist_0u_w_5s._.js:1945
[    6133ms] [ERROR] ./components/crypto/CryptoDetailHeader.tsx:6:1
Export Github doesn't exist in target module
  4 | import { formatCryptoPrice } from '@/lib/cryptoUtils';
  5 | import { Skeleton } from '@/components/ui/skeleton';
> 6 | import { TrendingUp, TrendingDown, Globe, MessageSquare, Github } from 'lucide-react';
    | ^^^^^^^^^^^^^^^^^^^^^^^^^^^^^^^^^^^^^^^^^^^^^^^^^^^^^^^^^^^^^^^^^^^^^^^^^^^^^^^^^^^^^^
  7 |
  8 | interface CryptoDetailHeaderProps {
  9 |   id: string;

The export Github was not found in module [project]/node_modules/lucide-react/dist/esm/lucide-react.mjs [app-client] (ecmascript).
Did you mean to import Gift?
All exports of the module are statically known (It doesn't have dynamic exports). So it's known statically that the requested export doesn't exist.

Import traces:
  Client Component Browser:
    ./components/crypto/CryptoDetailHeader.tsx [Client Component Browser]
    ./app/(main)/crypto/[id]/page.tsx [Client Component Browser]
    ./app/(main)/crypto/[id]/page.tsx [Server Component]

  Client Component SSR:
    ./components/crypto/CryptoDetailHeader.tsx [Client Component SSR]
    ./app/(main)/crypto/[id]/page.tsx [Client Component SSR]
    ./app/(main)/crypto/[id]/page.tsx [Server Component] @ http://localhost:3000/_next/static/chunks/node_modules_next_dist_0u_w_5s._.js:1945
[    6133ms] [ERROR] ./components/crypto/CryptoDetailHeader.tsx:6:1
Export Github doesn't exist in target module
  4 | import { formatCryptoPrice } from '@/lib/cryptoUtils';
  5 | import { Skeleton } from '@/components/ui/skeleton';
> 6 | import { TrendingUp, TrendingDown, Globe, MessageSquare, Github } from 'lucide-react';
    | ^^^^^^^^^^^^^^^^^^^^^^^^^^^^^^^^^^^^^^^^^^^^^^^^^^^^^^^^^^^^^^^^^^^^^^^^^^^^^^^^^^^^^^
  7 |
  8 | interface CryptoDetailHeaderProps {
  9 |   id: string;

The export Github was not found in module [project]/node_modules/lucide-react/dist/esm/lucide-react.mjs [app-ssr] (ecmascript).
Did you mean to import Gift?
All exports of the module are statically known (It doesn't have dynamic exports). So it's known statically that the requested export doesn't exist.

Import traces:
  Client Component Browser:
    ./components/crypto/CryptoDetailHeader.tsx [Client Component Browser]
    ./app/(main)/crypto/[id]/page.tsx [Client Component Browser]
    ./app/(main)/crypto/[id]/page.tsx [Server Component]

  Client Component SSR:
    ./components/crypto/CryptoDetailHeader.tsx [Client Component SSR]
    ./app/(main)/crypto/[id]/page.tsx [Client Component SSR]
    ./app/(main)/crypto/[id]/page.tsx [Server Component] @ http://localhost:3000/_next/static/chunks/node_modules_next_dist_0u_w_5s._.js:1945
[    6194ms] [ERROR] ./components/crypto/CryptoDetailHeader.tsx:6:1
Export Github doesn't exist in target module
  4 | import { formatCryptoPrice } from '@/lib/cryptoUtils';
  5 | import { Skeleton } from '@/components/ui/skeleton';
> 6 | import { TrendingUp, TrendingDown, Globe, MessageSquare, Github } from 'lucide-react';
    | ^^^^^^^^^^^^^^^^^^^^^^^^^^^^^^^^^^^^^^^^^^^^^^^^^^^^^^^^^^^^^^^^^^^^^^^^^^^^^^^^^^^^^^
  7 |
  8 | interface CryptoDetailHeaderProps {
  9 |   id: string;

The export Github was not found in module [project]/node_modules/lucide-react/dist/esm/lucide-react.mjs [app-client] (ecmascript).
Did you mean to import Gift?
All exports of the module are statically known (It doesn't have dynamic exports). So it's known statically that the requested export doesn't exist.

Import traces:
  Client Component Browser:
    ./components/crypto/CryptoDetailHeader.tsx [Client Component Browser]
    ./app/(main)/crypto/[id]/page.tsx [Client Component Browser]
    ./app/(main)/crypto/[id]/page.tsx [Server Component]

  Client Component SSR:
    ./components/crypto/CryptoDetailHeader.tsx [Client Component SSR]
    ./app/(main)/crypto/[id]/page.tsx [Client Component SSR]
    ./app/(main)/crypto/[id]/page.tsx [Server Component] @ http://localhost:3000/_next/static/chunks/node_modules_next_dist_0u_w_5s._.js:1945
[    6195ms] [ERROR] ./components/crypto/CryptoDetailHeader.tsx:6:1
Export Github doesn't exist in target module
  4 | import { formatCryptoPrice } from '@/lib/cryptoUtils';
  5 | import { Skeleton } from '@/components/ui/skeleton';
> 6 | import { TrendingUp, TrendingDown, Globe, MessageSquare, Github } from 'lucide-react';
    | ^^^^^^^^^^^^^^^^^^^^^^^^^^^^^^^^^^^^^^^^^^^^^^^^^^^^^^^^^^^^^^^^^^^^^^^^^^^^^^^^^^^^^^
  7 |
  8 | interface CryptoDetailHeaderProps {
  9 |   id: string;

The export Github was not found in module [project]/node_modules/lucide-react/dist/esm/lucide-react.mjs [app-ssr] (ecmascript).
Did you mean to import Gift?
All exports of the module are statically known (It doesn't have dynamic exports). So it's known statically that the requested export doesn't exist.

Import traces:
  Client Component Browser:
    ./components/crypto/CryptoDetailHeader.tsx [Client Component Browser]
    ./app/(main)/crypto/[id]/page.tsx [Client Component Browser]
    ./app/(main)/crypto/[id]/page.tsx [Server Component]

  Client Component SSR:
    ./components/crypto/CryptoDetailHeader.tsx [Client Component SSR]
    ./app/(main)/crypto/[id]/page.tsx [Client Component SSR]
    ./app/(main)/crypto/[id]/page.tsx [Server Component] @ http://localhost:3000/_next/static/chunks/node_modules_next_dist_0u_w_5s._.js:1945
[    6253ms] [ERROR] ./components/crypto/CryptoDetailHeader.tsx:6:1
Export Github doesn't exist in target module
  4 | import { formatCryptoPrice } from '@/lib/cryptoUtils';
  5 | import { Skeleton } from '@/components/ui/skeleton';
> 6 | import { TrendingUp, TrendingDown, Globe, MessageSquare, Github } from 'lucide-react';
    | ^^^^^^^^^^^^^^^^^^^^^^^^^^^^^^^^^^^^^^^^^^^^^^^^^^^^^^^^^^^^^^^^^^^^^^^^^^^^^^^^^^^^^^
  7 |
  8 | interface CryptoDetailHeaderProps {
  9 |   id: string;

The export Github was not found in module [project]/node_modules/lucide-react/dist/esm/lucide-react.mjs [app-client] (ecmascript).
Did you mean to import Gift?
All exports of the module are statically known (It doesn't have dynamic exports). So it's known statically that the requested export doesn't exist.

Import traces:
  Client Component Browser:
    ./components/crypto/CryptoDetailHeader.tsx [Client Component Browser]
    ./app/(main)/crypto/[id]/page.tsx [Client Component Browser]
    ./app/(main)/crypto/[id]/page.tsx [Server Component]

  Client Component SSR:
    ./components/crypto/CryptoDetailHeader.tsx [Client Component SSR]
    ./app/(main)/crypto/[id]/page.tsx [Client Component SSR]
    ./app/(main)/crypto/[id]/page.tsx [Server Component] @ http://localhost:3000/_next/static/chunks/node_modules_next_dist_0u_w_5s._.js:1945
[    6253ms] [ERROR] ./components/crypto/CryptoDetailHeader.tsx:6:1
Export Github doesn't exist in target module
  4 | import { formatCryptoPrice } from '@/lib/cryptoUtils';
  5 | import { Skeleton } from '@/components/ui/skeleton';
> 6 | import { TrendingUp, TrendingDown, Globe, MessageSquare, Github } from 'lucide-react';
    | ^^^^^^^^^^^^^^^^^^^^^^^^^^^^^^^^^^^^^^^^^^^^^^^^^^^^^^^^^^^^^^^^^^^^^^^^^^^^^^^^^^^^^^
  7 |
  8 | interface CryptoDetailHeaderProps {
  9 |   id: string;

The export Github was not found in module [project]/node_modules/lucide-react/dist/esm/lucide-react.mjs [app-ssr] (ecmascript).
Did you mean to import Gift?
All exports of the module are statically known (It doesn't have dynamic exports). So it's known statically that the requested export doesn't exist.

Import traces:
  Client Component Browser:
    ./components/crypto/CryptoDetailHeader.tsx [Client Component Browser]
    ./app/(main)/crypto/[id]/page.tsx [Client Component Browser]
    ./app/(main)/crypto/[id]/page.tsx [Server Component]

  Client Component SSR:
    ./components/crypto/CryptoDetailHeader.tsx [Client Component SSR]
    ./app/(main)/crypto/[id]/page.tsx [Client Component SSR]
    ./app/(main)/crypto/[id]/page.tsx [Server Component] @ http://localhost:3000/_next/static/chunks/node_modules_next_dist_0u_w_5s._.js:1945
[    6316ms] [ERROR] ./components/crypto/CryptoDetailHeader.tsx:6:1
Export Github doesn't exist in target module
  4 | import { formatCryptoPrice } from '@/lib/cryptoUtils';
  5 | import { Skeleton } from '@/components/ui/skeleton';
> 6 | import { TrendingUp, TrendingDown, Globe, MessageSquare, Github } from 'lucide-react';
    | ^^^^^^^^^^^^^^^^^^^^^^^^^^^^^^^^^^^^^^^^^^^^^^^^^^^^^^^^^^^^^^^^^^^^^^^^^^^^^^^^^^^^^^
  7 |
  8 | interface CryptoDetailHeaderProps {
  9 |   id: string;

The export Github was not found in module [project]/node_modules/lucide-react/dist/esm/lucide-react.mjs [app-client] (ecmascript).
Did you mean to import Gift?
All exports of the module are statically known (It doesn't have dynamic exports). So it's known statically that the requested export doesn't exist.

Import traces:
  Client Component Browser:
    ./components/crypto/CryptoDetailHeader.tsx [Client Component Browser]
    ./app/(main)/crypto/[id]/page.tsx [Client Component Browser]
    ./app/(main)/crypto/[id]/page.tsx [Server Component]

  Client Component SSR:
    ./components/crypto/CryptoDetailHeader.tsx [Client Component SSR]
    ./app/(main)/crypto/[id]/page.tsx [Client Component SSR]
    ./app/(main)/crypto/[id]/page.tsx [Server Component] @ http://localhost:3000/_next/static/chunks/node_modules_next_dist_0u_w_5s._.js:1945
[    6317ms] [ERROR] ./components/crypto/CryptoDetailHeader.tsx:6:1
Export Github doesn't exist in target module
  4 | import { formatCryptoPrice } from '@/lib/cryptoUtils';
  5 | import { Skeleton } from '@/components/ui/skeleton';
> 6 | import { TrendingUp, TrendingDown, Globe, MessageSquare, Github } from 'lucide-react';
    | ^^^^^^^^^^^^^^^^^^^^^^^^^^^^^^^^^^^^^^^^^^^^^^^^^^^^^^^^^^^^^^^^^^^^^^^^^^^^^^^^^^^^^^
  7 |
  8 | interface CryptoDetailHeaderProps {
  9 |   id: string;

The export Github was not found in module [project]/node_modules/lucide-react/dist/esm/lucide-react.mjs [app-ssr] (ecmascript).
Did you mean to import Gift?
All exports of the module are statically known (It doesn't have dynamic exports). So it's known statically that the requested export doesn't exist.

Import traces:
  Client Component Browser:
    ./components/crypto/CryptoDetailHeader.tsx [Client Component Browser]
    ./app/(main)/crypto/[id]/page.tsx [Client Component Browser]
    ./app/(main)/crypto/[id]/page.tsx [Server Component]

  Client Component SSR:
    ./components/crypto/CryptoDetailHeader.tsx [Client Component SSR]
    ./app/(main)/crypto/[id]/page.tsx [Client Component SSR]
    ./app/(main)/crypto/[id]/page.tsx [Server Component] @ http://localhost:3000/_next/static/chunks/node_modules_next_dist_0u_w_5s._.js:1945
[    6374ms] [ERROR] ./components/crypto/CryptoDetailHeader.tsx:6:1
Export Github doesn't exist in target module
  4 | import { formatCryptoPrice } from '@/lib/cryptoUtils';
  5 | import { Skeleton } from '@/components/ui/skeleton';
> 6 | import { TrendingUp, TrendingDown, Globe, MessageSquare, Github } from 'lucide-react';
    | ^^^^^^^^^^^^^^^^^^^^^^^^^^^^^^^^^^^^^^^^^^^^^^^^^^^^^^^^^^^^^^^^^^^^^^^^^^^^^^^^^^^^^^
  7 |
  8 | interface CryptoDetailHeaderProps {
  9 |   id: string;

The export Github was not found in module [project]/node_modules/lucide-react/dist/esm/lucide-react.mjs [app-client] (ecmascript).
Did you mean to import Gift?
All exports of the module are statically known (It doesn't have dynamic exports). So it's known statically that the requested export doesn't exist.

Import traces:
  Client Component Browser:
    ./components/crypto/CryptoDetailHeader.tsx [Client Component Browser]
    ./app/(main)/crypto/[id]/page.tsx [Client Component Browser]
    ./app/(main)/crypto/[id]/page.tsx [Server Component]

  Client Component SSR:
    ./components/crypto/CryptoDetailHeader.tsx [Client Component SSR]
    ./app/(main)/crypto/[id]/page.tsx [Client Component SSR]
    ./app/(main)/crypto/[id]/page.tsx [Server Component] @ http://localhost:3000/_next/static/chunks/node_modules_next_dist_0u_w_5s._.js:1945
[    6374ms] [ERROR] ./components/crypto/CryptoDetailHeader.tsx:6:1
Export Github doesn't exist in target module
  4 | import { formatCryptoPrice } from '@/lib/cryptoUtils';
  5 | import { Skeleton } from '@/components/ui/skeleton';
> 6 | import { TrendingUp, TrendingDown, Globe, MessageSquare, Github } from 'lucide-react';
    | ^^^^^^^^^^^^^^^^^^^^^^^^^^^^^^^^^^^^^^^^^^^^^^^^^^^^^^^^^^^^^^^^^^^^^^^^^^^^^^^^^^^^^^
  7 |
  8 | interface CryptoDetailHeaderProps {
  9 |   id: string;

The export Github was not found in module [project]/node_modules/lucide-react/dist/esm/lucide-react.mjs [app-ssr] (ecmascript).
Did you mean to import Gift?
All exports of the module are statically known (It doesn't have dynamic exports). So it's known statically that the requested export doesn't exist.

Import traces:
  Client Component Browser:
    ./components/crypto/CryptoDetailHeader.tsx [Client Component Browser]
    ./app/(main)/crypto/[id]/page.tsx [Client Component Browser]
    ./app/(main)/crypto/[id]/page.tsx [Server Component]

  Client Component SSR:
    ./components/crypto/CryptoDetailHeader.tsx [Client Component SSR]
    ./app/(main)/crypto/[id]/page.tsx [Client Component SSR]
    ./app/(main)/crypto/[id]/page.tsx [Server Component] @ http://localhost:3000/_next/static/chunks/node_modules_next_dist_0u_w_5s._.js:1945
[    6433ms] [ERROR] ./components/crypto/CryptoDetailHeader.tsx:6:1
Export Github doesn't exist in target module
  4 | import { formatCryptoPrice } from '@/lib/cryptoUtils';
  5 | import { Skeleton } from '@/components/ui/skeleton';
> 6 | import { TrendingUp, TrendingDown, Globe, MessageSquare, Github } from 'lucide-react';
    | ^^^^^^^^^^^^^^^^^^^^^^^^^^^^^^^^^^^^^^^^^^^^^^^^^^^^^^^^^^^^^^^^^^^^^^^^^^^^^^^^^^^^^^
  7 |
  8 | interface CryptoDetailHeaderProps {
  9 |   id: string;

The export Github was not found in module [project]/node_modules/lucide-react/dist/esm/lucide-react.mjs [app-client] (ecmascript).
Did you mean to import Gift?
All exports of the module are statically known (It doesn't have dynamic exports). So it's known statically that the requested export doesn't exist.

Import traces:
  Client Component Browser:
    ./components/crypto/CryptoDetailHeader.tsx [Client Component Browser]
    ./app/(main)/crypto/[id]/page.tsx [Client Component Browser]
    ./app/(main)/crypto/[id]/page.tsx [Server Component]

  Client Component SSR:
    ./components/crypto/CryptoDetailHeader.tsx [Client Component SSR]
    ./app/(main)/crypto/[id]/page.tsx [Client Component SSR]
    ./app/(main)/crypto/[id]/page.tsx [Server Component] @ http://localhost:3000/_next/static/chunks/node_modules_next_dist_0u_w_5s._.js:1945
[    6433ms] [ERROR] ./components/crypto/CryptoDetailHeader.tsx:6:1
Export Github doesn't exist in target module
  4 | import { formatCryptoPrice } from '@/lib/cryptoUtils';
  5 | import { Skeleton } from '@/components/ui/skeleton';
> 6 | import { TrendingUp, TrendingDown, Globe, MessageSquare, Github } from 'lucide-react';
    | ^^^^^^^^^^^^^^^^^^^^^^^^^^^^^^^^^^^^^^^^^^^^^^^^^^^^^^^^^^^^^^^^^^^^^^^^^^^^^^^^^^^^^^
  7 |
  8 | interface CryptoDetailHeaderProps {
  9 |   id: string;

The export Github was not found in module [project]/node_modules/lucide-react/dist/esm/lucide-react.mjs [app-ssr] (ecmascript).
Did you mean to import Gift?
All exports of the module are statically known (It doesn't have dynamic exports). So it's known statically that the requested export doesn't exist.

Import traces:
  Client Component Browser:
    ./components/crypto/CryptoDetailHeader.tsx [Client Component Browser]
    ./app/(main)/crypto/[id]/page.tsx [Client Component Browser]
    ./app/(main)/crypto/[id]/page.tsx [Server Component]

  Client Component SSR:
    ./components/crypto/CryptoDetailHeader.tsx [Client Component SSR]
    ./app/(main)/crypto/[id]/page.tsx [Client Component SSR]
    ./app/(main)/crypto/[id]/page.tsx [Server Component] @ http://localhost:3000/_next/static/chunks/node_modules_next_dist_0u_w_5s._.js:1945
[    6495ms] [ERROR] ./components/crypto/CryptoDetailHeader.tsx:6:1
Export Github doesn't exist in target module
  4 | import { formatCryptoPrice } from '@/lib/cryptoUtils';
  5 | import { Skeleton } from '@/components/ui/skeleton';
> 6 | import { TrendingUp, TrendingDown, Globe, MessageSquare, Github } from 'lucide-react';
    | ^^^^^^^^^^^^^^^^^^^^^^^^^^^^^^^^^^^^^^^^^^^^^^^^^^^^^^^^^^^^^^^^^^^^^^^^^^^^^^^^^^^^^^
  7 |
  8 | interface CryptoDetailHeaderProps {
  9 |   id: string;

The export Github was not found in module [project]/node_modules/lucide-react/dist/esm/lucide-react.mjs [app-client] (ecmascript).
Did you mean to import Gift?
All exports of the module are statically known (It doesn't have dynamic exports). So it's known statically that the requested export doesn't exist.

Import traces:
  Client Component Browser:
    ./components/crypto/CryptoDetailHeader.tsx [Client Component Browser]
    ./app/(main)/crypto/[id]/page.tsx [Client Component Browser]
    ./app/(main)/crypto/[id]/page.tsx [Server Component]

  Client Component SSR:
    ./components/crypto/CryptoDetailHeader.tsx [Client Component SSR]
    ./app/(main)/crypto/[id]/page.tsx [Client Component SSR]
    ./app/(main)/crypto/[id]/page.tsx [Server Component] @ http://localhost:3000/_next/static/chunks/node_modules_next_dist_0u_w_5s._.js:1945
[    6495ms] [ERROR] ./components/crypto/CryptoDetailHeader.tsx:6:1
Export Github doesn't exist in target module
  4 | import { formatCryptoPrice } from '@/lib/cryptoUtils';
  5 | import { Skeleton } from '@/components/ui/skeleton';
> 6 | import { TrendingUp, TrendingDown, Globe, MessageSquare, Github } from 'lucide-react';
    | ^^^^^^^^^^^^^^^^^^^^^^^^^^^^^^^^^^^^^^^^^^^^^^^^^^^^^^^^^^^^^^^^^^^^^^^^^^^^^^^^^^^^^^
  7 |
  8 | interface CryptoDetailHeaderProps {
  9 |   id: string;

The export Github was not found in module [project]/node_modules/lucide-react/dist/esm/lucide-react.mjs [app-ssr] (ecmascript).
Did you mean to import Gift?
All exports of the module are statically known (It doesn't have dynamic exports). So it's known statically that the requested export doesn't exist.

Import traces:
  Client Component Browser:
    ./components/crypto/CryptoDetailHeader.tsx [Client Component Browser]
    ./app/(main)/crypto/[id]/page.tsx [Client Component Browser]
    ./app/(main)/crypto/[id]/page.tsx [Server Component]

  Client Component SSR:
    ./components/crypto/CryptoDetailHeader.tsx [Client Component SSR]
    ./app/(main)/crypto/[id]/page.tsx [Client Component SSR]
    ./app/(main)/crypto/[id]/page.tsx [Server Component] @ http://localhost:3000/_next/static/chunks/node_modules_next_dist_0u_w_5s._.js:1945
[    6552ms] [ERROR] ./components/crypto/CryptoDetailHeader.tsx:6:1
Export Github doesn't exist in target module
  4 | import { formatCryptoPrice } from '@/lib/cryptoUtils';
  5 | import { Skeleton } from '@/components/ui/skeleton';
> 6 | import { TrendingUp, TrendingDown, Globe, MessageSquare, Github } from 'lucide-react';
    | ^^^^^^^^^^^^^^^^^^^^^^^^^^^^^^^^^^^^^^^^^^^^^^^^^^^^^^^^^^^^^^^^^^^^^^^^^^^^^^^^^^^^^^
  7 |
  8 | interface CryptoDetailHeaderProps {
  9 |   id: string;

The export Github was not found in module [project]/node_modules/lucide-react/dist/esm/lucide-react.mjs [app-client] (ecmascript).
Did you mean to import Gift?
All exports of the module are statically known (It doesn't have dynamic exports). So it's known statically that the requested export doesn't exist.

Import traces:
  Client Component Browser:
    ./components/crypto/CryptoDetailHeader.tsx [Client Component Browser]
    ./app/(main)/crypto/[id]/page.tsx [Client Component Browser]
    ./app/(main)/crypto/[id]/page.tsx [Server Component]

  Client Component SSR:
    ./components/crypto/CryptoDetailHeader.tsx [Client Component SSR]
    ./app/(main)/crypto/[id]/page.tsx [Client Component SSR]
    ./app/(main)/crypto/[id]/page.tsx [Server Component] @ http://localhost:3000/_next/static/chunks/node_modules_next_dist_0u_w_5s._.js:1945
[    6553ms] [ERROR] ./components/crypto/CryptoDetailHeader.tsx:6:1
Export Github doesn't exist in target module
  4 | import { formatCryptoPrice } from '@/lib/cryptoUtils';
  5 | import { Skeleton } from '@/components/ui/skeleton';
> 6 | import { TrendingUp, TrendingDown, Globe, MessageSquare, Github } from 'lucide-react';
    | ^^^^^^^^^^^^^^^^^^^^^^^^^^^^^^^^^^^^^^^^^^^^^^^^^^^^^^^^^^^^^^^^^^^^^^^^^^^^^^^^^^^^^^
  7 |
  8 | interface CryptoDetailHeaderProps {
  9 |   id: string;

The export Github was not found in module [project]/node_modules/lucide-react/dist/esm/lucide-react.mjs [app-ssr] (ecmascript).
Did you mean to import Gift?
All exports of the module are statically known (It doesn't have dynamic exports). So it's known statically that the requested export doesn't exist.

Import traces:
  Client Component Browser:
    ./components/crypto/CryptoDetailHeader.tsx [Client Component Browser]
    ./app/(main)/crypto/[id]/page.tsx [Client Component Browser]
    ./app/(main)/crypto/[id]/page.tsx [Server Component]

  Client Component SSR:
    ./components/crypto/CryptoDetailHeader.tsx [Client Component SSR]
    ./app/(main)/crypto/[id]/page.tsx [Client Component SSR]
    ./app/(main)/crypto/[id]/page.tsx [Server Component] @ http://localhost:3000/_next/static/chunks/node_modules_next_dist_0u_w_5s._.js:1945
[    6613ms] [ERROR] ./components/crypto/CryptoDetailHeader.tsx:6:1
Export Github doesn't exist in target module
  4 | import { formatCryptoPrice } from '@/lib/cryptoUtils';
  5 | import { Skeleton } from '@/components/ui/skeleton';
> 6 | import { TrendingUp, TrendingDown, Globe, MessageSquare, Github } from 'lucide-react';
    | ^^^^^^^^^^^^^^^^^^^^^^^^^^^^^^^^^^^^^^^^^^^^^^^^^^^^^^^^^^^^^^^^^^^^^^^^^^^^^^^^^^^^^^
  7 |
  8 | interface CryptoDetailHeaderProps {
  9 |   id: string;

The export Github was not found in module [project]/node_modules/lucide-react/dist/esm/lucide-react.mjs [app-client] (ecmascript).
Did you mean to import Gift?
All exports of the module are statically known (It doesn't have dynamic exports). So it's known statically that the requested export doesn't exist.

Import traces:
  Client Component Browser:
    ./components/crypto/CryptoDetailHeader.tsx [Client Component Browser]
    ./app/(main)/crypto/[id]/page.tsx [Client Component Browser]
    ./app/(main)/crypto/[id]/page.tsx [Server Component]

  Client Component SSR:
    ./components/crypto/CryptoDetailHeader.tsx [Client Component SSR]
    ./app/(main)/crypto/[id]/page.tsx [Client Component SSR]
    ./app/(main)/crypto/[id]/page.tsx [Server Component] @ http://localhost:3000/_next/static/chunks/node_modules_next_dist_0u_w_5s._.js:1945
[    6613ms] [ERROR] ./components/crypto/CryptoDetailHeader.tsx:6:1
Export Github doesn't exist in target module
  4 | import { formatCryptoPrice } from '@/lib/cryptoUtils';
  5 | import { Skeleton } from '@/components/ui/skeleton';
> 6 | import { TrendingUp, TrendingDown, Globe, MessageSquare, Github } from 'lucide-react';
    | ^^^^^^^^^^^^^^^^^^^^^^^^^^^^^^^^^^^^^^^^^^^^^^^^^^^^^^^^^^^^^^^^^^^^^^^^^^^^^^^^^^^^^^
  7 |
  8 | interface CryptoDetailHeaderProps {
  9 |   id: string;

The export Github was not found in module [project]/node_modules/lucide-react/dist/esm/lucide-react.mjs [app-ssr] (ecmascript).
Did you mean to import Gift?
All exports of the module are statically known (It doesn't have dynamic exports). So it's known statically that the requested export doesn't exist.

Import traces:
  Client Component Browser:
    ./components/crypto/CryptoDetailHeader.tsx [Client Component Browser]
    ./app/(main)/crypto/[id]/page.tsx [Client Component Browser]
    ./app/(main)/crypto/[id]/page.tsx [Server Component]

  Client Component SSR:
    ./components/crypto/CryptoDetailHeader.tsx [Client Component SSR]
    ./app/(main)/crypto/[id]/page.tsx [Client Component SSR]
    ./app/(main)/crypto/[id]/page.tsx [Server Component] @ http://localhost:3000/_next/static/chunks/node_modules_next_dist_0u_w_5s._.js:1945
[    6673ms] [ERROR] ./components/crypto/CryptoDetailHeader.tsx:6:1
Export Github doesn't exist in target module
  4 | import { formatCryptoPrice } from '@/lib/cryptoUtils';
  5 | import { Skeleton } from '@/components/ui/skeleton';
> 6 | import { TrendingUp, TrendingDown, Globe, MessageSquare, Github } from 'lucide-react';
    | ^^^^^^^^^^^^^^^^^^^^^^^^^^^^^^^^^^^^^^^^^^^^^^^^^^^^^^^^^^^^^^^^^^^^^^^^^^^^^^^^^^^^^^
  7 |
  8 | interface CryptoDetailHeaderProps {
  9 |   id: string;

The export Github was not found in module [project]/node_modules/lucide-react/dist/esm/lucide-react.mjs [app-client] (ecmascript).
Did you mean to import Gift?
All exports of the module are statically known (It doesn't have dynamic exports). So it's known statically that the requested export doesn't exist.

Import traces:
  Client Component Browser:
    ./components/crypto/CryptoDetailHeader.tsx [Client Component Browser]
    ./app/(main)/crypto/[id]/page.tsx [Client Component Browser]
    ./app/(main)/crypto/[id]/page.tsx [Server Component]

  Client Component SSR:
    ./components/crypto/CryptoDetailHeader.tsx [Client Component SSR]
    ./app/(main)/crypto/[id]/page.tsx [Client Component SSR]
    ./app/(main)/crypto/[id]/page.tsx [Server Component] @ http://localhost:3000/_next/static/chunks/node_modules_next_dist_0u_w_5s._.js:1945
[    6673ms] [ERROR] ./components/crypto/CryptoDetailHeader.tsx:6:1
Export Github doesn't exist in target module
  4 | import { formatCryptoPrice } from '@/lib/cryptoUtils';
  5 | import { Skeleton } from '@/components/ui/skeleton';
> 6 | import { TrendingUp, TrendingDown, Globe, MessageSquare, Github } from 'lucide-react';
    | ^^^^^^^^^^^^^^^^^^^^^^^^^^^^^^^^^^^^^^^^^^^^^^^^^^^^^^^^^^^^^^^^^^^^^^^^^^^^^^^^^^^^^^
  7 |
  8 | interface CryptoDetailHeaderProps {
  9 |   id: string;

The export Github was not found in module [project]/node_modules/lucide-react/dist/esm/lucide-react.mjs [app-ssr] (ecmascript).
Did you mean to import Gift?
All exports of the module are statically known (It doesn't have dynamic exports). So it's known statically that the requested export doesn't exist.

Import traces:
  Client Component Browser:
    ./components/crypto/CryptoDetailHeader.tsx [Client Component Browser]
    ./app/(main)/crypto/[id]/page.tsx [Client Component Browser]
    ./app/(main)/crypto/[id]/page.tsx [Server Component]

  Client Component SSR:
    ./components/crypto/CryptoDetailHeader.tsx [Client Component SSR]
    ./app/(main)/crypto/[id]/page.tsx [Client Component SSR]
    ./app/(main)/crypto/[id]/page.tsx [Server Component] @ http://localhost:3000/_next/static/chunks/node_modules_next_dist_0u_w_5s._.js:1945
[    6733ms] [ERROR] ./components/crypto/CryptoDetailHeader.tsx:6:1
Export Github doesn't exist in target module
  4 | import { formatCryptoPrice } from '@/lib/cryptoUtils';
  5 | import { Skeleton } from '@/components/ui/skeleton';
> 6 | import { TrendingUp, TrendingDown, Globe, MessageSquare, Github } from 'lucide-react';
    | ^^^^^^^^^^^^^^^^^^^^^^^^^^^^^^^^^^^^^^^^^^^^^^^^^^^^^^^^^^^^^^^^^^^^^^^^^^^^^^^^^^^^^^
  7 |
  8 | interface CryptoDetailHeaderProps {
  9 |   id: string;

The export Github was not found in module [project]/node_modules/lucide-react/dist/esm/lucide-react.mjs [app-client] (ecmascript).
Did you mean to import Gift?
All exports of the module are statically known (It doesn't have dynamic exports). So it's known statically that the requested export doesn't exist.

Import traces:
  Client Component Browser:
    ./components/crypto/CryptoDetailHeader.tsx [Client Component Browser]
    ./app/(main)/crypto/[id]/page.tsx [Client Component Browser]
    ./app/(main)/crypto/[id]/page.tsx [Server Component]

  Client Component SSR:
    ./components/crypto/CryptoDetailHeader.tsx [Client Component SSR]
    ./app/(main)/crypto/[id]/page.tsx [Client Component SSR]
    ./app/(main)/crypto/[id]/page.tsx [Server Component] @ http://localhost:3000/_next/static/chunks/node_modules_next_dist_0u_w_5s._.js:1945
[    6733ms] [ERROR] ./components/crypto/CryptoDetailHeader.tsx:6:1
Export Github doesn't exist in target module
  4 | import { formatCryptoPrice } from '@/lib/cryptoUtils';
  5 | import { Skeleton } from '@/components/ui/skeleton';
> 6 | import { TrendingUp, TrendingDown, Globe, MessageSquare, Github } from 'lucide-react';
    | ^^^^^^^^^^^^^^^^^^^^^^^^^^^^^^^^^^^^^^^^^^^^^^^^^^^^^^^^^^^^^^^^^^^^^^^^^^^^^^^^^^^^^^
  7 |
  8 | interface CryptoDetailHeaderProps {
  9 |   id: string;

The export Github was not found in module [project]/node_modules/lucide-react/dist/esm/lucide-react.mjs [app-ssr] (ecmascript).
Did you mean to import Gift?
All exports of the module are statically known (It doesn't have dynamic exports). So it's known statically that the requested export doesn't exist.

Import traces:
  Client Component Browser:
    ./components/crypto/CryptoDetailHeader.tsx [Client Component Browser]
    ./app/(main)/crypto/[id]/page.tsx [Client Component Browser]
    ./app/(main)/crypto/[id]/page.tsx [Server Component]

  Client Component SSR:
    ./components/crypto/CryptoDetailHeader.tsx [Client Component SSR]
    ./app/(main)/crypto/[id]/page.tsx [Client Component SSR]
    ./app/(main)/crypto/[id]/page.tsx [Server Component] @ http://localhost:3000/_next/static/chunks/node_modules_next_dist_0u_w_5s._.js:1945
[    6793ms] [ERROR] ./components/crypto/CryptoDetailHeader.tsx:6:1
Export Github doesn't exist in target module
  4 | import { formatCryptoPrice } from '@/lib/cryptoUtils';
  5 | import { Skeleton } from '@/components/ui/skeleton';
> 6 | import { TrendingUp, TrendingDown, Globe, MessageSquare, Github } from 'lucide-react';
    | ^^^^^^^^^^^^^^^^^^^^^^^^^^^^^^^^^^^^^^^^^^^^^^^^^^^^^^^^^^^^^^^^^^^^^^^^^^^^^^^^^^^^^^
  7 |
  8 | interface CryptoDetailHeaderProps {
  9 |   id: string;

The export Github was not found in module [project]/node_modules/lucide-react/dist/esm/lucide-react.mjs [app-client] (ecmascript).
Did you mean to import Gift?
All exports of the module are statically known (It doesn't have dynamic exports). So it's known statically that the requested export doesn't exist.

Import traces:
  Client Component Browser:
    ./components/crypto/CryptoDetailHeader.tsx [Client Component Browser]
    ./app/(main)/crypto/[id]/page.tsx [Client Component Browser]
    ./app/(main)/crypto/[id]/page.tsx [Server Component]

  Client Component SSR:
    ./components/crypto/CryptoDetailHeader.tsx [Client Component SSR]
    ./app/(main)/crypto/[id]/page.tsx [Client Component SSR]
    ./app/(main)/crypto/[id]/page.tsx [Server Component] @ http://localhost:3000/_next/static/chunks/node_modules_next_dist_0u_w_5s._.js:1945
[    6793ms] [ERROR] ./components/crypto/CryptoDetailHeader.tsx:6:1
Export Github doesn't exist in target module
  4 | import { formatCryptoPrice } from '@/lib/cryptoUtils';
  5 | import { Skeleton } from '@/components/ui/skeleton';
> 6 | import { TrendingUp, TrendingDown, Globe, MessageSquare, Github } from 'lucide-react';
    | ^^^^^^^^^^^^^^^^^^^^^^^^^^^^^^^^^^^^^^^^^^^^^^^^^^^^^^^^^^^^^^^^^^^^^^^^^^^^^^^^^^^^^^
  7 |
  8 | interface CryptoDetailHeaderProps {
  9 |   id: string;

The export Github was not found in module [project]/node_modules/lucide-react/dist/esm/lucide-react.mjs [app-ssr] (ecmascript).
Did you mean to import Gift?
All exports of the module are statically known (It doesn't have dynamic exports). So it's known statically that the requested export doesn't exist.

Import traces:
  Client Component Browser:
    ./components/crypto/CryptoDetailHeader.tsx [Client Component Browser]
    ./app/(main)/crypto/[id]/page.tsx [Client Component Browser]
    ./app/(main)/crypto/[id]/page.tsx [Server Component]

  Client Component SSR:
    ./components/crypto/CryptoDetailHeader.tsx [Client Component SSR]
    ./app/(main)/crypto/[id]/page.tsx [Client Component SSR]
    ./app/(main)/crypto/[id]/page.tsx [Server Component] @ http://localhost:3000/_next/static/chunks/node_modules_next_dist_0u_w_5s._.js:1945
[    6853ms] [ERROR] ./components/crypto/CryptoDetailHeader.tsx:6:1
Export Github doesn't exist in target module
  4 | import { formatCryptoPrice } from '@/lib/cryptoUtils';
  5 | import { Skeleton } from '@/components/ui/skeleton';
> 6 | import { TrendingUp, TrendingDown, Globe, MessageSquare, Github } from 'lucide-react';
    | ^^^^^^^^^^^^^^^^^^^^^^^^^^^^^^^^^^^^^^^^^^^^^^^^^^^^^^^^^^^^^^^^^^^^^^^^^^^^^^^^^^^^^^
  7 |
  8 | interface CryptoDetailHeaderProps {
  9 |   id: string;

The export Github was not found in module [project]/node_modules/lucide-react/dist/esm/lucide-react.mjs [app-client] (ecmascript).
Did you mean to import Gift?
All exports of the module are statically known (It doesn't have dynamic exports). So it's known statically that the requested export doesn't exist.

Import traces:
  Client Component Browser:
    ./components/crypto/CryptoDetailHeader.tsx [Client Component Browser]
    ./app/(main)/crypto/[id]/page.tsx [Client Component Browser]
    ./app/(main)/crypto/[id]/page.tsx [Server Component]

  Client Component SSR:
    ./components/crypto/CryptoDetailHeader.tsx [Client Component SSR]
    ./app/(main)/crypto/[id]/page.tsx [Client Component SSR]
    ./app/(main)/crypto/[id]/page.tsx [Server Component] @ http://localhost:3000/_next/static/chunks/node_modules_next_dist_0u_w_5s._.js:1945
[    6853ms] [ERROR] ./components/crypto/CryptoDetailHeader.tsx:6:1
Export Github doesn't exist in target module
  4 | import { formatCryptoPrice } from '@/lib/cryptoUtils';
  5 | import { Skeleton } from '@/components/ui/skeleton';
> 6 | import { TrendingUp, TrendingDown, Globe, MessageSquare, Github } from 'lucide-react';
    | ^^^^^^^^^^^^^^^^^^^^^^^^^^^^^^^^^^^^^^^^^^^^^^^^^^^^^^^^^^^^^^^^^^^^^^^^^^^^^^^^^^^^^^
  7 |
  8 | interface CryptoDetailHeaderProps {
  9 |   id: string;

The export Github was not found in module [project]/node_modules/lucide-react/dist/esm/lucide-react.mjs [app-ssr] (ecmascript).
Did you mean to import Gift?
All exports of the module are statically known (It doesn't have dynamic exports). So it's known statically that the requested export doesn't exist.

Import traces:
  Client Component Browser:
    ./components/crypto/CryptoDetailHeader.tsx [Client Component Browser]
    ./app/(main)/crypto/[id]/page.tsx [Client Component Browser]
    ./app/(main)/crypto/[id]/page.tsx [Server Component]

  Client Component SSR:
    ./components/crypto/CryptoDetailHeader.tsx [Client Component SSR]
    ./app/(main)/crypto/[id]/page.tsx [Client Component SSR]
    ./app/(main)/crypto/[id]/page.tsx [Server Component] @ http://localhost:3000/_next/static/chunks/node_modules_next_dist_0u_w_5s._.js:1945
[    6913ms] [ERROR] ./components/crypto/CryptoDetailHeader.tsx:6:1
Export Github doesn't exist in target module
  4 | import { formatCryptoPrice } from '@/lib/cryptoUtils';
  5 | import { Skeleton } from '@/components/ui/skeleton';
> 6 | import { TrendingUp, TrendingDown, Globe, MessageSquare, Github } from 'lucide-react';
    | ^^^^^^^^^^^^^^^^^^^^^^^^^^^^^^^^^^^^^^^^^^^^^^^^^^^^^^^^^^^^^^^^^^^^^^^^^^^^^^^^^^^^^^
  7 |
  8 | interface CryptoDetailHeaderProps {
  9 |   id: string;

The export Github was not found in module [project]/node_modules/lucide-react/dist/esm/lucide-react.mjs [app-client] (ecmascript).
Did you mean to import Gift?
All exports of the module are statically known (It doesn't have dynamic exports). So it's known statically that the requested export doesn't exist.

Import traces:
  Client Component Browser:
    ./components/crypto/CryptoDetailHeader.tsx [Client Component Browser]
    ./app/(main)/crypto/[id]/page.tsx [Client Component Browser]
    ./app/(main)/crypto/[id]/page.tsx [Server Component]

  Client Component SSR:
    ./components/crypto/CryptoDetailHeader.tsx [Client Component SSR]
    ./app/(main)/crypto/[id]/page.tsx [Client Component SSR]
    ./app/(main)/crypto/[id]/page.tsx [Server Component] @ http://localhost:3000/_next/static/chunks/node_modules_next_dist_0u_w_5s._.js:1945
[    6914ms] [ERROR] ./components/crypto/CryptoDetailHeader.tsx:6:1
Export Github doesn't exist in target module
  4 | import { formatCryptoPrice } from '@/lib/cryptoUtils';
  5 | import { Skeleton } from '@/components/ui/skeleton';
> 6 | import { TrendingUp, TrendingDown, Globe, MessageSquare, Github } from 'lucide-react';
    | ^^^^^^^^^^^^^^^^^^^^^^^^^^^^^^^^^^^^^^^^^^^^^^^^^^^^^^^^^^^^^^^^^^^^^^^^^^^^^^^^^^^^^^
  7 |
  8 | interface CryptoDetailHeaderProps {
  9 |   id: string;

The export Github was not found in module [project]/node_modules/lucide-react/dist/esm/lucide-react.mjs [app-ssr] (ecmascript).
Did you mean to import Gift?
All exports of the module are statically known (It doesn't have dynamic exports). So it's known statically that the requested export doesn't exist.

Import traces:
  Client Component Browser:
    ./components/crypto/CryptoDetailHeader.tsx [Client Component Browser]
    ./app/(main)/crypto/[id]/page.tsx [Client Component Browser]
    ./app/(main)/crypto/[id]/page.tsx [Server Component]

  Client Component SSR:
    ./components/crypto/CryptoDetailHeader.tsx [Client Component SSR]
    ./app/(main)/crypto/[id]/page.tsx [Client Component SSR]
    ./app/(main)/crypto/[id]/page.tsx [Server Component] @ http://localhost:3000/_next/static/chunks/node_modules_next_dist_0u_w_5s._.js:1945
[    6973ms] [ERROR] ./components/crypto/CryptoDetailHeader.tsx:6:1
Export Github doesn't exist in target module
  4 | import { formatCryptoPrice } from '@/lib/cryptoUtils';
  5 | import { Skeleton } from '@/components/ui/skeleton';
> 6 | import { TrendingUp, TrendingDown, Globe, MessageSquare, Github } from 'lucide-react';
    | ^^^^^^^^^^^^^^^^^^^^^^^^^^^^^^^^^^^^^^^^^^^^^^^^^^^^^^^^^^^^^^^^^^^^^^^^^^^^^^^^^^^^^^
  7 |
  8 | interface CryptoDetailHeaderProps {
  9 |   id: string;

The export Github was not found in module [project]/node_modules/lucide-react/dist/esm/lucide-react.mjs [app-client] (ecmascript).
Did you mean to import Gift?
All exports of the module are statically known (It doesn't have dynamic exports). So it's known statically that the requested export doesn't exist.

Import traces:
  Client Component Browser:
    ./components/crypto/CryptoDetailHeader.tsx [Client Component Browser]
    ./app/(main)/crypto/[id]/page.tsx [Client Component Browser]
    ./app/(main)/crypto/[id]/page.tsx [Server Component]

  Client Component SSR:
    ./components/crypto/CryptoDetailHeader.tsx [Client Component SSR]
    ./app/(main)/crypto/[id]/page.tsx [Client Component SSR]
    ./app/(main)/crypto/[id]/page.tsx [Server Component] @ http://localhost:3000/_next/static/chunks/node_modules_next_dist_0u_w_5s._.js:1945
[    6973ms] [ERROR] ./components/crypto/CryptoDetailHeader.tsx:6:1
Export Github doesn't exist in target module
  4 | import { formatCryptoPrice } from '@/lib/cryptoUtils';
  5 | import { Skeleton } from '@/components/ui/skeleton';
> 6 | import { TrendingUp, TrendingDown, Globe, MessageSquare, Github } from 'lucide-react';
    | ^^^^^^^^^^^^^^^^^^^^^^^^^^^^^^^^^^^^^^^^^^^^^^^^^^^^^^^^^^^^^^^^^^^^^^^^^^^^^^^^^^^^^^
  7 |
  8 | interface CryptoDetailHeaderProps {
  9 |   id: string;

The export Github was not found in module [project]/node_modules/lucide-react/dist/esm/lucide-react.mjs [app-ssr] (ecmascript).
Did you mean to import Gift?
All exports of the module are statically known (It doesn't have dynamic exports). So it's known statically that the requested export doesn't exist.

Import traces:
  Client Component Browser:
    ./components/crypto/CryptoDetailHeader.tsx [Client Component Browser]
    ./app/(main)/crypto/[id]/page.tsx [Client Component Browser]
    ./app/(main)/crypto/[id]/page.tsx [Server Component]

  Client Component SSR:
    ./components/crypto/CryptoDetailHeader.tsx [Client Component SSR]
    ./app/(main)/crypto/[id]/page.tsx [Client Component SSR]
    ./app/(main)/crypto/[id]/page.tsx [Server Component] @ http://localhost:3000/_next/static/chunks/node_modules_next_dist_0u_w_5s._.js:1945
[    7033ms] [ERROR] ./components/crypto/CryptoDetailHeader.tsx:6:1
Export Github doesn't exist in target module
  4 | import { formatCryptoPrice } from '@/lib/cryptoUtils';
  5 | import { Skeleton } from '@/components/ui/skeleton';
> 6 | import { TrendingUp, TrendingDown, Globe, MessageSquare, Github } from 'lucide-react';
    | ^^^^^^^^^^^^^^^^^^^^^^^^^^^^^^^^^^^^^^^^^^^^^^^^^^^^^^^^^^^^^^^^^^^^^^^^^^^^^^^^^^^^^^
  7 |
  8 | interface CryptoDetailHeaderProps {
  9 |   id: string;

The export Github was not found in module [project]/node_modules/lucide-react/dist/esm/lucide-react.mjs [app-client] (ecmascript).
Did you mean to import Gift?
All exports of the module are statically known (It doesn't have dynamic exports). So it's known statically that the requested export doesn't exist.

Import traces:
  Client Component Browser:
    ./components/crypto/CryptoDetailHeader.tsx [Client Component Browser]
    ./app/(main)/crypto/[id]/page.tsx [Client Component Browser]
    ./app/(main)/crypto/[id]/page.tsx [Server Component]

  Client Component SSR:
    ./components/crypto/CryptoDetailHeader.tsx [Client Component SSR]
    ./app/(main)/crypto/[id]/page.tsx [Client Component SSR]
    ./app/(main)/crypto/[id]/page.tsx [Server Component] @ http://localhost:3000/_next/static/chunks/node_modules_next_dist_0u_w_5s._.js:1945
[    7033ms] [ERROR] ./components/crypto/CryptoDetailHeader.tsx:6:1
Export Github doesn't exist in target module
  4 | import { formatCryptoPrice } from '@/lib/cryptoUtils';
  5 | import { Skeleton } from '@/components/ui/skeleton';
> 6 | import { TrendingUp, TrendingDown, Globe, MessageSquare, Github } from 'lucide-react';
    | ^^^^^^^^^^^^^^^^^^^^^^^^^^^^^^^^^^^^^^^^^^^^^^^^^^^^^^^^^^^^^^^^^^^^^^^^^^^^^^^^^^^^^^
  7 |
  8 | interface CryptoDetailHeaderProps {
  9 |   id: string;

The export Github was not found in module [project]/node_modules/lucide-react/dist/esm/lucide-react.mjs [app-ssr] (ecmascript).
Did you mean to import Gift?
All exports of the module are statically known (It doesn't have dynamic exports). So it's known statically that the requested export doesn't exist.

Import traces:
  Client Component Browser:
    ./components/crypto/CryptoDetailHeader.tsx [Client Component Browser]
    ./app/(main)/crypto/[id]/page.tsx [Client Component Browser]
    ./app/(main)/crypto/[id]/page.tsx [Server Component]

  Client Component SSR:
    ./components/crypto/CryptoDetailHeader.tsx [Client Component SSR]
    ./app/(main)/crypto/[id]/page.tsx [Client Component SSR]
    ./app/(main)/crypto/[id]/page.tsx [Server Component] @ http://localhost:3000/_next/static/chunks/node_modules_next_dist_0u_w_5s._.js:1945
[    7093ms] [ERROR] ./components/crypto/CryptoDetailHeader.tsx:6:1
Export Github doesn't exist in target module
  4 | import { formatCryptoPrice } from '@/lib/cryptoUtils';
  5 | import { Skeleton } from '@/components/ui/skeleton';
> 6 | import { TrendingUp, TrendingDown, Globe, MessageSquare, Github } from 'lucide-react';
    | ^^^^^^^^^^^^^^^^^^^^^^^^^^^^^^^^^^^^^^^^^^^^^^^^^^^^^^^^^^^^^^^^^^^^^^^^^^^^^^^^^^^^^^
  7 |
  8 | interface CryptoDetailHeaderProps {
  9 |   id: string;

The export Github was not found in module [project]/node_modules/lucide-react/dist/esm/lucide-react.mjs [app-client] (ecmascript).
Did you mean to import Gift?
All exports of the module are statically known (It doesn't have dynamic exports). So it's known statically that the requested export doesn't exist.

Import traces:
  Client Component Browser:
    ./components/crypto/CryptoDetailHeader.tsx [Client Component Browser]
    ./app/(main)/crypto/[id]/page.tsx [Client Component Browser]
    ./app/(main)/crypto/[id]/page.tsx [Server Component]

  Client Component SSR:
    ./components/crypto/CryptoDetailHeader.tsx [Client Component SSR]
    ./app/(main)/crypto/[id]/page.tsx [Client Component SSR]
    ./app/(main)/crypto/[id]/page.tsx [Server Component] @ http://localhost:3000/_next/static/chunks/node_modules_next_dist_0u_w_5s._.js:1945
[    7093ms] [ERROR] ./components/crypto/CryptoDetailHeader.tsx:6:1
Export Github doesn't exist in target module
  4 | import { formatCryptoPrice } from '@/lib/cryptoUtils';
  5 | import { Skeleton } from '@/components/ui/skeleton';
> 6 | import { TrendingUp, TrendingDown, Globe, MessageSquare, Github } from 'lucide-react';
    | ^^^^^^^^^^^^^^^^^^^^^^^^^^^^^^^^^^^^^^^^^^^^^^^^^^^^^^^^^^^^^^^^^^^^^^^^^^^^^^^^^^^^^^
  7 |
  8 | interface CryptoDetailHeaderProps {
  9 |   id: string;

The export Github was not found in module [project]/node_modules/lucide-react/dist/esm/lucide-react.mjs [app-ssr] (ecmascript).
Did you mean to import Gift?
All exports of the module are statically known (It doesn't have dynamic exports). So it's known statically that the requested export doesn't exist.

Import traces:
  Client Component Browser:
    ./components/crypto/CryptoDetailHeader.tsx [Client Component Browser]
    ./app/(main)/crypto/[id]/page.tsx [Client Component Browser]
    ./app/(main)/crypto/[id]/page.tsx [Server Component]

  Client Component SSR:
    ./components/crypto/CryptoDetailHeader.tsx [Client Component SSR]
    ./app/(main)/crypto/[id]/page.tsx [Client Component SSR]
    ./app/(main)/crypto/[id]/page.tsx [Server Component] @ http://localhost:3000/_next/static/chunks/node_modules_next_dist_0u_w_5s._.js:1945
[    7154ms] [ERROR] ./components/crypto/CryptoDetailHeader.tsx:6:1
Export Github doesn't exist in target module
  4 | import { formatCryptoPrice } from '@/lib/cryptoUtils';
  5 | import { Skeleton } from '@/components/ui/skeleton';
> 6 | import { TrendingUp, TrendingDown, Globe, MessageSquare, Github } from 'lucide-react';
    | ^^^^^^^^^^^^^^^^^^^^^^^^^^^^^^^^^^^^^^^^^^^^^^^^^^^^^^^^^^^^^^^^^^^^^^^^^^^^^^^^^^^^^^
  7 |
  8 | interface CryptoDetailHeaderProps {
  9 |   id: string;

The export Github was not found in module [project]/node_modules/lucide-react/dist/esm/lucide-react.mjs [app-client] (ecmascript).
Did you mean to import Gift?
All exports of the module are statically known (It doesn't have dynamic exports). So it's known statically that the requested export doesn't exist.

Import traces:
  Client Component Browser:
    ./components/crypto/CryptoDetailHeader.tsx [Client Component Browser]
    ./app/(main)/crypto/[id]/page.tsx [Client Component Browser]
    ./app/(main)/crypto/[id]/page.tsx [Server Component]

  Client Component SSR:
    ./components/crypto/CryptoDetailHeader.tsx [Client Component SSR]
    ./app/(main)/crypto/[id]/page.tsx [Client Component SSR]
    ./app/(main)/crypto/[id]/page.tsx [Server Component] @ http://localhost:3000/_next/static/chunks/node_modules_next_dist_0u_w_5s._.js:1945
[    7154ms] [ERROR] ./components/crypto/CryptoDetailHeader.tsx:6:1
Export Github doesn't exist in target module
  4 | import { formatCryptoPrice } from '@/lib/cryptoUtils';
  5 | import { Skeleton } from '@/components/ui/skeleton';
> 6 | import { TrendingUp, TrendingDown, Globe, MessageSquare, Github } from 'lucide-react';
    | ^^^^^^^^^^^^^^^^^^^^^^^^^^^^^^^^^^^^^^^^^^^^^^^^^^^^^^^^^^^^^^^^^^^^^^^^^^^^^^^^^^^^^^
  7 |
  8 | interface CryptoDetailHeaderProps {
  9 |   id: string;

The export Github was not found in module [project]/node_modules/lucide-react/dist/esm/lucide-react.mjs [app-ssr] (ecmascript).
Did you mean to import Gift?
All exports of the module are statically known (It doesn't have dynamic exports). So it's known statically that the requested export doesn't exist.

Import traces:
  Client Component Browser:
    ./components/crypto/CryptoDetailHeader.tsx [Client Component Browser]
    ./app/(main)/crypto/[id]/page.tsx [Client Component Browser]
    ./app/(main)/crypto/[id]/page.tsx [Server Component]

  Client Component SSR:
    ./components/crypto/CryptoDetailHeader.tsx [Client Component SSR]
    ./app/(main)/crypto/[id]/page.tsx [Client Component SSR]
    ./app/(main)/crypto/[id]/page.tsx [Server Component] @ http://localhost:3000/_next/static/chunks/node_modules_next_dist_0u_w_5s._.js:1945
[    7213ms] [ERROR] ./components/crypto/CryptoDetailHeader.tsx:6:1
Export Github doesn't exist in target module
  4 | import { formatCryptoPrice } from '@/lib/cryptoUtils';
  5 | import { Skeleton } from '@/components/ui/skeleton';
> 6 | import { TrendingUp, TrendingDown, Globe, MessageSquare, Github } from 'lucide-react';
    | ^^^^^^^^^^^^^^^^^^^^^^^^^^^^^^^^^^^^^^^^^^^^^^^^^^^^^^^^^^^^^^^^^^^^^^^^^^^^^^^^^^^^^^
  7 |
  8 | interface CryptoDetailHeaderProps {
  9 |   id: string;

The export Github was not found in module [project]/node_modules/lucide-react/dist/esm/lucide-react.mjs [app-client] (ecmascript).
Did you mean to import Gift?
All exports of the module are statically known (It doesn't have dynamic exports). So it's known statically that the requested export doesn't exist.

Import traces:
  Client Component Browser:
    ./components/crypto/CryptoDetailHeader.tsx [Client Component Browser]
    ./app/(main)/crypto/[id]/page.tsx [Client Component Browser]
    ./app/(main)/crypto/[id]/page.tsx [Server Component]

  Client Component SSR:
    ./components/crypto/CryptoDetailHeader.tsx [Client Component SSR]
    ./app/(main)/crypto/[id]/page.tsx [Client Component SSR]
    ./app/(main)/crypto/[id]/page.tsx [Server Component] @ http://localhost:3000/_next/static/chunks/node_modules_next_dist_0u_w_5s._.js:1945
[    7213ms] [ERROR] ./components/crypto/CryptoDetailHeader.tsx:6:1
Export Github doesn't exist in target module
  4 | import { formatCryptoPrice } from '@/lib/cryptoUtils';
  5 | import { Skeleton } from '@/components/ui/skeleton';
> 6 | import { TrendingUp, TrendingDown, Globe, MessageSquare, Github } from 'lucide-react';
    | ^^^^^^^^^^^^^^^^^^^^^^^^^^^^^^^^^^^^^^^^^^^^^^^^^^^^^^^^^^^^^^^^^^^^^^^^^^^^^^^^^^^^^^
  7 |
  8 | interface CryptoDetailHeaderProps {
  9 |   id: string;

The export Github was not found in module [project]/node_modules/lucide-react/dist/esm/lucide-react.mjs [app-ssr] (ecmascript).
Did you mean to import Gift?
All exports of the module are statically known (It doesn't have dynamic exports). So it's known statically that the requested export doesn't exist.

Import traces:
  Client Component Browser:
    ./components/crypto/CryptoDetailHeader.tsx [Client Component Browser]
    ./app/(main)/crypto/[id]/page.tsx [Client Component Browser]
    ./app/(main)/crypto/[id]/page.tsx [Server Component]

  Client Component SSR:
    ./components/crypto/CryptoDetailHeader.tsx [Client Component SSR]
    ./app/(main)/crypto/[id]/page.tsx [Client Component SSR]
    ./app/(main)/crypto/[id]/page.tsx [Server Component] @ http://localhost:3000/_next/static/chunks/node_modules_next_dist_0u_w_5s._.js:1945
[    7273ms] [ERROR] ./components/crypto/CryptoDetailHeader.tsx:6:1
Export Github doesn't exist in target module
  4 | import { formatCryptoPrice } from '@/lib/cryptoUtils';
  5 | import { Skeleton } from '@/components/ui/skeleton';
> 6 | import { TrendingUp, TrendingDown, Globe, MessageSquare, Github } from 'lucide-react';
    | ^^^^^^^^^^^^^^^^^^^^^^^^^^^^^^^^^^^^^^^^^^^^^^^^^^^^^^^^^^^^^^^^^^^^^^^^^^^^^^^^^^^^^^
  7 |
  8 | interface CryptoDetailHeaderProps {
  9 |   id: string;

The export Github was not found in module [project]/node_modules/lucide-react/dist/esm/lucide-react.mjs [app-client] (ecmascript).
Did you mean to import Gift?
All exports of the module are statically known (It doesn't have dynamic exports). So it's known statically that the requested export doesn't exist.

Import traces:
  Client Component Browser:
    ./components/crypto/CryptoDetailHeader.tsx [Client Component Browser]
    ./app/(main)/crypto/[id]/page.tsx [Client Component Browser]
    ./app/(main)/crypto/[id]/page.tsx [Server Component]

  Client Component SSR:
    ./components/crypto/CryptoDetailHeader.tsx [Client Component SSR]
    ./app/(main)/crypto/[id]/page.tsx [Client Component SSR]
    ./app/(main)/crypto/[id]/page.tsx [Server Component] @ http://localhost:3000/_next/static/chunks/node_modules_next_dist_0u_w_5s._.js:1945
[    7273ms] [ERROR] ./components/crypto/CryptoDetailHeader.tsx:6:1
Export Github doesn't exist in target module
  4 | import { formatCryptoPrice } from '@/lib/cryptoUtils';
  5 | import { Skeleton } from '@/components/ui/skeleton';
> 6 | import { TrendingUp, TrendingDown, Globe, MessageSquare, Github } from 'lucide-react';
    | ^^^^^^^^^^^^^^^^^^^^^^^^^^^^^^^^^^^^^^^^^^^^^^^^^^^^^^^^^^^^^^^^^^^^^^^^^^^^^^^^^^^^^^
  7 |
  8 | interface CryptoDetailHeaderProps {
  9 |   id: string;

The export Github was not found in module [project]/node_modules/lucide-react/dist/esm/lucide-react.mjs [app-ssr] (ecmascript).
Did you mean to import Gift?
All exports of the module are statically known (It doesn't have dynamic exports). So it's known statically that the requested export doesn't exist.

Import traces:
  Client Component Browser:
    ./components/crypto/CryptoDetailHeader.tsx [Client Component Browser]
    ./app/(main)/crypto/[id]/page.tsx [Client Component Browser]
    ./app/(main)/crypto/[id]/page.tsx [Server Component]

  Client Component SSR:
    ./components/crypto/CryptoDetailHeader.tsx [Client Component SSR]
    ./app/(main)/crypto/[id]/page.tsx [Client Component SSR]
    ./app/(main)/crypto/[id]/page.tsx [Server Component] @ http://localhost:3000/_next/static/chunks/node_modules_next_dist_0u_w_5s._.js:1945
[    7333ms] [ERROR] ./components/crypto/CryptoDetailHeader.tsx:6:1
Export Github doesn't exist in target module
  4 | import { formatCryptoPrice } from '@/lib/cryptoUtils';
  5 | import { Skeleton } from '@/components/ui/skeleton';
> 6 | import { TrendingUp, TrendingDown, Globe, MessageSquare, Github } from 'lucide-react';
    | ^^^^^^^^^^^^^^^^^^^^^^^^^^^^^^^^^^^^^^^^^^^^^^^^^^^^^^^^^^^^^^^^^^^^^^^^^^^^^^^^^^^^^^
  7 |
  8 | interface CryptoDetailHeaderProps {
  9 |   id: string;

The export Github was not found in module [project]/node_modules/lucide-react/dist/esm/lucide-react.mjs [app-client] (ecmascript).
Did you mean to import Gift?
All exports of the module are statically known (It doesn't have dynamic exports). So it's known statically that the requested export doesn't exist.

Import traces:
  Client Component Browser:
    ./components/crypto/CryptoDetailHeader.tsx [Client Component Browser]
    ./app/(main)/crypto/[id]/page.tsx [Client Component Browser]
    ./app/(main)/crypto/[id]/page.tsx [Server Component]

  Client Component SSR:
    ./components/crypto/CryptoDetailHeader.tsx [Client Component SSR]
    ./app/(main)/crypto/[id]/page.tsx [Client Component SSR]
    ./app/(main)/crypto/[id]/page.tsx [Server Component] @ http://localhost:3000/_next/static/chunks/node_modules_next_dist_0u_w_5s._.js:1945
[    7333ms] [ERROR] ./components/crypto/CryptoDetailHeader.tsx:6:1
Export Github doesn't exist in target module
  4 | import { formatCryptoPrice } from '@/lib/cryptoUtils';
  5 | import { Skeleton } from '@/components/ui/skeleton';
> 6 | import { TrendingUp, TrendingDown, Globe, MessageSquare, Github } from 'lucide-react';
    | ^^^^^^^^^^^^^^^^^^^^^^^^^^^^^^^^^^^^^^^^^^^^^^^^^^^^^^^^^^^^^^^^^^^^^^^^^^^^^^^^^^^^^^
  7 |
  8 | interface CryptoDetailHeaderProps {
  9 |   id: string;

The export Github was not found in module [project]/node_modules/lucide-react/dist/esm/lucide-react.mjs [app-ssr] (ecmascript).
Did you mean to import Gift?
All exports of the module are statically known (It doesn't have dynamic exports). So it's known statically that the requested export doesn't exist.

Import traces:
  Client Component Browser:
    ./components/crypto/CryptoDetailHeader.tsx [Client Component Browser]
    ./app/(main)/crypto/[id]/page.tsx [Client Component Browser]
    ./app/(main)/crypto/[id]/page.tsx [Server Component]

  Client Component SSR:
    ./components/crypto/CryptoDetailHeader.tsx [Client Component SSR]
    ./app/(main)/crypto/[id]/page.tsx [Client Component SSR]
    ./app/(main)/crypto/[id]/page.tsx [Server Component] @ http://localhost:3000/_next/static/chunks/node_modules_next_dist_0u_w_5s._.js:1945
[    7392ms] [ERROR] ./components/crypto/CryptoDetailHeader.tsx:6:1
Export Github doesn't exist in target module
  4 | import { formatCryptoPrice } from '@/lib/cryptoUtils';
  5 | import { Skeleton } from '@/components/ui/skeleton';
> 6 | import { TrendingUp, TrendingDown, Globe, MessageSquare, Github } from 'lucide-react';
    | ^^^^^^^^^^^^^^^^^^^^^^^^^^^^^^^^^^^^^^^^^^^^^^^^^^^^^^^^^^^^^^^^^^^^^^^^^^^^^^^^^^^^^^
  7 |
  8 | interface CryptoDetailHeaderProps {
  9 |   id: string;

The export Github was not found in module [project]/node_modules/lucide-react/dist/esm/lucide-react.mjs [app-client] (ecmascript).
Did you mean to import Gift?
All exports of the module are statically known (It doesn't have dynamic exports). So it's known statically that the requested export doesn't exist.

Import traces:
  Client Component Browser:
    ./components/crypto/CryptoDetailHeader.tsx [Client Component Browser]
    ./app/(main)/crypto/[id]/page.tsx [Client Component Browser]
    ./app/(main)/crypto/[id]/page.tsx [Server Component]

  Client Component SSR:
    ./components/crypto/CryptoDetailHeader.tsx [Client Component SSR]
    ./app/(main)/crypto/[id]/page.tsx [Client Component SSR]
    ./app/(main)/crypto/[id]/page.tsx [Server Component] @ http://localhost:3000/_next/static/chunks/node_modules_next_dist_0u_w_5s._.js:1945
[    7393ms] [ERROR] ./components/crypto/CryptoDetailHeader.tsx:6:1
Export Github doesn't exist in target module
  4 | import { formatCryptoPrice } from '@/lib/cryptoUtils';
  5 | import { Skeleton } from '@/components/ui/skeleton';
> 6 | import { TrendingUp, TrendingDown, Globe, MessageSquare, Github } from 'lucide-react';
    | ^^^^^^^^^^^^^^^^^^^^^^^^^^^^^^^^^^^^^^^^^^^^^^^^^^^^^^^^^^^^^^^^^^^^^^^^^^^^^^^^^^^^^^
  7 |
  8 | interface CryptoDetailHeaderProps {
  9 |   id: string;

The export Github was not found in module [project]/node_modules/lucide-react/dist/esm/lucide-react.mjs [app-ssr] (ecmascript).
Did you mean to import Gift?
All exports of the module are statically known (It doesn't have dynamic exports). So it's known statically that the requested export doesn't exist.

Import traces:
  Client Component Browser:
    ./components/crypto/CryptoDetailHeader.tsx [Client Component Browser]
    ./app/(main)/crypto/[id]/page.tsx [Client Component Browser]
    ./app/(main)/crypto/[id]/page.tsx [Server Component]

  Client Component SSR:
    ./components/crypto/CryptoDetailHeader.tsx [Client Component SSR]
    ./app/(main)/crypto/[id]/page.tsx [Client Component SSR]
    ./app/(main)/crypto/[id]/page.tsx [Server Component] @ http://localhost:3000/_next/static/chunks/node_modules_next_dist_0u_w_5s._.js:1945
[    7456ms] [ERROR] ./components/crypto/CryptoDetailHeader.tsx:6:1
Export Github doesn't exist in target module
  4 | import { formatCryptoPrice } from '@/lib/cryptoUtils';
  5 | import { Skeleton } from '@/components/ui/skeleton';
> 6 | import { TrendingUp, TrendingDown, Globe, MessageSquare, Github } from 'lucide-react';
    | ^^^^^^^^^^^^^^^^^^^^^^^^^^^^^^^^^^^^^^^^^^^^^^^^^^^^^^^^^^^^^^^^^^^^^^^^^^^^^^^^^^^^^^
  7 |
  8 | interface CryptoDetailHeaderProps {
  9 |   id: string;

The export Github was not found in module [project]/node_modules/lucide-react/dist/esm/lucide-react.mjs [app-client] (ecmascript).
Did you mean to import Gift?
All exports of the module are statically known (It doesn't have dynamic exports). So it's known statically that the requested export doesn't exist.

Import traces:
  Client Component Browser:
    ./components/crypto/CryptoDetailHeader.tsx [Client Component Browser]
    ./app/(main)/crypto/[id]/page.tsx [Client Component Browser]
    ./app/(main)/crypto/[id]/page.tsx [Server Component]

  Client Component SSR:
    ./components/crypto/CryptoDetailHeader.tsx [Client Component SSR]
    ./app/(main)/crypto/[id]/page.tsx [Client Component SSR]
    ./app/(main)/crypto/[id]/page.tsx [Server Component] @ http://localhost:3000/_next/static/chunks/node_modules_next_dist_0u_w_5s._.js:1945
[    7456ms] [ERROR] ./components/crypto/CryptoDetailHeader.tsx:6:1
Export Github doesn't exist in target module
  4 | import { formatCryptoPrice } from '@/lib/cryptoUtils';
  5 | import { Skeleton } from '@/components/ui/skeleton';
> 6 | import { TrendingUp, TrendingDown, Globe, MessageSquare, Github } from 'lucide-react';
    | ^^^^^^^^^^^^^^^^^^^^^^^^^^^^^^^^^^^^^^^^^^^^^^^^^^^^^^^^^^^^^^^^^^^^^^^^^^^^^^^^^^^^^^
  7 |
  8 | interface CryptoDetailHeaderProps {
  9 |   id: string;

The export Github was not found in module [project]/node_modules/lucide-react/dist/esm/lucide-react.mjs [app-ssr] (ecmascript).
Did you mean to import Gift?
All exports of the module are statically known (It doesn't have dynamic exports). So it's known statically that the requested export doesn't exist.

Import traces:
  Client Component Browser:
    ./components/crypto/CryptoDetailHeader.tsx [Client Component Browser]
    ./app/(main)/crypto/[id]/page.tsx [Client Component Browser]
    ./app/(main)/crypto/[id]/page.tsx [Server Component]

  Client Component SSR:
    ./components/crypto/CryptoDetailHeader.tsx [Client Component SSR]
    ./app/(main)/crypto/[id]/page.tsx [Client Component SSR]
    ./app/(main)/crypto/[id]/page.tsx [Server Component] @ http://localhost:3000/_next/static/chunks/node_modules_next_dist_0u_w_5s._.js:1945
[    7529ms] [ERROR] ./components/crypto/CryptoDetailHeader.tsx:6:1
Export Github doesn't exist in target module
  4 | import { formatCryptoPrice } from '@/lib/cryptoUtils';
  5 | import { Skeleton } from '@/components/ui/skeleton';
> 6 | import { TrendingUp, TrendingDown, Globe, MessageSquare, Github } from 'lucide-react';
    | ^^^^^^^^^^^^^^^^^^^^^^^^^^^^^^^^^^^^^^^^^^^^^^^^^^^^^^^^^^^^^^^^^^^^^^^^^^^^^^^^^^^^^^
  7 |
  8 | interface CryptoDetailHeaderProps {
  9 |   id: string;

The export Github was not found in module [project]/node_modules/lucide-react/dist/esm/lucide-react.mjs [app-client] (ecmascript).
Did you mean to import Gift?
All exports of the module are statically known (It doesn't have dynamic exports). So it's known statically that the requested export doesn't exist.

Import traces:
  Client Component Browser:
    ./components/crypto/CryptoDetailHeader.tsx [Client Component Browser]
    ./app/(main)/crypto/[id]/page.tsx [Client Component Browser]
    ./app/(main)/crypto/[id]/page.tsx [Server Component]

  Client Component SSR:
    ./components/crypto/CryptoDetailHeader.tsx [Client Component SSR]
    ./app/(main)/crypto/[id]/page.tsx [Client Component SSR]
    ./app/(main)/crypto/[id]/page.tsx [Server Component] @ http://localhost:3000/_next/static/chunks/node_modules_next_dist_0u_w_5s._.js:1945
[    7529ms] [ERROR] ./components/crypto/CryptoDetailHeader.tsx:6:1
Export Github doesn't exist in target module
  4 | import { formatCryptoPrice } from '@/lib/cryptoUtils';
  5 | import { Skeleton } from '@/components/ui/skeleton';
> 6 | import { TrendingUp, TrendingDown, Globe, MessageSquare, Github } from 'lucide-react';
    | ^^^^^^^^^^^^^^^^^^^^^^^^^^^^^^^^^^^^^^^^^^^^^^^^^^^^^^^^^^^^^^^^^^^^^^^^^^^^^^^^^^^^^^
  7 |
  8 | interface CryptoDetailHeaderProps {
  9 |   id: string;

The export Github was not found in module [project]/node_modules/lucide-react/dist/esm/lucide-react.mjs [app-ssr] (ecmascript).
Did you mean to import Gift?
All exports of the module are statically known (It doesn't have dynamic exports). So it's known statically that the requested export doesn't exist.

Import traces:
  Client Component Browser:
    ./components/crypto/CryptoDetailHeader.tsx [Client Component Browser]
    ./app/(main)/crypto/[id]/page.tsx [Client Component Browser]
    ./app/(main)/crypto/[id]/page.tsx [Server Component]

  Client Component SSR:
    ./components/crypto/CryptoDetailHeader.tsx [Client Component SSR]
    ./app/(main)/crypto/[id]/page.tsx [Client Component SSR]
    ./app/(main)/crypto/[id]/page.tsx [Server Component] @ http://localhost:3000/_next/static/chunks/node_modules_next_dist_0u_w_5s._.js:1945
[    7589ms] [ERROR] ./components/crypto/CryptoDetailHeader.tsx:6:1
Export Github doesn't exist in target module
  4 | import { formatCryptoPrice } from '@/lib/cryptoUtils';
  5 | import { Skeleton } from '@/components/ui/skeleton';
> 6 | import { TrendingUp, TrendingDown, Globe, MessageSquare, Github } from 'lucide-react';
    | ^^^^^^^^^^^^^^^^^^^^^^^^^^^^^^^^^^^^^^^^^^^^^^^^^^^^^^^^^^^^^^^^^^^^^^^^^^^^^^^^^^^^^^
  7 |
  8 | interface CryptoDetailHeaderProps {
  9 |   id: string;

The export Github was not found in module [project]/node_modules/lucide-react/dist/esm/lucide-react.mjs [app-client] (ecmascript).
Did you mean to import Gift?
All exports of the module are statically known (It doesn't have dynamic exports). So it's known statically that the requested export doesn't exist.

Import traces:
  Client Component Browser:
    ./components/crypto/CryptoDetailHeader.tsx [Client Component Browser]
    ./app/(main)/crypto/[id]/page.tsx [Client Component Browser]
    ./app/(main)/crypto/[id]/page.tsx [Server Component]

  Client Component SSR:
    ./components/crypto/CryptoDetailHeader.tsx [Client Component SSR]
    ./app/(main)/crypto/[id]/page.tsx [Client Component SSR]
    ./app/(main)/crypto/[id]/page.tsx [Server Component] @ http://localhost:3000/_next/static/chunks/node_modules_next_dist_0u_w_5s._.js:1945
[    7590ms] [ERROR] ./components/crypto/CryptoDetailHeader.tsx:6:1
Export Github doesn't exist in target module
  4 | import { formatCryptoPrice } from '@/lib/cryptoUtils';
  5 | import { Skeleton } from '@/components/ui/skeleton';
> 6 | import { TrendingUp, TrendingDown, Globe, MessageSquare, Github } from 'lucide-react';
    | ^^^^^^^^^^^^^^^^^^^^^^^^^^^^^^^^^^^^^^^^^^^^^^^^^^^^^^^^^^^^^^^^^^^^^^^^^^^^^^^^^^^^^^
  7 |
  8 | interface CryptoDetailHeaderProps {
  9 |   id: string;

The export Github was not found in module [project]/node_modules/lucide-react/dist/esm/lucide-react.mjs [app-ssr] (ecmascript).
Did you mean to import Gift?
All exports of the module are statically known (It doesn't have dynamic exports). So it's known statically that the requested export doesn't exist.

Import traces:
  Client Component Browser:
    ./components/crypto/CryptoDetailHeader.tsx [Client Component Browser]
    ./app/(main)/crypto/[id]/page.tsx [Client Component Browser]
    ./app/(main)/crypto/[id]/page.tsx [Server Component]

  Client Component SSR:
    ./components/crypto/CryptoDetailHeader.tsx [Client Component SSR]
    ./app/(main)/crypto/[id]/page.tsx [Client Component SSR]
    ./app/(main)/crypto/[id]/page.tsx [Server Component] @ http://localhost:3000/_next/static/chunks/node_modules_next_dist_0u_w_5s._.js:1945
[    7649ms] [ERROR] ./components/crypto/CryptoDetailHeader.tsx:6:1
Export Github doesn't exist in target module
  4 | import { formatCryptoPrice } from '@/lib/cryptoUtils';
  5 | import { Skeleton } from '@/components/ui/skeleton';
> 6 | import { TrendingUp, TrendingDown, Globe, MessageSquare, Github } from 'lucide-react';
    | ^^^^^^^^^^^^^^^^^^^^^^^^^^^^^^^^^^^^^^^^^^^^^^^^^^^^^^^^^^^^^^^^^^^^^^^^^^^^^^^^^^^^^^
  7 |
  8 | interface CryptoDetailHeaderProps {
  9 |   id: string;

The export Github was not found in module [project]/node_modules/lucide-react/dist/esm/lucide-react.mjs [app-client] (ecmascript).
Did you mean to import Gift?
All exports of the module are statically known (It doesn't have dynamic exports). So it's known statically that the requested export doesn't exist.

Import traces:
  Client Component Browser:
    ./components/crypto/CryptoDetailHeader.tsx [Client Component Browser]
    ./app/(main)/crypto/[id]/page.tsx [Client Component Browser]
    ./app/(main)/crypto/[id]/page.tsx [Server Component]

  Client Component SSR:
    ./components/crypto/CryptoDetailHeader.tsx [Client Component SSR]
    ./app/(main)/crypto/[id]/page.tsx [Client Component SSR]
    ./app/(main)/crypto/[id]/page.tsx [Server Component] @ http://localhost:3000/_next/static/chunks/node_modules_next_dist_0u_w_5s._.js:1945
[    7649ms] [ERROR] ./components/crypto/CryptoDetailHeader.tsx:6:1
Export Github doesn't exist in target module
  4 | import { formatCryptoPrice } from '@/lib/cryptoUtils';
  5 | import { Skeleton } from '@/components/ui/skeleton';
> 6 | import { TrendingUp, TrendingDown, Globe, MessageSquare, Github } from 'lucide-react';
    | ^^^^^^^^^^^^^^^^^^^^^^^^^^^^^^^^^^^^^^^^^^^^^^^^^^^^^^^^^^^^^^^^^^^^^^^^^^^^^^^^^^^^^^
  7 |
  8 | interface CryptoDetailHeaderProps {
  9 |   id: string;

The export Github was not found in module [project]/node_modules/lucide-react/dist/esm/lucide-react.mjs [app-ssr] (ecmascript).
Did you mean to import Gift?
All exports of the module are statically known (It doesn't have dynamic exports). So it's known statically that the requested export doesn't exist.

Import traces:
  Client Component Browser:
    ./components/crypto/CryptoDetailHeader.tsx [Client Component Browser]
    ./app/(main)/crypto/[id]/page.tsx [Client Component Browser]
    ./app/(main)/crypto/[id]/page.tsx [Server Component]

  Client Component SSR:
    ./components/crypto/CryptoDetailHeader.tsx [Client Component SSR]
    ./app/(main)/crypto/[id]/page.tsx [Client Component SSR]
    ./app/(main)/crypto/[id]/page.tsx [Server Component] @ http://localhost:3000/_next/static/chunks/node_modules_next_dist_0u_w_5s._.js:1945
[    7709ms] [ERROR] ./components/crypto/CryptoDetailHeader.tsx:6:1
Export Github doesn't exist in target module
  4 | import { formatCryptoPrice } from '@/lib/cryptoUtils';
  5 | import { Skeleton } from '@/components/ui/skeleton';
> 6 | import { TrendingUp, TrendingDown, Globe, MessageSquare, Github } from 'lucide-react';
    | ^^^^^^^^^^^^^^^^^^^^^^^^^^^^^^^^^^^^^^^^^^^^^^^^^^^^^^^^^^^^^^^^^^^^^^^^^^^^^^^^^^^^^^
  7 |
  8 | interface CryptoDetailHeaderProps {
  9 |   id: string;

The export Github was not found in module [project]/node_modules/lucide-react/dist/esm/lucide-react.mjs [app-client] (ecmascript).
Did you mean to import Gift?
All exports of the module are statically known (It doesn't have dynamic exports). So it's known statically that the requested export doesn't exist.

Import traces:
  Client Component Browser:
    ./components/crypto/CryptoDetailHeader.tsx [Client Component Browser]
    ./app/(main)/crypto/[id]/page.tsx [Client Component Browser]
    ./app/(main)/crypto/[id]/page.tsx [Server Component]

  Client Component SSR:
    ./components/crypto/CryptoDetailHeader.tsx [Client Component SSR]
    ./app/(main)/crypto/[id]/page.tsx [Client Component SSR]
    ./app/(main)/crypto/[id]/page.tsx [Server Component] @ http://localhost:3000/_next/static/chunks/node_modules_next_dist_0u_w_5s._.js:1945
[    7709ms] [ERROR] ./components/crypto/CryptoDetailHeader.tsx:6:1
Export Github doesn't exist in target module
  4 | import { formatCryptoPrice } from '@/lib/cryptoUtils';
  5 | import { Skeleton } from '@/components/ui/skeleton';
> 6 | import { TrendingUp, TrendingDown, Globe, MessageSquare, Github } from 'lucide-react';
    | ^^^^^^^^^^^^^^^^^^^^^^^^^^^^^^^^^^^^^^^^^^^^^^^^^^^^^^^^^^^^^^^^^^^^^^^^^^^^^^^^^^^^^^
  7 |
  8 | interface CryptoDetailHeaderProps {
  9 |   id: string;

The export Github was not found in module [project]/node_modules/lucide-react/dist/esm/lucide-react.mjs [app-ssr] (ecmascript).
Did you mean to import Gift?
All exports of the module are statically known (It doesn't have dynamic exports). So it's known statically that the requested export doesn't exist.

Import traces:
  Client Component Browser:
    ./components/crypto/CryptoDetailHeader.tsx [Client Component Browser]
    ./app/(main)/crypto/[id]/page.tsx [Client Component Browser]
    ./app/(main)/crypto/[id]/page.tsx [Server Component]

  Client Component SSR:
    ./components/crypto/CryptoDetailHeader.tsx [Client Component SSR]
    ./app/(main)/crypto/[id]/page.tsx [Client Component SSR]
    ./app/(main)/crypto/[id]/page.tsx [Server Component] @ http://localhost:3000/_next/static/chunks/node_modules_next_dist_0u_w_5s._.js:1945
[    7769ms] [ERROR] ./components/crypto/CryptoDetailHeader.tsx:6:1
Export Github doesn't exist in target module
  4 | import { formatCryptoPrice } from '@/lib/cryptoUtils';
  5 | import { Skeleton } from '@/components/ui/skeleton';
> 6 | import { TrendingUp, TrendingDown, Globe, MessageSquare, Github } from 'lucide-react';
    | ^^^^^^^^^^^^^^^^^^^^^^^^^^^^^^^^^^^^^^^^^^^^^^^^^^^^^^^^^^^^^^^^^^^^^^^^^^^^^^^^^^^^^^
  7 |
  8 | interface CryptoDetailHeaderProps {
  9 |   id: string;

The export Github was not found in module [project]/node_modules/lucide-react/dist/esm/lucide-react.mjs [app-client] (ecmascript).
Did you mean to import Gift?
All exports of the module are statically known (It doesn't have dynamic exports). So it's known statically that the requested export doesn't exist.

Import traces:
  Client Component Browser:
    ./components/crypto/CryptoDetailHeader.tsx [Client Component Browser]
    ./app/(main)/crypto/[id]/page.tsx [Client Component Browser]
    ./app/(main)/crypto/[id]/page.tsx [Server Component]

  Client Component SSR:
    ./components/crypto/CryptoDetailHeader.tsx [Client Component SSR]
    ./app/(main)/crypto/[id]/page.tsx [Client Component SSR]
    ./app/(main)/crypto/[id]/page.tsx [Server Component] @ http://localhost:3000/_next/static/chunks/node_modules_next_dist_0u_w_5s._.js:1945
[    7769ms] [ERROR] ./components/crypto/CryptoDetailHeader.tsx:6:1
Export Github doesn't exist in target module
  4 | import { formatCryptoPrice } from '@/lib/cryptoUtils';
  5 | import { Skeleton } from '@/components/ui/skeleton';
> 6 | import { TrendingUp, TrendingDown, Globe, MessageSquare, Github } from 'lucide-react';
    | ^^^^^^^^^^^^^^^^^^^^^^^^^^^^^^^^^^^^^^^^^^^^^^^^^^^^^^^^^^^^^^^^^^^^^^^^^^^^^^^^^^^^^^
  7 |
  8 | interface CryptoDetailHeaderProps {
  9 |   id: string;

The export Github was not found in module [project]/node_modules/lucide-react/dist/esm/lucide-react.mjs [app-ssr] (ecmascript).
Did you mean to import Gift?
All exports of the module are statically known (It doesn't have dynamic exports). So it's known statically that the requested export doesn't exist.

Import traces:
  Client Component Browser:
    ./components/crypto/CryptoDetailHeader.tsx [Client Component Browser]
    ./app/(main)/crypto/[id]/page.tsx [Client Component Browser]
    ./app/(main)/crypto/[id]/page.tsx [Server Component]

  Client Component SSR:
    ./components/crypto/CryptoDetailHeader.tsx [Client Component SSR]
    ./app/(main)/crypto/[id]/page.tsx [Client Component SSR]
    ./app/(main)/crypto/[id]/page.tsx [Server Component] @ http://localhost:3000/_next/static/chunks/node_modules_next_dist_0u_w_5s._.js:1945
[    7829ms] [ERROR] ./components/crypto/CryptoDetailHeader.tsx:6:1
Export Github doesn't exist in target module
  4 | import { formatCryptoPrice } from '@/lib/cryptoUtils';
  5 | import { Skeleton } from '@/components/ui/skeleton';
> 6 | import { TrendingUp, TrendingDown, Globe, MessageSquare, Github } from 'lucide-react';
    | ^^^^^^^^^^^^^^^^^^^^^^^^^^^^^^^^^^^^^^^^^^^^^^^^^^^^^^^^^^^^^^^^^^^^^^^^^^^^^^^^^^^^^^
  7 |
  8 | interface CryptoDetailHeaderProps {
  9 |   id: string;

The export Github was not found in module [project]/node_modules/lucide-react/dist/esm/lucide-react.mjs [app-client] (ecmascript).
Did you mean to import Gift?
All exports of the module are statically known (It doesn't have dynamic exports). So it's known statically that the requested export doesn't exist.

Import traces:
  Client Component Browser:
    ./components/crypto/CryptoDetailHeader.tsx [Client Component Browser]
    ./app/(main)/crypto/[id]/page.tsx [Client Component Browser]
    ./app/(main)/crypto/[id]/page.tsx [Server Component]

  Client Component SSR:
    ./components/crypto/CryptoDetailHeader.tsx [Client Component SSR]
    ./app/(main)/crypto/[id]/page.tsx [Client Component SSR]
    ./app/(main)/crypto/[id]/page.tsx [Server Component] @ http://localhost:3000/_next/static/chunks/node_modules_next_dist_0u_w_5s._.js:1945
[    7829ms] [ERROR] ./components/crypto/CryptoDetailHeader.tsx:6:1
Export Github doesn't exist in target module
  4 | import { formatCryptoPrice } from '@/lib/cryptoUtils';
  5 | import { Skeleton } from '@/components/ui/skeleton';
> 6 | import { TrendingUp, TrendingDown, Globe, MessageSquare, Github } from 'lucide-react';
    | ^^^^^^^^^^^^^^^^^^^^^^^^^^^^^^^^^^^^^^^^^^^^^^^^^^^^^^^^^^^^^^^^^^^^^^^^^^^^^^^^^^^^^^
  7 |
  8 | interface CryptoDetailHeaderProps {
  9 |   id: string;

The export Github was not found in module [project]/node_modules/lucide-react/dist/esm/lucide-react.mjs [app-ssr] (ecmascript).
Did you mean to import Gift?
All exports of the module are statically known (It doesn't have dynamic exports). So it's known statically that the requested export doesn't exist.

Import traces:
  Client Component Browser:
    ./components/crypto/CryptoDetailHeader.tsx [Client Component Browser]
    ./app/(main)/crypto/[id]/page.tsx [Client Component Browser]
    ./app/(main)/crypto/[id]/page.tsx [Server Component]

  Client Component SSR:
    ./components/crypto/CryptoDetailHeader.tsx [Client Component SSR]
    ./app/(main)/crypto/[id]/page.tsx [Client Component SSR]
    ./app/(main)/crypto/[id]/page.tsx [Server Component] @ http://localhost:3000/_next/static/chunks/node_modules_next_dist_0u_w_5s._.js:1945
[    7889ms] [ERROR] ./components/crypto/CryptoDetailHeader.tsx:6:1
Export Github doesn't exist in target module
  4 | import { formatCryptoPrice } from '@/lib/cryptoUtils';
  5 | import { Skeleton } from '@/components/ui/skeleton';
> 6 | import { TrendingUp, TrendingDown, Globe, MessageSquare, Github } from 'lucide-react';
    | ^^^^^^^^^^^^^^^^^^^^^^^^^^^^^^^^^^^^^^^^^^^^^^^^^^^^^^^^^^^^^^^^^^^^^^^^^^^^^^^^^^^^^^
  7 |
  8 | interface CryptoDetailHeaderProps {
  9 |   id: string;

The export Github was not found in module [project]/node_modules/lucide-react/dist/esm/lucide-react.mjs [app-client] (ecmascript).
Did you mean to import Gift?
All exports of the module are statically known (It doesn't have dynamic exports). So it's known statically that the requested export doesn't exist.

Import traces:
  Client Component Browser:
    ./components/crypto/CryptoDetailHeader.tsx [Client Component Browser]
    ./app/(main)/crypto/[id]/page.tsx [Client Component Browser]
    ./app/(main)/crypto/[id]/page.tsx [Server Component]

  Client Component SSR:
    ./components/crypto/CryptoDetailHeader.tsx [Client Component SSR]
    ./app/(main)/crypto/[id]/page.tsx [Client Component SSR]
    ./app/(main)/crypto/[id]/page.tsx [Server Component] @ http://localhost:3000/_next/static/chunks/node_modules_next_dist_0u_w_5s._.js:1945
[    7889ms] [ERROR] ./components/crypto/CryptoDetailHeader.tsx:6:1
Export Github doesn't exist in target module
  4 | import { formatCryptoPrice } from '@/lib/cryptoUtils';
  5 | import { Skeleton } from '@/components/ui/skeleton';
> 6 | import { TrendingUp, TrendingDown, Globe, MessageSquare, Github } from 'lucide-react';
    | ^^^^^^^^^^^^^^^^^^^^^^^^^^^^^^^^^^^^^^^^^^^^^^^^^^^^^^^^^^^^^^^^^^^^^^^^^^^^^^^^^^^^^^
  7 |
  8 | interface CryptoDetailHeaderProps {
  9 |   id: string;

The export Github was not found in module [project]/node_modules/lucide-react/dist/esm/lucide-react.mjs [app-ssr] (ecmascript).
Did you mean to import Gift?
All exports of the module are statically known (It doesn't have dynamic exports). So it's known statically that the requested export doesn't exist.

Import traces:
  Client Component Browser:
    ./components/crypto/CryptoDetailHeader.tsx [Client Component Browser]
    ./app/(main)/crypto/[id]/page.tsx [Client Component Browser]
    ./app/(main)/crypto/[id]/page.tsx [Server Component]

  Client Component SSR:
    ./components/crypto/CryptoDetailHeader.tsx [Client Component SSR]
    ./app/(main)/crypto/[id]/page.tsx [Client Component SSR]
    ./app/(main)/crypto/[id]/page.tsx [Server Component] @ http://localhost:3000/_next/static/chunks/node_modules_next_dist_0u_w_5s._.js:1945
[    7945ms] [LOG] [Fast Refresh] rebuilding @ http://localhost:3000/_next/static/chunks/node_modules_next_dist_0u_w_5s._.js:1226
[    7955ms] [ERROR] ./components/crypto/CryptoDetailHeader.tsx:6:1
Export Github doesn't exist in target module
  4 | import { formatCryptoPrice } from '@/lib/cryptoUtils';
  5 | import { Skeleton } from '@/components/ui/skeleton';
> 6 | import { TrendingUp, TrendingDown, Globe, MessageSquare, Github } from 'lucide-react';
    | ^^^^^^^^^^^^^^^^^^^^^^^^^^^^^^^^^^^^^^^^^^^^^^^^^^^^^^^^^^^^^^^^^^^^^^^^^^^^^^^^^^^^^^
  7 |
  8 | interface CryptoDetailHeaderProps {
  9 |   id: string;

The export Github was not found in module [project]/node_modules/lucide-react/dist/esm/lucide-react.mjs [app-client] (ecmascript).
Did you mean to import Gift?
All exports of the module are statically known (It doesn't have dynamic exports). So it's known statically that the requested export doesn't exist.

Import traces:
  Client Component Browser:
    ./components/crypto/CryptoDetailHeader.tsx [Client Component Browser]
    ./app/(main)/crypto/[id]/page.tsx [Client Component Browser]
    ./app/(main)/crypto/[id]/page.tsx [Server Component]

  Client Component SSR:
    ./components/crypto/CryptoDetailHeader.tsx [Client Component SSR]
    ./app/(main)/crypto/[id]/page.tsx [Client Component SSR]
    ./app/(main)/crypto/[id]/page.tsx [Server Component] @ http://localhost:3000/_next/static/chunks/node_modules_next_dist_0u_w_5s._.js:1945
[    7956ms] [ERROR] ./components/crypto/CryptoDetailHeader.tsx:6:1
Export Github doesn't exist in target module
  4 | import { formatCryptoPrice } from '@/lib/cryptoUtils';
  5 | import { Skeleton } from '@/components/ui/skeleton';
> 6 | import { TrendingUp, TrendingDown, Globe, MessageSquare, Github } from 'lucide-react';
    | ^^^^^^^^^^^^^^^^^^^^^^^^^^^^^^^^^^^^^^^^^^^^^^^^^^^^^^^^^^^^^^^^^^^^^^^^^^^^^^^^^^^^^^
  7 |
  8 | interface CryptoDetailHeaderProps {
  9 |   id: string;

The export Github was not found in module [project]/node_modules/lucide-react/dist/esm/lucide-react.mjs [app-ssr] (ecmascript).
Did you mean to import Gift?
All exports of the module are statically known (It doesn't have dynamic exports). So it's known statically that the requested export doesn't exist.

Import traces:
  Client Component Browser:
    ./components/crypto/CryptoDetailHeader.tsx [Client Component Browser]
    ./app/(main)/crypto/[id]/page.tsx [Client Component Browser]
    ./app/(main)/crypto/[id]/page.tsx [Server Component]

  Client Component SSR:
    ./components/crypto/CryptoDetailHeader.tsx [Client Component SSR]
    ./app/(main)/crypto/[id]/page.tsx [Client Component SSR]
    ./app/(main)/crypto/[id]/page.tsx [Server Component] @ http://localhost:3000/_next/static/chunks/node_modules_next_dist_0u_w_5s._.js:1945
[    8042ms] [ERROR] ./components/crypto/CryptoDetailHeader.tsx:6:1
Export Github doesn't exist in target module
  4 | import { formatCryptoPrice } from '@/lib/cryptoUtils';
  5 | import { Skeleton } from '@/components/ui/skeleton';
> 6 | import { TrendingUp, TrendingDown, Globe, MessageSquare, Github } from 'lucide-react';
    | ^^^^^^^^^^^^^^^^^^^^^^^^^^^^^^^^^^^^^^^^^^^^^^^^^^^^^^^^^^^^^^^^^^^^^^^^^^^^^^^^^^^^^^
  7 |
  8 | interface CryptoDetailHeaderProps {
  9 |   id: string;

The export Github was not found in module [project]/node_modules/lucide-react/dist/esm/lucide-react.mjs [app-client] (ecmascript).
Did you mean to import Gift?
All exports of the module are statically known (It doesn't have dynamic exports). So it's known statically that the requested export doesn't exist.

Import traces:
  Client Component Browser:
    ./components/crypto/CryptoDetailHeader.tsx [Client Component Browser]
    ./app/(main)/crypto/[id]/page.tsx [Client Component Browser]
    ./app/(main)/crypto/[id]/page.tsx [Server Component]

  Client Component SSR:
    ./components/crypto/CryptoDetailHeader.tsx [Client Component SSR]
    ./app/(main)/crypto/[id]/page.tsx [Client Component SSR]
    ./app/(main)/crypto/[id]/page.tsx [Server Component] @ http://localhost:3000/_next/static/chunks/node_modules_next_dist_0u_w_5s._.js:1945
[    8042ms] [ERROR] ./components/crypto/CryptoDetailHeader.tsx:6:1
Export Github doesn't exist in target module
  4 | import { formatCryptoPrice } from '@/lib/cryptoUtils';
  5 | import { Skeleton } from '@/components/ui/skeleton';
> 6 | import { TrendingUp, TrendingDown, Globe, MessageSquare, Github } from 'lucide-react';
    | ^^^^^^^^^^^^^^^^^^^^^^^^^^^^^^^^^^^^^^^^^^^^^^^^^^^^^^^^^^^^^^^^^^^^^^^^^^^^^^^^^^^^^^
  7 |
  8 | interface CryptoDetailHeaderProps {
  9 |   id: string;

The export Github was not found in module [project]/node_modules/lucide-react/dist/esm/lucide-react.mjs [app-ssr] (ecmascript).
Did you mean to import Gift?
All exports of the module are statically known (It doesn't have dynamic exports). So it's known statically that the requested export doesn't exist.

Import traces:
  Client Component Browser:
    ./components/crypto/CryptoDetailHeader.tsx [Client Component Browser]
    ./app/(main)/crypto/[id]/page.tsx [Client Component Browser]
    ./app/(main)/crypto/[id]/page.tsx [Server Component]

  Client Component SSR:
    ./components/crypto/CryptoDetailHeader.tsx [Client Component SSR]
    ./app/(main)/crypto/[id]/page.tsx [Client Component SSR]
    ./app/(main)/crypto/[id]/page.tsx [Server Component] @ http://localhost:3000/_next/static/chunks/node_modules_next_dist_0u_w_5s._.js:1945
[    8115ms] [ERROR] ./components/crypto/CryptoDetailHeader.tsx:6:1
Export Github doesn't exist in target module
  4 | import { formatCryptoPrice } from '@/lib/cryptoUtils';
  5 | import { Skeleton } from '@/components/ui/skeleton';
> 6 | import { TrendingUp, TrendingDown, Globe, MessageSquare, Github } from 'lucide-react';
    | ^^^^^^^^^^^^^^^^^^^^^^^^^^^^^^^^^^^^^^^^^^^^^^^^^^^^^^^^^^^^^^^^^^^^^^^^^^^^^^^^^^^^^^
  7 |
  8 | interface CryptoDetailHeaderProps {
  9 |   id: string;

The export Github was not found in module [project]/node_modules/lucide-react/dist/esm/lucide-react.mjs [app-client] (ecmascript).
Did you mean to import Gift?
All exports of the module are statically known (It doesn't have dynamic exports). So it's known statically that the requested export doesn't exist.

Import traces:
  Client Component Browser:
    ./components/crypto/CryptoDetailHeader.tsx [Client Component Browser]
    ./app/(main)/crypto/[id]/page.tsx [Client Component Browser]
    ./app/(main)/crypto/[id]/page.tsx [Server Component]

  Client Component SSR:
    ./components/crypto/CryptoDetailHeader.tsx [Client Component SSR]
    ./app/(main)/crypto/[id]/page.tsx [Client Component SSR]
    ./app/(main)/crypto/[id]/page.tsx [Server Component] @ http://localhost:3000/_next/static/chunks/node_modules_next_dist_0u_w_5s._.js:1945
[    8115ms] [ERROR] ./components/crypto/CryptoDetailHeader.tsx:6:1
Export Github doesn't exist in target module
  4 | import { formatCryptoPrice } from '@/lib/cryptoUtils';
  5 | import { Skeleton } from '@/components/ui/skeleton';
> 6 | import { TrendingUp, TrendingDown, Globe, MessageSquare, Github } from 'lucide-react';
    | ^^^^^^^^^^^^^^^^^^^^^^^^^^^^^^^^^^^^^^^^^^^^^^^^^^^^^^^^^^^^^^^^^^^^^^^^^^^^^^^^^^^^^^
  7 |
  8 | interface CryptoDetailHeaderProps {
  9 |   id: string;

The export Github was not found in module [project]/node_modules/lucide-react/dist/esm/lucide-react.mjs [app-ssr] (ecmascript).
Did you mean to import Gift?
All exports of the module are statically known (It doesn't have dynamic exports). So it's known statically that the requested export doesn't exist.

Import traces:
  Client Component Browser:
    ./components/crypto/CryptoDetailHeader.tsx [Client Component Browser]
    ./app/(main)/crypto/[id]/page.tsx [Client Component Browser]
    ./app/(main)/crypto/[id]/page.tsx [Server Component]

  Client Component SSR:
    ./components/crypto/CryptoDetailHeader.tsx [Client Component SSR]
    ./app/(main)/crypto/[id]/page.tsx [Client Component SSR]
    ./app/(main)/crypto/[id]/page.tsx [Server Component] @ http://localhost:3000/_next/static/chunks/node_modules_next_dist_0u_w_5s._.js:1945
[    8174ms] [ERROR] ./components/crypto/CryptoDetailHeader.tsx:6:1
Export Github doesn't exist in target module
  4 | import { formatCryptoPrice } from '@/lib/cryptoUtils';
  5 | import { Skeleton } from '@/components/ui/skeleton';
> 6 | import { TrendingUp, TrendingDown, Globe, MessageSquare, Github } from 'lucide-react';
    | ^^^^^^^^^^^^^^^^^^^^^^^^^^^^^^^^^^^^^^^^^^^^^^^^^^^^^^^^^^^^^^^^^^^^^^^^^^^^^^^^^^^^^^
  7 |
  8 | interface CryptoDetailHeaderProps {
  9 |   id: string;

The export Github was not found in module [project]/node_modules/lucide-react/dist/esm/lucide-react.mjs [app-client] (ecmascript).
Did you mean to import Gift?
All exports of the module are statically known (It doesn't have dynamic exports). So it's known statically that the requested export doesn't exist.

Import traces:
  Client Component Browser:
    ./components/crypto/CryptoDetailHeader.tsx [Client Component Browser]
    ./app/(main)/crypto/[id]/page.tsx [Client Component Browser]
    ./app/(main)/crypto/[id]/page.tsx [Server Component]

  Client Component SSR:
    ./components/crypto/CryptoDetailHeader.tsx [Client Component SSR]
    ./app/(main)/crypto/[id]/page.tsx [Client Component SSR]
    ./app/(main)/crypto/[id]/page.tsx [Server Component] @ http://localhost:3000/_next/static/chunks/node_modules_next_dist_0u_w_5s._.js:1945
[    8175ms] [ERROR] ./components/crypto/CryptoDetailHeader.tsx:6:1
Export Github doesn't exist in target module
  4 | import { formatCryptoPrice } from '@/lib/cryptoUtils';
  5 | import { Skeleton } from '@/components/ui/skeleton';
> 6 | import { TrendingUp, TrendingDown, Globe, MessageSquare, Github } from 'lucide-react';
    | ^^^^^^^^^^^^^^^^^^^^^^^^^^^^^^^^^^^^^^^^^^^^^^^^^^^^^^^^^^^^^^^^^^^^^^^^^^^^^^^^^^^^^^
  7 |
  8 | interface CryptoDetailHeaderProps {
  9 |   id: string;

The export Github was not found in module [project]/node_modules/lucide-react/dist/esm/lucide-react.mjs [app-ssr] (ecmascript).
Did you mean to import Gift?
All exports of the module are statically known (It doesn't have dynamic exports). So it's known statically that the requested export doesn't exist.

Import traces:
  Client Component Browser:
    ./components/crypto/CryptoDetailHeader.tsx [Client Component Browser]
    ./app/(main)/crypto/[id]/page.tsx [Client Component Browser]
    ./app/(main)/crypto/[id]/page.tsx [Server Component]

  Client Component SSR:
    ./components/crypto/CryptoDetailHeader.tsx [Client Component SSR]
    ./app/(main)/crypto/[id]/page.tsx [Client Component SSR]
    ./app/(main)/crypto/[id]/page.tsx [Server Component] @ http://localhost:3000/_next/static/chunks/node_modules_next_dist_0u_w_5s._.js:1945
[    8235ms] [ERROR] ./components/crypto/CryptoDetailHeader.tsx:6:1
Export Github doesn't exist in target module
  4 | import { formatCryptoPrice } from '@/lib/cryptoUtils';
  5 | import { Skeleton } from '@/components/ui/skeleton';
> 6 | import { TrendingUp, TrendingDown, Globe, MessageSquare, Github } from 'lucide-react';
    | ^^^^^^^^^^^^^^^^^^^^^^^^^^^^^^^^^^^^^^^^^^^^^^^^^^^^^^^^^^^^^^^^^^^^^^^^^^^^^^^^^^^^^^
  7 |
  8 | interface CryptoDetailHeaderProps {
  9 |   id: string;

The export Github was not found in module [project]/node_modules/lucide-react/dist/esm/lucide-react.mjs [app-client] (ecmascript).
Did you mean to import Gift?
All exports of the module are statically known (It doesn't have dynamic exports). So it's known statically that the requested export doesn't exist.

Import traces:
  Client Component Browser:
    ./components/crypto/CryptoDetailHeader.tsx [Client Component Browser]
    ./app/(main)/crypto/[id]/page.tsx [Client Component Browser]
    ./app/(main)/crypto/[id]/page.tsx [Server Component]

  Client Component SSR:
    ./components/crypto/CryptoDetailHeader.tsx [Client Component SSR]
    ./app/(main)/crypto/[id]/page.tsx [Client Component SSR]
    ./app/(main)/crypto/[id]/page.tsx [Server Component] @ http://localhost:3000/_next/static/chunks/node_modules_next_dist_0u_w_5s._.js:1945
[    8235ms] [ERROR] ./components/crypto/CryptoDetailHeader.tsx:6:1
Export Github doesn't exist in target module
  4 | import { formatCryptoPrice } from '@/lib/cryptoUtils';
  5 | import { Skeleton } from '@/components/ui/skeleton';
> 6 | import { TrendingUp, TrendingDown, Globe, MessageSquare, Github } from 'lucide-react';
    | ^^^^^^^^^^^^^^^^^^^^^^^^^^^^^^^^^^^^^^^^^^^^^^^^^^^^^^^^^^^^^^^^^^^^^^^^^^^^^^^^^^^^^^
  7 |
  8 | interface CryptoDetailHeaderProps {
  9 |   id: string;

The export Github was not found in module [project]/node_modules/lucide-react/dist/esm/lucide-react.mjs [app-ssr] (ecmascript).
Did you mean to import Gift?
All exports of the module are statically known (It doesn't have dynamic exports). So it's known statically that the requested export doesn't exist.

Import traces:
  Client Component Browser:
    ./components/crypto/CryptoDetailHeader.tsx [Client Component Browser]
    ./app/(main)/crypto/[id]/page.tsx [Client Component Browser]
    ./app/(main)/crypto/[id]/page.tsx [Server Component]

  Client Component SSR:
    ./components/crypto/CryptoDetailHeader.tsx [Client Component SSR]
    ./app/(main)/crypto/[id]/page.tsx [Client Component SSR]
    ./app/(main)/crypto/[id]/page.tsx [Server Component] @ http://localhost:3000/_next/static/chunks/node_modules_next_dist_0u_w_5s._.js:1945
[    8295ms] [ERROR] ./components/crypto/CryptoDetailHeader.tsx:6:1
Export Github doesn't exist in target module
  4 | import { formatCryptoPrice } from '@/lib/cryptoUtils';
  5 | import { Skeleton } from '@/components/ui/skeleton';
> 6 | import { TrendingUp, TrendingDown, Globe, MessageSquare, Github } from 'lucide-react';
    | ^^^^^^^^^^^^^^^^^^^^^^^^^^^^^^^^^^^^^^^^^^^^^^^^^^^^^^^^^^^^^^^^^^^^^^^^^^^^^^^^^^^^^^
  7 |
  8 | interface CryptoDetailHeaderProps {
  9 |   id: string;

The export Github was not found in module [project]/node_modules/lucide-react/dist/esm/lucide-react.mjs [app-client] (ecmascript).
Did you mean to import Gift?
All exports of the module are statically known (It doesn't have dynamic exports). So it's known statically that the requested export doesn't exist.

Import traces:
  Client Component Browser:
    ./components/crypto/CryptoDetailHeader.tsx [Client Component Browser]
    ./app/(main)/crypto/[id]/page.tsx [Client Component Browser]
    ./app/(main)/crypto/[id]/page.tsx [Server Component]

  Client Component SSR:
    ./components/crypto/CryptoDetailHeader.tsx [Client Component SSR]
    ./app/(main)/crypto/[id]/page.tsx [Client Component SSR]
    ./app/(main)/crypto/[id]/page.tsx [Server Component] @ http://localhost:3000/_next/static/chunks/node_modules_next_dist_0u_w_5s._.js:1945
[    8295ms] [ERROR] ./components/crypto/CryptoDetailHeader.tsx:6:1
Export Github doesn't exist in target module
  4 | import { formatCryptoPrice } from '@/lib/cryptoUtils';
  5 | import { Skeleton } from '@/components/ui/skeleton';
> 6 | import { TrendingUp, TrendingDown, Globe, MessageSquare, Github } from 'lucide-react';
    | ^^^^^^^^^^^^^^^^^^^^^^^^^^^^^^^^^^^^^^^^^^^^^^^^^^^^^^^^^^^^^^^^^^^^^^^^^^^^^^^^^^^^^^
  7 |
  8 | interface CryptoDetailHeaderProps {
  9 |   id: string;

The export Github was not found in module [project]/node_modules/lucide-react/dist/esm/lucide-react.mjs [app-ssr] (ecmascript).
Did you mean to import Gift?
All exports of the module are statically known (It doesn't have dynamic exports). So it's known statically that the requested export doesn't exist.

Import traces:
  Client Component Browser:
    ./components/crypto/CryptoDetailHeader.tsx [Client Component Browser]
    ./app/(main)/crypto/[id]/page.tsx [Client Component Browser]
    ./app/(main)/crypto/[id]/page.tsx [Server Component]

  Client Component SSR:
    ./components/crypto/CryptoDetailHeader.tsx [Client Component SSR]
    ./app/(main)/crypto/[id]/page.tsx [Client Component SSR]
    ./app/(main)/crypto/[id]/page.tsx [Server Component] @ http://localhost:3000/_next/static/chunks/node_modules_next_dist_0u_w_5s._.js:1945
[    8355ms] [ERROR] ./components/crypto/CryptoDetailHeader.tsx:6:1
Export Github doesn't exist in target module
  4 | import { formatCryptoPrice } from '@/lib/cryptoUtils';
  5 | import { Skeleton } from '@/components/ui/skeleton';
> 6 | import { TrendingUp, TrendingDown, Globe, MessageSquare, Github } from 'lucide-react';
    | ^^^^^^^^^^^^^^^^^^^^^^^^^^^^^^^^^^^^^^^^^^^^^^^^^^^^^^^^^^^^^^^^^^^^^^^^^^^^^^^^^^^^^^
  7 |
  8 | interface CryptoDetailHeaderProps {
  9 |   id: string;

The export Github was not found in module [project]/node_modules/lucide-react/dist/esm/lucide-react.mjs [app-client] (ecmascript).
Did you mean to import Gift?
All exports of the module are statically known (It doesn't have dynamic exports). So it's known statically that the requested export doesn't exist.

Import traces:
  Client Component Browser:
    ./components/crypto/CryptoDetailHeader.tsx [Client Component Browser]
    ./app/(main)/crypto/[id]/page.tsx [Client Component Browser]
    ./app/(main)/crypto/[id]/page.tsx [Server Component]

  Client Component SSR:
    ./components/crypto/CryptoDetailHeader.tsx [Client Component SSR]
    ./app/(main)/crypto/[id]/page.tsx [Client Component SSR]
    ./app/(main)/crypto/[id]/page.tsx [Server Component] @ http://localhost:3000/_next/static/chunks/node_modules_next_dist_0u_w_5s._.js:1945
[    8355ms] [ERROR] ./components/crypto/CryptoDetailHeader.tsx:6:1
Export Github doesn't exist in target module
  4 | import { formatCryptoPrice } from '@/lib/cryptoUtils';
  5 | import { Skeleton } from '@/components/ui/skeleton';
> 6 | import { TrendingUp, TrendingDown, Globe, MessageSquare, Github } from 'lucide-react';
    | ^^^^^^^^^^^^^^^^^^^^^^^^^^^^^^^^^^^^^^^^^^^^^^^^^^^^^^^^^^^^^^^^^^^^^^^^^^^^^^^^^^^^^^
  7 |
  8 | interface CryptoDetailHeaderProps {
  9 |   id: string;

The export Github was not found in module [project]/node_modules/lucide-react/dist/esm/lucide-react.mjs [app-ssr] (ecmascript).
Did you mean to import Gift?
All exports of the module are statically known (It doesn't have dynamic exports). So it's known statically that the requested export doesn't exist.

Import traces:
  Client Component Browser:
    ./components/crypto/CryptoDetailHeader.tsx [Client Component Browser]
    ./app/(main)/crypto/[id]/page.tsx [Client Component Browser]
    ./app/(main)/crypto/[id]/page.tsx [Server Component]

  Client Component SSR:
    ./components/crypto/CryptoDetailHeader.tsx [Client Component SSR]
    ./app/(main)/crypto/[id]/page.tsx [Client Component SSR]
    ./app/(main)/crypto/[id]/page.tsx [Server Component] @ http://localhost:3000/_next/static/chunks/node_modules_next_dist_0u_w_5s._.js:1945
[    8415ms] [ERROR] ./components/crypto/CryptoDetailHeader.tsx:6:1
Export Github doesn't exist in target module
  4 | import { formatCryptoPrice } from '@/lib/cryptoUtils';
  5 | import { Skeleton } from '@/components/ui/skeleton';
> 6 | import { TrendingUp, TrendingDown, Globe, MessageSquare, Github } from 'lucide-react';
    | ^^^^^^^^^^^^^^^^^^^^^^^^^^^^^^^^^^^^^^^^^^^^^^^^^^^^^^^^^^^^^^^^^^^^^^^^^^^^^^^^^^^^^^
  7 |
  8 | interface CryptoDetailHeaderProps {
  9 |   id: string;

The export Github was not found in module [project]/node_modules/lucide-react/dist/esm/lucide-react.mjs [app-client] (ecmascript).
Did you mean to import Gift?
All exports of the module are statically known (It doesn't have dynamic exports). So it's known statically that the requested export doesn't exist.

Import traces:
  Client Component Browser:
    ./components/crypto/CryptoDetailHeader.tsx [Client Component Browser]
    ./app/(main)/crypto/[id]/page.tsx [Client Component Browser]
    ./app/(main)/crypto/[id]/page.tsx [Server Component]

  Client Component SSR:
    ./components/crypto/CryptoDetailHeader.tsx [Client Component SSR]
    ./app/(main)/crypto/[id]/page.tsx [Client Component SSR]
    ./app/(main)/crypto/[id]/page.tsx [Server Component] @ http://localhost:3000/_next/static/chunks/node_modules_next_dist_0u_w_5s._.js:1945
[    8415ms] [ERROR] ./components/crypto/CryptoDetailHeader.tsx:6:1
Export Github doesn't exist in target module
  4 | import { formatCryptoPrice } from '@/lib/cryptoUtils';
  5 | import { Skeleton } from '@/components/ui/skeleton';
> 6 | import { TrendingUp, TrendingDown, Globe, MessageSquare, Github } from 'lucide-react';
    | ^^^^^^^^^^^^^^^^^^^^^^^^^^^^^^^^^^^^^^^^^^^^^^^^^^^^^^^^^^^^^^^^^^^^^^^^^^^^^^^^^^^^^^
  7 |
  8 | interface CryptoDetailHeaderProps {
  9 |   id: string;

The export Github was not found in module [project]/node_modules/lucide-react/dist/esm/lucide-react.mjs [app-ssr] (ecmascript).
Did you mean to import Gift?
All exports of the module are statically known (It doesn't have dynamic exports). So it's known statically that the requested export doesn't exist.

Import traces:
  Client Component Browser:
    ./components/crypto/CryptoDetailHeader.tsx [Client Component Browser]
    ./app/(main)/crypto/[id]/page.tsx [Client Component Browser]
    ./app/(main)/crypto/[id]/page.tsx [Server Component]

  Client Component SSR:
    ./components/crypto/CryptoDetailHeader.tsx [Client Component SSR]
    ./app/(main)/crypto/[id]/page.tsx [Client Component SSR]
    ./app/(main)/crypto/[id]/page.tsx [Server Component] @ http://localhost:3000/_next/static/chunks/node_modules_next_dist_0u_w_5s._.js:1945
[    8474ms] [ERROR] ./components/crypto/CryptoDetailHeader.tsx:6:1
Export Github doesn't exist in target module
  4 | import { formatCryptoPrice } from '@/lib/cryptoUtils';
  5 | import { Skeleton } from '@/components/ui/skeleton';
> 6 | import { TrendingUp, TrendingDown, Globe, MessageSquare, Github } from 'lucide-react';
    | ^^^^^^^^^^^^^^^^^^^^^^^^^^^^^^^^^^^^^^^^^^^^^^^^^^^^^^^^^^^^^^^^^^^^^^^^^^^^^^^^^^^^^^
  7 |
  8 | interface CryptoDetailHeaderProps {
  9 |   id: string;

The export Github was not found in module [project]/node_modules/lucide-react/dist/esm/lucide-react.mjs [app-client] (ecmascript).
Did you mean to import Gift?
All exports of the module are statically known (It doesn't have dynamic exports). So it's known statically that the requested export doesn't exist.

Import traces:
  Client Component Browser:
    ./components/crypto/CryptoDetailHeader.tsx [Client Component Browser]
    ./app/(main)/crypto/[id]/page.tsx [Client Component Browser]
    ./app/(main)/crypto/[id]/page.tsx [Server Component]

  Client Component SSR:
    ./components/crypto/CryptoDetailHeader.tsx [Client Component SSR]
    ./app/(main)/crypto/[id]/page.tsx [Client Component SSR]
    ./app/(main)/crypto/[id]/page.tsx [Server Component] @ http://localhost:3000/_next/static/chunks/node_modules_next_dist_0u_w_5s._.js:1945
[    8475ms] [ERROR] ./components/crypto/CryptoDetailHeader.tsx:6:1
Export Github doesn't exist in target module
  4 | import { formatCryptoPrice } from '@/lib/cryptoUtils';
  5 | import { Skeleton } from '@/components/ui/skeleton';
> 6 | import { TrendingUp, TrendingDown, Globe, MessageSquare, Github } from 'lucide-react';
    | ^^^^^^^^^^^^^^^^^^^^^^^^^^^^^^^^^^^^^^^^^^^^^^^^^^^^^^^^^^^^^^^^^^^^^^^^^^^^^^^^^^^^^^
  7 |
  8 | interface CryptoDetailHeaderProps {
  9 |   id: string;

The export Github was not found in module [project]/node_modules/lucide-react/dist/esm/lucide-react.mjs [app-ssr] (ecmascript).
Did you mean to import Gift?
All exports of the module are statically known (It doesn't have dynamic exports). So it's known statically that the requested export doesn't exist.

Import traces:
  Client Component Browser:
    ./components/crypto/CryptoDetailHeader.tsx [Client Component Browser]
    ./app/(main)/crypto/[id]/page.tsx [Client Component Browser]
    ./app/(main)/crypto/[id]/page.tsx [Server Component]

  Client Component SSR:
    ./components/crypto/CryptoDetailHeader.tsx [Client Component SSR]
    ./app/(main)/crypto/[id]/page.tsx [Client Component SSR]
    ./app/(main)/crypto/[id]/page.tsx [Server Component] @ http://localhost:3000/_next/static/chunks/node_modules_next_dist_0u_w_5s._.js:1945
[    8535ms] [ERROR] ./components/crypto/CryptoDetailHeader.tsx:6:1
Export Github doesn't exist in target module
  4 | import { formatCryptoPrice } from '@/lib/cryptoUtils';
  5 | import { Skeleton } from '@/components/ui/skeleton';
> 6 | import { TrendingUp, TrendingDown, Globe, MessageSquare, Github } from 'lucide-react';
    | ^^^^^^^^^^^^^^^^^^^^^^^^^^^^^^^^^^^^^^^^^^^^^^^^^^^^^^^^^^^^^^^^^^^^^^^^^^^^^^^^^^^^^^
  7 |
  8 | interface CryptoDetailHeaderProps {
  9 |   id: string;

The export Github was not found in module [project]/node_modules/lucide-react/dist/esm/lucide-react.mjs [app-client] (ecmascript).
Did you mean to import Gift?
All exports of the module are statically known (It doesn't have dynamic exports). So it's known statically that the requested export doesn't exist.

Import traces:
  Client Component Browser:
    ./components/crypto/CryptoDetailHeader.tsx [Client Component Browser]
    ./app/(main)/crypto/[id]/page.tsx [Client Component Browser]
    ./app/(main)/crypto/[id]/page.tsx [Server Component]

  Client Component SSR:
    ./components/crypto/CryptoDetailHeader.tsx [Client Component SSR]
    ./app/(main)/crypto/[id]/page.tsx [Client Component SSR]
    ./app/(main)/crypto/[id]/page.tsx [Server Component] @ http://localhost:3000/_next/static/chunks/node_modules_next_dist_0u_w_5s._.js:1945
[    8535ms] [ERROR] ./components/crypto/CryptoDetailHeader.tsx:6:1
Export Github doesn't exist in target module
  4 | import { formatCryptoPrice } from '@/lib/cryptoUtils';
  5 | import { Skeleton } from '@/components/ui/skeleton';
> 6 | import { TrendingUp, TrendingDown, Globe, MessageSquare, Github } from 'lucide-react';
    | ^^^^^^^^^^^^^^^^^^^^^^^^^^^^^^^^^^^^^^^^^^^^^^^^^^^^^^^^^^^^^^^^^^^^^^^^^^^^^^^^^^^^^^
  7 |
  8 | interface CryptoDetailHeaderProps {
  9 |   id: string;

The export Github was not found in module [project]/node_modules/lucide-react/dist/esm/lucide-react.mjs [app-ssr] (ecmascript).
Did you mean to import Gift?
All exports of the module are statically known (It doesn't have dynamic exports). So it's known statically that the requested export doesn't exist.

Import traces:
  Client Component Browser:
    ./components/crypto/CryptoDetailHeader.tsx [Client Component Browser]
    ./app/(main)/crypto/[id]/page.tsx [Client Component Browser]
    ./app/(main)/crypto/[id]/page.tsx [Server Component]

  Client Component SSR:
    ./components/crypto/CryptoDetailHeader.tsx [Client Component SSR]
    ./app/(main)/crypto/[id]/page.tsx [Client Component SSR]
    ./app/(main)/crypto/[id]/page.tsx [Server Component] @ http://localhost:3000/_next/static/chunks/node_modules_next_dist_0u_w_5s._.js:1945
[    8595ms] [ERROR] ./components/crypto/CryptoDetailHeader.tsx:6:1
Export Github doesn't exist in target module
  4 | import { formatCryptoPrice } from '@/lib/cryptoUtils';
  5 | import { Skeleton } from '@/components/ui/skeleton';
> 6 | import { TrendingUp, TrendingDown, Globe, MessageSquare, Github } from 'lucide-react';
    | ^^^^^^^^^^^^^^^^^^^^^^^^^^^^^^^^^^^^^^^^^^^^^^^^^^^^^^^^^^^^^^^^^^^^^^^^^^^^^^^^^^^^^^
  7 |
  8 | interface CryptoDetailHeaderProps {
  9 |   id: string;

The export Github was not found in module [project]/node_modules/lucide-react/dist/esm/lucide-react.mjs [app-client] (ecmascript).
Did you mean to import Gift?
All exports of the module are statically known (It doesn't have dynamic exports). So it's known statically that the requested export doesn't exist.

Import traces:
  Client Component Browser:
    ./components/crypto/CryptoDetailHeader.tsx [Client Component Browser]
    ./app/(main)/crypto/[id]/page.tsx [Client Component Browser]
    ./app/(main)/crypto/[id]/page.tsx [Server Component]

  Client Component SSR:
    ./components/crypto/CryptoDetailHeader.tsx [Client Component SSR]
    ./app/(main)/crypto/[id]/page.tsx [Client Component SSR]
    ./app/(main)/crypto/[id]/page.tsx [Server Component] @ http://localhost:3000/_next/static/chunks/node_modules_next_dist_0u_w_5s._.js:1945
[    8595ms] [ERROR] ./components/crypto/CryptoDetailHeader.tsx:6:1
Export Github doesn't exist in target module
  4 | import { formatCryptoPrice } from '@/lib/cryptoUtils';
  5 | import { Skeleton } from '@/components/ui/skeleton';
> 6 | import { TrendingUp, TrendingDown, Globe, MessageSquare, Github } from 'lucide-react';
    | ^^^^^^^^^^^^^^^^^^^^^^^^^^^^^^^^^^^^^^^^^^^^^^^^^^^^^^^^^^^^^^^^^^^^^^^^^^^^^^^^^^^^^^
  7 |
  8 | interface CryptoDetailHeaderProps {
  9 |   id: string;

The export Github was not found in module [project]/node_modules/lucide-react/dist/esm/lucide-react.mjs [app-ssr] (ecmascript).
Did you mean to import Gift?
All exports of the module are statically known (It doesn't have dynamic exports). So it's known statically that the requested export doesn't exist.

Import traces:
  Client Component Browser:
    ./components/crypto/CryptoDetailHeader.tsx [Client Component Browser]
    ./app/(main)/crypto/[id]/page.tsx [Client Component Browser]
    ./app/(main)/crypto/[id]/page.tsx [Server Component]

  Client Component SSR:
    ./components/crypto/CryptoDetailHeader.tsx [Client Component SSR]
    ./app/(main)/crypto/[id]/page.tsx [Client Component SSR]
    ./app/(main)/crypto/[id]/page.tsx [Server Component] @ http://localhost:3000/_next/static/chunks/node_modules_next_dist_0u_w_5s._.js:1945
[    8655ms] [ERROR] ./components/crypto/CryptoDetailHeader.tsx:6:1
Export Github doesn't exist in target module
  4 | import { formatCryptoPrice } from '@/lib/cryptoUtils';
  5 | import { Skeleton } from '@/components/ui/skeleton';
> 6 | import { TrendingUp, TrendingDown, Globe, MessageSquare, Github } from 'lucide-react';
    | ^^^^^^^^^^^^^^^^^^^^^^^^^^^^^^^^^^^^^^^^^^^^^^^^^^^^^^^^^^^^^^^^^^^^^^^^^^^^^^^^^^^^^^
  7 |
  8 | interface CryptoDetailHeaderProps {
  9 |   id: string;

The export Github was not found in module [project]/node_modules/lucide-react/dist/esm/lucide-react.mjs [app-client] (ecmascript).
Did you mean to import Gift?
All exports of the module are statically known (It doesn't have dynamic exports). So it's known statically that the requested export doesn't exist.

Import traces:
  Client Component Browser:
    ./components/crypto/CryptoDetailHeader.tsx [Client Component Browser]
    ./app/(main)/crypto/[id]/page.tsx [Client Component Browser]
    ./app/(main)/crypto/[id]/page.tsx [Server Component]

  Client Component SSR:
    ./components/crypto/CryptoDetailHeader.tsx [Client Component SSR]
    ./app/(main)/crypto/[id]/page.tsx [Client Component SSR]
    ./app/(main)/crypto/[id]/page.tsx [Server Component] @ http://localhost:3000/_next/static/chunks/node_modules_next_dist_0u_w_5s._.js:1945
[    8655ms] [ERROR] ./components/crypto/CryptoDetailHeader.tsx:6:1
Export Github doesn't exist in target module
  4 | import { formatCryptoPrice } from '@/lib/cryptoUtils';
  5 | import { Skeleton } from '@/components/ui/skeleton';
> 6 | import { TrendingUp, TrendingDown, Globe, MessageSquare, Github } from 'lucide-react';
    | ^^^^^^^^^^^^^^^^^^^^^^^^^^^^^^^^^^^^^^^^^^^^^^^^^^^^^^^^^^^^^^^^^^^^^^^^^^^^^^^^^^^^^^
  7 |
  8 | interface CryptoDetailHeaderProps {
  9 |   id: string;

The export Github was not found in module [project]/node_modules/lucide-react/dist/esm/lucide-react.mjs [app-ssr] (ecmascript).
Did you mean to import Gift?
All exports of the module are statically known (It doesn't have dynamic exports). So it's known statically that the requested export doesn't exist.

Import traces:
  Client Component Browser:
    ./components/crypto/CryptoDetailHeader.tsx [Client Component Browser]
    ./app/(main)/crypto/[id]/page.tsx [Client Component Browser]
    ./app/(main)/crypto/[id]/page.tsx [Server Component]

  Client Component SSR:
    ./components/crypto/CryptoDetailHeader.tsx [Client Component SSR]
    ./app/(main)/crypto/[id]/page.tsx [Client Component SSR]
    ./app/(main)/crypto/[id]/page.tsx [Server Component] @ http://localhost:3000/_next/static/chunks/node_modules_next_dist_0u_w_5s._.js:1945
[    8714ms] [ERROR] ./components/crypto/CryptoDetailHeader.tsx:6:1
Export Github doesn't exist in target module
  4 | import { formatCryptoPrice } from '@/lib/cryptoUtils';
  5 | import { Skeleton } from '@/components/ui/skeleton';
> 6 | import { TrendingUp, TrendingDown, Globe, MessageSquare, Github } from 'lucide-react';
    | ^^^^^^^^^^^^^^^^^^^^^^^^^^^^^^^^^^^^^^^^^^^^^^^^^^^^^^^^^^^^^^^^^^^^^^^^^^^^^^^^^^^^^^
  7 |
  8 | interface CryptoDetailHeaderProps {
  9 |   id: string;

The export Github was not found in module [project]/node_modules/lucide-react/dist/esm/lucide-react.mjs [app-client] (ecmascript).
Did you mean to import Gift?
All exports of the module are statically known (It doesn't have dynamic exports). So it's known statically that the requested export doesn't exist.

Import traces:
  Client Component Browser:
    ./components/crypto/CryptoDetailHeader.tsx [Client Component Browser]
    ./app/(main)/crypto/[id]/page.tsx [Client Component Browser]
    ./app/(main)/crypto/[id]/page.tsx [Server Component]

  Client Component SSR:
    ./components/crypto/CryptoDetailHeader.tsx [Client Component SSR]
    ./app/(main)/crypto/[id]/page.tsx [Client Component SSR]
    ./app/(main)/crypto/[id]/page.tsx [Server Component] @ http://localhost:3000/_next/static/chunks/node_modules_next_dist_0u_w_5s._.js:1945
[    8714ms] [ERROR] ./components/crypto/CryptoDetailHeader.tsx:6:1
Export Github doesn't exist in target module
  4 | import { formatCryptoPrice } from '@/lib/cryptoUtils';
  5 | import { Skeleton } from '@/components/ui/skeleton';
> 6 | import { TrendingUp, TrendingDown, Globe, MessageSquare, Github } from 'lucide-react';
    | ^^^^^^^^^^^^^^^^^^^^^^^^^^^^^^^^^^^^^^^^^^^^^^^^^^^^^^^^^^^^^^^^^^^^^^^^^^^^^^^^^^^^^^
  7 |
  8 | interface CryptoDetailHeaderProps {
  9 |   id: string;

The export Github was not found in module [project]/node_modules/lucide-react/dist/esm/lucide-react.mjs [app-ssr] (ecmascript).
Did you mean to import Gift?
All exports of the module are statically known (It doesn't have dynamic exports). So it's known statically that the requested export doesn't exist.

Import traces:
  Client Component Browser:
    ./components/crypto/CryptoDetailHeader.tsx [Client Component Browser]
    ./app/(main)/crypto/[id]/page.tsx [Client Component Browser]
    ./app/(main)/crypto/[id]/page.tsx [Server Component]

  Client Component SSR:
    ./components/crypto/CryptoDetailHeader.tsx [Client Component SSR]
    ./app/(main)/crypto/[id]/page.tsx [Client Component SSR]
    ./app/(main)/crypto/[id]/page.tsx [Server Component] @ http://localhost:3000/_next/static/chunks/node_modules_next_dist_0u_w_5s._.js:1945
[    8774ms] [ERROR] ./components/crypto/CryptoDetailHeader.tsx:6:1
Export Github doesn't exist in target module
  4 | import { formatCryptoPrice } from '@/lib/cryptoUtils';
  5 | import { Skeleton } from '@/components/ui/skeleton';
> 6 | import { TrendingUp, TrendingDown, Globe, MessageSquare, Github } from 'lucide-react';
    | ^^^^^^^^^^^^^^^^^^^^^^^^^^^^^^^^^^^^^^^^^^^^^^^^^^^^^^^^^^^^^^^^^^^^^^^^^^^^^^^^^^^^^^
  7 |
  8 | interface CryptoDetailHeaderProps {
  9 |   id: string;

The export Github was not found in module [project]/node_modules/lucide-react/dist/esm/lucide-react.mjs [app-client] (ecmascript).
Did you mean to import Gift?
All exports of the module are statically known (It doesn't have dynamic exports). So it's known statically that the requested export doesn't exist.

Import traces:
  Client Component Browser:
    ./components/crypto/CryptoDetailHeader.tsx [Client Component Browser]
    ./app/(main)/crypto/[id]/page.tsx [Client Component Browser]
    ./app/(main)/crypto/[id]/page.tsx [Server Component]

  Client Component SSR:
    ./components/crypto/CryptoDetailHeader.tsx [Client Component SSR]
    ./app/(main)/crypto/[id]/page.tsx [Client Component SSR]
    ./app/(main)/crypto/[id]/page.tsx [Server Component] @ http://localhost:3000/_next/static/chunks/node_modules_next_dist_0u_w_5s._.js:1945
[    8775ms] [ERROR] ./components/crypto/CryptoDetailHeader.tsx:6:1
Export Github doesn't exist in target module
  4 | import { formatCryptoPrice } from '@/lib/cryptoUtils';
  5 | import { Skeleton } from '@/components/ui/skeleton';
> 6 | import { TrendingUp, TrendingDown, Globe, MessageSquare, Github } from 'lucide-react';
    | ^^^^^^^^^^^^^^^^^^^^^^^^^^^^^^^^^^^^^^^^^^^^^^^^^^^^^^^^^^^^^^^^^^^^^^^^^^^^^^^^^^^^^^
  7 |
  8 | interface CryptoDetailHeaderProps {
  9 |   id: string;

The export Github was not found in module [project]/node_modules/lucide-react/dist/esm/lucide-react.mjs [app-ssr] (ecmascript).
Did you mean to import Gift?
All exports of the module are statically known (It doesn't have dynamic exports). So it's known statically that the requested export doesn't exist.

Import traces:
  Client Component Browser:
    ./components/crypto/CryptoDetailHeader.tsx [Client Component Browser]
    ./app/(main)/crypto/[id]/page.tsx [Client Component Browser]
    ./app/(main)/crypto/[id]/page.tsx [Server Component]

  Client Component SSR:
    ./components/crypto/CryptoDetailHeader.tsx [Client Component SSR]
    ./app/(main)/crypto/[id]/page.tsx [Client Component SSR]
    ./app/(main)/crypto/[id]/page.tsx [Server Component] @ http://localhost:3000/_next/static/chunks/node_modules_next_dist_0u_w_5s._.js:1945
[    8834ms] [ERROR] ./components/crypto/CryptoDetailHeader.tsx:6:1
Export Github doesn't exist in target module
  4 | import { formatCryptoPrice } from '@/lib/cryptoUtils';
  5 | import { Skeleton } from '@/components/ui/skeleton';
> 6 | import { TrendingUp, TrendingDown, Globe, MessageSquare, Github } from 'lucide-react';
    | ^^^^^^^^^^^^^^^^^^^^^^^^^^^^^^^^^^^^^^^^^^^^^^^^^^^^^^^^^^^^^^^^^^^^^^^^^^^^^^^^^^^^^^
  7 |
  8 | interface CryptoDetailHeaderProps {
  9 |   id: string;

The export Github was not found in module [project]/node_modules/lucide-react/dist/esm/lucide-react.mjs [app-client] (ecmascript).
Did you mean to import Gift?
All exports of the module are statically known (It doesn't have dynamic exports). So it's known statically that the requested export doesn't exist.

Import traces:
  Client Component Browser:
    ./components/crypto/CryptoDetailHeader.tsx [Client Component Browser]
    ./app/(main)/crypto/[id]/page.tsx [Client Component Browser]
    ./app/(main)/crypto/[id]/page.tsx [Server Component]

  Client Component SSR:
    ./components/crypto/CryptoDetailHeader.tsx [Client Component SSR]
    ./app/(main)/crypto/[id]/page.tsx [Client Component SSR]
    ./app/(main)/crypto/[id]/page.tsx [Server Component] @ http://localhost:3000/_next/static/chunks/node_modules_next_dist_0u_w_5s._.js:1945
[    8834ms] [ERROR] ./components/crypto/CryptoDetailHeader.tsx:6:1
Export Github doesn't exist in target module
  4 | import { formatCryptoPrice } from '@/lib/cryptoUtils';
  5 | import { Skeleton } from '@/components/ui/skeleton';
> 6 | import { TrendingUp, TrendingDown, Globe, MessageSquare, Github } from 'lucide-react';
    | ^^^^^^^^^^^^^^^^^^^^^^^^^^^^^^^^^^^^^^^^^^^^^^^^^^^^^^^^^^^^^^^^^^^^^^^^^^^^^^^^^^^^^^
  7 |
  8 | interface CryptoDetailHeaderProps {
  9 |   id: string;

The export Github was not found in module [project]/node_modules/lucide-react/dist/esm/lucide-react.mjs [app-ssr] (ecmascript).
Did you mean to import Gift?
All exports of the module are statically known (It doesn't have dynamic exports). So it's known statically that the requested export doesn't exist.

Import traces:
  Client Component Browser:
    ./components/crypto/CryptoDetailHeader.tsx [Client Component Browser]
    ./app/(main)/crypto/[id]/page.tsx [Client Component Browser]
    ./app/(main)/crypto/[id]/page.tsx [Server Component]

  Client Component SSR:
    ./components/crypto/CryptoDetailHeader.tsx [Client Component SSR]
    ./app/(main)/crypto/[id]/page.tsx [Client Component SSR]
    ./app/(main)/crypto/[id]/page.tsx [Server Component] @ http://localhost:3000/_next/static/chunks/node_modules_next_dist_0u_w_5s._.js:1945
[    8894ms] [ERROR] ./components/crypto/CryptoDetailHeader.tsx:6:1
Export Github doesn't exist in target module
  4 | import { formatCryptoPrice } from '@/lib/cryptoUtils';
  5 | import { Skeleton } from '@/components/ui/skeleton';
> 6 | import { TrendingUp, TrendingDown, Globe, MessageSquare, Github } from 'lucide-react';
    | ^^^^^^^^^^^^^^^^^^^^^^^^^^^^^^^^^^^^^^^^^^^^^^^^^^^^^^^^^^^^^^^^^^^^^^^^^^^^^^^^^^^^^^
  7 |
  8 | interface CryptoDetailHeaderProps {
  9 |   id: string;

The export Github was not found in module [project]/node_modules/lucide-react/dist/esm/lucide-react.mjs [app-client] (ecmascript).
Did you mean to import Gift?
All exports of the module are statically known (It doesn't have dynamic exports). So it's known statically that the requested export doesn't exist.

Import traces:
  Client Component Browser:
    ./components/crypto/CryptoDetailHeader.tsx [Client Component Browser]
    ./app/(main)/crypto/[id]/page.tsx [Client Component Browser]
    ./app/(main)/crypto/[id]/page.tsx [Server Component]

  Client Component SSR:
    ./components/crypto/CryptoDetailHeader.tsx [Client Component SSR]
    ./app/(main)/crypto/[id]/page.tsx [Client Component SSR]
    ./app/(main)/crypto/[id]/page.tsx [Server Component] @ http://localhost:3000/_next/static/chunks/node_modules_next_dist_0u_w_5s._.js:1945
[    8894ms] [ERROR] ./components/crypto/CryptoDetailHeader.tsx:6:1
Export Github doesn't exist in target module
  4 | import { formatCryptoPrice } from '@/lib/cryptoUtils';
  5 | import { Skeleton } from '@/components/ui/skeleton';
> 6 | import { TrendingUp, TrendingDown, Globe, MessageSquare, Github } from 'lucide-react';
    | ^^^^^^^^^^^^^^^^^^^^^^^^^^^^^^^^^^^^^^^^^^^^^^^^^^^^^^^^^^^^^^^^^^^^^^^^^^^^^^^^^^^^^^
  7 |
  8 | interface CryptoDetailHeaderProps {
  9 |   id: string;

The export Github was not found in module [project]/node_modules/lucide-react/dist/esm/lucide-react.mjs [app-ssr] (ecmascript).
Did you mean to import Gift?
All exports of the module are statically known (It doesn't have dynamic exports). So it's known statically that the requested export doesn't exist.

Import traces:
  Client Component Browser:
    ./components/crypto/CryptoDetailHeader.tsx [Client Component Browser]
    ./app/(main)/crypto/[id]/page.tsx [Client Component Browser]
    ./app/(main)/crypto/[id]/page.tsx [Server Component]

  Client Component SSR:
    ./components/crypto/CryptoDetailHeader.tsx [Client Component SSR]
    ./app/(main)/crypto/[id]/page.tsx [Client Component SSR]
    ./app/(main)/crypto/[id]/page.tsx [Server Component] @ http://localhost:3000/_next/static/chunks/node_modules_next_dist_0u_w_5s._.js:1945
[    8955ms] [ERROR] ./components/crypto/CryptoDetailHeader.tsx:6:1
Export Github doesn't exist in target module
  4 | import { formatCryptoPrice } from '@/lib/cryptoUtils';
  5 | import { Skeleton } from '@/components/ui/skeleton';
> 6 | import { TrendingUp, TrendingDown, Globe, MessageSquare, Github } from 'lucide-react';
    | ^^^^^^^^^^^^^^^^^^^^^^^^^^^^^^^^^^^^^^^^^^^^^^^^^^^^^^^^^^^^^^^^^^^^^^^^^^^^^^^^^^^^^^
  7 |
  8 | interface CryptoDetailHeaderProps {
  9 |   id: string;

The export Github was not found in module [project]/node_modules/lucide-react/dist/esm/lucide-react.mjs [app-client] (ecmascript).
Did you mean to import Gift?
All exports of the module are statically known (It doesn't have dynamic exports). So it's known statically that the requested export doesn't exist.

Import traces:
  Client Component Browser:
    ./components/crypto/CryptoDetailHeader.tsx [Client Component Browser]
    ./app/(main)/crypto/[id]/page.tsx [Client Component Browser]
    ./app/(main)/crypto/[id]/page.tsx [Server Component]

  Client Component SSR:
    ./components/crypto/CryptoDetailHeader.tsx [Client Component SSR]
    ./app/(main)/crypto/[id]/page.tsx [Client Component SSR]
    ./app/(main)/crypto/[id]/page.tsx [Server Component] @ http://localhost:3000/_next/static/chunks/node_modules_next_dist_0u_w_5s._.js:1945
[    8955ms] [ERROR] ./components/crypto/CryptoDetailHeader.tsx:6:1
Export Github doesn't exist in target module
  4 | import { formatCryptoPrice } from '@/lib/cryptoUtils';
  5 | import { Skeleton } from '@/components/ui/skeleton';
> 6 | import { TrendingUp, TrendingDown, Globe, MessageSquare, Github } from 'lucide-react';
    | ^^^^^^^^^^^^^^^^^^^^^^^^^^^^^^^^^^^^^^^^^^^^^^^^^^^^^^^^^^^^^^^^^^^^^^^^^^^^^^^^^^^^^^
  7 |
  8 | interface CryptoDetailHeaderProps {
  9 |   id: string;

The export Github was not found in module [project]/node_modules/lucide-react/dist/esm/lucide-react.mjs [app-ssr] (ecmascript).
Did you mean to import Gift?
All exports of the module are statically known (It doesn't have dynamic exports). So it's known statically that the requested export doesn't exist.

Import traces:
  Client Component Browser:
    ./components/crypto/CryptoDetailHeader.tsx [Client Component Browser]
    ./app/(main)/crypto/[id]/page.tsx [Client Component Browser]
    ./app/(main)/crypto/[id]/page.tsx [Server Component]

  Client Component SSR:
    ./components/crypto/CryptoDetailHeader.tsx [Client Component SSR]
    ./app/(main)/crypto/[id]/page.tsx [Client Component SSR]
    ./app/(main)/crypto/[id]/page.tsx [Server Component] @ http://localhost:3000/_next/static/chunks/node_modules_next_dist_0u_w_5s._.js:1945
[    9015ms] [ERROR] ./components/crypto/CryptoDetailHeader.tsx:6:1
Export Github doesn't exist in target module
  4 | import { formatCryptoPrice } from '@/lib/cryptoUtils';
  5 | import { Skeleton } from '@/components/ui/skeleton';
> 6 | import { TrendingUp, TrendingDown, Globe, MessageSquare, Github } from 'lucide-react';
    | ^^^^^^^^^^^^^^^^^^^^^^^^^^^^^^^^^^^^^^^^^^^^^^^^^^^^^^^^^^^^^^^^^^^^^^^^^^^^^^^^^^^^^^
  7 |
  8 | interface CryptoDetailHeaderProps {
  9 |   id: string;

The export Github was not found in module [project]/node_modules/lucide-react/dist/esm/lucide-react.mjs [app-client] (ecmascript).
Did you mean to import Gift?
All exports of the module are statically known (It doesn't have dynamic exports). So it's known statically that the requested export doesn't exist.

Import traces:
  Client Component Browser:
    ./components/crypto/CryptoDetailHeader.tsx [Client Component Browser]
    ./app/(main)/crypto/[id]/page.tsx [Client Component Browser]
    ./app/(main)/crypto/[id]/page.tsx [Server Component]

  Client Component SSR:
    ./components/crypto/CryptoDetailHeader.tsx [Client Component SSR]
    ./app/(main)/crypto/[id]/page.tsx [Client Component SSR]
    ./app/(main)/crypto/[id]/page.tsx [Server Component] @ http://localhost:3000/_next/static/chunks/node_modules_next_dist_0u_w_5s._.js:1945
[    9016ms] [ERROR] ./components/crypto/CryptoDetailHeader.tsx:6:1
Export Github doesn't exist in target module
  4 | import { formatCryptoPrice } from '@/lib/cryptoUtils';
  5 | import { Skeleton } from '@/components/ui/skeleton';
> 6 | import { TrendingUp, TrendingDown, Globe, MessageSquare, Github } from 'lucide-react';
    | ^^^^^^^^^^^^^^^^^^^^^^^^^^^^^^^^^^^^^^^^^^^^^^^^^^^^^^^^^^^^^^^^^^^^^^^^^^^^^^^^^^^^^^
  7 |
  8 | interface CryptoDetailHeaderProps {
  9 |   id: string;

The export Github was not found in module [project]/node_modules/lucide-react/dist/esm/lucide-react.mjs [app-ssr] (ecmascript).
Did you mean to import Gift?
All exports of the module are statically known (It doesn't have dynamic exports). So it's known statically that the requested export doesn't exist.

Import traces:
  Client Component Browser:
    ./components/crypto/CryptoDetailHeader.tsx [Client Component Browser]
    ./app/(main)/crypto/[id]/page.tsx [Client Component Browser]
    ./app/(main)/crypto/[id]/page.tsx [Server Component]

  Client Component SSR:
    ./components/crypto/CryptoDetailHeader.tsx [Client Component SSR]
    ./app/(main)/crypto/[id]/page.tsx [Client Component SSR]
    ./app/(main)/crypto/[id]/page.tsx [Server Component] @ http://localhost:3000/_next/static/chunks/node_modules_next_dist_0u_w_5s._.js:1945
[    9076ms] [ERROR] ./components/crypto/CryptoDetailHeader.tsx:6:1
Export Github doesn't exist in target module
  4 | import { formatCryptoPrice } from '@/lib/cryptoUtils';
  5 | import { Skeleton } from '@/components/ui/skeleton';
> 6 | import { TrendingUp, TrendingDown, Globe, MessageSquare, Github } from 'lucide-react';
    | ^^^^^^^^^^^^^^^^^^^^^^^^^^^^^^^^^^^^^^^^^^^^^^^^^^^^^^^^^^^^^^^^^^^^^^^^^^^^^^^^^^^^^^
  7 |
  8 | interface CryptoDetailHeaderProps {
  9 |   id: string;

The export Github was not found in module [project]/node_modules/lucide-react/dist/esm/lucide-react.mjs [app-client] (ecmascript).
Did you mean to import Gift?
All exports of the module are statically known (It doesn't have dynamic exports). So it's known statically that the requested export doesn't exist.

Import traces:
  Client Component Browser:
    ./components/crypto/CryptoDetailHeader.tsx [Client Component Browser]
    ./app/(main)/crypto/[id]/page.tsx [Client Component Browser]
    ./app/(main)/crypto/[id]/page.tsx [Server Component]

  Client Component SSR:
    ./components/crypto/CryptoDetailHeader.tsx [Client Component SSR]
    ./app/(main)/crypto/[id]/page.tsx [Client Component SSR]
    ./app/(main)/crypto/[id]/page.tsx [Server Component] @ http://localhost:3000/_next/static/chunks/node_modules_next_dist_0u_w_5s._.js:1945
[    9076ms] [ERROR] ./components/crypto/CryptoDetailHeader.tsx:6:1
Export Github doesn't exist in target module
  4 | import { formatCryptoPrice } from '@/lib/cryptoUtils';
  5 | import { Skeleton } from '@/components/ui/skeleton';
> 6 | import { TrendingUp, TrendingDown, Globe, MessageSquare, Github } from 'lucide-react';
    | ^^^^^^^^^^^^^^^^^^^^^^^^^^^^^^^^^^^^^^^^^^^^^^^^^^^^^^^^^^^^^^^^^^^^^^^^^^^^^^^^^^^^^^
  7 |
  8 | interface CryptoDetailHeaderProps {
  9 |   id: string;

The export Github was not found in module [project]/node_modules/lucide-react/dist/esm/lucide-react.mjs [app-ssr] (ecmascript).
Did you mean to import Gift?
All exports of the module are statically known (It doesn't have dynamic exports). So it's known statically that the requested export doesn't exist.

Import traces:
  Client Component Browser:
    ./components/crypto/CryptoDetailHeader.tsx [Client Component Browser]
    ./app/(main)/crypto/[id]/page.tsx [Client Component Browser]
    ./app/(main)/crypto/[id]/page.tsx [Server Component]

  Client Component SSR:
    ./components/crypto/CryptoDetailHeader.tsx [Client Component SSR]
    ./app/(main)/crypto/[id]/page.tsx [Client Component SSR]
    ./app/(main)/crypto/[id]/page.tsx [Server Component] @ http://localhost:3000/_next/static/chunks/node_modules_next_dist_0u_w_5s._.js:1945
[    9135ms] [ERROR] ./components/crypto/CryptoDetailHeader.tsx:6:1
Export Github doesn't exist in target module
  4 | import { formatCryptoPrice } from '@/lib/cryptoUtils';
  5 | import { Skeleton } from '@/components/ui/skeleton';
> 6 | import { TrendingUp, TrendingDown, Globe, MessageSquare, Github } from 'lucide-react';
    | ^^^^^^^^^^^^^^^^^^^^^^^^^^^^^^^^^^^^^^^^^^^^^^^^^^^^^^^^^^^^^^^^^^^^^^^^^^^^^^^^^^^^^^
  7 |
  8 | interface CryptoDetailHeaderProps {
  9 |   id: string;

The export Github was not found in module [project]/node_modules/lucide-react/dist/esm/lucide-react.mjs [app-client] (ecmascript).
Did you mean to import Gift?
All exports of the module are statically known (It doesn't have dynamic exports). So it's known statically that the requested export doesn't exist.

Import traces:
  Client Component Browser:
    ./components/crypto/CryptoDetailHeader.tsx [Client Component Browser]
    ./app/(main)/crypto/[id]/page.tsx [Client Component Browser]
    ./app/(main)/crypto/[id]/page.tsx [Server Component]

  Client Component SSR:
    ./components/crypto/CryptoDetailHeader.tsx [Client Component SSR]
    ./app/(main)/crypto/[id]/page.tsx [Client Component SSR]
    ./app/(main)/crypto/[id]/page.tsx [Server Component] @ http://localhost:3000/_next/static/chunks/node_modules_next_dist_0u_w_5s._.js:1945
[    9136ms] [ERROR] ./components/crypto/CryptoDetailHeader.tsx:6:1
Export Github doesn't exist in target module
  4 | import { formatCryptoPrice } from '@/lib/cryptoUtils';
  5 | import { Skeleton } from '@/components/ui/skeleton';
> 6 | import { TrendingUp, TrendingDown, Globe, MessageSquare, Github } from 'lucide-react';
    | ^^^^^^^^^^^^^^^^^^^^^^^^^^^^^^^^^^^^^^^^^^^^^^^^^^^^^^^^^^^^^^^^^^^^^^^^^^^^^^^^^^^^^^
  7 |
  8 | interface CryptoDetailHeaderProps {
  9 |   id: string;

The export Github was not found in module [project]/node_modules/lucide-react/dist/esm/lucide-react.mjs [app-ssr] (ecmascript).
Did you mean to import Gift?
All exports of the module are statically known (It doesn't have dynamic exports). So it's known statically that the requested export doesn't exist.

Import traces:
  Client Component Browser:
    ./components/crypto/CryptoDetailHeader.tsx [Client Component Browser]
    ./app/(main)/crypto/[id]/page.tsx [Client Component Browser]
    ./app/(main)/crypto/[id]/page.tsx [Server Component]

  Client Component SSR:
    ./components/crypto/CryptoDetailHeader.tsx [Client Component SSR]
    ./app/(main)/crypto/[id]/page.tsx [Client Component SSR]
    ./app/(main)/crypto/[id]/page.tsx [Server Component] @ http://localhost:3000/_next/static/chunks/node_modules_next_dist_0u_w_5s._.js:1945
[    9196ms] [ERROR] ./components/crypto/CryptoDetailHeader.tsx:6:1
Export Github doesn't exist in target module
  4 | import { formatCryptoPrice } from '@/lib/cryptoUtils';
  5 | import { Skeleton } from '@/components/ui/skeleton';
> 6 | import { TrendingUp, TrendingDown, Globe, MessageSquare, Github } from 'lucide-react';
    | ^^^^^^^^^^^^^^^^^^^^^^^^^^^^^^^^^^^^^^^^^^^^^^^^^^^^^^^^^^^^^^^^^^^^^^^^^^^^^^^^^^^^^^
  7 |
  8 | interface CryptoDetailHeaderProps {
  9 |   id: string;

The export Github was not found in module [project]/node_modules/lucide-react/dist/esm/lucide-react.mjs [app-client] (ecmascript).
Did you mean to import Gift?
All exports of the module are statically known (It doesn't have dynamic exports). So it's known statically that the requested export doesn't exist.

Import traces:
  Client Component Browser:
    ./components/crypto/CryptoDetailHeader.tsx [Client Component Browser]
    ./app/(main)/crypto/[id]/page.tsx [Client Component Browser]
    ./app/(main)/crypto/[id]/page.tsx [Server Component]

  Client Component SSR:
    ./components/crypto/CryptoDetailHeader.tsx [Client Component SSR]
    ./app/(main)/crypto/[id]/page.tsx [Client Component SSR]
    ./app/(main)/crypto/[id]/page.tsx [Server Component] @ http://localhost:3000/_next/static/chunks/node_modules_next_dist_0u_w_5s._.js:1945
[    9196ms] [ERROR] ./components/crypto/CryptoDetailHeader.tsx:6:1
Export Github doesn't exist in target module
  4 | import { formatCryptoPrice } from '@/lib/cryptoUtils';
  5 | import { Skeleton } from '@/components/ui/skeleton';
> 6 | import { TrendingUp, TrendingDown, Globe, MessageSquare, Github } from 'lucide-react';
    | ^^^^^^^^^^^^^^^^^^^^^^^^^^^^^^^^^^^^^^^^^^^^^^^^^^^^^^^^^^^^^^^^^^^^^^^^^^^^^^^^^^^^^^
  7 |
  8 | interface CryptoDetailHeaderProps {
  9 |   id: string;

The export Github was not found in module [project]/node_modules/lucide-react/dist/esm/lucide-react.mjs [app-ssr] (ecmascript).
Did you mean to import Gift?
All exports of the module are statically known (It doesn't have dynamic exports). So it's known statically that the requested export doesn't exist.

Import traces:
  Client Component Browser:
    ./components/crypto/CryptoDetailHeader.tsx [Client Component Browser]
    ./app/(main)/crypto/[id]/page.tsx [Client Component Browser]
    ./app/(main)/crypto/[id]/page.tsx [Server Component]

  Client Component SSR:
    ./components/crypto/CryptoDetailHeader.tsx [Client Component SSR]
    ./app/(main)/crypto/[id]/page.tsx [Client Component SSR]
    ./app/(main)/crypto/[id]/page.tsx [Server Component] @ http://localhost:3000/_next/static/chunks/node_modules_next_dist_0u_w_5s._.js:1945
[    9274ms] [ERROR] ./components/crypto/CryptoDetailHeader.tsx:6:1
Export Github doesn't exist in target module
  4 | import { formatCryptoPrice } from '@/lib/cryptoUtils';
  5 | import { Skeleton } from '@/components/ui/skeleton';
> 6 | import { TrendingUp, TrendingDown, Globe, MessageSquare, Github } from 'lucide-react';
    | ^^^^^^^^^^^^^^^^^^^^^^^^^^^^^^^^^^^^^^^^^^^^^^^^^^^^^^^^^^^^^^^^^^^^^^^^^^^^^^^^^^^^^^
  7 |
  8 | interface CryptoDetailHeaderProps {
  9 |   id: string;

The export Github was not found in module [project]/node_modules/lucide-react/dist/esm/lucide-react.mjs [app-client] (ecmascript).
Did you mean to import Gift?
All exports of the module are statically known (It doesn't have dynamic exports). So it's known statically that the requested export doesn't exist.

Import traces:
  Client Component Browser:
    ./components/crypto/CryptoDetailHeader.tsx [Client Component Browser]
    ./app/(main)/crypto/[id]/page.tsx [Client Component Browser]
    ./app/(main)/crypto/[id]/page.tsx [Server Component]

  Client Component SSR:
    ./components/crypto/CryptoDetailHeader.tsx [Client Component SSR]
    ./app/(main)/crypto/[id]/page.tsx [Client Component SSR]
    ./app/(main)/crypto/[id]/page.tsx [Server Component] @ http://localhost:3000/_next/static/chunks/node_modules_next_dist_0u_w_5s._.js:1945
[    9274ms] [ERROR] ./components/crypto/CryptoDetailHeader.tsx:6:1
Export Github doesn't exist in target module
  4 | import { formatCryptoPrice } from '@/lib/cryptoUtils';
  5 | import { Skeleton } from '@/components/ui/skeleton';
> 6 | import { TrendingUp, TrendingDown, Globe, MessageSquare, Github } from 'lucide-react';
    | ^^^^^^^^^^^^^^^^^^^^^^^^^^^^^^^^^^^^^^^^^^^^^^^^^^^^^^^^^^^^^^^^^^^^^^^^^^^^^^^^^^^^^^
  7 |
  8 | interface CryptoDetailHeaderProps {
  9 |   id: string;

The export Github was not found in module [project]/node_modules/lucide-react/dist/esm/lucide-react.mjs [app-ssr] (ecmascript).
Did you mean to import Gift?
All exports of the module are statically known (It doesn't have dynamic exports). So it's known statically that the requested export doesn't exist.

Import traces:
  Client Component Browser:
    ./components/crypto/CryptoDetailHeader.tsx [Client Component Browser]
    ./app/(main)/crypto/[id]/page.tsx [Client Component Browser]
    ./app/(main)/crypto/[id]/page.tsx [Server Component]

  Client Component SSR:
    ./components/crypto/CryptoDetailHeader.tsx [Client Component SSR]
    ./app/(main)/crypto/[id]/page.tsx [Client Component SSR]
    ./app/(main)/crypto/[id]/page.tsx [Server Component] @ http://localhost:3000/_next/static/chunks/node_modules_next_dist_0u_w_5s._.js:1945
[    9331ms] [ERROR] ./components/crypto/CryptoDetailHeader.tsx:6:1
Export Github doesn't exist in target module
  4 | import { formatCryptoPrice } from '@/lib/cryptoUtils';
  5 | import { Skeleton } from '@/components/ui/skeleton';
> 6 | import { TrendingUp, TrendingDown, Globe, MessageSquare, Github } from 'lucide-react';
    | ^^^^^^^^^^^^^^^^^^^^^^^^^^^^^^^^^^^^^^^^^^^^^^^^^^^^^^^^^^^^^^^^^^^^^^^^^^^^^^^^^^^^^^
  7 |
  8 | interface CryptoDetailHeaderProps {
  9 |   id: string;

The export Github was not found in module [project]/node_modules/lucide-react/dist/esm/lucide-react.mjs [app-client] (ecmascript).
Did you mean to import Gift?
All exports of the module are statically known (It doesn't have dynamic exports). So it's known statically that the requested export doesn't exist.

Import traces:
  Client Component Browser:
    ./components/crypto/CryptoDetailHeader.tsx [Client Component Browser]
    ./app/(main)/crypto/[id]/page.tsx [Client Component Browser]
    ./app/(main)/crypto/[id]/page.tsx [Server Component]

  Client Component SSR:
    ./components/crypto/CryptoDetailHeader.tsx [Client Component SSR]
    ./app/(main)/crypto/[id]/page.tsx [Client Component SSR]
    ./app/(main)/crypto/[id]/page.tsx [Server Component] @ http://localhost:3000/_next/static/chunks/node_modules_next_dist_0u_w_5s._.js:1945
[    9332ms] [ERROR] ./components/crypto/CryptoDetailHeader.tsx:6:1
Export Github doesn't exist in target module
  4 | import { formatCryptoPrice } from '@/lib/cryptoUtils';
  5 | import { Skeleton } from '@/components/ui/skeleton';
> 6 | import { TrendingUp, TrendingDown, Globe, MessageSquare, Github } from 'lucide-react';
    | ^^^^^^^^^^^^^^^^^^^^^^^^^^^^^^^^^^^^^^^^^^^^^^^^^^^^^^^^^^^^^^^^^^^^^^^^^^^^^^^^^^^^^^
  7 |
  8 | interface CryptoDetailHeaderProps {
  9 |   id: string;

The export Github was not found in module [project]/node_modules/lucide-react/dist/esm/lucide-react.mjs [app-ssr] (ecmascript).
Did you mean to import Gift?
All exports of the module are statically known (It doesn't have dynamic exports). So it's known statically that the requested export doesn't exist.

Import traces:
  Client Component Browser:
    ./components/crypto/CryptoDetailHeader.tsx [Client Component Browser]
    ./app/(main)/crypto/[id]/page.tsx [Client Component Browser]
    ./app/(main)/crypto/[id]/page.tsx [Server Component]

  Client Component SSR:
    ./components/crypto/CryptoDetailHeader.tsx [Client Component SSR]
    ./app/(main)/crypto/[id]/page.tsx [Client Component SSR]
    ./app/(main)/crypto/[id]/page.tsx [Server Component] @ http://localhost:3000/_next/static/chunks/node_modules_next_dist_0u_w_5s._.js:1945
[    9391ms] [ERROR] ./components/crypto/CryptoDetailHeader.tsx:6:1
Export Github doesn't exist in target module
  4 | import { formatCryptoPrice } from '@/lib/cryptoUtils';
  5 | import { Skeleton } from '@/components/ui/skeleton';
> 6 | import { TrendingUp, TrendingDown, Globe, MessageSquare, Github } from 'lucide-react';
    | ^^^^^^^^^^^^^^^^^^^^^^^^^^^^^^^^^^^^^^^^^^^^^^^^^^^^^^^^^^^^^^^^^^^^^^^^^^^^^^^^^^^^^^
  7 |
  8 | interface CryptoDetailHeaderProps {
  9 |   id: string;

The export Github was not found in module [project]/node_modules/lucide-react/dist/esm/lucide-react.mjs [app-client] (ecmascript).
Did you mean to import Gift?
All exports of the module are statically known (It doesn't have dynamic exports). So it's known statically that the requested export doesn't exist.

Import traces:
  Client Component Browser:
    ./components/crypto/CryptoDetailHeader.tsx [Client Component Browser]
    ./app/(main)/crypto/[id]/page.tsx [Client Component Browser]
    ./app/(main)/crypto/[id]/page.tsx [Server Component]

  Client Component SSR:
    ./components/crypto/CryptoDetailHeader.tsx [Client Component SSR]
    ./app/(main)/crypto/[id]/page.tsx [Client Component SSR]
    ./app/(main)/crypto/[id]/page.tsx [Server Component] @ http://localhost:3000/_next/static/chunks/node_modules_next_dist_0u_w_5s._.js:1945
[    9391ms] [ERROR] ./components/crypto/CryptoDetailHeader.tsx:6:1
Export Github doesn't exist in target module
  4 | import { formatCryptoPrice } from '@/lib/cryptoUtils';
  5 | import { Skeleton } from '@/components/ui/skeleton';
> 6 | import { TrendingUp, TrendingDown, Globe, MessageSquare, Github } from 'lucide-react';
    | ^^^^^^^^^^^^^^^^^^^^^^^^^^^^^^^^^^^^^^^^^^^^^^^^^^^^^^^^^^^^^^^^^^^^^^^^^^^^^^^^^^^^^^
  7 |
  8 | interface CryptoDetailHeaderProps {
  9 |   id: string;

The export Github was not found in module [project]/node_modules/lucide-react/dist/esm/lucide-react.mjs [app-ssr] (ecmascript).
Did you mean to import Gift?
All exports of the module are statically known (It doesn't have dynamic exports). So it's known statically that the requested export doesn't exist.

Import traces:
  Client Component Browser:
    ./components/crypto/CryptoDetailHeader.tsx [Client Component Browser]
    ./app/(main)/crypto/[id]/page.tsx [Client Component Browser]
    ./app/(main)/crypto/[id]/page.tsx [Server Component]

  Client Component SSR:
    ./components/crypto/CryptoDetailHeader.tsx [Client Component SSR]
    ./app/(main)/crypto/[id]/page.tsx [Client Component SSR]
    ./app/(main)/crypto/[id]/page.tsx [Server Component] @ http://localhost:3000/_next/static/chunks/node_modules_next_dist_0u_w_5s._.js:1945
[    9451ms] [ERROR] ./components/crypto/CryptoDetailHeader.tsx:6:1
Export Github doesn't exist in target module
  4 | import { formatCryptoPrice } from '@/lib/cryptoUtils';
  5 | import { Skeleton } from '@/components/ui/skeleton';
> 6 | import { TrendingUp, TrendingDown, Globe, MessageSquare, Github } from 'lucide-react';
    | ^^^^^^^^^^^^^^^^^^^^^^^^^^^^^^^^^^^^^^^^^^^^^^^^^^^^^^^^^^^^^^^^^^^^^^^^^^^^^^^^^^^^^^
  7 |
  8 | interface CryptoDetailHeaderProps {
  9 |   id: string;

The export Github was not found in module [project]/node_modules/lucide-react/dist/esm/lucide-react.mjs [app-client] (ecmascript).
Did you mean to import Gift?
All exports of the module are statically known (It doesn't have dynamic exports). So it's known statically that the requested export doesn't exist.

Import traces:
  Client Component Browser:
    ./components/crypto/CryptoDetailHeader.tsx [Client Component Browser]
    ./app/(main)/crypto/[id]/page.tsx [Client Component Browser]
    ./app/(main)/crypto/[id]/page.tsx [Server Component]

  Client Component SSR:
    ./components/crypto/CryptoDetailHeader.tsx [Client Component SSR]
    ./app/(main)/crypto/[id]/page.tsx [Client Component SSR]
    ./app/(main)/crypto/[id]/page.tsx [Server Component] @ http://localhost:3000/_next/static/chunks/node_modules_next_dist_0u_w_5s._.js:1945
[    9451ms] [ERROR] ./components/crypto/CryptoDetailHeader.tsx:6:1
Export Github doesn't exist in target module
  4 | import { formatCryptoPrice } from '@/lib/cryptoUtils';
  5 | import { Skeleton } from '@/components/ui/skeleton';
> 6 | import { TrendingUp, TrendingDown, Globe, MessageSquare, Github } from 'lucide-react';
    | ^^^^^^^^^^^^^^^^^^^^^^^^^^^^^^^^^^^^^^^^^^^^^^^^^^^^^^^^^^^^^^^^^^^^^^^^^^^^^^^^^^^^^^
  7 |
  8 | interface CryptoDetailHeaderProps {
  9 |   id: string;

The export Github was not found in module [project]/node_modules/lucide-react/dist/esm/lucide-react.mjs [app-ssr] (ecmascript).
Did you mean to import Gift?
All exports of the module are statically known (It doesn't have dynamic exports). So it's known statically that the requested export doesn't exist.

Import traces:
  Client Component Browser:
    ./components/crypto/CryptoDetailHeader.tsx [Client Component Browser]
    ./app/(main)/crypto/[id]/page.tsx [Client Component Browser]
    ./app/(main)/crypto/[id]/page.tsx [Server Component]

  Client Component SSR:
    ./components/crypto/CryptoDetailHeader.tsx [Client Component SSR]
    ./app/(main)/crypto/[id]/page.tsx [Client Component SSR]
    ./app/(main)/crypto/[id]/page.tsx [Server Component] @ http://localhost:3000/_next/static/chunks/node_modules_next_dist_0u_w_5s._.js:1945
[    9512ms] [ERROR] ./components/crypto/CryptoDetailHeader.tsx:6:1
Export Github doesn't exist in target module
  4 | import { formatCryptoPrice } from '@/lib/cryptoUtils';
  5 | import { Skeleton } from '@/components/ui/skeleton';
> 6 | import { TrendingUp, TrendingDown, Globe, MessageSquare, Github } from 'lucide-react';
    | ^^^^^^^^^^^^^^^^^^^^^^^^^^^^^^^^^^^^^^^^^^^^^^^^^^^^^^^^^^^^^^^^^^^^^^^^^^^^^^^^^^^^^^
  7 |
  8 | interface CryptoDetailHeaderProps {
  9 |   id: string;

The export Github was not found in module [project]/node_modules/lucide-react/dist/esm/lucide-react.mjs [app-client] (ecmascript).
Did you mean to import Gift?
All exports of the module are statically known (It doesn't have dynamic exports). So it's known statically that the requested export doesn't exist.

Import traces:
  Client Component Browser:
    ./components/crypto/CryptoDetailHeader.tsx [Client Component Browser]
    ./app/(main)/crypto/[id]/page.tsx [Client Component Browser]
    ./app/(main)/crypto/[id]/page.tsx [Server Component]

  Client Component SSR:
    ./components/crypto/CryptoDetailHeader.tsx [Client Component SSR]
    ./app/(main)/crypto/[id]/page.tsx [Client Component SSR]
    ./app/(main)/crypto/[id]/page.tsx [Server Component] @ http://localhost:3000/_next/static/chunks/node_modules_next_dist_0u_w_5s._.js:1945
[    9512ms] [ERROR] ./components/crypto/CryptoDetailHeader.tsx:6:1
Export Github doesn't exist in target module
  4 | import { formatCryptoPrice } from '@/lib/cryptoUtils';
  5 | import { Skeleton } from '@/components/ui/skeleton';
> 6 | import { TrendingUp, TrendingDown, Globe, MessageSquare, Github } from 'lucide-react';
    | ^^^^^^^^^^^^^^^^^^^^^^^^^^^^^^^^^^^^^^^^^^^^^^^^^^^^^^^^^^^^^^^^^^^^^^^^^^^^^^^^^^^^^^
  7 |
  8 | interface CryptoDetailHeaderProps {
  9 |   id: string;

The export Github was not found in module [project]/node_modules/lucide-react/dist/esm/lucide-react.mjs [app-ssr] (ecmascript).
Did you mean to import Gift?
All exports of the module are statically known (It doesn't have dynamic exports). So it's known statically that the requested export doesn't exist.

Import traces:
  Client Component Browser:
    ./components/crypto/CryptoDetailHeader.tsx [Client Component Browser]
    ./app/(main)/crypto/[id]/page.tsx [Client Component Browser]
    ./app/(main)/crypto/[id]/page.tsx [Server Component]

  Client Component SSR:
    ./components/crypto/CryptoDetailHeader.tsx [Client Component SSR]
    ./app/(main)/crypto/[id]/page.tsx [Client Component SSR]
    ./app/(main)/crypto/[id]/page.tsx [Server Component] @ http://localhost:3000/_next/static/chunks/node_modules_next_dist_0u_w_5s._.js:1945
[    9571ms] [ERROR] ./components/crypto/CryptoDetailHeader.tsx:6:1
Export Github doesn't exist in target module
  4 | import { formatCryptoPrice } from '@/lib/cryptoUtils';
  5 | import { Skeleton } from '@/components/ui/skeleton';
> 6 | import { TrendingUp, TrendingDown, Globe, MessageSquare, Github } from 'lucide-react';
    | ^^^^^^^^^^^^^^^^^^^^^^^^^^^^^^^^^^^^^^^^^^^^^^^^^^^^^^^^^^^^^^^^^^^^^^^^^^^^^^^^^^^^^^
  7 |
  8 | interface CryptoDetailHeaderProps {
  9 |   id: string;

The export Github was not found in module [project]/node_modules/lucide-react/dist/esm/lucide-react.mjs [app-client] (ecmascript).
Did you mean to import Gift?
All exports of the module are statically known (It doesn't have dynamic exports). So it's known statically that the requested export doesn't exist.

Import traces:
  Client Component Browser:
    ./components/crypto/CryptoDetailHeader.tsx [Client Component Browser]
    ./app/(main)/crypto/[id]/page.tsx [Client Component Browser]
    ./app/(main)/crypto/[id]/page.tsx [Server Component]

  Client Component SSR:
    ./components/crypto/CryptoDetailHeader.tsx [Client Component SSR]
    ./app/(main)/crypto/[id]/page.tsx [Client Component SSR]
    ./app/(main)/crypto/[id]/page.tsx [Server Component] @ http://localhost:3000/_next/static/chunks/node_modules_next_dist_0u_w_5s._.js:1945
[    9571ms] [ERROR] ./components/crypto/CryptoDetailHeader.tsx:6:1
Export Github doesn't exist in target module
  4 | import { formatCryptoPrice } from '@/lib/cryptoUtils';
  5 | import { Skeleton } from '@/components/ui/skeleton';
> 6 | import { TrendingUp, TrendingDown, Globe, MessageSquare, Github } from 'lucide-react';
    | ^^^^^^^^^^^^^^^^^^^^^^^^^^^^^^^^^^^^^^^^^^^^^^^^^^^^^^^^^^^^^^^^^^^^^^^^^^^^^^^^^^^^^^
  7 |
  8 | interface CryptoDetailHeaderProps {
  9 |   id: string;

The export Github was not found in module [project]/node_modules/lucide-react/dist/esm/lucide-react.mjs [app-ssr] (ecmascript).
Did you mean to import Gift?
All exports of the module are statically known (It doesn't have dynamic exports). So it's known statically that the requested export doesn't exist.

Import traces:
  Client Component Browser:
    ./components/crypto/CryptoDetailHeader.tsx [Client Component Browser]
    ./app/(main)/crypto/[id]/page.tsx [Client Component Browser]
    ./app/(main)/crypto/[id]/page.tsx [Server Component]

  Client Component SSR:
    ./components/crypto/CryptoDetailHeader.tsx [Client Component SSR]
    ./app/(main)/crypto/[id]/page.tsx [Client Component SSR]
    ./app/(main)/crypto/[id]/page.tsx [Server Component] @ http://localhost:3000/_next/static/chunks/node_modules_next_dist_0u_w_5s._.js:1945
[    9631ms] [ERROR] ./components/crypto/CryptoDetailHeader.tsx:6:1
Export Github doesn't exist in target module
  4 | import { formatCryptoPrice } from '@/lib/cryptoUtils';
  5 | import { Skeleton } from '@/components/ui/skeleton';
> 6 | import { TrendingUp, TrendingDown, Globe, MessageSquare, Github } from 'lucide-react';
    | ^^^^^^^^^^^^^^^^^^^^^^^^^^^^^^^^^^^^^^^^^^^^^^^^^^^^^^^^^^^^^^^^^^^^^^^^^^^^^^^^^^^^^^
  7 |
  8 | interface CryptoDetailHeaderProps {
  9 |   id: string;

The export Github was not found in module [project]/node_modules/lucide-react/dist/esm/lucide-react.mjs [app-client] (ecmascript).
Did you mean to import Gift?
All exports of the module are statically known (It doesn't have dynamic exports). So it's known statically that the requested export doesn't exist.

Import traces:
  Client Component Browser:
    ./components/crypto/CryptoDetailHeader.tsx [Client Component Browser]
    ./app/(main)/crypto/[id]/page.tsx [Client Component Browser]
    ./app/(main)/crypto/[id]/page.tsx [Server Component]

  Client Component SSR:
    ./components/crypto/CryptoDetailHeader.tsx [Client Component SSR]
    ./app/(main)/crypto/[id]/page.tsx [Client Component SSR]
    ./app/(main)/crypto/[id]/page.tsx [Server Component] @ http://localhost:3000/_next/static/chunks/node_modules_next_dist_0u_w_5s._.js:1945
[    9631ms] [ERROR] ./components/crypto/CryptoDetailHeader.tsx:6:1
Export Github doesn't exist in target module
  4 | import { formatCryptoPrice } from '@/lib/cryptoUtils';
  5 | import { Skeleton } from '@/components/ui/skeleton';
> 6 | import { TrendingUp, TrendingDown, Globe, MessageSquare, Github } from 'lucide-react';
    | ^^^^^^^^^^^^^^^^^^^^^^^^^^^^^^^^^^^^^^^^^^^^^^^^^^^^^^^^^^^^^^^^^^^^^^^^^^^^^^^^^^^^^^
  7 |
  8 | interface CryptoDetailHeaderProps {
  9 |   id: string;

The export Github was not found in module [project]/node_modules/lucide-react/dist/esm/lucide-react.mjs [app-ssr] (ecmascript).
Did you mean to import Gift?
All exports of the module are statically known (It doesn't have dynamic exports). So it's known statically that the requested export doesn't exist.

Import traces:
  Client Component Browser:
    ./components/crypto/CryptoDetailHeader.tsx [Client Component Browser]
    ./app/(main)/crypto/[id]/page.tsx [Client Component Browser]
    ./app/(main)/crypto/[id]/page.tsx [Server Component]

  Client Component SSR:
    ./components/crypto/CryptoDetailHeader.tsx [Client Component SSR]
    ./app/(main)/crypto/[id]/page.tsx [Client Component SSR]
    ./app/(main)/crypto/[id]/page.tsx [Server Component] @ http://localhost:3000/_next/static/chunks/node_modules_next_dist_0u_w_5s._.js:1945
[    9692ms] [ERROR] ./components/crypto/CryptoDetailHeader.tsx:6:1
Export Github doesn't exist in target module
  4 | import { formatCryptoPrice } from '@/lib/cryptoUtils';
  5 | import { Skeleton } from '@/components/ui/skeleton';
> 6 | import { TrendingUp, TrendingDown, Globe, MessageSquare, Github } from 'lucide-react';
    | ^^^^^^^^^^^^^^^^^^^^^^^^^^^^^^^^^^^^^^^^^^^^^^^^^^^^^^^^^^^^^^^^^^^^^^^^^^^^^^^^^^^^^^
  7 |
  8 | interface CryptoDetailHeaderProps {
  9 |   id: string;

The export Github was not found in module [project]/node_modules/lucide-react/dist/esm/lucide-react.mjs [app-client] (ecmascript).
Did you mean to import Gift?
All exports of the module are statically known (It doesn't have dynamic exports). So it's known statically that the requested export doesn't exist.

Import traces:
  Client Component Browser:
    ./components/crypto/CryptoDetailHeader.tsx [Client Component Browser]
    ./app/(main)/crypto/[id]/page.tsx [Client Component Browser]
    ./app/(main)/crypto/[id]/page.tsx [Server Component]

  Client Component SSR:
    ./components/crypto/CryptoDetailHeader.tsx [Client Component SSR]
    ./app/(main)/crypto/[id]/page.tsx [Client Component SSR]
    ./app/(main)/crypto/[id]/page.tsx [Server Component] @ http://localhost:3000/_next/static/chunks/node_modules_next_dist_0u_w_5s._.js:1945
[    9692ms] [ERROR] ./components/crypto/CryptoDetailHeader.tsx:6:1
Export Github doesn't exist in target module
  4 | import { formatCryptoPrice } from '@/lib/cryptoUtils';
  5 | import { Skeleton } from '@/components/ui/skeleton';
> 6 | import { TrendingUp, TrendingDown, Globe, MessageSquare, Github } from 'lucide-react';
    | ^^^^^^^^^^^^^^^^^^^^^^^^^^^^^^^^^^^^^^^^^^^^^^^^^^^^^^^^^^^^^^^^^^^^^^^^^^^^^^^^^^^^^^
  7 |
  8 | interface CryptoDetailHeaderProps {
  9 |   id: string;

The export Github was not found in module [project]/node_modules/lucide-react/dist/esm/lucide-react.mjs [app-ssr] (ecmascript).
Did you mean to import Gift?
All exports of the module are statically known (It doesn't have dynamic exports). So it's known statically that the requested export doesn't exist.

Import traces:
  Client Component Browser:
    ./components/crypto/CryptoDetailHeader.tsx [Client Component Browser]
    ./app/(main)/crypto/[id]/page.tsx [Client Component Browser]
    ./app/(main)/crypto/[id]/page.tsx [Server Component]

  Client Component SSR:
    ./components/crypto/CryptoDetailHeader.tsx [Client Component SSR]
    ./app/(main)/crypto/[id]/page.tsx [Client Component SSR]
    ./app/(main)/crypto/[id]/page.tsx [Server Component] @ http://localhost:3000/_next/static/chunks/node_modules_next_dist_0u_w_5s._.js:1945
[    9751ms] [ERROR] ./components/crypto/CryptoDetailHeader.tsx:6:1
Export Github doesn't exist in target module
  4 | import { formatCryptoPrice } from '@/lib/cryptoUtils';
  5 | import { Skeleton } from '@/components/ui/skeleton';
> 6 | import { TrendingUp, TrendingDown, Globe, MessageSquare, Github } from 'lucide-react';
    | ^^^^^^^^^^^^^^^^^^^^^^^^^^^^^^^^^^^^^^^^^^^^^^^^^^^^^^^^^^^^^^^^^^^^^^^^^^^^^^^^^^^^^^
  7 |
  8 | interface CryptoDetailHeaderProps {
  9 |   id: string;

The export Github was not found in module [project]/node_modules/lucide-react/dist/esm/lucide-react.mjs [app-client] (ecmascript).
Did you mean to import Gift?
All exports of the module are statically known (It doesn't have dynamic exports). So it's known statically that the requested export doesn't exist.

Import traces:
  Client Component Browser:
    ./components/crypto/CryptoDetailHeader.tsx [Client Component Browser]
    ./app/(main)/crypto/[id]/page.tsx [Client Component Browser]
    ./app/(main)/crypto/[id]/page.tsx [Server Component]

  Client Component SSR:
    ./components/crypto/CryptoDetailHeader.tsx [Client Component SSR]
    ./app/(main)/crypto/[id]/page.tsx [Client Component SSR]
    ./app/(main)/crypto/[id]/page.tsx [Server Component] @ http://localhost:3000/_next/static/chunks/node_modules_next_dist_0u_w_5s._.js:1945
[    9751ms] [ERROR] ./components/crypto/CryptoDetailHeader.tsx:6:1
Export Github doesn't exist in target module
  4 | import { formatCryptoPrice } from '@/lib/cryptoUtils';
  5 | import { Skeleton } from '@/components/ui/skeleton';
> 6 | import { TrendingUp, TrendingDown, Globe, MessageSquare, Github } from 'lucide-react';
    | ^^^^^^^^^^^^^^^^^^^^^^^^^^^^^^^^^^^^^^^^^^^^^^^^^^^^^^^^^^^^^^^^^^^^^^^^^^^^^^^^^^^^^^
  7 |
  8 | interface CryptoDetailHeaderProps {
  9 |   id: string;

The export Github was not found in module [project]/node_modules/lucide-react/dist/esm/lucide-react.mjs [app-ssr] (ecmascript).
Did you mean to import Gift?
All exports of the module are statically known (It doesn't have dynamic exports). So it's known statically that the requested export doesn't exist.

Import traces:
  Client Component Browser:
    ./components/crypto/CryptoDetailHeader.tsx [Client Component Browser]
    ./app/(main)/crypto/[id]/page.tsx [Client Component Browser]
    ./app/(main)/crypto/[id]/page.tsx [Server Component]

  Client Component SSR:
    ./components/crypto/CryptoDetailHeader.tsx [Client Component SSR]
    ./app/(main)/crypto/[id]/page.tsx [Client Component SSR]
    ./app/(main)/crypto/[id]/page.tsx [Server Component] @ http://localhost:3000/_next/static/chunks/node_modules_next_dist_0u_w_5s._.js:1945
[    9811ms] [ERROR] ./components/crypto/CryptoDetailHeader.tsx:6:1
Export Github doesn't exist in target module
  4 | import { formatCryptoPrice } from '@/lib/cryptoUtils';
  5 | import { Skeleton } from '@/components/ui/skeleton';
> 6 | import { TrendingUp, TrendingDown, Globe, MessageSquare, Github } from 'lucide-react';
    | ^^^^^^^^^^^^^^^^^^^^^^^^^^^^^^^^^^^^^^^^^^^^^^^^^^^^^^^^^^^^^^^^^^^^^^^^^^^^^^^^^^^^^^
  7 |
  8 | interface CryptoDetailHeaderProps {
  9 |   id: string;

The export Github was not found in module [project]/node_modules/lucide-react/dist/esm/lucide-react.mjs [app-client] (ecmascript).
Did you mean to import Gift?
All exports of the module are statically known (It doesn't have dynamic exports). So it's known statically that the requested export doesn't exist.

Import traces:
  Client Component Browser:
    ./components/crypto/CryptoDetailHeader.tsx [Client Component Browser]
    ./app/(main)/crypto/[id]/page.tsx [Client Component Browser]
    ./app/(main)/crypto/[id]/page.tsx [Server Component]

  Client Component SSR:
    ./components/crypto/CryptoDetailHeader.tsx [Client Component SSR]
    ./app/(main)/crypto/[id]/page.tsx [Client Component SSR]
    ./app/(main)/crypto/[id]/page.tsx [Server Component] @ http://localhost:3000/_next/static/chunks/node_modules_next_dist_0u_w_5s._.js:1945
[    9812ms] [ERROR] ./components/crypto/CryptoDetailHeader.tsx:6:1
Export Github doesn't exist in target module
  4 | import { formatCryptoPrice } from '@/lib/cryptoUtils';
  5 | import { Skeleton } from '@/components/ui/skeleton';
> 6 | import { TrendingUp, TrendingDown, Globe, MessageSquare, Github } from 'lucide-react';
    | ^^^^^^^^^^^^^^^^^^^^^^^^^^^^^^^^^^^^^^^^^^^^^^^^^^^^^^^^^^^^^^^^^^^^^^^^^^^^^^^^^^^^^^
  7 |
  8 | interface CryptoDetailHeaderProps {
  9 |   id: string;

The export Github was not found in module [project]/node_modules/lucide-react/dist/esm/lucide-react.mjs [app-ssr] (ecmascript).
Did you mean to import Gift?
All exports of the module are statically known (It doesn't have dynamic exports). So it's known statically that the requested export doesn't exist.

Import traces:
  Client Component Browser:
    ./components/crypto/CryptoDetailHeader.tsx [Client Component Browser]
    ./app/(main)/crypto/[id]/page.tsx [Client Component Browser]
    ./app/(main)/crypto/[id]/page.tsx [Server Component]

  Client Component SSR:
    ./components/crypto/CryptoDetailHeader.tsx [Client Component SSR]
    ./app/(main)/crypto/[id]/page.tsx [Client Component SSR]
    ./app/(main)/crypto/[id]/page.tsx [Server Component] @ http://localhost:3000/_next/static/chunks/node_modules_next_dist_0u_w_5s._.js:1945
[    9872ms] [ERROR] ./components/crypto/CryptoDetailHeader.tsx:6:1
Export Github doesn't exist in target module
  4 | import { formatCryptoPrice } from '@/lib/cryptoUtils';
  5 | import { Skeleton } from '@/components/ui/skeleton';
> 6 | import { TrendingUp, TrendingDown, Globe, MessageSquare, Github } from 'lucide-react';
    | ^^^^^^^^^^^^^^^^^^^^^^^^^^^^^^^^^^^^^^^^^^^^^^^^^^^^^^^^^^^^^^^^^^^^^^^^^^^^^^^^^^^^^^
  7 |
  8 | interface CryptoDetailHeaderProps {
  9 |   id: string;

The export Github was not found in module [project]/node_modules/lucide-react/dist/esm/lucide-react.mjs [app-client] (ecmascript).
Did you mean to import Gift?
All exports of the module are statically known (It doesn't have dynamic exports). So it's known statically that the requested export doesn't exist.

Import traces:
  Client Component Browser:
    ./components/crypto/CryptoDetailHeader.tsx [Client Component Browser]
    ./app/(main)/crypto/[id]/page.tsx [Client Component Browser]
    ./app/(main)/crypto/[id]/page.tsx [Server Component]

  Client Component SSR:
    ./components/crypto/CryptoDetailHeader.tsx [Client Component SSR]
    ./app/(main)/crypto/[id]/page.tsx [Client Component SSR]
    ./app/(main)/crypto/[id]/page.tsx [Server Component] @ http://localhost:3000/_next/static/chunks/node_modules_next_dist_0u_w_5s._.js:1945
[    9872ms] [ERROR] ./components/crypto/CryptoDetailHeader.tsx:6:1
Export Github doesn't exist in target module
  4 | import { formatCryptoPrice } from '@/lib/cryptoUtils';
  5 | import { Skeleton } from '@/components/ui/skeleton';
> 6 | import { TrendingUp, TrendingDown, Globe, MessageSquare, Github } from 'lucide-react';
    | ^^^^^^^^^^^^^^^^^^^^^^^^^^^^^^^^^^^^^^^^^^^^^^^^^^^^^^^^^^^^^^^^^^^^^^^^^^^^^^^^^^^^^^
  7 |
  8 | interface CryptoDetailHeaderProps {
  9 |   id: string;

The export Github was not found in module [project]/node_modules/lucide-react/dist/esm/lucide-react.mjs [app-ssr] (ecmascript).
Did you mean to import Gift?
All exports of the module are statically known (It doesn't have dynamic exports). So it's known statically that the requested export doesn't exist.

Import traces:
  Client Component Browser:
    ./components/crypto/CryptoDetailHeader.tsx [Client Component Browser]
    ./app/(main)/crypto/[id]/page.tsx [Client Component Browser]
    ./app/(main)/crypto/[id]/page.tsx [Server Component]

  Client Component SSR:
    ./components/crypto/CryptoDetailHeader.tsx [Client Component SSR]
    ./app/(main)/crypto/[id]/page.tsx [Client Component SSR]
    ./app/(main)/crypto/[id]/page.tsx [Server Component] @ http://localhost:3000/_next/static/chunks/node_modules_next_dist_0u_w_5s._.js:1945
[    9932ms] [ERROR] ./components/crypto/CryptoDetailHeader.tsx:6:1
Export Github doesn't exist in target module
  4 | import { formatCryptoPrice } from '@/lib/cryptoUtils';
  5 | import { Skeleton } from '@/components/ui/skeleton';
> 6 | import { TrendingUp, TrendingDown, Globe, MessageSquare, Github } from 'lucide-react';
    | ^^^^^^^^^^^^^^^^^^^^^^^^^^^^^^^^^^^^^^^^^^^^^^^^^^^^^^^^^^^^^^^^^^^^^^^^^^^^^^^^^^^^^^
  7 |
  8 | interface CryptoDetailHeaderProps {
  9 |   id: string;

The export Github was not found in module [project]/node_modules/lucide-react/dist/esm/lucide-react.mjs [app-client] (ecmascript).
Did you mean to import Gift?
All exports of the module are statically known (It doesn't have dynamic exports). So it's known statically that the requested export doesn't exist.

Import traces:
  Client Component Browser:
    ./components/crypto/CryptoDetailHeader.tsx [Client Component Browser]
    ./app/(main)/crypto/[id]/page.tsx [Client Component Browser]
    ./app/(main)/crypto/[id]/page.tsx [Server Component]

  Client Component SSR:
    ./components/crypto/CryptoDetailHeader.tsx [Client Component SSR]
    ./app/(main)/crypto/[id]/page.tsx [Client Component SSR]
    ./app/(main)/crypto/[id]/page.tsx [Server Component] @ http://localhost:3000/_next/static/chunks/node_modules_next_dist_0u_w_5s._.js:1945
[    9933ms] [ERROR] ./components/crypto/CryptoDetailHeader.tsx:6:1
Export Github doesn't exist in target module
  4 | import { formatCryptoPrice } from '@/lib/cryptoUtils';
  5 | import { Skeleton } from '@/components/ui/skeleton';
> 6 | import { TrendingUp, TrendingDown, Globe, MessageSquare, Github } from 'lucide-react';
    | ^^^^^^^^^^^^^^^^^^^^^^^^^^^^^^^^^^^^^^^^^^^^^^^^^^^^^^^^^^^^^^^^^^^^^^^^^^^^^^^^^^^^^^
  7 |
  8 | interface CryptoDetailHeaderProps {
  9 |   id: string;

The export Github was not found in module [project]/node_modules/lucide-react/dist/esm/lucide-react.mjs [app-ssr] (ecmascript).
Did you mean to import Gift?
All exports of the module are statically known (It doesn't have dynamic exports). So it's known statically that the requested export doesn't exist.

Import traces:
  Client Component Browser:
    ./components/crypto/CryptoDetailHeader.tsx [Client Component Browser]
    ./app/(main)/crypto/[id]/page.tsx [Client Component Browser]
    ./app/(main)/crypto/[id]/page.tsx [Server Component]

  Client Component SSR:
    ./components/crypto/CryptoDetailHeader.tsx [Client Component SSR]
    ./app/(main)/crypto/[id]/page.tsx [Client Component SSR]
    ./app/(main)/crypto/[id]/page.tsx [Server Component] @ http://localhost:3000/_next/static/chunks/node_modules_next_dist_0u_w_5s._.js:1945
[    9992ms] [ERROR] ./components/crypto/CryptoDetailHeader.tsx:6:1
Export Github doesn't exist in target module
  4 | import { formatCryptoPrice } from '@/lib/cryptoUtils';
  5 | import { Skeleton } from '@/components/ui/skeleton';
> 6 | import { TrendingUp, TrendingDown, Globe, MessageSquare, Github } from 'lucide-react';
    | ^^^^^^^^^^^^^^^^^^^^^^^^^^^^^^^^^^^^^^^^^^^^^^^^^^^^^^^^^^^^^^^^^^^^^^^^^^^^^^^^^^^^^^
  7 |
  8 | interface CryptoDetailHeaderProps {
  9 |   id: string;

The export Github was not found in module [project]/node_modules/lucide-react/dist/esm/lucide-react.mjs [app-client] (ecmascript).
Did you mean to import Gift?
All exports of the module are statically known (It doesn't have dynamic exports). So it's known statically that the requested export doesn't exist.

Import traces:
  Client Component Browser:
    ./components/crypto/CryptoDetailHeader.tsx [Client Component Browser]
    ./app/(main)/crypto/[id]/page.tsx [Client Component Browser]
    ./app/(main)/crypto/[id]/page.tsx [Server Component]

  Client Component SSR:
    ./components/crypto/CryptoDetailHeader.tsx [Client Component SSR]
    ./app/(main)/crypto/[id]/page.tsx [Client Component SSR]
    ./app/(main)/crypto/[id]/page.tsx [Server Component] @ http://localhost:3000/_next/static/chunks/node_modules_next_dist_0u_w_5s._.js:1945
[    9992ms] [ERROR] ./components/crypto/CryptoDetailHeader.tsx:6:1
Export Github doesn't exist in target module
  4 | import { formatCryptoPrice } from '@/lib/cryptoUtils';
  5 | import { Skeleton } from '@/components/ui/skeleton';
> 6 | import { TrendingUp, TrendingDown, Globe, MessageSquare, Github } from 'lucide-react';
    | ^^^^^^^^^^^^^^^^^^^^^^^^^^^^^^^^^^^^^^^^^^^^^^^^^^^^^^^^^^^^^^^^^^^^^^^^^^^^^^^^^^^^^^
  7 |
  8 | interface CryptoDetailHeaderProps {
  9 |   id: string;

The export Github was not found in module [project]/node_modules/lucide-react/dist/esm/lucide-react.mjs [app-ssr] (ecmascript).
Did you mean to import Gift?
All exports of the module are statically known (It doesn't have dynamic exports). So it's known statically that the requested export doesn't exist.

Import traces:
  Client Component Browser:
    ./components/crypto/CryptoDetailHeader.tsx [Client Component Browser]
    ./app/(main)/crypto/[id]/page.tsx [Client Component Browser]
    ./app/(main)/crypto/[id]/page.tsx [Server Component]

  Client Component SSR:
    ./components/crypto/CryptoDetailHeader.tsx [Client Component SSR]
    ./app/(main)/crypto/[id]/page.tsx [Client Component SSR]
    ./app/(main)/crypto/[id]/page.tsx [Server Component] @ http://localhost:3000/_next/static/chunks/node_modules_next_dist_0u_w_5s._.js:1945
[   10055ms] [ERROR] ./components/crypto/CryptoDetailHeader.tsx:6:1
Export Github doesn't exist in target module
  4 | import { formatCryptoPrice } from '@/lib/cryptoUtils';
  5 | import { Skeleton } from '@/components/ui/skeleton';
> 6 | import { TrendingUp, TrendingDown, Globe, MessageSquare, Github } from 'lucide-react';
    | ^^^^^^^^^^^^^^^^^^^^^^^^^^^^^^^^^^^^^^^^^^^^^^^^^^^^^^^^^^^^^^^^^^^^^^^^^^^^^^^^^^^^^^
  7 |
  8 | interface CryptoDetailHeaderProps {
  9 |   id: string;

The export Github was not found in module [project]/node_modules/lucide-react/dist/esm/lucide-react.mjs [app-client] (ecmascript).
Did you mean to import Gift?
All exports of the module are statically known (It doesn't have dynamic exports). So it's known statically that the requested export doesn't exist.

Import traces:
  Client Component Browser:
    ./components/crypto/CryptoDetailHeader.tsx [Client Component Browser]
    ./app/(main)/crypto/[id]/page.tsx [Client Component Browser]
    ./app/(main)/crypto/[id]/page.tsx [Server Component]

  Client Component SSR:
    ./components/crypto/CryptoDetailHeader.tsx [Client Component SSR]
    ./app/(main)/crypto/[id]/page.tsx [Client Component SSR]
    ./app/(main)/crypto/[id]/page.tsx [Server Component] @ http://localhost:3000/_next/static/chunks/node_modules_next_dist_0u_w_5s._.js:1945
[   10056ms] [ERROR] ./components/crypto/CryptoDetailHeader.tsx:6:1
Export Github doesn't exist in target module
  4 | import { formatCryptoPrice } from '@/lib/cryptoUtils';
  5 | import { Skeleton } from '@/components/ui/skeleton';
> 6 | import { TrendingUp, TrendingDown, Globe, MessageSquare, Github } from 'lucide-react';
    | ^^^^^^^^^^^^^^^^^^^^^^^^^^^^^^^^^^^^^^^^^^^^^^^^^^^^^^^^^^^^^^^^^^^^^^^^^^^^^^^^^^^^^^
  7 |
  8 | interface CryptoDetailHeaderProps {
  9 |   id: string;

The export Github was not found in module [project]/node_modules/lucide-react/dist/esm/lucide-react.mjs [app-ssr] (ecmascript).
Did you mean to import Gift?
All exports of the module are statically known (It doesn't have dynamic exports). So it's known statically that the requested export doesn't exist.

Import traces:
  Client Component Browser:
    ./components/crypto/CryptoDetailHeader.tsx [Client Component Browser]
    ./app/(main)/crypto/[id]/page.tsx [Client Component Browser]
    ./app/(main)/crypto/[id]/page.tsx [Server Component]

  Client Component SSR:
    ./components/crypto/CryptoDetailHeader.tsx [Client Component SSR]
    ./app/(main)/crypto/[id]/page.tsx [Client Component SSR]
    ./app/(main)/crypto/[id]/page.tsx [Server Component] @ http://localhost:3000/_next/static/chunks/node_modules_next_dist_0u_w_5s._.js:1945
[   10117ms] [ERROR] ./components/crypto/CryptoDetailHeader.tsx:6:1
Export Github doesn't exist in target module
  4 | import { formatCryptoPrice } from '@/lib/cryptoUtils';
  5 | import { Skeleton } from '@/components/ui/skeleton';
> 6 | import { TrendingUp, TrendingDown, Globe, MessageSquare, Github } from 'lucide-react';
    | ^^^^^^^^^^^^^^^^^^^^^^^^^^^^^^^^^^^^^^^^^^^^^^^^^^^^^^^^^^^^^^^^^^^^^^^^^^^^^^^^^^^^^^
  7 |
  8 | interface CryptoDetailHeaderProps {
  9 |   id: string;

The export Github was not found in module [project]/node_modules/lucide-react/dist/esm/lucide-react.mjs [app-client] (ecmascript).
Did you mean to import Gift?
All exports of the module are statically known (It doesn't have dynamic exports). So it's known statically that the requested export doesn't exist.

Import traces:
  Client Component Browser:
    ./components/crypto/CryptoDetailHeader.tsx [Client Component Browser]
    ./app/(main)/crypto/[id]/page.tsx [Client Component Browser]
    ./app/(main)/crypto/[id]/page.tsx [Server Component]

  Client Component SSR:
    ./components/crypto/CryptoDetailHeader.tsx [Client Component SSR]
    ./app/(main)/crypto/[id]/page.tsx [Client Component SSR]
    ./app/(main)/crypto/[id]/page.tsx [Server Component] @ http://localhost:3000/_next/static/chunks/node_modules_next_dist_0u_w_5s._.js:1945
[   10117ms] [ERROR] ./components/crypto/CryptoDetailHeader.tsx:6:1
Export Github doesn't exist in target module
  4 | import { formatCryptoPrice } from '@/lib/cryptoUtils';
  5 | import { Skeleton } from '@/components/ui/skeleton';
> 6 | import { TrendingUp, TrendingDown, Globe, MessageSquare, Github } from 'lucide-react';
    | ^^^^^^^^^^^^^^^^^^^^^^^^^^^^^^^^^^^^^^^^^^^^^^^^^^^^^^^^^^^^^^^^^^^^^^^^^^^^^^^^^^^^^^
  7 |
  8 | interface CryptoDetailHeaderProps {
  9 |   id: string;

The export Github was not found in module [project]/node_modules/lucide-react/dist/esm/lucide-react.mjs [app-ssr] (ecmascript).
Did you mean to import Gift?
All exports of the module are statically known (It doesn't have dynamic exports). So it's known statically that the requested export doesn't exist.

Import traces:
  Client Component Browser:
    ./components/crypto/CryptoDetailHeader.tsx [Client Component Browser]
    ./app/(main)/crypto/[id]/page.tsx [Client Component Browser]
    ./app/(main)/crypto/[id]/page.tsx [Server Component]

  Client Component SSR:
    ./components/crypto/CryptoDetailHeader.tsx [Client Component SSR]
    ./app/(main)/crypto/[id]/page.tsx [Client Component SSR]
    ./app/(main)/crypto/[id]/page.tsx [Server Component] @ http://localhost:3000/_next/static/chunks/node_modules_next_dist_0u_w_5s._.js:1945
[   10175ms] [ERROR] ./components/crypto/CryptoDetailHeader.tsx:6:1
Export Github doesn't exist in target module
  4 | import { formatCryptoPrice } from '@/lib/cryptoUtils';
  5 | import { Skeleton } from '@/components/ui/skeleton';
> 6 | import { TrendingUp, TrendingDown, Globe, MessageSquare, Github } from 'lucide-react';
    | ^^^^^^^^^^^^^^^^^^^^^^^^^^^^^^^^^^^^^^^^^^^^^^^^^^^^^^^^^^^^^^^^^^^^^^^^^^^^^^^^^^^^^^
  7 |
  8 | interface CryptoDetailHeaderProps {
  9 |   id: string;

The export Github was not found in module [project]/node_modules/lucide-react/dist/esm/lucide-react.mjs [app-client] (ecmascript).
Did you mean to import Gift?
All exports of the module are statically known (It doesn't have dynamic exports). So it's known statically that the requested export doesn't exist.

Import traces:
  Client Component Browser:
    ./components/crypto/CryptoDetailHeader.tsx [Client Component Browser]
    ./app/(main)/crypto/[id]/page.tsx [Client Component Browser]
    ./app/(main)/crypto/[id]/page.tsx [Server Component]

  Client Component SSR:
    ./components/crypto/CryptoDetailHeader.tsx [Client Component SSR]
    ./app/(main)/crypto/[id]/page.tsx [Client Component SSR]
    ./app/(main)/crypto/[id]/page.tsx [Server Component] @ http://localhost:3000/_next/static/chunks/node_modules_next_dist_0u_w_5s._.js:1945
[   10176ms] [ERROR] ./components/crypto/CryptoDetailHeader.tsx:6:1
Export Github doesn't exist in target module
  4 | import { formatCryptoPrice } from '@/lib/cryptoUtils';
  5 | import { Skeleton } from '@/components/ui/skeleton';
> 6 | import { TrendingUp, TrendingDown, Globe, MessageSquare, Github } from 'lucide-react';
    | ^^^^^^^^^^^^^^^^^^^^^^^^^^^^^^^^^^^^^^^^^^^^^^^^^^^^^^^^^^^^^^^^^^^^^^^^^^^^^^^^^^^^^^
  7 |
  8 | interface CryptoDetailHeaderProps {
  9 |   id: string;

The export Github was not found in module [project]/node_modules/lucide-react/dist/esm/lucide-react.mjs [app-ssr] (ecmascript).
Did you mean to import Gift?
All exports of the module are statically known (It doesn't have dynamic exports). So it's known statically that the requested export doesn't exist.

Import traces:
  Client Component Browser:
    ./components/crypto/CryptoDetailHeader.tsx [Client Component Browser]
    ./app/(main)/crypto/[id]/page.tsx [Client Component Browser]
    ./app/(main)/crypto/[id]/page.tsx [Server Component]

  Client Component SSR:
    ./components/crypto/CryptoDetailHeader.tsx [Client Component SSR]
    ./app/(main)/crypto/[id]/page.tsx [Client Component SSR]
    ./app/(main)/crypto/[id]/page.tsx [Server Component] @ http://localhost:3000/_next/static/chunks/node_modules_next_dist_0u_w_5s._.js:1945
[   10235ms] [ERROR] ./components/crypto/CryptoDetailHeader.tsx:6:1
Export Github doesn't exist in target module
  4 | import { formatCryptoPrice } from '@/lib/cryptoUtils';
  5 | import { Skeleton } from '@/components/ui/skeleton';
> 6 | import { TrendingUp, TrendingDown, Globe, MessageSquare, Github } from 'lucide-react';
    | ^^^^^^^^^^^^^^^^^^^^^^^^^^^^^^^^^^^^^^^^^^^^^^^^^^^^^^^^^^^^^^^^^^^^^^^^^^^^^^^^^^^^^^
  7 |
  8 | interface CryptoDetailHeaderProps {
  9 |   id: string;

The export Github was not found in module [project]/node_modules/lucide-react/dist/esm/lucide-react.mjs [app-client] (ecmascript).
Did you mean to import Gift?
All exports of the module are statically known (It doesn't have dynamic exports). So it's known statically that the requested export doesn't exist.

Import traces:
  Client Component Browser:
    ./components/crypto/CryptoDetailHeader.tsx [Client Component Browser]
    ./app/(main)/crypto/[id]/page.tsx [Client Component Browser]
    ./app/(main)/crypto/[id]/page.tsx [Server Component]

  Client Component SSR:
    ./components/crypto/CryptoDetailHeader.tsx [Client Component SSR]
    ./app/(main)/crypto/[id]/page.tsx [Client Component SSR]
    ./app/(main)/crypto/[id]/page.tsx [Server Component] @ http://localhost:3000/_next/static/chunks/node_modules_next_dist_0u_w_5s._.js:1945
[   10235ms] [ERROR] ./components/crypto/CryptoDetailHeader.tsx:6:1
Export Github doesn't exist in target module
  4 | import { formatCryptoPrice } from '@/lib/cryptoUtils';
  5 | import { Skeleton } from '@/components/ui/skeleton';
> 6 | import { TrendingUp, TrendingDown, Globe, MessageSquare, Github } from 'lucide-react';
    | ^^^^^^^^^^^^^^^^^^^^^^^^^^^^^^^^^^^^^^^^^^^^^^^^^^^^^^^^^^^^^^^^^^^^^^^^^^^^^^^^^^^^^^
  7 |
  8 | interface CryptoDetailHeaderProps {
  9 |   id: string;

The export Github was not found in module [project]/node_modules/lucide-react/dist/esm/lucide-react.mjs [app-ssr] (ecmascript).
Did you mean to import Gift?
All exports of the module are statically known (It doesn't have dynamic exports). So it's known statically that the requested export doesn't exist.

Import traces:
  Client Component Browser:
    ./components/crypto/CryptoDetailHeader.tsx [Client Component Browser]
    ./app/(main)/crypto/[id]/page.tsx [Client Component Browser]
    ./app/(main)/crypto/[id]/page.tsx [Server Component]

  Client Component SSR:
    ./components/crypto/CryptoDetailHeader.tsx [Client Component SSR]
    ./app/(main)/crypto/[id]/page.tsx [Client Component SSR]
    ./app/(main)/crypto/[id]/page.tsx [Server Component] @ http://localhost:3000/_next/static/chunks/node_modules_next_dist_0u_w_5s._.js:1945
[   10295ms] [ERROR] ./components/crypto/CryptoDetailHeader.tsx:6:1
Export Github doesn't exist in target module
  4 | import { formatCryptoPrice } from '@/lib/cryptoUtils';
  5 | import { Skeleton } from '@/components/ui/skeleton';
> 6 | import { TrendingUp, TrendingDown, Globe, MessageSquare, Github } from 'lucide-react';
    | ^^^^^^^^^^^^^^^^^^^^^^^^^^^^^^^^^^^^^^^^^^^^^^^^^^^^^^^^^^^^^^^^^^^^^^^^^^^^^^^^^^^^^^
  7 |
  8 | interface CryptoDetailHeaderProps {
  9 |   id: string;

The export Github was not found in module [project]/node_modules/lucide-react/dist/esm/lucide-react.mjs [app-client] (ecmascript).
Did you mean to import Gift?
All exports of the module are statically known (It doesn't have dynamic exports). So it's known statically that the requested export doesn't exist.

Import traces:
  Client Component Browser:
    ./components/crypto/CryptoDetailHeader.tsx [Client Component Browser]
    ./app/(main)/crypto/[id]/page.tsx [Client Component Browser]
    ./app/(main)/crypto/[id]/page.tsx [Server Component]

  Client Component SSR:
    ./components/crypto/CryptoDetailHeader.tsx [Client Component SSR]
    ./app/(main)/crypto/[id]/page.tsx [Client Component SSR]
    ./app/(main)/crypto/[id]/page.tsx [Server Component] @ http://localhost:3000/_next/static/chunks/node_modules_next_dist_0u_w_5s._.js:1945
[   10296ms] [ERROR] ./components/crypto/CryptoDetailHeader.tsx:6:1
Export Github doesn't exist in target module
  4 | import { formatCryptoPrice } from '@/lib/cryptoUtils';
  5 | import { Skeleton } from '@/components/ui/skeleton';
> 6 | import { TrendingUp, TrendingDown, Globe, MessageSquare, Github } from 'lucide-react';
    | ^^^^^^^^^^^^^^^^^^^^^^^^^^^^^^^^^^^^^^^^^^^^^^^^^^^^^^^^^^^^^^^^^^^^^^^^^^^^^^^^^^^^^^
  7 |
  8 | interface CryptoDetailHeaderProps {
  9 |   id: string;

The export Github was not found in module [project]/node_modules/lucide-react/dist/esm/lucide-react.mjs [app-ssr] (ecmascript).
Did you mean to import Gift?
All exports of the module are statically known (It doesn't have dynamic exports). So it's known statically that the requested export doesn't exist.

Import traces:
  Client Component Browser:
    ./components/crypto/CryptoDetailHeader.tsx [Client Component Browser]
    ./app/(main)/crypto/[id]/page.tsx [Client Component Browser]
    ./app/(main)/crypto/[id]/page.tsx [Server Component]

  Client Component SSR:
    ./components/crypto/CryptoDetailHeader.tsx [Client Component SSR]
    ./app/(main)/crypto/[id]/page.tsx [Client Component SSR]
    ./app/(main)/crypto/[id]/page.tsx [Server Component] @ http://localhost:3000/_next/static/chunks/node_modules_next_dist_0u_w_5s._.js:1945
[   10355ms] [ERROR] ./components/crypto/CryptoDetailHeader.tsx:6:1
Export Github doesn't exist in target module
  4 | import { formatCryptoPrice } from '@/lib/cryptoUtils';
  5 | import { Skeleton } from '@/components/ui/skeleton';
> 6 | import { TrendingUp, TrendingDown, Globe, MessageSquare, Github } from 'lucide-react';
    | ^^^^^^^^^^^^^^^^^^^^^^^^^^^^^^^^^^^^^^^^^^^^^^^^^^^^^^^^^^^^^^^^^^^^^^^^^^^^^^^^^^^^^^
  7 |
  8 | interface CryptoDetailHeaderProps {
  9 |   id: string;

The export Github was not found in module [project]/node_modules/lucide-react/dist/esm/lucide-react.mjs [app-client] (ecmascript).
Did you mean to import Gift?
All exports of the module are statically known (It doesn't have dynamic exports). So it's known statically that the requested export doesn't exist.

Import traces:
  Client Component Browser:
    ./components/crypto/CryptoDetailHeader.tsx [Client Component Browser]
    ./app/(main)/crypto/[id]/page.tsx [Client Component Browser]
    ./app/(main)/crypto/[id]/page.tsx [Server Component]

  Client Component SSR:
    ./components/crypto/CryptoDetailHeader.tsx [Client Component SSR]
    ./app/(main)/crypto/[id]/page.tsx [Client Component SSR]
    ./app/(main)/crypto/[id]/page.tsx [Server Component] @ http://localhost:3000/_next/static/chunks/node_modules_next_dist_0u_w_5s._.js:1945
[   10355ms] [ERROR] ./components/crypto/CryptoDetailHeader.tsx:6:1
Export Github doesn't exist in target module
  4 | import { formatCryptoPrice } from '@/lib/cryptoUtils';
  5 | import { Skeleton } from '@/components/ui/skeleton';
> 6 | import { TrendingUp, TrendingDown, Globe, MessageSquare, Github } from 'lucide-react';
    | ^^^^^^^^^^^^^^^^^^^^^^^^^^^^^^^^^^^^^^^^^^^^^^^^^^^^^^^^^^^^^^^^^^^^^^^^^^^^^^^^^^^^^^
  7 |
  8 | interface CryptoDetailHeaderProps {
  9 |   id: string;

The export Github was not found in module [project]/node_modules/lucide-react/dist/esm/lucide-react.mjs [app-ssr] (ecmascript).
Did you mean to import Gift?
All exports of the module are statically known (It doesn't have dynamic exports). So it's known statically that the requested export doesn't exist.

Import traces:
  Client Component Browser:
    ./components/crypto/CryptoDetailHeader.tsx [Client Component Browser]
    ./app/(main)/crypto/[id]/page.tsx [Client Component Browser]
    ./app/(main)/crypto/[id]/page.tsx [Server Component]

  Client Component SSR:
    ./components/crypto/CryptoDetailHeader.tsx [Client Component SSR]
    ./app/(main)/crypto/[id]/page.tsx [Client Component SSR]
    ./app/(main)/crypto/[id]/page.tsx [Server Component] @ http://localhost:3000/_next/static/chunks/node_modules_next_dist_0u_w_5s._.js:1945
[   10415ms] [ERROR] ./components/crypto/CryptoDetailHeader.tsx:6:1
Export Github doesn't exist in target module
  4 | import { formatCryptoPrice } from '@/lib/cryptoUtils';
  5 | import { Skeleton } from '@/components/ui/skeleton';
> 6 | import { TrendingUp, TrendingDown, Globe, MessageSquare, Github } from 'lucide-react';
    | ^^^^^^^^^^^^^^^^^^^^^^^^^^^^^^^^^^^^^^^^^^^^^^^^^^^^^^^^^^^^^^^^^^^^^^^^^^^^^^^^^^^^^^
  7 |
  8 | interface CryptoDetailHeaderProps {
  9 |   id: string;

The export Github was not found in module [project]/node_modules/lucide-react/dist/esm/lucide-react.mjs [app-client] (ecmascript).
Did you mean to import Gift?
All exports of the module are statically known (It doesn't have dynamic exports). So it's known statically that the requested export doesn't exist.

Import traces:
  Client Component Browser:
    ./components/crypto/CryptoDetailHeader.tsx [Client Component Browser]
    ./app/(main)/crypto/[id]/page.tsx [Client Component Browser]
    ./app/(main)/crypto/[id]/page.tsx [Server Component]

  Client Component SSR:
    ./components/crypto/CryptoDetailHeader.tsx [Client Component SSR]
    ./app/(main)/crypto/[id]/page.tsx [Client Component SSR]
    ./app/(main)/crypto/[id]/page.tsx [Server Component] @ http://localhost:3000/_next/static/chunks/node_modules_next_dist_0u_w_5s._.js:1945
[   10415ms] [ERROR] ./components/crypto/CryptoDetailHeader.tsx:6:1
Export Github doesn't exist in target module
  4 | import { formatCryptoPrice } from '@/lib/cryptoUtils';
  5 | import { Skeleton } from '@/components/ui/skeleton';
> 6 | import { TrendingUp, TrendingDown, Globe, MessageSquare, Github } from 'lucide-react';
    | ^^^^^^^^^^^^^^^^^^^^^^^^^^^^^^^^^^^^^^^^^^^^^^^^^^^^^^^^^^^^^^^^^^^^^^^^^^^^^^^^^^^^^^
  7 |
  8 | interface CryptoDetailHeaderProps {
  9 |   id: string;

The export Github was not found in module [project]/node_modules/lucide-react/dist/esm/lucide-react.mjs [app-ssr] (ecmascript).
Did you mean to import Gift?
All exports of the module are statically known (It doesn't have dynamic exports). So it's known statically that the requested export doesn't exist.

Import traces:
  Client Component Browser:
    ./components/crypto/CryptoDetailHeader.tsx [Client Component Browser]
    ./app/(main)/crypto/[id]/page.tsx [Client Component Browser]
    ./app/(main)/crypto/[id]/page.tsx [Server Component]

  Client Component SSR:
    ./components/crypto/CryptoDetailHeader.tsx [Client Component SSR]
    ./app/(main)/crypto/[id]/page.tsx [Client Component SSR]
    ./app/(main)/crypto/[id]/page.tsx [Server Component] @ http://localhost:3000/_next/static/chunks/node_modules_next_dist_0u_w_5s._.js:1945
[   10476ms] [ERROR] ./components/crypto/CryptoDetailHeader.tsx:6:1
Export Github doesn't exist in target module
  4 | import { formatCryptoPrice } from '@/lib/cryptoUtils';
  5 | import { Skeleton } from '@/components/ui/skeleton';
> 6 | import { TrendingUp, TrendingDown, Globe, MessageSquare, Github } from 'lucide-react';
    | ^^^^^^^^^^^^^^^^^^^^^^^^^^^^^^^^^^^^^^^^^^^^^^^^^^^^^^^^^^^^^^^^^^^^^^^^^^^^^^^^^^^^^^
  7 |
  8 | interface CryptoDetailHeaderProps {
  9 |   id: string;

The export Github was not found in module [project]/node_modules/lucide-react/dist/esm/lucide-react.mjs [app-client] (ecmascript).
Did you mean to import Gift?
All exports of the module are statically known (It doesn't have dynamic exports). So it's known statically that the requested export doesn't exist.

Import traces:
  Client Component Browser:
    ./components/crypto/CryptoDetailHeader.tsx [Client Component Browser]
    ./app/(main)/crypto/[id]/page.tsx [Client Component Browser]
    ./app/(main)/crypto/[id]/page.tsx [Server Component]

  Client Component SSR:
    ./components/crypto/CryptoDetailHeader.tsx [Client Component SSR]
    ./app/(main)/crypto/[id]/page.tsx [Client Component SSR]
    ./app/(main)/crypto/[id]/page.tsx [Server Component] @ http://localhost:3000/_next/static/chunks/node_modules_next_dist_0u_w_5s._.js:1945
[   10476ms] [ERROR] ./components/crypto/CryptoDetailHeader.tsx:6:1
Export Github doesn't exist in target module
  4 | import { formatCryptoPrice } from '@/lib/cryptoUtils';
  5 | import { Skeleton } from '@/components/ui/skeleton';
> 6 | import { TrendingUp, TrendingDown, Globe, MessageSquare, Github } from 'lucide-react';
    | ^^^^^^^^^^^^^^^^^^^^^^^^^^^^^^^^^^^^^^^^^^^^^^^^^^^^^^^^^^^^^^^^^^^^^^^^^^^^^^^^^^^^^^
  7 |
  8 | interface CryptoDetailHeaderProps {
  9 |   id: string;

The export Github was not found in module [project]/node_modules/lucide-react/dist/esm/lucide-react.mjs [app-ssr] (ecmascript).
Did you mean to import Gift?
All exports of the module are statically known (It doesn't have dynamic exports). So it's known statically that the requested export doesn't exist.

Import traces:
  Client Component Browser:
    ./components/crypto/CryptoDetailHeader.tsx [Client Component Browser]
    ./app/(main)/crypto/[id]/page.tsx [Client Component Browser]
    ./app/(main)/crypto/[id]/page.tsx [Server Component]

  Client Component SSR:
    ./components/crypto/CryptoDetailHeader.tsx [Client Component SSR]
    ./app/(main)/crypto/[id]/page.tsx [Client Component SSR]
    ./app/(main)/crypto/[id]/page.tsx [Server Component] @ http://localhost:3000/_next/static/chunks/node_modules_next_dist_0u_w_5s._.js:1945
[   10536ms] [ERROR] ./components/crypto/CryptoDetailHeader.tsx:6:1
Export Github doesn't exist in target module
  4 | import { formatCryptoPrice } from '@/lib/cryptoUtils';
  5 | import { Skeleton } from '@/components/ui/skeleton';
> 6 | import { TrendingUp, TrendingDown, Globe, MessageSquare, Github } from 'lucide-react';
    | ^^^^^^^^^^^^^^^^^^^^^^^^^^^^^^^^^^^^^^^^^^^^^^^^^^^^^^^^^^^^^^^^^^^^^^^^^^^^^^^^^^^^^^
  7 |
  8 | interface CryptoDetailHeaderProps {
  9 |   id: string;

The export Github was not found in module [project]/node_modules/lucide-react/dist/esm/lucide-react.mjs [app-client] (ecmascript).
Did you mean to import Gift?
All exports of the module are statically known (It doesn't have dynamic exports). So it's known statically that the requested export doesn't exist.

Import traces:
  Client Component Browser:
    ./components/crypto/CryptoDetailHeader.tsx [Client Component Browser]
    ./app/(main)/crypto/[id]/page.tsx [Client Component Browser]
    ./app/(main)/crypto/[id]/page.tsx [Server Component]

  Client Component SSR:
    ./components/crypto/CryptoDetailHeader.tsx [Client Component SSR]
    ./app/(main)/crypto/[id]/page.tsx [Client Component SSR]
    ./app/(main)/crypto/[id]/page.tsx [Server Component] @ http://localhost:3000/_next/static/chunks/node_modules_next_dist_0u_w_5s._.js:1945
[   10536ms] [ERROR] ./components/crypto/CryptoDetailHeader.tsx:6:1
Export Github doesn't exist in target module
  4 | import { formatCryptoPrice } from '@/lib/cryptoUtils';
  5 | import { Skeleton } from '@/components/ui/skeleton';
> 6 | import { TrendingUp, TrendingDown, Globe, MessageSquare, Github } from 'lucide-react';
    | ^^^^^^^^^^^^^^^^^^^^^^^^^^^^^^^^^^^^^^^^^^^^^^^^^^^^^^^^^^^^^^^^^^^^^^^^^^^^^^^^^^^^^^
  7 |
  8 | interface CryptoDetailHeaderProps {
  9 |   id: string;

The export Github was not found in module [project]/node_modules/lucide-react/dist/esm/lucide-react.mjs [app-ssr] (ecmascript).
Did you mean to import Gift?
All exports of the module are statically known (It doesn't have dynamic exports). So it's known statically that the requested export doesn't exist.

Import traces:
  Client Component Browser:
    ./components/crypto/CryptoDetailHeader.tsx [Client Component Browser]
    ./app/(main)/crypto/[id]/page.tsx [Client Component Browser]
    ./app/(main)/crypto/[id]/page.tsx [Server Component]

  Client Component SSR:
    ./components/crypto/CryptoDetailHeader.tsx [Client Component SSR]
    ./app/(main)/crypto/[id]/page.tsx [Client Component SSR]
    ./app/(main)/crypto/[id]/page.tsx [Server Component] @ http://localhost:3000/_next/static/chunks/node_modules_next_dist_0u_w_5s._.js:1945
[   10596ms] [ERROR] ./components/crypto/CryptoDetailHeader.tsx:6:1
Export Github doesn't exist in target module
  4 | import { formatCryptoPrice } from '@/lib/cryptoUtils';
  5 | import { Skeleton } from '@/components/ui/skeleton';
> 6 | import { TrendingUp, TrendingDown, Globe, MessageSquare, Github } from 'lucide-react';
    | ^^^^^^^^^^^^^^^^^^^^^^^^^^^^^^^^^^^^^^^^^^^^^^^^^^^^^^^^^^^^^^^^^^^^^^^^^^^^^^^^^^^^^^
  7 |
  8 | interface CryptoDetailHeaderProps {
  9 |   id: string;

The export Github was not found in module [project]/node_modules/lucide-react/dist/esm/lucide-react.mjs [app-client] (ecmascript).
Did you mean to import Gift?
All exports of the module are statically known (It doesn't have dynamic exports). So it's known statically that the requested export doesn't exist.

Import traces:
  Client Component Browser:
    ./components/crypto/CryptoDetailHeader.tsx [Client Component Browser]
    ./app/(main)/crypto/[id]/page.tsx [Client Component Browser]
    ./app/(main)/crypto/[id]/page.tsx [Server Component]

  Client Component SSR:
    ./components/crypto/CryptoDetailHeader.tsx [Client Component SSR]
    ./app/(main)/crypto/[id]/page.tsx [Client Component SSR]
    ./app/(main)/crypto/[id]/page.tsx [Server Component] @ http://localhost:3000/_next/static/chunks/node_modules_next_dist_0u_w_5s._.js:1945
[   10596ms] [ERROR] ./components/crypto/CryptoDetailHeader.tsx:6:1
Export Github doesn't exist in target module
  4 | import { formatCryptoPrice } from '@/lib/cryptoUtils';
  5 | import { Skeleton } from '@/components/ui/skeleton';
> 6 | import { TrendingUp, TrendingDown, Globe, MessageSquare, Github } from 'lucide-react';
    | ^^^^^^^^^^^^^^^^^^^^^^^^^^^^^^^^^^^^^^^^^^^^^^^^^^^^^^^^^^^^^^^^^^^^^^^^^^^^^^^^^^^^^^
  7 |
  8 | interface CryptoDetailHeaderProps {
  9 |   id: string;

The export Github was not found in module [project]/node_modules/lucide-react/dist/esm/lucide-react.mjs [app-ssr] (ecmascript).
Did you mean to import Gift?
All exports of the module are statically known (It doesn't have dynamic exports). So it's known statically that the requested export doesn't exist.

Import traces:
  Client Component Browser:
    ./components/crypto/CryptoDetailHeader.tsx [Client Component Browser]
    ./app/(main)/crypto/[id]/page.tsx [Client Component Browser]
    ./app/(main)/crypto/[id]/page.tsx [Server Component]

  Client Component SSR:
    ./components/crypto/CryptoDetailHeader.tsx [Client Component SSR]
    ./app/(main)/crypto/[id]/page.tsx [Client Component SSR]
    ./app/(main)/crypto/[id]/page.tsx [Server Component] @ http://localhost:3000/_next/static/chunks/node_modules_next_dist_0u_w_5s._.js:1945
[   10656ms] [ERROR] ./components/crypto/CryptoDetailHeader.tsx:6:1
Export Github doesn't exist in target module
  4 | import { formatCryptoPrice } from '@/lib/cryptoUtils';
  5 | import { Skeleton } from '@/components/ui/skeleton';
> 6 | import { TrendingUp, TrendingDown, Globe, MessageSquare, Github } from 'lucide-react';
    | ^^^^^^^^^^^^^^^^^^^^^^^^^^^^^^^^^^^^^^^^^^^^^^^^^^^^^^^^^^^^^^^^^^^^^^^^^^^^^^^^^^^^^^
  7 |
  8 | interface CryptoDetailHeaderProps {
  9 |   id: string;

The export Github was not found in module [project]/node_modules/lucide-react/dist/esm/lucide-react.mjs [app-client] (ecmascript).
Did you mean to import Gift?
All exports of the module are statically known (It doesn't have dynamic exports). So it's known statically that the requested export doesn't exist.

Import traces:
  Client Component Browser:
    ./components/crypto/CryptoDetailHeader.tsx [Client Component Browser]
    ./app/(main)/crypto/[id]/page.tsx [Client Component Browser]
    ./app/(main)/crypto/[id]/page.tsx [Server Component]

  Client Component SSR:
    ./components/crypto/CryptoDetailHeader.tsx [Client Component SSR]
    ./app/(main)/crypto/[id]/page.tsx [Client Component SSR]
    ./app/(main)/crypto/[id]/page.tsx [Server Component] @ http://localhost:3000/_next/static/chunks/node_modules_next_dist_0u_w_5s._.js:1945
[   10656ms] [ERROR] ./components/crypto/CryptoDetailHeader.tsx:6:1
Export Github doesn't exist in target module
  4 | import { formatCryptoPrice } from '@/lib/cryptoUtils';
  5 | import { Skeleton } from '@/components/ui/skeleton';
> 6 | import { TrendingUp, TrendingDown, Globe, MessageSquare, Github } from 'lucide-react';
    | ^^^^^^^^^^^^^^^^^^^^^^^^^^^^^^^^^^^^^^^^^^^^^^^^^^^^^^^^^^^^^^^^^^^^^^^^^^^^^^^^^^^^^^
  7 |
  8 | interface CryptoDetailHeaderProps {
  9 |   id: string;

The export Github was not found in module [project]/node_modules/lucide-react/dist/esm/lucide-react.mjs [app-ssr] (ecmascript).
Did you mean to import Gift?
All exports of the module are statically known (It doesn't have dynamic exports). So it's known statically that the requested export doesn't exist.

Import traces:
  Client Component Browser:
    ./components/crypto/CryptoDetailHeader.tsx [Client Component Browser]
    ./app/(main)/crypto/[id]/page.tsx [Client Component Browser]
    ./app/(main)/crypto/[id]/page.tsx [Server Component]

  Client Component SSR:
    ./components/crypto/CryptoDetailHeader.tsx [Client Component SSR]
    ./app/(main)/crypto/[id]/page.tsx [Client Component SSR]
    ./app/(main)/crypto/[id]/page.tsx [Server Component] @ http://localhost:3000/_next/static/chunks/node_modules_next_dist_0u_w_5s._.js:1945
[   10716ms] [ERROR] ./components/crypto/CryptoDetailHeader.tsx:6:1
Export Github doesn't exist in target module
  4 | import { formatCryptoPrice } from '@/lib/cryptoUtils';
  5 | import { Skeleton } from '@/components/ui/skeleton';
> 6 | import { TrendingUp, TrendingDown, Globe, MessageSquare, Github } from 'lucide-react';
    | ^^^^^^^^^^^^^^^^^^^^^^^^^^^^^^^^^^^^^^^^^^^^^^^^^^^^^^^^^^^^^^^^^^^^^^^^^^^^^^^^^^^^^^
  7 |
  8 | interface CryptoDetailHeaderProps {
  9 |   id: string;

The export Github was not found in module [project]/node_modules/lucide-react/dist/esm/lucide-react.mjs [app-client] (ecmascript).
Did you mean to import Gift?
All exports of the module are statically known (It doesn't have dynamic exports). So it's known statically that the requested export doesn't exist.

Import traces:
  Client Component Browser:
    ./components/crypto/CryptoDetailHeader.tsx [Client Component Browser]
    ./app/(main)/crypto/[id]/page.tsx [Client Component Browser]
    ./app/(main)/crypto/[id]/page.tsx [Server Component]

  Client Component SSR:
    ./components/crypto/CryptoDetailHeader.tsx [Client Component SSR]
    ./app/(main)/crypto/[id]/page.tsx [Client Component SSR]
    ./app/(main)/crypto/[id]/page.tsx [Server Component] @ http://localhost:3000/_next/static/chunks/node_modules_next_dist_0u_w_5s._.js:1945
[   10716ms] [ERROR] ./components/crypto/CryptoDetailHeader.tsx:6:1
Export Github doesn't exist in target module
  4 | import { formatCryptoPrice } from '@/lib/cryptoUtils';
  5 | import { Skeleton } from '@/components/ui/skeleton';
> 6 | import { TrendingUp, TrendingDown, Globe, MessageSquare, Github } from 'lucide-react';
    | ^^^^^^^^^^^^^^^^^^^^^^^^^^^^^^^^^^^^^^^^^^^^^^^^^^^^^^^^^^^^^^^^^^^^^^^^^^^^^^^^^^^^^^
  7 |
  8 | interface CryptoDetailHeaderProps {
  9 |   id: string;

The export Github was not found in module [project]/node_modules/lucide-react/dist/esm/lucide-react.mjs [app-ssr] (ecmascript).
Did you mean to import Gift?
All exports of the module are statically known (It doesn't have dynamic exports). So it's known statically that the requested export doesn't exist.

Import traces:
  Client Component Browser:
    ./components/crypto/CryptoDetailHeader.tsx [Client Component Browser]
    ./app/(main)/crypto/[id]/page.tsx [Client Component Browser]
    ./app/(main)/crypto/[id]/page.tsx [Server Component]

  Client Component SSR:
    ./components/crypto/CryptoDetailHeader.tsx [Client Component SSR]
    ./app/(main)/crypto/[id]/page.tsx [Client Component SSR]
    ./app/(main)/crypto/[id]/page.tsx [Server Component] @ http://localhost:3000/_next/static/chunks/node_modules_next_dist_0u_w_5s._.js:1945
[   10776ms] [ERROR] ./components/crypto/CryptoDetailHeader.tsx:6:1
Export Github doesn't exist in target module
  4 | import { formatCryptoPrice } from '@/lib/cryptoUtils';
  5 | import { Skeleton } from '@/components/ui/skeleton';
> 6 | import { TrendingUp, TrendingDown, Globe, MessageSquare, Github } from 'lucide-react';
    | ^^^^^^^^^^^^^^^^^^^^^^^^^^^^^^^^^^^^^^^^^^^^^^^^^^^^^^^^^^^^^^^^^^^^^^^^^^^^^^^^^^^^^^
  7 |
  8 | interface CryptoDetailHeaderProps {
  9 |   id: string;

The export Github was not found in module [project]/node_modules/lucide-react/dist/esm/lucide-react.mjs [app-client] (ecmascript).
Did you mean to import Gift?
All exports of the module are statically known (It doesn't have dynamic exports). So it's known statically that the requested export doesn't exist.

Import traces:
  Client Component Browser:
    ./components/crypto/CryptoDetailHeader.tsx [Client Component Browser]
    ./app/(main)/crypto/[id]/page.tsx [Client Component Browser]
    ./app/(main)/crypto/[id]/page.tsx [Server Component]

  Client Component SSR:
    ./components/crypto/CryptoDetailHeader.tsx [Client Component SSR]
    ./app/(main)/crypto/[id]/page.tsx [Client Component SSR]
    ./app/(main)/crypto/[id]/page.tsx [Server Component] @ http://localhost:3000/_next/static/chunks/node_modules_next_dist_0u_w_5s._.js:1945
[   10776ms] [ERROR] ./components/crypto/CryptoDetailHeader.tsx:6:1
Export Github doesn't exist in target module
  4 | import { formatCryptoPrice } from '@/lib/cryptoUtils';
  5 | import { Skeleton } from '@/components/ui/skeleton';
> 6 | import { TrendingUp, TrendingDown, Globe, MessageSquare, Github } from 'lucide-react';
    | ^^^^^^^^^^^^^^^^^^^^^^^^^^^^^^^^^^^^^^^^^^^^^^^^^^^^^^^^^^^^^^^^^^^^^^^^^^^^^^^^^^^^^^
  7 |
  8 | interface CryptoDetailHeaderProps {
  9 |   id: string;

The export Github was not found in module [project]/node_modules/lucide-react/dist/esm/lucide-react.mjs [app-ssr] (ecmascript).
Did you mean to import Gift?
All exports of the module are statically known (It doesn't have dynamic exports). So it's known statically that the requested export doesn't exist.

Import traces:
  Client Component Browser:
    ./components/crypto/CryptoDetailHeader.tsx [Client Component Browser]
    ./app/(main)/crypto/[id]/page.tsx [Client Component Browser]
    ./app/(main)/crypto/[id]/page.tsx [Server Component]

  Client Component SSR:
    ./components/crypto/CryptoDetailHeader.tsx [Client Component SSR]
    ./app/(main)/crypto/[id]/page.tsx [Client Component SSR]
    ./app/(main)/crypto/[id]/page.tsx [Server Component] @ http://localhost:3000/_next/static/chunks/node_modules_next_dist_0u_w_5s._.js:1945
[   10836ms] [ERROR] ./components/crypto/CryptoDetailHeader.tsx:6:1
Export Github doesn't exist in target module
  4 | import { formatCryptoPrice } from '@/lib/cryptoUtils';
  5 | import { Skeleton } from '@/components/ui/skeleton';
> 6 | import { TrendingUp, TrendingDown, Globe, MessageSquare, Github } from 'lucide-react';
    | ^^^^^^^^^^^^^^^^^^^^^^^^^^^^^^^^^^^^^^^^^^^^^^^^^^^^^^^^^^^^^^^^^^^^^^^^^^^^^^^^^^^^^^
  7 |
  8 | interface CryptoDetailHeaderProps {
  9 |   id: string;

The export Github was not found in module [project]/node_modules/lucide-react/dist/esm/lucide-react.mjs [app-client] (ecmascript).
Did you mean to import Gift?
All exports of the module are statically known (It doesn't have dynamic exports). So it's known statically that the requested export doesn't exist.

Import traces:
  Client Component Browser:
    ./components/crypto/CryptoDetailHeader.tsx [Client Component Browser]
    ./app/(main)/crypto/[id]/page.tsx [Client Component Browser]
    ./app/(main)/crypto/[id]/page.tsx [Server Component]

  Client Component SSR:
    ./components/crypto/CryptoDetailHeader.tsx [Client Component SSR]
    ./app/(main)/crypto/[id]/page.tsx [Client Component SSR]
    ./app/(main)/crypto/[id]/page.tsx [Server Component] @ http://localhost:3000/_next/static/chunks/node_modules_next_dist_0u_w_5s._.js:1945
[   10836ms] [ERROR] ./components/crypto/CryptoDetailHeader.tsx:6:1
Export Github doesn't exist in target module
  4 | import { formatCryptoPrice } from '@/lib/cryptoUtils';
  5 | import { Skeleton } from '@/components/ui/skeleton';
> 6 | import { TrendingUp, TrendingDown, Globe, MessageSquare, Github } from 'lucide-react';
    | ^^^^^^^^^^^^^^^^^^^^^^^^^^^^^^^^^^^^^^^^^^^^^^^^^^^^^^^^^^^^^^^^^^^^^^^^^^^^^^^^^^^^^^
  7 |
  8 | interface CryptoDetailHeaderProps {
  9 |   id: string;

The export Github was not found in module [project]/node_modules/lucide-react/dist/esm/lucide-react.mjs [app-ssr] (ecmascript).
Did you mean to import Gift?
All exports of the module are statically known (It doesn't have dynamic exports). So it's known statically that the requested export doesn't exist.

Import traces:
  Client Component Browser:
    ./components/crypto/CryptoDetailHeader.tsx [Client Component Browser]
    ./app/(main)/crypto/[id]/page.tsx [Client Component Browser]
    ./app/(main)/crypto/[id]/page.tsx [Server Component]

  Client Component SSR:
    ./components/crypto/CryptoDetailHeader.tsx [Client Component SSR]
    ./app/(main)/crypto/[id]/page.tsx [Client Component SSR]
    ./app/(main)/crypto/[id]/page.tsx [Server Component] @ http://localhost:3000/_next/static/chunks/node_modules_next_dist_0u_w_5s._.js:1945
[   10896ms] [ERROR] ./components/crypto/CryptoDetailHeader.tsx:6:1
Export Github doesn't exist in target module
  4 | import { formatCryptoPrice } from '@/lib/cryptoUtils';
  5 | import { Skeleton } from '@/components/ui/skeleton';
> 6 | import { TrendingUp, TrendingDown, Globe, MessageSquare, Github } from 'lucide-react';
    | ^^^^^^^^^^^^^^^^^^^^^^^^^^^^^^^^^^^^^^^^^^^^^^^^^^^^^^^^^^^^^^^^^^^^^^^^^^^^^^^^^^^^^^
  7 |
  8 | interface CryptoDetailHeaderProps {
  9 |   id: string;

The export Github was not found in module [project]/node_modules/lucide-react/dist/esm/lucide-react.mjs [app-client] (ecmascript).
Did you mean to import Gift?
All exports of the module are statically known (It doesn't have dynamic exports). So it's known statically that the requested export doesn't exist.

Import traces:
  Client Component Browser:
    ./components/crypto/CryptoDetailHeader.tsx [Client Component Browser]
    ./app/(main)/crypto/[id]/page.tsx [Client Component Browser]
    ./app/(main)/crypto/[id]/page.tsx [Server Component]

  Client Component SSR:
    ./components/crypto/CryptoDetailHeader.tsx [Client Component SSR]
    ./app/(main)/crypto/[id]/page.tsx [Client Component SSR]
    ./app/(main)/crypto/[id]/page.tsx [Server Component] @ http://localhost:3000/_next/static/chunks/node_modules_next_dist_0u_w_5s._.js:1945
[   10897ms] [ERROR] ./components/crypto/CryptoDetailHeader.tsx:6:1
Export Github doesn't exist in target module
  4 | import { formatCryptoPrice } from '@/lib/cryptoUtils';
  5 | import { Skeleton } from '@/components/ui/skeleton';
> 6 | import { TrendingUp, TrendingDown, Globe, MessageSquare, Github } from 'lucide-react';
    | ^^^^^^^^^^^^^^^^^^^^^^^^^^^^^^^^^^^^^^^^^^^^^^^^^^^^^^^^^^^^^^^^^^^^^^^^^^^^^^^^^^^^^^
  7 |
  8 | interface CryptoDetailHeaderProps {
  9 |   id: string;

The export Github was not found in module [project]/node_modules/lucide-react/dist/esm/lucide-react.mjs [app-ssr] (ecmascript).
Did you mean to import Gift?
All exports of the module are statically known (It doesn't have dynamic exports). So it's known statically that the requested export doesn't exist.

Import traces:
  Client Component Browser:
    ./components/crypto/CryptoDetailHeader.tsx [Client Component Browser]
    ./app/(main)/crypto/[id]/page.tsx [Client Component Browser]
    ./app/(main)/crypto/[id]/page.tsx [Server Component]

  Client Component SSR:
    ./components/crypto/CryptoDetailHeader.tsx [Client Component SSR]
    ./app/(main)/crypto/[id]/page.tsx [Client Component SSR]
    ./app/(main)/crypto/[id]/page.tsx [Server Component] @ http://localhost:3000/_next/static/chunks/node_modules_next_dist_0u_w_5s._.js:1945
[   10956ms] [ERROR] ./components/crypto/CryptoDetailHeader.tsx:6:1
Export Github doesn't exist in target module
  4 | import { formatCryptoPrice } from '@/lib/cryptoUtils';
  5 | import { Skeleton } from '@/components/ui/skeleton';
> 6 | import { TrendingUp, TrendingDown, Globe, MessageSquare, Github } from 'lucide-react';
    | ^^^^^^^^^^^^^^^^^^^^^^^^^^^^^^^^^^^^^^^^^^^^^^^^^^^^^^^^^^^^^^^^^^^^^^^^^^^^^^^^^^^^^^
  7 |
  8 | interface CryptoDetailHeaderProps {
  9 |   id: string;

The export Github was not found in module [project]/node_modules/lucide-react/dist/esm/lucide-react.mjs [app-client] (ecmascript).
Did you mean to import Gift?
All exports of the module are statically known (It doesn't have dynamic exports). So it's known statically that the requested export doesn't exist.

Import traces:
  Client Component Browser:
    ./components/crypto/CryptoDetailHeader.tsx [Client Component Browser]
    ./app/(main)/crypto/[id]/page.tsx [Client Component Browser]
    ./app/(main)/crypto/[id]/page.tsx [Server Component]

  Client Component SSR:
    ./components/crypto/CryptoDetailHeader.tsx [Client Component SSR]
    ./app/(main)/crypto/[id]/page.tsx [Client Component SSR]
    ./app/(main)/crypto/[id]/page.tsx [Server Component] @ http://localhost:3000/_next/static/chunks/node_modules_next_dist_0u_w_5s._.js:1945
[   10956ms] [ERROR] ./components/crypto/CryptoDetailHeader.tsx:6:1
Export Github doesn't exist in target module
  4 | import { formatCryptoPrice } from '@/lib/cryptoUtils';
  5 | import { Skeleton } from '@/components/ui/skeleton';
> 6 | import { TrendingUp, TrendingDown, Globe, MessageSquare, Github } from 'lucide-react';
    | ^^^^^^^^^^^^^^^^^^^^^^^^^^^^^^^^^^^^^^^^^^^^^^^^^^^^^^^^^^^^^^^^^^^^^^^^^^^^^^^^^^^^^^
  7 |
  8 | interface CryptoDetailHeaderProps {
  9 |   id: string;

The export Github was not found in module [project]/node_modules/lucide-react/dist/esm/lucide-react.mjs [app-ssr] (ecmascript).
Did you mean to import Gift?
All exports of the module are statically known (It doesn't have dynamic exports). So it's known statically that the requested export doesn't exist.

Import traces:
  Client Component Browser:
    ./components/crypto/CryptoDetailHeader.tsx [Client Component Browser]
    ./app/(main)/crypto/[id]/page.tsx [Client Component Browser]
    ./app/(main)/crypto/[id]/page.tsx [Server Component]

  Client Component SSR:
    ./components/crypto/CryptoDetailHeader.tsx [Client Component SSR]
    ./app/(main)/crypto/[id]/page.tsx [Client Component SSR]
    ./app/(main)/crypto/[id]/page.tsx [Server Component] @ http://localhost:3000/_next/static/chunks/node_modules_next_dist_0u_w_5s._.js:1945
[   11016ms] [ERROR] ./components/crypto/CryptoDetailHeader.tsx:6:1
Export Github doesn't exist in target module
  4 | import { formatCryptoPrice } from '@/lib/cryptoUtils';
  5 | import { Skeleton } from '@/components/ui/skeleton';
> 6 | import { TrendingUp, TrendingDown, Globe, MessageSquare, Github } from 'lucide-react';
    | ^^^^^^^^^^^^^^^^^^^^^^^^^^^^^^^^^^^^^^^^^^^^^^^^^^^^^^^^^^^^^^^^^^^^^^^^^^^^^^^^^^^^^^
  7 |
  8 | interface CryptoDetailHeaderProps {
  9 |   id: string;

The export Github was not found in module [project]/node_modules/lucide-react/dist/esm/lucide-react.mjs [app-client] (ecmascript).
Did you mean to import Gift?
All exports of the module are statically known (It doesn't have dynamic exports). So it's known statically that the requested export doesn't exist.

Import traces:
  Client Component Browser:
    ./components/crypto/CryptoDetailHeader.tsx [Client Component Browser]
    ./app/(main)/crypto/[id]/page.tsx [Client Component Browser]
    ./app/(main)/crypto/[id]/page.tsx [Server Component]

  Client Component SSR:
    ./components/crypto/CryptoDetailHeader.tsx [Client Component SSR]
    ./app/(main)/crypto/[id]/page.tsx [Client Component SSR]
    ./app/(main)/crypto/[id]/page.tsx [Server Component] @ http://localhost:3000/_next/static/chunks/node_modules_next_dist_0u_w_5s._.js:1945
[   11017ms] [ERROR] ./components/crypto/CryptoDetailHeader.tsx:6:1
Export Github doesn't exist in target module
  4 | import { formatCryptoPrice } from '@/lib/cryptoUtils';
  5 | import { Skeleton } from '@/components/ui/skeleton';
> 6 | import { TrendingUp, TrendingDown, Globe, MessageSquare, Github } from 'lucide-react';
    | ^^^^^^^^^^^^^^^^^^^^^^^^^^^^^^^^^^^^^^^^^^^^^^^^^^^^^^^^^^^^^^^^^^^^^^^^^^^^^^^^^^^^^^
  7 |
  8 | interface CryptoDetailHeaderProps {
  9 |   id: string;

The export Github was not found in module [project]/node_modules/lucide-react/dist/esm/lucide-react.mjs [app-ssr] (ecmascript).
Did you mean to import Gift?
All exports of the module are statically known (It doesn't have dynamic exports). So it's known statically that the requested export doesn't exist.

Import traces:
  Client Component Browser:
    ./components/crypto/CryptoDetailHeader.tsx [Client Component Browser]
    ./app/(main)/crypto/[id]/page.tsx [Client Component Browser]
    ./app/(main)/crypto/[id]/page.tsx [Server Component]

  Client Component SSR:
    ./components/crypto/CryptoDetailHeader.tsx [Client Component SSR]
    ./app/(main)/crypto/[id]/page.tsx [Client Component SSR]
    ./app/(main)/crypto/[id]/page.tsx [Server Component] @ http://localhost:3000/_next/static/chunks/node_modules_next_dist_0u_w_5s._.js:1945
[   11076ms] [ERROR] ./components/crypto/CryptoDetailHeader.tsx:6:1
Export Github doesn't exist in target module
  4 | import { formatCryptoPrice } from '@/lib/cryptoUtils';
  5 | import { Skeleton } from '@/components/ui/skeleton';
> 6 | import { TrendingUp, TrendingDown, Globe, MessageSquare, Github } from 'lucide-react';
    | ^^^^^^^^^^^^^^^^^^^^^^^^^^^^^^^^^^^^^^^^^^^^^^^^^^^^^^^^^^^^^^^^^^^^^^^^^^^^^^^^^^^^^^
  7 |
  8 | interface CryptoDetailHeaderProps {
  9 |   id: string;

The export Github was not found in module [project]/node_modules/lucide-react/dist/esm/lucide-react.mjs [app-client] (ecmascript).
Did you mean to import Gift?
All exports of the module are statically known (It doesn't have dynamic exports). So it's known statically that the requested export doesn't exist.

Import traces:
  Client Component Browser:
    ./components/crypto/CryptoDetailHeader.tsx [Client Component Browser]
    ./app/(main)/crypto/[id]/page.tsx [Client Component Browser]
    ./app/(main)/crypto/[id]/page.tsx [Server Component]

  Client Component SSR:
    ./components/crypto/CryptoDetailHeader.tsx [Client Component SSR]
    ./app/(main)/crypto/[id]/page.tsx [Client Component SSR]
    ./app/(main)/crypto/[id]/page.tsx [Server Component] @ http://localhost:3000/_next/static/chunks/node_modules_next_dist_0u_w_5s._.js:1945
[   11076ms] [ERROR] ./components/crypto/CryptoDetailHeader.tsx:6:1
Export Github doesn't exist in target module
  4 | import { formatCryptoPrice } from '@/lib/cryptoUtils';
  5 | import { Skeleton } from '@/components/ui/skeleton';
> 6 | import { TrendingUp, TrendingDown, Globe, MessageSquare, Github } from 'lucide-react';
    | ^^^^^^^^^^^^^^^^^^^^^^^^^^^^^^^^^^^^^^^^^^^^^^^^^^^^^^^^^^^^^^^^^^^^^^^^^^^^^^^^^^^^^^
  7 |
  8 | interface CryptoDetailHeaderProps {
  9 |   id: string;

The export Github was not found in module [project]/node_modules/lucide-react/dist/esm/lucide-react.mjs [app-ssr] (ecmascript).
Did you mean to import Gift?
All exports of the module are statically known (It doesn't have dynamic exports). So it's known statically that the requested export doesn't exist.

Import traces:
  Client Component Browser:
    ./components/crypto/CryptoDetailHeader.tsx [Client Component Browser]
    ./app/(main)/crypto/[id]/page.tsx [Client Component Browser]
    ./app/(main)/crypto/[id]/page.tsx [Server Component]

  Client Component SSR:
    ./components/crypto/CryptoDetailHeader.tsx [Client Component SSR]
    ./app/(main)/crypto/[id]/page.tsx [Client Component SSR]
    ./app/(main)/crypto/[id]/page.tsx [Server Component] @ http://localhost:3000/_next/static/chunks/node_modules_next_dist_0u_w_5s._.js:1945
[   11135ms] [ERROR] ./components/crypto/CryptoDetailHeader.tsx:6:1
Export Github doesn't exist in target module
  4 | import { formatCryptoPrice } from '@/lib/cryptoUtils';
  5 | import { Skeleton } from '@/components/ui/skeleton';
> 6 | import { TrendingUp, TrendingDown, Globe, MessageSquare, Github } from 'lucide-react';
    | ^^^^^^^^^^^^^^^^^^^^^^^^^^^^^^^^^^^^^^^^^^^^^^^^^^^^^^^^^^^^^^^^^^^^^^^^^^^^^^^^^^^^^^
  7 |
  8 | interface CryptoDetailHeaderProps {
  9 |   id: string;

The export Github was not found in module [project]/node_modules/lucide-react/dist/esm/lucide-react.mjs [app-client] (ecmascript).
Did you mean to import Gift?
All exports of the module are statically known (It doesn't have dynamic exports). So it's known statically that the requested export doesn't exist.

Import traces:
  Client Component Browser:
    ./components/crypto/CryptoDetailHeader.tsx [Client Component Browser]
    ./app/(main)/crypto/[id]/page.tsx [Client Component Browser]
    ./app/(main)/crypto/[id]/page.tsx [Server Component]

  Client Component SSR:
    ./components/crypto/CryptoDetailHeader.tsx [Client Component SSR]
    ./app/(main)/crypto/[id]/page.tsx [Client Component SSR]
    ./app/(main)/crypto/[id]/page.tsx [Server Component] @ http://localhost:3000/_next/static/chunks/node_modules_next_dist_0u_w_5s._.js:1945
[   11136ms] [ERROR] ./components/crypto/CryptoDetailHeader.tsx:6:1
Export Github doesn't exist in target module
  4 | import { formatCryptoPrice } from '@/lib/cryptoUtils';
  5 | import { Skeleton } from '@/components/ui/skeleton';
> 6 | import { TrendingUp, TrendingDown, Globe, MessageSquare, Github } from 'lucide-react';
    | ^^^^^^^^^^^^^^^^^^^^^^^^^^^^^^^^^^^^^^^^^^^^^^^^^^^^^^^^^^^^^^^^^^^^^^^^^^^^^^^^^^^^^^
  7 |
  8 | interface CryptoDetailHeaderProps {
  9 |   id: string;

The export Github was not found in module [project]/node_modules/lucide-react/dist/esm/lucide-react.mjs [app-ssr] (ecmascript).
Did you mean to import Gift?
All exports of the module are statically known (It doesn't have dynamic exports). So it's known statically that the requested export doesn't exist.

Import traces:
  Client Component Browser:
    ./components/crypto/CryptoDetailHeader.tsx [Client Component Browser]
    ./app/(main)/crypto/[id]/page.tsx [Client Component Browser]
    ./app/(main)/crypto/[id]/page.tsx [Server Component]

  Client Component SSR:
    ./components/crypto/CryptoDetailHeader.tsx [Client Component SSR]
    ./app/(main)/crypto/[id]/page.tsx [Client Component SSR]
    ./app/(main)/crypto/[id]/page.tsx [Server Component] @ http://localhost:3000/_next/static/chunks/node_modules_next_dist_0u_w_5s._.js:1945
[   11196ms] [ERROR] ./components/crypto/CryptoDetailHeader.tsx:6:1
Export Github doesn't exist in target module
  4 | import { formatCryptoPrice } from '@/lib/cryptoUtils';
  5 | import { Skeleton } from '@/components/ui/skeleton';
> 6 | import { TrendingUp, TrendingDown, Globe, MessageSquare, Github } from 'lucide-react';
    | ^^^^^^^^^^^^^^^^^^^^^^^^^^^^^^^^^^^^^^^^^^^^^^^^^^^^^^^^^^^^^^^^^^^^^^^^^^^^^^^^^^^^^^
  7 |
  8 | interface CryptoDetailHeaderProps {
  9 |   id: string;

The export Github was not found in module [project]/node_modules/lucide-react/dist/esm/lucide-react.mjs [app-client] (ecmascript).
Did you mean to import Gift?
All exports of the module are statically known (It doesn't have dynamic exports). So it's known statically that the requested export doesn't exist.

Import traces:
  Client Component Browser:
    ./components/crypto/CryptoDetailHeader.tsx [Client Component Browser]
    ./app/(main)/crypto/[id]/page.tsx [Client Component Browser]
    ./app/(main)/crypto/[id]/page.tsx [Server Component]

  Client Component SSR:
    ./components/crypto/CryptoDetailHeader.tsx [Client Component SSR]
    ./app/(main)/crypto/[id]/page.tsx [Client Component SSR]
    ./app/(main)/crypto/[id]/page.tsx [Server Component] @ http://localhost:3000/_next/static/chunks/node_modules_next_dist_0u_w_5s._.js:1945
[   11197ms] [ERROR] ./components/crypto/CryptoDetailHeader.tsx:6:1
Export Github doesn't exist in target module
  4 | import { formatCryptoPrice } from '@/lib/cryptoUtils';
  5 | import { Skeleton } from '@/components/ui/skeleton';
> 6 | import { TrendingUp, TrendingDown, Globe, MessageSquare, Github } from 'lucide-react';
    | ^^^^^^^^^^^^^^^^^^^^^^^^^^^^^^^^^^^^^^^^^^^^^^^^^^^^^^^^^^^^^^^^^^^^^^^^^^^^^^^^^^^^^^
  7 |
  8 | interface CryptoDetailHeaderProps {
  9 |   id: string;

The export Github was not found in module [project]/node_modules/lucide-react/dist/esm/lucide-react.mjs [app-ssr] (ecmascript).
Did you mean to import Gift?
All exports of the module are statically known (It doesn't have dynamic exports). So it's known statically that the requested export doesn't exist.

Import traces:
  Client Component Browser:
    ./components/crypto/CryptoDetailHeader.tsx [Client Component Browser]
    ./app/(main)/crypto/[id]/page.tsx [Client Component Browser]
    ./app/(main)/crypto/[id]/page.tsx [Server Component]

  Client Component SSR:
    ./components/crypto/CryptoDetailHeader.tsx [Client Component SSR]
    ./app/(main)/crypto/[id]/page.tsx [Client Component SSR]
    ./app/(main)/crypto/[id]/page.tsx [Server Component] @ http://localhost:3000/_next/static/chunks/node_modules_next_dist_0u_w_5s._.js:1945
[   11255ms] [ERROR] ./components/crypto/CryptoDetailHeader.tsx:6:1
Export Github doesn't exist in target module
  4 | import { formatCryptoPrice } from '@/lib/cryptoUtils';
  5 | import { Skeleton } from '@/components/ui/skeleton';
> 6 | import { TrendingUp, TrendingDown, Globe, MessageSquare, Github } from 'lucide-react';
    | ^^^^^^^^^^^^^^^^^^^^^^^^^^^^^^^^^^^^^^^^^^^^^^^^^^^^^^^^^^^^^^^^^^^^^^^^^^^^^^^^^^^^^^
  7 |
  8 | interface CryptoDetailHeaderProps {
  9 |   id: string;

The export Github was not found in module [project]/node_modules/lucide-react/dist/esm/lucide-react.mjs [app-client] (ecmascript).
Did you mean to import Gift?
All exports of the module are statically known (It doesn't have dynamic exports). So it's known statically that the requested export doesn't exist.

Import traces:
  Client Component Browser:
    ./components/crypto/CryptoDetailHeader.tsx [Client Component Browser]
    ./app/(main)/crypto/[id]/page.tsx [Client Component Browser]
    ./app/(main)/crypto/[id]/page.tsx [Server Component]

  Client Component SSR:
    ./components/crypto/CryptoDetailHeader.tsx [Client Component SSR]
    ./app/(main)/crypto/[id]/page.tsx [Client Component SSR]
    ./app/(main)/crypto/[id]/page.tsx [Server Component] @ http://localhost:3000/_next/static/chunks/node_modules_next_dist_0u_w_5s._.js:1945
[   11256ms] [ERROR] ./components/crypto/CryptoDetailHeader.tsx:6:1
Export Github doesn't exist in target module
  4 | import { formatCryptoPrice } from '@/lib/cryptoUtils';
  5 | import { Skeleton } from '@/components/ui/skeleton';
> 6 | import { TrendingUp, TrendingDown, Globe, MessageSquare, Github } from 'lucide-react';
    | ^^^^^^^^^^^^^^^^^^^^^^^^^^^^^^^^^^^^^^^^^^^^^^^^^^^^^^^^^^^^^^^^^^^^^^^^^^^^^^^^^^^^^^
  7 |
  8 | interface CryptoDetailHeaderProps {
  9 |   id: string;

The export Github was not found in module [project]/node_modules/lucide-react/dist/esm/lucide-react.mjs [app-ssr] (ecmascript).
Did you mean to import Gift?
All exports of the module are statically known (It doesn't have dynamic exports). So it's known statically that the requested export doesn't exist.

Import traces:
  Client Component Browser:
    ./components/crypto/CryptoDetailHeader.tsx [Client Component Browser]
    ./app/(main)/crypto/[id]/page.tsx [Client Component Browser]
    ./app/(main)/crypto/[id]/page.tsx [Server Component]

  Client Component SSR:
    ./components/crypto/CryptoDetailHeader.tsx [Client Component SSR]
    ./app/(main)/crypto/[id]/page.tsx [Client Component SSR]
    ./app/(main)/crypto/[id]/page.tsx [Server Component] @ http://localhost:3000/_next/static/chunks/node_modules_next_dist_0u_w_5s._.js:1945
[   11317ms] [ERROR] ./components/crypto/CryptoDetailHeader.tsx:6:1
Export Github doesn't exist in target module
  4 | import { formatCryptoPrice } from '@/lib/cryptoUtils';
  5 | import { Skeleton } from '@/components/ui/skeleton';
> 6 | import { TrendingUp, TrendingDown, Globe, MessageSquare, Github } from 'lucide-react';
    | ^^^^^^^^^^^^^^^^^^^^^^^^^^^^^^^^^^^^^^^^^^^^^^^^^^^^^^^^^^^^^^^^^^^^^^^^^^^^^^^^^^^^^^
  7 |
  8 | interface CryptoDetailHeaderProps {
  9 |   id: string;

The export Github was not found in module [project]/node_modules/lucide-react/dist/esm/lucide-react.mjs [app-client] (ecmascript).
Did you mean to import Gift?
All exports of the module are statically known (It doesn't have dynamic exports). So it's known statically that the requested export doesn't exist.

Import traces:
  Client Component Browser:
    ./components/crypto/CryptoDetailHeader.tsx [Client Component Browser]
    ./app/(main)/crypto/[id]/page.tsx [Client Component Browser]
    ./app/(main)/crypto/[id]/page.tsx [Server Component]

  Client Component SSR:
    ./components/crypto/CryptoDetailHeader.tsx [Client Component SSR]
    ./app/(main)/crypto/[id]/page.tsx [Client Component SSR]
    ./app/(main)/crypto/[id]/page.tsx [Server Component] @ http://localhost:3000/_next/static/chunks/node_modules_next_dist_0u_w_5s._.js:1945
[   11317ms] [ERROR] ./components/crypto/CryptoDetailHeader.tsx:6:1
Export Github doesn't exist in target module
  4 | import { formatCryptoPrice } from '@/lib/cryptoUtils';
  5 | import { Skeleton } from '@/components/ui/skeleton';
> 6 | import { TrendingUp, TrendingDown, Globe, MessageSquare, Github } from 'lucide-react';
    | ^^^^^^^^^^^^^^^^^^^^^^^^^^^^^^^^^^^^^^^^^^^^^^^^^^^^^^^^^^^^^^^^^^^^^^^^^^^^^^^^^^^^^^
  7 |
  8 | interface CryptoDetailHeaderProps {
  9 |   id: string;

The export Github was not found in module [project]/node_modules/lucide-react/dist/esm/lucide-react.mjs [app-ssr] (ecmascript).
Did you mean to import Gift?
All exports of the module are statically known (It doesn't have dynamic exports). So it's known statically that the requested export doesn't exist.

Import traces:
  Client Component Browser:
    ./components/crypto/CryptoDetailHeader.tsx [Client Component Browser]
    ./app/(main)/crypto/[id]/page.tsx [Client Component Browser]
    ./app/(main)/crypto/[id]/page.tsx [Server Component]

  Client Component SSR:
    ./components/crypto/CryptoDetailHeader.tsx [Client Component SSR]
    ./app/(main)/crypto/[id]/page.tsx [Client Component SSR]
    ./app/(main)/crypto/[id]/page.tsx [Server Component] @ http://localhost:3000/_next/static/chunks/node_modules_next_dist_0u_w_5s._.js:1945
[   11376ms] [ERROR] ./components/crypto/CryptoDetailHeader.tsx:6:1
Export Github doesn't exist in target module
  4 | import { formatCryptoPrice } from '@/lib/cryptoUtils';
  5 | import { Skeleton } from '@/components/ui/skeleton';
> 6 | import { TrendingUp, TrendingDown, Globe, MessageSquare, Github } from 'lucide-react';
    | ^^^^^^^^^^^^^^^^^^^^^^^^^^^^^^^^^^^^^^^^^^^^^^^^^^^^^^^^^^^^^^^^^^^^^^^^^^^^^^^^^^^^^^
  7 |
  8 | interface CryptoDetailHeaderProps {
  9 |   id: string;

The export Github was not found in module [project]/node_modules/lucide-react/dist/esm/lucide-react.mjs [app-client] (ecmascript).
Did you mean to import Gift?
All exports of the module are statically known (It doesn't have dynamic exports). So it's known statically that the requested export doesn't exist.

Import traces:
  Client Component Browser:
    ./components/crypto/CryptoDetailHeader.tsx [Client Component Browser]
    ./app/(main)/crypto/[id]/page.tsx [Client Component Browser]
    ./app/(main)/crypto/[id]/page.tsx [Server Component]

  Client Component SSR:
    ./components/crypto/CryptoDetailHeader.tsx [Client Component SSR]
    ./app/(main)/crypto/[id]/page.tsx [Client Component SSR]
    ./app/(main)/crypto/[id]/page.tsx [Server Component] @ http://localhost:3000/_next/static/chunks/node_modules_next_dist_0u_w_5s._.js:1945
[   11376ms] [ERROR] ./components/crypto/CryptoDetailHeader.tsx:6:1
Export Github doesn't exist in target module
  4 | import { formatCryptoPrice } from '@/lib/cryptoUtils';
  5 | import { Skeleton } from '@/components/ui/skeleton';
> 6 | import { TrendingUp, TrendingDown, Globe, MessageSquare, Github } from 'lucide-react';
    | ^^^^^^^^^^^^^^^^^^^^^^^^^^^^^^^^^^^^^^^^^^^^^^^^^^^^^^^^^^^^^^^^^^^^^^^^^^^^^^^^^^^^^^
  7 |
  8 | interface CryptoDetailHeaderProps {
  9 |   id: string;

The export Github was not found in module [project]/node_modules/lucide-react/dist/esm/lucide-react.mjs [app-ssr] (ecmascript).
Did you mean to import Gift?
All exports of the module are statically known (It doesn't have dynamic exports). So it's known statically that the requested export doesn't exist.

Import traces:
  Client Component Browser:
    ./components/crypto/CryptoDetailHeader.tsx [Client Component Browser]
    ./app/(main)/crypto/[id]/page.tsx [Client Component Browser]
    ./app/(main)/crypto/[id]/page.tsx [Server Component]

  Client Component SSR:
    ./components/crypto/CryptoDetailHeader.tsx [Client Component SSR]
    ./app/(main)/crypto/[id]/page.tsx [Client Component SSR]
    ./app/(main)/crypto/[id]/page.tsx [Server Component] @ http://localhost:3000/_next/static/chunks/node_modules_next_dist_0u_w_5s._.js:1945
[   11436ms] [ERROR] ./components/crypto/CryptoDetailHeader.tsx:6:1
Export Github doesn't exist in target module
  4 | import { formatCryptoPrice } from '@/lib/cryptoUtils';
  5 | import { Skeleton } from '@/components/ui/skeleton';
> 6 | import { TrendingUp, TrendingDown, Globe, MessageSquare, Github } from 'lucide-react';
    | ^^^^^^^^^^^^^^^^^^^^^^^^^^^^^^^^^^^^^^^^^^^^^^^^^^^^^^^^^^^^^^^^^^^^^^^^^^^^^^^^^^^^^^
  7 |
  8 | interface CryptoDetailHeaderProps {
  9 |   id: string;

The export Github was not found in module [project]/node_modules/lucide-react/dist/esm/lucide-react.mjs [app-client] (ecmascript).
Did you mean to import Gift?
All exports of the module are statically known (It doesn't have dynamic exports). So it's known statically that the requested export doesn't exist.

Import traces:
  Client Component Browser:
    ./components/crypto/CryptoDetailHeader.tsx [Client Component Browser]
    ./app/(main)/crypto/[id]/page.tsx [Client Component Browser]
    ./app/(main)/crypto/[id]/page.tsx [Server Component]

  Client Component SSR:
    ./components/crypto/CryptoDetailHeader.tsx [Client Component SSR]
    ./app/(main)/crypto/[id]/page.tsx [Client Component SSR]
    ./app/(main)/crypto/[id]/page.tsx [Server Component] @ http://localhost:3000/_next/static/chunks/node_modules_next_dist_0u_w_5s._.js:1945
[   11436ms] [ERROR] ./components/crypto/CryptoDetailHeader.tsx:6:1
Export Github doesn't exist in target module
  4 | import { formatCryptoPrice } from '@/lib/cryptoUtils';
  5 | import { Skeleton } from '@/components/ui/skeleton';
> 6 | import { TrendingUp, TrendingDown, Globe, MessageSquare, Github } from 'lucide-react';
    | ^^^^^^^^^^^^^^^^^^^^^^^^^^^^^^^^^^^^^^^^^^^^^^^^^^^^^^^^^^^^^^^^^^^^^^^^^^^^^^^^^^^^^^
  7 |
  8 | interface CryptoDetailHeaderProps {
  9 |   id: string;

The export Github was not found in module [project]/node_modules/lucide-react/dist/esm/lucide-react.mjs [app-ssr] (ecmascript).
Did you mean to import Gift?
All exports of the module are statically known (It doesn't have dynamic exports). So it's known statically that the requested export doesn't exist.

Import traces:
  Client Component Browser:
    ./components/crypto/CryptoDetailHeader.tsx [Client Component Browser]
    ./app/(main)/crypto/[id]/page.tsx [Client Component Browser]
    ./app/(main)/crypto/[id]/page.tsx [Server Component]

  Client Component SSR:
    ./components/crypto/CryptoDetailHeader.tsx [Client Component SSR]
    ./app/(main)/crypto/[id]/page.tsx [Client Component SSR]
    ./app/(main)/crypto/[id]/page.tsx [Server Component] @ http://localhost:3000/_next/static/chunks/node_modules_next_dist_0u_w_5s._.js:1945
[   11496ms] [ERROR] ./components/crypto/CryptoDetailHeader.tsx:6:1
Export Github doesn't exist in target module
  4 | import { formatCryptoPrice } from '@/lib/cryptoUtils';
  5 | import { Skeleton } from '@/components/ui/skeleton';
> 6 | import { TrendingUp, TrendingDown, Globe, MessageSquare, Github } from 'lucide-react';
    | ^^^^^^^^^^^^^^^^^^^^^^^^^^^^^^^^^^^^^^^^^^^^^^^^^^^^^^^^^^^^^^^^^^^^^^^^^^^^^^^^^^^^^^
  7 |
  8 | interface CryptoDetailHeaderProps {
  9 |   id: string;

The export Github was not found in module [project]/node_modules/lucide-react/dist/esm/lucide-react.mjs [app-client] (ecmascript).
Did you mean to import Gift?
All exports of the module are statically known (It doesn't have dynamic exports). So it's known statically that the requested export doesn't exist.

Import traces:
  Client Component Browser:
    ./components/crypto/CryptoDetailHeader.tsx [Client Component Browser]
    ./app/(main)/crypto/[id]/page.tsx [Client Component Browser]
    ./app/(main)/crypto/[id]/page.tsx [Server Component]

  Client Component SSR:
    ./components/crypto/CryptoDetailHeader.tsx [Client Component SSR]
    ./app/(main)/crypto/[id]/page.tsx [Client Component SSR]
    ./app/(main)/crypto/[id]/page.tsx [Server Component] @ http://localhost:3000/_next/static/chunks/node_modules_next_dist_0u_w_5s._.js:1945
[   11496ms] [ERROR] ./components/crypto/CryptoDetailHeader.tsx:6:1
Export Github doesn't exist in target module
  4 | import { formatCryptoPrice } from '@/lib/cryptoUtils';
  5 | import { Skeleton } from '@/components/ui/skeleton';
> 6 | import { TrendingUp, TrendingDown, Globe, MessageSquare, Github } from 'lucide-react';
    | ^^^^^^^^^^^^^^^^^^^^^^^^^^^^^^^^^^^^^^^^^^^^^^^^^^^^^^^^^^^^^^^^^^^^^^^^^^^^^^^^^^^^^^
  7 |
  8 | interface CryptoDetailHeaderProps {
  9 |   id: string;

The export Github was not found in module [project]/node_modules/lucide-react/dist/esm/lucide-react.mjs [app-ssr] (ecmascript).
Did you mean to import Gift?
All exports of the module are statically known (It doesn't have dynamic exports). So it's known statically that the requested export doesn't exist.

Import traces:
  Client Component Browser:
    ./components/crypto/CryptoDetailHeader.tsx [Client Component Browser]
    ./app/(main)/crypto/[id]/page.tsx [Client Component Browser]
    ./app/(main)/crypto/[id]/page.tsx [Server Component]

  Client Component SSR:
    ./components/crypto/CryptoDetailHeader.tsx [Client Component SSR]
    ./app/(main)/crypto/[id]/page.tsx [Client Component SSR]
    ./app/(main)/crypto/[id]/page.tsx [Server Component] @ http://localhost:3000/_next/static/chunks/node_modules_next_dist_0u_w_5s._.js:1945
[   11556ms] [ERROR] ./components/crypto/CryptoDetailHeader.tsx:6:1
Export Github doesn't exist in target module
  4 | import { formatCryptoPrice } from '@/lib/cryptoUtils';
  5 | import { Skeleton } from '@/components/ui/skeleton';
> 6 | import { TrendingUp, TrendingDown, Globe, MessageSquare, Github } from 'lucide-react';
    | ^^^^^^^^^^^^^^^^^^^^^^^^^^^^^^^^^^^^^^^^^^^^^^^^^^^^^^^^^^^^^^^^^^^^^^^^^^^^^^^^^^^^^^
  7 |
  8 | interface CryptoDetailHeaderProps {
  9 |   id: string;

The export Github was not found in module [project]/node_modules/lucide-react/dist/esm/lucide-react.mjs [app-client] (ecmascript).
Did you mean to import Gift?
All exports of the module are statically known (It doesn't have dynamic exports). So it's known statically that the requested export doesn't exist.

Import traces:
  Client Component Browser:
    ./components/crypto/CryptoDetailHeader.tsx [Client Component Browser]
    ./app/(main)/crypto/[id]/page.tsx [Client Component Browser]
    ./app/(main)/crypto/[id]/page.tsx [Server Component]

  Client Component SSR:
    ./components/crypto/CryptoDetailHeader.tsx [Client Component SSR]
    ./app/(main)/crypto/[id]/page.tsx [Client Component SSR]
    ./app/(main)/crypto/[id]/page.tsx [Server Component] @ http://localhost:3000/_next/static/chunks/node_modules_next_dist_0u_w_5s._.js:1945
[   11556ms] [ERROR] ./components/crypto/CryptoDetailHeader.tsx:6:1
Export Github doesn't exist in target module
  4 | import { formatCryptoPrice } from '@/lib/cryptoUtils';
  5 | import { Skeleton } from '@/components/ui/skeleton';
> 6 | import { TrendingUp, TrendingDown, Globe, MessageSquare, Github } from 'lucide-react';
    | ^^^^^^^^^^^^^^^^^^^^^^^^^^^^^^^^^^^^^^^^^^^^^^^^^^^^^^^^^^^^^^^^^^^^^^^^^^^^^^^^^^^^^^
  7 |
  8 | interface CryptoDetailHeaderProps {
  9 |   id: string;

The export Github was not found in module [project]/node_modules/lucide-react/dist/esm/lucide-react.mjs [app-ssr] (ecmascript).
Did you mean to import Gift?
All exports of the module are statically known (It doesn't have dynamic exports). So it's known statically that the requested export doesn't exist.

Import traces:
  Client Component Browser:
    ./components/crypto/CryptoDetailHeader.tsx [Client Component Browser]
    ./app/(main)/crypto/[id]/page.tsx [Client Component Browser]
    ./app/(main)/crypto/[id]/page.tsx [Server Component]

  Client Component SSR:
    ./components/crypto/CryptoDetailHeader.tsx [Client Component SSR]
    ./app/(main)/crypto/[id]/page.tsx [Client Component SSR]
    ./app/(main)/crypto/[id]/page.tsx [Server Component] @ http://localhost:3000/_next/static/chunks/node_modules_next_dist_0u_w_5s._.js:1945
[   11619ms] [ERROR] ./components/crypto/CryptoDetailHeader.tsx:6:1
Export Github doesn't exist in target module
  4 | import { formatCryptoPrice } from '@/lib/cryptoUtils';
  5 | import { Skeleton } from '@/components/ui/skeleton';
> 6 | import { TrendingUp, TrendingDown, Globe, MessageSquare, Github } from 'lucide-react';
    | ^^^^^^^^^^^^^^^^^^^^^^^^^^^^^^^^^^^^^^^^^^^^^^^^^^^^^^^^^^^^^^^^^^^^^^^^^^^^^^^^^^^^^^
  7 |
  8 | interface CryptoDetailHeaderProps {
  9 |   id: string;

The export Github was not found in module [project]/node_modules/lucide-react/dist/esm/lucide-react.mjs [app-client] (ecmascript).
Did you mean to import Gift?
All exports of the module are statically known (It doesn't have dynamic exports). So it's known statically that the requested export doesn't exist.

Import traces:
  Client Component Browser:
    ./components/crypto/CryptoDetailHeader.tsx [Client Component Browser]
    ./app/(main)/crypto/[id]/page.tsx [Client Component Browser]
    ./app/(main)/crypto/[id]/page.tsx [Server Component]

  Client Component SSR:
    ./components/crypto/CryptoDetailHeader.tsx [Client Component SSR]
    ./app/(main)/crypto/[id]/page.tsx [Client Component SSR]
    ./app/(main)/crypto/[id]/page.tsx [Server Component] @ http://localhost:3000/_next/static/chunks/node_modules_next_dist_0u_w_5s._.js:1945
[   11619ms] [ERROR] ./components/crypto/CryptoDetailHeader.tsx:6:1
Export Github doesn't exist in target module
  4 | import { formatCryptoPrice } from '@/lib/cryptoUtils';
  5 | import { Skeleton } from '@/components/ui/skeleton';
> 6 | import { TrendingUp, TrendingDown, Globe, MessageSquare, Github } from 'lucide-react';
    | ^^^^^^^^^^^^^^^^^^^^^^^^^^^^^^^^^^^^^^^^^^^^^^^^^^^^^^^^^^^^^^^^^^^^^^^^^^^^^^^^^^^^^^
  7 |
  8 | interface CryptoDetailHeaderProps {
  9 |   id: string;

The export Github was not found in module [project]/node_modules/lucide-react/dist/esm/lucide-react.mjs [app-ssr] (ecmascript).
Did you mean to import Gift?
All exports of the module are statically known (It doesn't have dynamic exports). So it's known statically that the requested export doesn't exist.

Import traces:
  Client Component Browser:
    ./components/crypto/CryptoDetailHeader.tsx [Client Component Browser]
    ./app/(main)/crypto/[id]/page.tsx [Client Component Browser]
    ./app/(main)/crypto/[id]/page.tsx [Server Component]

  Client Component SSR:
    ./components/crypto/CryptoDetailHeader.tsx [Client Component SSR]
    ./app/(main)/crypto/[id]/page.tsx [Client Component SSR]
    ./app/(main)/crypto/[id]/page.tsx [Server Component] @ http://localhost:3000/_next/static/chunks/node_modules_next_dist_0u_w_5s._.js:1945
[   11681ms] [ERROR] ./components/crypto/CryptoDetailHeader.tsx:6:1
Export Github doesn't exist in target module
  4 | import { formatCryptoPrice } from '@/lib/cryptoUtils';
  5 | import { Skeleton } from '@/components/ui/skeleton';
> 6 | import { TrendingUp, TrendingDown, Globe, MessageSquare, Github } from 'lucide-react';
    | ^^^^^^^^^^^^^^^^^^^^^^^^^^^^^^^^^^^^^^^^^^^^^^^^^^^^^^^^^^^^^^^^^^^^^^^^^^^^^^^^^^^^^^
  7 |
  8 | interface CryptoDetailHeaderProps {
  9 |   id: string;

The export Github was not found in module [project]/node_modules/lucide-react/dist/esm/lucide-react.mjs [app-client] (ecmascript).
Did you mean to import Gift?
All exports of the module are statically known (It doesn't have dynamic exports). So it's known statically that the requested export doesn't exist.

Import traces:
  Client Component Browser:
    ./components/crypto/CryptoDetailHeader.tsx [Client Component Browser]
    ./app/(main)/crypto/[id]/page.tsx [Client Component Browser]
    ./app/(main)/crypto/[id]/page.tsx [Server Component]

  Client Component SSR:
    ./components/crypto/CryptoDetailHeader.tsx [Client Component SSR]
    ./app/(main)/crypto/[id]/page.tsx [Client Component SSR]
    ./app/(main)/crypto/[id]/page.tsx [Server Component] @ http://localhost:3000/_next/static/chunks/node_modules_next_dist_0u_w_5s._.js:1945
[   11681ms] [ERROR] ./components/crypto/CryptoDetailHeader.tsx:6:1
Export Github doesn't exist in target module
  4 | import { formatCryptoPrice } from '@/lib/cryptoUtils';
  5 | import { Skeleton } from '@/components/ui/skeleton';
> 6 | import { TrendingUp, TrendingDown, Globe, MessageSquare, Github } from 'lucide-react';
    | ^^^^^^^^^^^^^^^^^^^^^^^^^^^^^^^^^^^^^^^^^^^^^^^^^^^^^^^^^^^^^^^^^^^^^^^^^^^^^^^^^^^^^^
  7 |
  8 | interface CryptoDetailHeaderProps {
  9 |   id: string;

The export Github was not found in module [project]/node_modules/lucide-react/dist/esm/lucide-react.mjs [app-ssr] (ecmascript).
Did you mean to import Gift?
All exports of the module are statically known (It doesn't have dynamic exports). So it's known statically that the requested export doesn't exist.

Import traces:
  Client Component Browser:
    ./components/crypto/CryptoDetailHeader.tsx [Client Component Browser]
    ./app/(main)/crypto/[id]/page.tsx [Client Component Browser]
    ./app/(main)/crypto/[id]/page.tsx [Server Component]

  Client Component SSR:
    ./components/crypto/CryptoDetailHeader.tsx [Client Component SSR]
    ./app/(main)/crypto/[id]/page.tsx [Client Component SSR]
    ./app/(main)/crypto/[id]/page.tsx [Server Component] @ http://localhost:3000/_next/static/chunks/node_modules_next_dist_0u_w_5s._.js:1945
[   11737ms] [ERROR] ./components/crypto/CryptoDetailHeader.tsx:6:1
Export Github doesn't exist in target module
  4 | import { formatCryptoPrice } from '@/lib/cryptoUtils';
  5 | import { Skeleton } from '@/components/ui/skeleton';
> 6 | import { TrendingUp, TrendingDown, Globe, MessageSquare, Github } from 'lucide-react';
    | ^^^^^^^^^^^^^^^^^^^^^^^^^^^^^^^^^^^^^^^^^^^^^^^^^^^^^^^^^^^^^^^^^^^^^^^^^^^^^^^^^^^^^^
  7 |
  8 | interface CryptoDetailHeaderProps {
  9 |   id: string;

The export Github was not found in module [project]/node_modules/lucide-react/dist/esm/lucide-react.mjs [app-client] (ecmascript).
Did you mean to import Gift?
All exports of the module are statically known (It doesn't have dynamic exports). So it's known statically that the requested export doesn't exist.

Import traces:
  Client Component Browser:
    ./components/crypto/CryptoDetailHeader.tsx [Client Component Browser]
    ./app/(main)/crypto/[id]/page.tsx [Client Component Browser]
    ./app/(main)/crypto/[id]/page.tsx [Server Component]

  Client Component SSR:
    ./components/crypto/CryptoDetailHeader.tsx [Client Component SSR]
    ./app/(main)/crypto/[id]/page.tsx [Client Component SSR]
    ./app/(main)/crypto/[id]/page.tsx [Server Component] @ http://localhost:3000/_next/static/chunks/node_modules_next_dist_0u_w_5s._.js:1945
[   11738ms] [ERROR] ./components/crypto/CryptoDetailHeader.tsx:6:1
Export Github doesn't exist in target module
  4 | import { formatCryptoPrice } from '@/lib/cryptoUtils';
  5 | import { Skeleton } from '@/components/ui/skeleton';
> 6 | import { TrendingUp, TrendingDown, Globe, MessageSquare, Github } from 'lucide-react';
    | ^^^^^^^^^^^^^^^^^^^^^^^^^^^^^^^^^^^^^^^^^^^^^^^^^^^^^^^^^^^^^^^^^^^^^^^^^^^^^^^^^^^^^^
  7 |
  8 | interface CryptoDetailHeaderProps {
  9 |   id: string;

The export Github was not found in module [project]/node_modules/lucide-react/dist/esm/lucide-react.mjs [app-ssr] (ecmascript).
Did you mean to import Gift?
All exports of the module are statically known (It doesn't have dynamic exports). So it's known statically that the requested export doesn't exist.

Import traces:
  Client Component Browser:
    ./components/crypto/CryptoDetailHeader.tsx [Client Component Browser]
    ./app/(main)/crypto/[id]/page.tsx [Client Component Browser]
    ./app/(main)/crypto/[id]/page.tsx [Server Component]

  Client Component SSR:
    ./components/crypto/CryptoDetailHeader.tsx [Client Component SSR]
    ./app/(main)/crypto/[id]/page.tsx [Client Component SSR]
    ./app/(main)/crypto/[id]/page.tsx [Server Component] @ http://localhost:3000/_next/static/chunks/node_modules_next_dist_0u_w_5s._.js:1945
[   11797ms] [ERROR] ./components/crypto/CryptoDetailHeader.tsx:6:1
Export Github doesn't exist in target module
  4 | import { formatCryptoPrice } from '@/lib/cryptoUtils';
  5 | import { Skeleton } from '@/components/ui/skeleton';
> 6 | import { TrendingUp, TrendingDown, Globe, MessageSquare, Github } from 'lucide-react';
    | ^^^^^^^^^^^^^^^^^^^^^^^^^^^^^^^^^^^^^^^^^^^^^^^^^^^^^^^^^^^^^^^^^^^^^^^^^^^^^^^^^^^^^^
  7 |
  8 | interface CryptoDetailHeaderProps {
  9 |   id: string;

The export Github was not found in module [project]/node_modules/lucide-react/dist/esm/lucide-react.mjs [app-client] (ecmascript).
Did you mean to import Gift?
All exports of the module are statically known (It doesn't have dynamic exports). So it's known statically that the requested export doesn't exist.

Import traces:
  Client Component Browser:
    ./components/crypto/CryptoDetailHeader.tsx [Client Component Browser]
    ./app/(main)/crypto/[id]/page.tsx [Client Component Browser]
    ./app/(main)/crypto/[id]/page.tsx [Server Component]

  Client Component SSR:
    ./components/crypto/CryptoDetailHeader.tsx [Client Component SSR]
    ./app/(main)/crypto/[id]/page.tsx [Client Component SSR]
    ./app/(main)/crypto/[id]/page.tsx [Server Component] @ http://localhost:3000/_next/static/chunks/node_modules_next_dist_0u_w_5s._.js:1945
[   11798ms] [ERROR] ./components/crypto/CryptoDetailHeader.tsx:6:1
Export Github doesn't exist in target module
  4 | import { formatCryptoPrice } from '@/lib/cryptoUtils';
  5 | import { Skeleton } from '@/components/ui/skeleton';
> 6 | import { TrendingUp, TrendingDown, Globe, MessageSquare, Github } from 'lucide-react';
    | ^^^^^^^^^^^^^^^^^^^^^^^^^^^^^^^^^^^^^^^^^^^^^^^^^^^^^^^^^^^^^^^^^^^^^^^^^^^^^^^^^^^^^^
  7 |
  8 | interface CryptoDetailHeaderProps {
  9 |   id: string;

The export Github was not found in module [project]/node_modules/lucide-react/dist/esm/lucide-react.mjs [app-ssr] (ecmascript).
Did you mean to import Gift?
All exports of the module are statically known (It doesn't have dynamic exports). So it's known statically that the requested export doesn't exist.

Import traces:
  Client Component Browser:
    ./components/crypto/CryptoDetailHeader.tsx [Client Component Browser]
    ./app/(main)/crypto/[id]/page.tsx [Client Component Browser]
    ./app/(main)/crypto/[id]/page.tsx [Server Component]

  Client Component SSR:
    ./components/crypto/CryptoDetailHeader.tsx [Client Component SSR]
    ./app/(main)/crypto/[id]/page.tsx [Client Component SSR]
    ./app/(main)/crypto/[id]/page.tsx [Server Component] @ http://localhost:3000/_next/static/chunks/node_modules_next_dist_0u_w_5s._.js:1945
[   11858ms] [ERROR] ./components/crypto/CryptoDetailHeader.tsx:6:1
Export Github doesn't exist in target module
  4 | import { formatCryptoPrice } from '@/lib/cryptoUtils';
  5 | import { Skeleton } from '@/components/ui/skeleton';
> 6 | import { TrendingUp, TrendingDown, Globe, MessageSquare, Github } from 'lucide-react';
    | ^^^^^^^^^^^^^^^^^^^^^^^^^^^^^^^^^^^^^^^^^^^^^^^^^^^^^^^^^^^^^^^^^^^^^^^^^^^^^^^^^^^^^^
  7 |
  8 | interface CryptoDetailHeaderProps {
  9 |   id: string;

The export Github was not found in module [project]/node_modules/lucide-react/dist/esm/lucide-react.mjs [app-client] (ecmascript).
Did you mean to import Gift?
All exports of the module are statically known (It doesn't have dynamic exports). So it's known statically that the requested export doesn't exist.

Import traces:
  Client Component Browser:
    ./components/crypto/CryptoDetailHeader.tsx [Client Component Browser]
    ./app/(main)/crypto/[id]/page.tsx [Client Component Browser]
    ./app/(main)/crypto/[id]/page.tsx [Server Component]

  Client Component SSR:
    ./components/crypto/CryptoDetailHeader.tsx [Client Component SSR]
    ./app/(main)/crypto/[id]/page.tsx [Client Component SSR]
    ./app/(main)/crypto/[id]/page.tsx [Server Component] @ http://localhost:3000/_next/static/chunks/node_modules_next_dist_0u_w_5s._.js:1945
[   11858ms] [ERROR] ./components/crypto/CryptoDetailHeader.tsx:6:1
Export Github doesn't exist in target module
  4 | import { formatCryptoPrice } from '@/lib/cryptoUtils';
  5 | import { Skeleton } from '@/components/ui/skeleton';
> 6 | import { TrendingUp, TrendingDown, Globe, MessageSquare, Github } from 'lucide-react';
    | ^^^^^^^^^^^^^^^^^^^^^^^^^^^^^^^^^^^^^^^^^^^^^^^^^^^^^^^^^^^^^^^^^^^^^^^^^^^^^^^^^^^^^^
  7 |
  8 | interface CryptoDetailHeaderProps {
  9 |   id: string;

The export Github was not found in module [project]/node_modules/lucide-react/dist/esm/lucide-react.mjs [app-ssr] (ecmascript).
Did you mean to import Gift?
All exports of the module are statically known (It doesn't have dynamic exports). So it's known statically that the requested export doesn't exist.

Import traces:
  Client Component Browser:
    ./components/crypto/CryptoDetailHeader.tsx [Client Component Browser]
    ./app/(main)/crypto/[id]/page.tsx [Client Component Browser]
    ./app/(main)/crypto/[id]/page.tsx [Server Component]

  Client Component SSR:
    ./components/crypto/CryptoDetailHeader.tsx [Client Component SSR]
    ./app/(main)/crypto/[id]/page.tsx [Client Component SSR]
    ./app/(main)/crypto/[id]/page.tsx [Server Component] @ http://localhost:3000/_next/static/chunks/node_modules_next_dist_0u_w_5s._.js:1945
[   11920ms] [ERROR] ./components/crypto/CryptoDetailHeader.tsx:6:1
Export Github doesn't exist in target module
  4 | import { formatCryptoPrice } from '@/lib/cryptoUtils';
  5 | import { Skeleton } from '@/components/ui/skeleton';
> 6 | import { TrendingUp, TrendingDown, Globe, MessageSquare, Github } from 'lucide-react';
    | ^^^^^^^^^^^^^^^^^^^^^^^^^^^^^^^^^^^^^^^^^^^^^^^^^^^^^^^^^^^^^^^^^^^^^^^^^^^^^^^^^^^^^^
  7 |
  8 | interface CryptoDetailHeaderProps {
  9 |   id: string;

The export Github was not found in module [project]/node_modules/lucide-react/dist/esm/lucide-react.mjs [app-client] (ecmascript).
Did you mean to import Gift?
All exports of the module are statically known (It doesn't have dynamic exports). So it's known statically that the requested export doesn't exist.

Import traces:
  Client Component Browser:
    ./components/crypto/CryptoDetailHeader.tsx [Client Component Browser]
    ./app/(main)/crypto/[id]/page.tsx [Client Component Browser]
    ./app/(main)/crypto/[id]/page.tsx [Server Component]

  Client Component SSR:
    ./components/crypto/CryptoDetailHeader.tsx [Client Component SSR]
    ./app/(main)/crypto/[id]/page.tsx [Client Component SSR]
    ./app/(main)/crypto/[id]/page.tsx [Server Component] @ http://localhost:3000/_next/static/chunks/node_modules_next_dist_0u_w_5s._.js:1945
[   11920ms] [ERROR] ./components/crypto/CryptoDetailHeader.tsx:6:1
Export Github doesn't exist in target module
  4 | import { formatCryptoPrice } from '@/lib/cryptoUtils';
  5 | import { Skeleton } from '@/components/ui/skeleton';
> 6 | import { TrendingUp, TrendingDown, Globe, MessageSquare, Github } from 'lucide-react';
    | ^^^^^^^^^^^^^^^^^^^^^^^^^^^^^^^^^^^^^^^^^^^^^^^^^^^^^^^^^^^^^^^^^^^^^^^^^^^^^^^^^^^^^^
  7 |
  8 | interface CryptoDetailHeaderProps {
  9 |   id: string;

The export Github was not found in module [project]/node_modules/lucide-react/dist/esm/lucide-react.mjs [app-ssr] (ecmascript).
Did you mean to import Gift?
All exports of the module are statically known (It doesn't have dynamic exports). So it's known statically that the requested export doesn't exist.

Import traces:
  Client Component Browser:
    ./components/crypto/CryptoDetailHeader.tsx [Client Component Browser]
    ./app/(main)/crypto/[id]/page.tsx [Client Component Browser]
    ./app/(main)/crypto/[id]/page.tsx [Server Component]

  Client Component SSR:
    ./components/crypto/CryptoDetailHeader.tsx [Client Component SSR]
    ./app/(main)/crypto/[id]/page.tsx [Client Component SSR]
    ./app/(main)/crypto/[id]/page.tsx [Server Component] @ http://localhost:3000/_next/static/chunks/node_modules_next_dist_0u_w_5s._.js:1945
[   11979ms] [ERROR] ./components/crypto/CryptoDetailHeader.tsx:6:1
Export Github doesn't exist in target module
  4 | import { formatCryptoPrice } from '@/lib/cryptoUtils';
  5 | import { Skeleton } from '@/components/ui/skeleton';
> 6 | import { TrendingUp, TrendingDown, Globe, MessageSquare, Github } from 'lucide-react';
    | ^^^^^^^^^^^^^^^^^^^^^^^^^^^^^^^^^^^^^^^^^^^^^^^^^^^^^^^^^^^^^^^^^^^^^^^^^^^^^^^^^^^^^^
  7 |
  8 | interface CryptoDetailHeaderProps {
  9 |   id: string;

The export Github was not found in module [project]/node_modules/lucide-react/dist/esm/lucide-react.mjs [app-client] (ecmascript).
Did you mean to import Gift?
All exports of the module are statically known (It doesn't have dynamic exports). So it's known statically that the requested export doesn't exist.

Import traces:
  Client Component Browser:
    ./components/crypto/CryptoDetailHeader.tsx [Client Component Browser]
    ./app/(main)/crypto/[id]/page.tsx [Client Component Browser]
    ./app/(main)/crypto/[id]/page.tsx [Server Component]

  Client Component SSR:
    ./components/crypto/CryptoDetailHeader.tsx [Client Component SSR]
    ./app/(main)/crypto/[id]/page.tsx [Client Component SSR]
    ./app/(main)/crypto/[id]/page.tsx [Server Component] @ http://localhost:3000/_next/static/chunks/node_modules_next_dist_0u_w_5s._.js:1945
[   11979ms] [ERROR] ./components/crypto/CryptoDetailHeader.tsx:6:1
Export Github doesn't exist in target module
  4 | import { formatCryptoPrice } from '@/lib/cryptoUtils';
  5 | import { Skeleton } from '@/components/ui/skeleton';
> 6 | import { TrendingUp, TrendingDown, Globe, MessageSquare, Github } from 'lucide-react';
    | ^^^^^^^^^^^^^^^^^^^^^^^^^^^^^^^^^^^^^^^^^^^^^^^^^^^^^^^^^^^^^^^^^^^^^^^^^^^^^^^^^^^^^^
  7 |
  8 | interface CryptoDetailHeaderProps {
  9 |   id: string;

The export Github was not found in module [project]/node_modules/lucide-react/dist/esm/lucide-react.mjs [app-ssr] (ecmascript).
Did you mean to import Gift?
All exports of the module are statically known (It doesn't have dynamic exports). So it's known statically that the requested export doesn't exist.

Import traces:
  Client Component Browser:
    ./components/crypto/CryptoDetailHeader.tsx [Client Component Browser]
    ./app/(main)/crypto/[id]/page.tsx [Client Component Browser]
    ./app/(main)/crypto/[id]/page.tsx [Server Component]

  Client Component SSR:
    ./components/crypto/CryptoDetailHeader.tsx [Client Component SSR]
    ./app/(main)/crypto/[id]/page.tsx [Client Component SSR]
    ./app/(main)/crypto/[id]/page.tsx [Server Component] @ http://localhost:3000/_next/static/chunks/node_modules_next_dist_0u_w_5s._.js:1945
[   12038ms] [ERROR] ./components/crypto/CryptoDetailHeader.tsx:6:1
Export Github doesn't exist in target module
  4 | import { formatCryptoPrice } from '@/lib/cryptoUtils';
  5 | import { Skeleton } from '@/components/ui/skeleton';
> 6 | import { TrendingUp, TrendingDown, Globe, MessageSquare, Github } from 'lucide-react';
    | ^^^^^^^^^^^^^^^^^^^^^^^^^^^^^^^^^^^^^^^^^^^^^^^^^^^^^^^^^^^^^^^^^^^^^^^^^^^^^^^^^^^^^^
  7 |
  8 | interface CryptoDetailHeaderProps {
  9 |   id: string;

The export Github was not found in module [project]/node_modules/lucide-react/dist/esm/lucide-react.mjs [app-client] (ecmascript).
Did you mean to import Gift?
All exports of the module are statically known (It doesn't have dynamic exports). So it's known statically that the requested export doesn't exist.

Import traces:
  Client Component Browser:
    ./components/crypto/CryptoDetailHeader.tsx [Client Component Browser]
    ./app/(main)/crypto/[id]/page.tsx [Client Component Browser]
    ./app/(main)/crypto/[id]/page.tsx [Server Component]

  Client Component SSR:
    ./components/crypto/CryptoDetailHeader.tsx [Client Component SSR]
    ./app/(main)/crypto/[id]/page.tsx [Client Component SSR]
    ./app/(main)/crypto/[id]/page.tsx [Server Component] @ http://localhost:3000/_next/static/chunks/node_modules_next_dist_0u_w_5s._.js:1945
[   12038ms] [ERROR] ./components/crypto/CryptoDetailHeader.tsx:6:1
Export Github doesn't exist in target module
  4 | import { formatCryptoPrice } from '@/lib/cryptoUtils';
  5 | import { Skeleton } from '@/components/ui/skeleton';
> 6 | import { TrendingUp, TrendingDown, Globe, MessageSquare, Github } from 'lucide-react';
    | ^^^^^^^^^^^^^^^^^^^^^^^^^^^^^^^^^^^^^^^^^^^^^^^^^^^^^^^^^^^^^^^^^^^^^^^^^^^^^^^^^^^^^^
  7 |
  8 | interface CryptoDetailHeaderProps {
  9 |   id: string;

The export Github was not found in module [project]/node_modules/lucide-react/dist/esm/lucide-react.mjs [app-ssr] (ecmascript).
Did you mean to import Gift?
All exports of the module are statically known (It doesn't have dynamic exports). So it's known statically that the requested export doesn't exist.

Import traces:
  Client Component Browser:
    ./components/crypto/CryptoDetailHeader.tsx [Client Component Browser]
    ./app/(main)/crypto/[id]/page.tsx [Client Component Browser]
    ./app/(main)/crypto/[id]/page.tsx [Server Component]

  Client Component SSR:
    ./components/crypto/CryptoDetailHeader.tsx [Client Component SSR]
    ./app/(main)/crypto/[id]/page.tsx [Client Component SSR]
    ./app/(main)/crypto/[id]/page.tsx [Server Component] @ http://localhost:3000/_next/static/chunks/node_modules_next_dist_0u_w_5s._.js:1945
[   12099ms] [ERROR] ./components/crypto/CryptoDetailHeader.tsx:6:1
Export Github doesn't exist in target module
  4 | import { formatCryptoPrice } from '@/lib/cryptoUtils';
  5 | import { Skeleton } from '@/components/ui/skeleton';
> 6 | import { TrendingUp, TrendingDown, Globe, MessageSquare, Github } from 'lucide-react';
    | ^^^^^^^^^^^^^^^^^^^^^^^^^^^^^^^^^^^^^^^^^^^^^^^^^^^^^^^^^^^^^^^^^^^^^^^^^^^^^^^^^^^^^^
  7 |
  8 | interface CryptoDetailHeaderProps {
  9 |   id: string;

The export Github was not found in module [project]/node_modules/lucide-react/dist/esm/lucide-react.mjs [app-client] (ecmascript).
Did you mean to import Gift?
All exports of the module are statically known (It doesn't have dynamic exports). So it's known statically that the requested export doesn't exist.

Import traces:
  Client Component Browser:
    ./components/crypto/CryptoDetailHeader.tsx [Client Component Browser]
    ./app/(main)/crypto/[id]/page.tsx [Client Component Browser]
    ./app/(main)/crypto/[id]/page.tsx [Server Component]

  Client Component SSR:
    ./components/crypto/CryptoDetailHeader.tsx [Client Component SSR]
    ./app/(main)/crypto/[id]/page.tsx [Client Component SSR]
    ./app/(main)/crypto/[id]/page.tsx [Server Component] @ http://localhost:3000/_next/static/chunks/node_modules_next_dist_0u_w_5s._.js:1945
[   12099ms] [ERROR] ./components/crypto/CryptoDetailHeader.tsx:6:1
Export Github doesn't exist in target module
  4 | import { formatCryptoPrice } from '@/lib/cryptoUtils';
  5 | import { Skeleton } from '@/components/ui/skeleton';
> 6 | import { TrendingUp, TrendingDown, Globe, MessageSquare, Github } from 'lucide-react';
    | ^^^^^^^^^^^^^^^^^^^^^^^^^^^^^^^^^^^^^^^^^^^^^^^^^^^^^^^^^^^^^^^^^^^^^^^^^^^^^^^^^^^^^^
  7 |
  8 | interface CryptoDetailHeaderProps {
  9 |   id: string;

The export Github was not found in module [project]/node_modules/lucide-react/dist/esm/lucide-react.mjs [app-ssr] (ecmascript).
Did you mean to import Gift?
All exports of the module are statically known (It doesn't have dynamic exports). So it's known statically that the requested export doesn't exist.

Import traces:
  Client Component Browser:
    ./components/crypto/CryptoDetailHeader.tsx [Client Component Browser]
    ./app/(main)/crypto/[id]/page.tsx [Client Component Browser]
    ./app/(main)/crypto/[id]/page.tsx [Server Component]

  Client Component SSR:
    ./components/crypto/CryptoDetailHeader.tsx [Client Component SSR]
    ./app/(main)/crypto/[id]/page.tsx [Client Component SSR]
    ./app/(main)/crypto/[id]/page.tsx [Server Component] @ http://localhost:3000/_next/static/chunks/node_modules_next_dist_0u_w_5s._.js:1945
[   12159ms] [ERROR] ./components/crypto/CryptoDetailHeader.tsx:6:1
Export Github doesn't exist in target module
  4 | import { formatCryptoPrice } from '@/lib/cryptoUtils';
  5 | import { Skeleton } from '@/components/ui/skeleton';
> 6 | import { TrendingUp, TrendingDown, Globe, MessageSquare, Github } from 'lucide-react';
    | ^^^^^^^^^^^^^^^^^^^^^^^^^^^^^^^^^^^^^^^^^^^^^^^^^^^^^^^^^^^^^^^^^^^^^^^^^^^^^^^^^^^^^^
  7 |
  8 | interface CryptoDetailHeaderProps {
  9 |   id: string;

The export Github was not found in module [project]/node_modules/lucide-react/dist/esm/lucide-react.mjs [app-client] (ecmascript).
Did you mean to import Gift?
All exports of the module are statically known (It doesn't have dynamic exports). So it's known statically that the requested export doesn't exist.

Import traces:
  Client Component Browser:
    ./components/crypto/CryptoDetailHeader.tsx [Client Component Browser]
    ./app/(main)/crypto/[id]/page.tsx [Client Component Browser]
    ./app/(main)/crypto/[id]/page.tsx [Server Component]

  Client Component SSR:
    ./components/crypto/CryptoDetailHeader.tsx [Client Component SSR]
    ./app/(main)/crypto/[id]/page.tsx [Client Component SSR]
    ./app/(main)/crypto/[id]/page.tsx [Server Component] @ http://localhost:3000/_next/static/chunks/node_modules_next_dist_0u_w_5s._.js:1945
[   12159ms] [ERROR] ./components/crypto/CryptoDetailHeader.tsx:6:1
Export Github doesn't exist in target module
  4 | import { formatCryptoPrice } from '@/lib/cryptoUtils';
  5 | import { Skeleton } from '@/components/ui/skeleton';
> 6 | import { TrendingUp, TrendingDown, Globe, MessageSquare, Github } from 'lucide-react';
    | ^^^^^^^^^^^^^^^^^^^^^^^^^^^^^^^^^^^^^^^^^^^^^^^^^^^^^^^^^^^^^^^^^^^^^^^^^^^^^^^^^^^^^^
  7 |
  8 | interface CryptoDetailHeaderProps {
  9 |   id: string;

The export Github was not found in module [project]/node_modules/lucide-react/dist/esm/lucide-react.mjs [app-ssr] (ecmascript).
Did you mean to import Gift?
All exports of the module are statically known (It doesn't have dynamic exports). So it's known statically that the requested export doesn't exist.

Import traces:
  Client Component Browser:
    ./components/crypto/CryptoDetailHeader.tsx [Client Component Browser]
    ./app/(main)/crypto/[id]/page.tsx [Client Component Browser]
    ./app/(main)/crypto/[id]/page.tsx [Server Component]

  Client Component SSR:
    ./components/crypto/CryptoDetailHeader.tsx [Client Component SSR]
    ./app/(main)/crypto/[id]/page.tsx [Client Component SSR]
    ./app/(main)/crypto/[id]/page.tsx [Server Component] @ http://localhost:3000/_next/static/chunks/node_modules_next_dist_0u_w_5s._.js:1945
[   12218ms] [ERROR] ./components/crypto/CryptoDetailHeader.tsx:6:1
Export Github doesn't exist in target module
  4 | import { formatCryptoPrice } from '@/lib/cryptoUtils';
  5 | import { Skeleton } from '@/components/ui/skeleton';
> 6 | import { TrendingUp, TrendingDown, Globe, MessageSquare, Github } from 'lucide-react';
    | ^^^^^^^^^^^^^^^^^^^^^^^^^^^^^^^^^^^^^^^^^^^^^^^^^^^^^^^^^^^^^^^^^^^^^^^^^^^^^^^^^^^^^^
  7 |
  8 | interface CryptoDetailHeaderProps {
  9 |   id: string;

The export Github was not found in module [project]/node_modules/lucide-react/dist/esm/lucide-react.mjs [app-client] (ecmascript).
Did you mean to import Gift?
All exports of the module are statically known (It doesn't have dynamic exports). So it's known statically that the requested export doesn't exist.

Import traces:
  Client Component Browser:
    ./components/crypto/CryptoDetailHeader.tsx [Client Component Browser]
    ./app/(main)/crypto/[id]/page.tsx [Client Component Browser]
    ./app/(main)/crypto/[id]/page.tsx [Server Component]

  Client Component SSR:
    ./components/crypto/CryptoDetailHeader.tsx [Client Component SSR]
    ./app/(main)/crypto/[id]/page.tsx [Client Component SSR]
    ./app/(main)/crypto/[id]/page.tsx [Server Component] @ http://localhost:3000/_next/static/chunks/node_modules_next_dist_0u_w_5s._.js:1945
[   12218ms] [ERROR] ./components/crypto/CryptoDetailHeader.tsx:6:1
Export Github doesn't exist in target module
  4 | import { formatCryptoPrice } from '@/lib/cryptoUtils';
  5 | import { Skeleton } from '@/components/ui/skeleton';
> 6 | import { TrendingUp, TrendingDown, Globe, MessageSquare, Github } from 'lucide-react';
    | ^^^^^^^^^^^^^^^^^^^^^^^^^^^^^^^^^^^^^^^^^^^^^^^^^^^^^^^^^^^^^^^^^^^^^^^^^^^^^^^^^^^^^^
  7 |
  8 | interface CryptoDetailHeaderProps {
  9 |   id: string;

The export Github was not found in module [project]/node_modules/lucide-react/dist/esm/lucide-react.mjs [app-ssr] (ecmascript).
Did you mean to import Gift?
All exports of the module are statically known (It doesn't have dynamic exports). So it's known statically that the requested export doesn't exist.

Import traces:
  Client Component Browser:
    ./components/crypto/CryptoDetailHeader.tsx [Client Component Browser]
    ./app/(main)/crypto/[id]/page.tsx [Client Component Browser]
    ./app/(main)/crypto/[id]/page.tsx [Server Component]

  Client Component SSR:
    ./components/crypto/CryptoDetailHeader.tsx [Client Component SSR]
    ./app/(main)/crypto/[id]/page.tsx [Client Component SSR]
    ./app/(main)/crypto/[id]/page.tsx [Server Component] @ http://localhost:3000/_next/static/chunks/node_modules_next_dist_0u_w_5s._.js:1945
[   12277ms] [ERROR] ./components/crypto/CryptoDetailHeader.tsx:6:1
Export Github doesn't exist in target module
  4 | import { formatCryptoPrice } from '@/lib/cryptoUtils';
  5 | import { Skeleton } from '@/components/ui/skeleton';
> 6 | import { TrendingUp, TrendingDown, Globe, MessageSquare, Github } from 'lucide-react';
    | ^^^^^^^^^^^^^^^^^^^^^^^^^^^^^^^^^^^^^^^^^^^^^^^^^^^^^^^^^^^^^^^^^^^^^^^^^^^^^^^^^^^^^^
  7 |
  8 | interface CryptoDetailHeaderProps {
  9 |   id: string;

The export Github was not found in module [project]/node_modules/lucide-react/dist/esm/lucide-react.mjs [app-client] (ecmascript).
Did you mean to import Gift?
All exports of the module are statically known (It doesn't have dynamic exports). So it's known statically that the requested export doesn't exist.

Import traces:
  Client Component Browser:
    ./components/crypto/CryptoDetailHeader.tsx [Client Component Browser]
    ./app/(main)/crypto/[id]/page.tsx [Client Component Browser]
    ./app/(main)/crypto/[id]/page.tsx [Server Component]

  Client Component SSR:
    ./components/crypto/CryptoDetailHeader.tsx [Client Component SSR]
    ./app/(main)/crypto/[id]/page.tsx [Client Component SSR]
    ./app/(main)/crypto/[id]/page.tsx [Server Component] @ http://localhost:3000/_next/static/chunks/node_modules_next_dist_0u_w_5s._.js:1945
[   12278ms] [ERROR] ./components/crypto/CryptoDetailHeader.tsx:6:1
Export Github doesn't exist in target module
  4 | import { formatCryptoPrice } from '@/lib/cryptoUtils';
  5 | import { Skeleton } from '@/components/ui/skeleton';
> 6 | import { TrendingUp, TrendingDown, Globe, MessageSquare, Github } from 'lucide-react';
    | ^^^^^^^^^^^^^^^^^^^^^^^^^^^^^^^^^^^^^^^^^^^^^^^^^^^^^^^^^^^^^^^^^^^^^^^^^^^^^^^^^^^^^^
  7 |
  8 | interface CryptoDetailHeaderProps {
  9 |   id: string;

The export Github was not found in module [project]/node_modules/lucide-react/dist/esm/lucide-react.mjs [app-ssr] (ecmascript).
Did you mean to import Gift?
All exports of the module are statically known (It doesn't have dynamic exports). So it's known statically that the requested export doesn't exist.

Import traces:
  Client Component Browser:
    ./components/crypto/CryptoDetailHeader.tsx [Client Component Browser]
    ./app/(main)/crypto/[id]/page.tsx [Client Component Browser]
    ./app/(main)/crypto/[id]/page.tsx [Server Component]

  Client Component SSR:
    ./components/crypto/CryptoDetailHeader.tsx [Client Component SSR]
    ./app/(main)/crypto/[id]/page.tsx [Client Component SSR]
    ./app/(main)/crypto/[id]/page.tsx [Server Component] @ http://localhost:3000/_next/static/chunks/node_modules_next_dist_0u_w_5s._.js:1945
[   12338ms] [ERROR] ./components/crypto/CryptoDetailHeader.tsx:6:1
Export Github doesn't exist in target module
  4 | import { formatCryptoPrice } from '@/lib/cryptoUtils';
  5 | import { Skeleton } from '@/components/ui/skeleton';
> 6 | import { TrendingUp, TrendingDown, Globe, MessageSquare, Github } from 'lucide-react';
    | ^^^^^^^^^^^^^^^^^^^^^^^^^^^^^^^^^^^^^^^^^^^^^^^^^^^^^^^^^^^^^^^^^^^^^^^^^^^^^^^^^^^^^^
  7 |
  8 | interface CryptoDetailHeaderProps {
  9 |   id: string;

The export Github was not found in module [project]/node_modules/lucide-react/dist/esm/lucide-react.mjs [app-client] (ecmascript).
Did you mean to import Gift?
All exports of the module are statically known (It doesn't have dynamic exports). So it's known statically that the requested export doesn't exist.

Import traces:
  Client Component Browser:
    ./components/crypto/CryptoDetailHeader.tsx [Client Component Browser]
    ./app/(main)/crypto/[id]/page.tsx [Client Component Browser]
    ./app/(main)/crypto/[id]/page.tsx [Server Component]

  Client Component SSR:
    ./components/crypto/CryptoDetailHeader.tsx [Client Component SSR]
    ./app/(main)/crypto/[id]/page.tsx [Client Component SSR]
    ./app/(main)/crypto/[id]/page.tsx [Server Component] @ http://localhost:3000/_next/static/chunks/node_modules_next_dist_0u_w_5s._.js:1945
[   12338ms] [ERROR] ./components/crypto/CryptoDetailHeader.tsx:6:1
Export Github doesn't exist in target module
  4 | import { formatCryptoPrice } from '@/lib/cryptoUtils';
  5 | import { Skeleton } from '@/components/ui/skeleton';
> 6 | import { TrendingUp, TrendingDown, Globe, MessageSquare, Github } from 'lucide-react';
    | ^^^^^^^^^^^^^^^^^^^^^^^^^^^^^^^^^^^^^^^^^^^^^^^^^^^^^^^^^^^^^^^^^^^^^^^^^^^^^^^^^^^^^^
  7 |
  8 | interface CryptoDetailHeaderProps {
  9 |   id: string;

The export Github was not found in module [project]/node_modules/lucide-react/dist/esm/lucide-react.mjs [app-ssr] (ecmascript).
Did you mean to import Gift?
All exports of the module are statically known (It doesn't have dynamic exports). So it's known statically that the requested export doesn't exist.

Import traces:
  Client Component Browser:
    ./components/crypto/CryptoDetailHeader.tsx [Client Component Browser]
    ./app/(main)/crypto/[id]/page.tsx [Client Component Browser]
    ./app/(main)/crypto/[id]/page.tsx [Server Component]

  Client Component SSR:
    ./components/crypto/CryptoDetailHeader.tsx [Client Component SSR]
    ./app/(main)/crypto/[id]/page.tsx [Client Component SSR]
    ./app/(main)/crypto/[id]/page.tsx [Server Component] @ http://localhost:3000/_next/static/chunks/node_modules_next_dist_0u_w_5s._.js:1945
[   12398ms] [ERROR] ./components/crypto/CryptoDetailHeader.tsx:6:1
Export Github doesn't exist in target module
  4 | import { formatCryptoPrice } from '@/lib/cryptoUtils';
  5 | import { Skeleton } from '@/components/ui/skeleton';
> 6 | import { TrendingUp, TrendingDown, Globe, MessageSquare, Github } from 'lucide-react';
    | ^^^^^^^^^^^^^^^^^^^^^^^^^^^^^^^^^^^^^^^^^^^^^^^^^^^^^^^^^^^^^^^^^^^^^^^^^^^^^^^^^^^^^^
  7 |
  8 | interface CryptoDetailHeaderProps {
  9 |   id: string;

The export Github was not found in module [project]/node_modules/lucide-react/dist/esm/lucide-react.mjs [app-client] (ecmascript).
Did you mean to import Gift?
All exports of the module are statically known (It doesn't have dynamic exports). So it's known statically that the requested export doesn't exist.

Import traces:
  Client Component Browser:
    ./components/crypto/CryptoDetailHeader.tsx [Client Component Browser]
    ./app/(main)/crypto/[id]/page.tsx [Client Component Browser]
    ./app/(main)/crypto/[id]/page.tsx [Server Component]

  Client Component SSR:
    ./components/crypto/CryptoDetailHeader.tsx [Client Component SSR]
    ./app/(main)/crypto/[id]/page.tsx [Client Component SSR]
    ./app/(main)/crypto/[id]/page.tsx [Server Component] @ http://localhost:3000/_next/static/chunks/node_modules_next_dist_0u_w_5s._.js:1945
[   12398ms] [ERROR] ./components/crypto/CryptoDetailHeader.tsx:6:1
Export Github doesn't exist in target module
  4 | import { formatCryptoPrice } from '@/lib/cryptoUtils';
  5 | import { Skeleton } from '@/components/ui/skeleton';
> 6 | import { TrendingUp, TrendingDown, Globe, MessageSquare, Github } from 'lucide-react';
    | ^^^^^^^^^^^^^^^^^^^^^^^^^^^^^^^^^^^^^^^^^^^^^^^^^^^^^^^^^^^^^^^^^^^^^^^^^^^^^^^^^^^^^^
  7 |
  8 | interface CryptoDetailHeaderProps {
  9 |   id: string;

The export Github was not found in module [project]/node_modules/lucide-react/dist/esm/lucide-react.mjs [app-ssr] (ecmascript).
Did you mean to import Gift?
All exports of the module are statically known (It doesn't have dynamic exports). So it's known statically that the requested export doesn't exist.

Import traces:
  Client Component Browser:
    ./components/crypto/CryptoDetailHeader.tsx [Client Component Browser]
    ./app/(main)/crypto/[id]/page.tsx [Client Component Browser]
    ./app/(main)/crypto/[id]/page.tsx [Server Component]

  Client Component SSR:
    ./components/crypto/CryptoDetailHeader.tsx [Client Component SSR]
    ./app/(main)/crypto/[id]/page.tsx [Client Component SSR]
    ./app/(main)/crypto/[id]/page.tsx [Server Component] @ http://localhost:3000/_next/static/chunks/node_modules_next_dist_0u_w_5s._.js:1945
[   12458ms] [ERROR] ./components/crypto/CryptoDetailHeader.tsx:6:1
Export Github doesn't exist in target module
  4 | import { formatCryptoPrice } from '@/lib/cryptoUtils';
  5 | import { Skeleton } from '@/components/ui/skeleton';
> 6 | import { TrendingUp, TrendingDown, Globe, MessageSquare, Github } from 'lucide-react';
    | ^^^^^^^^^^^^^^^^^^^^^^^^^^^^^^^^^^^^^^^^^^^^^^^^^^^^^^^^^^^^^^^^^^^^^^^^^^^^^^^^^^^^^^
  7 |
  8 | interface CryptoDetailHeaderProps {
  9 |   id: string;

The export Github was not found in module [project]/node_modules/lucide-react/dist/esm/lucide-react.mjs [app-client] (ecmascript).
Did you mean to import Gift?
All exports of the module are statically known (It doesn't have dynamic exports). So it's known statically that the requested export doesn't exist.

Import traces:
  Client Component Browser:
    ./components/crypto/CryptoDetailHeader.tsx [Client Component Browser]
    ./app/(main)/crypto/[id]/page.tsx [Client Component Browser]
    ./app/(main)/crypto/[id]/page.tsx [Server Component]

  Client Component SSR:
    ./components/crypto/CryptoDetailHeader.tsx [Client Component SSR]
    ./app/(main)/crypto/[id]/page.tsx [Client Component SSR]
    ./app/(main)/crypto/[id]/page.tsx [Server Component] @ http://localhost:3000/_next/static/chunks/node_modules_next_dist_0u_w_5s._.js:1945
[   12458ms] [ERROR] ./components/crypto/CryptoDetailHeader.tsx:6:1
Export Github doesn't exist in target module
  4 | import { formatCryptoPrice } from '@/lib/cryptoUtils';
  5 | import { Skeleton } from '@/components/ui/skeleton';
> 6 | import { TrendingUp, TrendingDown, Globe, MessageSquare, Github } from 'lucide-react';
    | ^^^^^^^^^^^^^^^^^^^^^^^^^^^^^^^^^^^^^^^^^^^^^^^^^^^^^^^^^^^^^^^^^^^^^^^^^^^^^^^^^^^^^^
  7 |
  8 | interface CryptoDetailHeaderProps {
  9 |   id: string;

The export Github was not found in module [project]/node_modules/lucide-react/dist/esm/lucide-react.mjs [app-ssr] (ecmascript).
Did you mean to import Gift?
All exports of the module are statically known (It doesn't have dynamic exports). So it's known statically that the requested export doesn't exist.

Import traces:
  Client Component Browser:
    ./components/crypto/CryptoDetailHeader.tsx [Client Component Browser]
    ./app/(main)/crypto/[id]/page.tsx [Client Component Browser]
    ./app/(main)/crypto/[id]/page.tsx [Server Component]

  Client Component SSR:
    ./components/crypto/CryptoDetailHeader.tsx [Client Component SSR]
    ./app/(main)/crypto/[id]/page.tsx [Client Component SSR]
    ./app/(main)/crypto/[id]/page.tsx [Server Component] @ http://localhost:3000/_next/static/chunks/node_modules_next_dist_0u_w_5s._.js:1945
[   12518ms] [ERROR] ./components/crypto/CryptoDetailHeader.tsx:6:1
Export Github doesn't exist in target module
  4 | import { formatCryptoPrice } from '@/lib/cryptoUtils';
  5 | import { Skeleton } from '@/components/ui/skeleton';
> 6 | import { TrendingUp, TrendingDown, Globe, MessageSquare, Github } from 'lucide-react';
    | ^^^^^^^^^^^^^^^^^^^^^^^^^^^^^^^^^^^^^^^^^^^^^^^^^^^^^^^^^^^^^^^^^^^^^^^^^^^^^^^^^^^^^^
  7 |
  8 | interface CryptoDetailHeaderProps {
  9 |   id: string;

The export Github was not found in module [project]/node_modules/lucide-react/dist/esm/lucide-react.mjs [app-client] (ecmascript).
Did you mean to import Gift?
All exports of the module are statically known (It doesn't have dynamic exports). So it's known statically that the requested export doesn't exist.

Import traces:
  Client Component Browser:
    ./components/crypto/CryptoDetailHeader.tsx [Client Component Browser]
    ./app/(main)/crypto/[id]/page.tsx [Client Component Browser]
    ./app/(main)/crypto/[id]/page.tsx [Server Component]

  Client Component SSR:
    ./components/crypto/CryptoDetailHeader.tsx [Client Component SSR]
    ./app/(main)/crypto/[id]/page.tsx [Client Component SSR]
    ./app/(main)/crypto/[id]/page.tsx [Server Component] @ http://localhost:3000/_next/static/chunks/node_modules_next_dist_0u_w_5s._.js:1945
[   12518ms] [ERROR] ./components/crypto/CryptoDetailHeader.tsx:6:1
Export Github doesn't exist in target module
  4 | import { formatCryptoPrice } from '@/lib/cryptoUtils';
  5 | import { Skeleton } from '@/components/ui/skeleton';
> 6 | import { TrendingUp, TrendingDown, Globe, MessageSquare, Github } from 'lucide-react';
    | ^^^^^^^^^^^^^^^^^^^^^^^^^^^^^^^^^^^^^^^^^^^^^^^^^^^^^^^^^^^^^^^^^^^^^^^^^^^^^^^^^^^^^^
  7 |
  8 | interface CryptoDetailHeaderProps {
  9 |   id: string;

The export Github was not found in module [project]/node_modules/lucide-react/dist/esm/lucide-react.mjs [app-ssr] (ecmascript).
Did you mean to import Gift?
All exports of the module are statically known (It doesn't have dynamic exports). So it's known statically that the requested export doesn't exist.

Import traces:
  Client Component Browser:
    ./components/crypto/CryptoDetailHeader.tsx [Client Component Browser]
    ./app/(main)/crypto/[id]/page.tsx [Client Component Browser]
    ./app/(main)/crypto/[id]/page.tsx [Server Component]

  Client Component SSR:
    ./components/crypto/CryptoDetailHeader.tsx [Client Component SSR]
    ./app/(main)/crypto/[id]/page.tsx [Client Component SSR]
    ./app/(main)/crypto/[id]/page.tsx [Server Component] @ http://localhost:3000/_next/static/chunks/node_modules_next_dist_0u_w_5s._.js:1945
[   12577ms] [ERROR] ./components/crypto/CryptoDetailHeader.tsx:6:1
Export Github doesn't exist in target module
  4 | import { formatCryptoPrice } from '@/lib/cryptoUtils';
  5 | import { Skeleton } from '@/components/ui/skeleton';
> 6 | import { TrendingUp, TrendingDown, Globe, MessageSquare, Github } from 'lucide-react';
    | ^^^^^^^^^^^^^^^^^^^^^^^^^^^^^^^^^^^^^^^^^^^^^^^^^^^^^^^^^^^^^^^^^^^^^^^^^^^^^^^^^^^^^^
  7 |
  8 | interface CryptoDetailHeaderProps {
  9 |   id: string;

The export Github was not found in module [project]/node_modules/lucide-react/dist/esm/lucide-react.mjs [app-client] (ecmascript).
Did you mean to import Gift?
All exports of the module are statically known (It doesn't have dynamic exports). So it's known statically that the requested export doesn't exist.

Import traces:
  Client Component Browser:
    ./components/crypto/CryptoDetailHeader.tsx [Client Component Browser]
    ./app/(main)/crypto/[id]/page.tsx [Client Component Browser]
    ./app/(main)/crypto/[id]/page.tsx [Server Component]

  Client Component SSR:
    ./components/crypto/CryptoDetailHeader.tsx [Client Component SSR]
    ./app/(main)/crypto/[id]/page.tsx [Client Component SSR]
    ./app/(main)/crypto/[id]/page.tsx [Server Component] @ http://localhost:3000/_next/static/chunks/node_modules_next_dist_0u_w_5s._.js:1945
[   12577ms] [ERROR] ./components/crypto/CryptoDetailHeader.tsx:6:1
Export Github doesn't exist in target module
  4 | import { formatCryptoPrice } from '@/lib/cryptoUtils';
  5 | import { Skeleton } from '@/components/ui/skeleton';
> 6 | import { TrendingUp, TrendingDown, Globe, MessageSquare, Github } from 'lucide-react';
    | ^^^^^^^^^^^^^^^^^^^^^^^^^^^^^^^^^^^^^^^^^^^^^^^^^^^^^^^^^^^^^^^^^^^^^^^^^^^^^^^^^^^^^^
  7 |
  8 | interface CryptoDetailHeaderProps {
  9 |   id: string;

The export Github was not found in module [project]/node_modules/lucide-react/dist/esm/lucide-react.mjs [app-ssr] (ecmascript).
Did you mean to import Gift?
All exports of the module are statically known (It doesn't have dynamic exports). So it's known statically that the requested export doesn't exist.

Import traces:
  Client Component Browser:
    ./components/crypto/CryptoDetailHeader.tsx [Client Component Browser]
    ./app/(main)/crypto/[id]/page.tsx [Client Component Browser]
    ./app/(main)/crypto/[id]/page.tsx [Server Component]

  Client Component SSR:
    ./components/crypto/CryptoDetailHeader.tsx [Client Component SSR]
    ./app/(main)/crypto/[id]/page.tsx [Client Component SSR]
    ./app/(main)/crypto/[id]/page.tsx [Server Component] @ http://localhost:3000/_next/static/chunks/node_modules_next_dist_0u_w_5s._.js:1945
[   12638ms] [ERROR] ./components/crypto/CryptoDetailHeader.tsx:6:1
Export Github doesn't exist in target module
  4 | import { formatCryptoPrice } from '@/lib/cryptoUtils';
  5 | import { Skeleton } from '@/components/ui/skeleton';
> 6 | import { TrendingUp, TrendingDown, Globe, MessageSquare, Github } from 'lucide-react';
    | ^^^^^^^^^^^^^^^^^^^^^^^^^^^^^^^^^^^^^^^^^^^^^^^^^^^^^^^^^^^^^^^^^^^^^^^^^^^^^^^^^^^^^^
  7 |
  8 | interface CryptoDetailHeaderProps {
  9 |   id: string;

The export Github was not found in module [project]/node_modules/lucide-react/dist/esm/lucide-react.mjs [app-client] (ecmascript).
Did you mean to import Gift?
All exports of the module are statically known (It doesn't have dynamic exports). So it's known statically that the requested export doesn't exist.

Import traces:
  Client Component Browser:
    ./components/crypto/CryptoDetailHeader.tsx [Client Component Browser]
    ./app/(main)/crypto/[id]/page.tsx [Client Component Browser]
    ./app/(main)/crypto/[id]/page.tsx [Server Component]

  Client Component SSR:
    ./components/crypto/CryptoDetailHeader.tsx [Client Component SSR]
    ./app/(main)/crypto/[id]/page.tsx [Client Component SSR]
    ./app/(main)/crypto/[id]/page.tsx [Server Component] @ http://localhost:3000/_next/static/chunks/node_modules_next_dist_0u_w_5s._.js:1945
[   12638ms] [ERROR] ./components/crypto/CryptoDetailHeader.tsx:6:1
Export Github doesn't exist in target module
  4 | import { formatCryptoPrice } from '@/lib/cryptoUtils';
  5 | import { Skeleton } from '@/components/ui/skeleton';
> 6 | import { TrendingUp, TrendingDown, Globe, MessageSquare, Github } from 'lucide-react';
    | ^^^^^^^^^^^^^^^^^^^^^^^^^^^^^^^^^^^^^^^^^^^^^^^^^^^^^^^^^^^^^^^^^^^^^^^^^^^^^^^^^^^^^^
  7 |
  8 | interface CryptoDetailHeaderProps {
  9 |   id: string;

The export Github was not found in module [project]/node_modules/lucide-react/dist/esm/lucide-react.mjs [app-ssr] (ecmascript).
Did you mean to import Gift?
All exports of the module are statically known (It doesn't have dynamic exports). So it's known statically that the requested export doesn't exist.

Import traces:
  Client Component Browser:
    ./components/crypto/CryptoDetailHeader.tsx [Client Component Browser]
    ./app/(main)/crypto/[id]/page.tsx [Client Component Browser]
    ./app/(main)/crypto/[id]/page.tsx [Server Component]

  Client Component SSR:
    ./components/crypto/CryptoDetailHeader.tsx [Client Component SSR]
    ./app/(main)/crypto/[id]/page.tsx [Client Component SSR]
    ./app/(main)/crypto/[id]/page.tsx [Server Component] @ http://localhost:3000/_next/static/chunks/node_modules_next_dist_0u_w_5s._.js:1945
[   12698ms] [ERROR] ./components/crypto/CryptoDetailHeader.tsx:6:1
Export Github doesn't exist in target module
  4 | import { formatCryptoPrice } from '@/lib/cryptoUtils';
  5 | import { Skeleton } from '@/components/ui/skeleton';
> 6 | import { TrendingUp, TrendingDown, Globe, MessageSquare, Github } from 'lucide-react';
    | ^^^^^^^^^^^^^^^^^^^^^^^^^^^^^^^^^^^^^^^^^^^^^^^^^^^^^^^^^^^^^^^^^^^^^^^^^^^^^^^^^^^^^^
  7 |
  8 | interface CryptoDetailHeaderProps {
  9 |   id: string;

The export Github was not found in module [project]/node_modules/lucide-react/dist/esm/lucide-react.mjs [app-client] (ecmascript).
Did you mean to import Gift?
All exports of the module are statically known (It doesn't have dynamic exports). So it's known statically that the requested export doesn't exist.

Import traces:
  Client Component Browser:
    ./components/crypto/CryptoDetailHeader.tsx [Client Component Browser]
    ./app/(main)/crypto/[id]/page.tsx [Client Component Browser]
    ./app/(main)/crypto/[id]/page.tsx [Server Component]

  Client Component SSR:
    ./components/crypto/CryptoDetailHeader.tsx [Client Component SSR]
    ./app/(main)/crypto/[id]/page.tsx [Client Component SSR]
    ./app/(main)/crypto/[id]/page.tsx [Server Component] @ http://localhost:3000/_next/static/chunks/node_modules_next_dist_0u_w_5s._.js:1945
[   12698ms] [ERROR] ./components/crypto/CryptoDetailHeader.tsx:6:1
Export Github doesn't exist in target module
  4 | import { formatCryptoPrice } from '@/lib/cryptoUtils';
  5 | import { Skeleton } from '@/components/ui/skeleton';
> 6 | import { TrendingUp, TrendingDown, Globe, MessageSquare, Github } from 'lucide-react';
    | ^^^^^^^^^^^^^^^^^^^^^^^^^^^^^^^^^^^^^^^^^^^^^^^^^^^^^^^^^^^^^^^^^^^^^^^^^^^^^^^^^^^^^^
  7 |
  8 | interface CryptoDetailHeaderProps {
  9 |   id: string;

The export Github was not found in module [project]/node_modules/lucide-react/dist/esm/lucide-react.mjs [app-ssr] (ecmascript).
Did you mean to import Gift?
All exports of the module are statically known (It doesn't have dynamic exports). So it's known statically that the requested export doesn't exist.

Import traces:
  Client Component Browser:
    ./components/crypto/CryptoDetailHeader.tsx [Client Component Browser]
    ./app/(main)/crypto/[id]/page.tsx [Client Component Browser]
    ./app/(main)/crypto/[id]/page.tsx [Server Component]

  Client Component SSR:
    ./components/crypto/CryptoDetailHeader.tsx [Client Component SSR]
    ./app/(main)/crypto/[id]/page.tsx [Client Component SSR]
    ./app/(main)/crypto/[id]/page.tsx [Server Component] @ http://localhost:3000/_next/static/chunks/node_modules_next_dist_0u_w_5s._.js:1945
[   12758ms] [ERROR] ./components/crypto/CryptoDetailHeader.tsx:6:1
Export Github doesn't exist in target module
  4 | import { formatCryptoPrice } from '@/lib/cryptoUtils';
  5 | import { Skeleton } from '@/components/ui/skeleton';
> 6 | import { TrendingUp, TrendingDown, Globe, MessageSquare, Github } from 'lucide-react';
    | ^^^^^^^^^^^^^^^^^^^^^^^^^^^^^^^^^^^^^^^^^^^^^^^^^^^^^^^^^^^^^^^^^^^^^^^^^^^^^^^^^^^^^^
  7 |
  8 | interface CryptoDetailHeaderProps {
  9 |   id: string;

The export Github was not found in module [project]/node_modules/lucide-react/dist/esm/lucide-react.mjs [app-client] (ecmascript).
Did you mean to import Gift?
All exports of the module are statically known (It doesn't have dynamic exports). So it's known statically that the requested export doesn't exist.

Import traces:
  Client Component Browser:
    ./components/crypto/CryptoDetailHeader.tsx [Client Component Browser]
    ./app/(main)/crypto/[id]/page.tsx [Client Component Browser]
    ./app/(main)/crypto/[id]/page.tsx [Server Component]

  Client Component SSR:
    ./components/crypto/CryptoDetailHeader.tsx [Client Component SSR]
    ./app/(main)/crypto/[id]/page.tsx [Client Component SSR]
    ./app/(main)/crypto/[id]/page.tsx [Server Component] @ http://localhost:3000/_next/static/chunks/node_modules_next_dist_0u_w_5s._.js:1945
[   12758ms] [ERROR] ./components/crypto/CryptoDetailHeader.tsx:6:1
Export Github doesn't exist in target module
  4 | import { formatCryptoPrice } from '@/lib/cryptoUtils';
  5 | import { Skeleton } from '@/components/ui/skeleton';
> 6 | import { TrendingUp, TrendingDown, Globe, MessageSquare, Github } from 'lucide-react';
    | ^^^^^^^^^^^^^^^^^^^^^^^^^^^^^^^^^^^^^^^^^^^^^^^^^^^^^^^^^^^^^^^^^^^^^^^^^^^^^^^^^^^^^^
  7 |
  8 | interface CryptoDetailHeaderProps {
  9 |   id: string;

The export Github was not found in module [project]/node_modules/lucide-react/dist/esm/lucide-react.mjs [app-ssr] (ecmascript).
Did you mean to import Gift?
All exports of the module are statically known (It doesn't have dynamic exports). So it's known statically that the requested export doesn't exist.

Import traces:
  Client Component Browser:
    ./components/crypto/CryptoDetailHeader.tsx [Client Component Browser]
    ./app/(main)/crypto/[id]/page.tsx [Client Component Browser]
    ./app/(main)/crypto/[id]/page.tsx [Server Component]

  Client Component SSR:
    ./components/crypto/CryptoDetailHeader.tsx [Client Component SSR]
    ./app/(main)/crypto/[id]/page.tsx [Client Component SSR]
    ./app/(main)/crypto/[id]/page.tsx [Server Component] @ http://localhost:3000/_next/static/chunks/node_modules_next_dist_0u_w_5s._.js:1945
[   12817ms] [ERROR] ./components/crypto/CryptoDetailHeader.tsx:6:1
Export Github doesn't exist in target module
  4 | import { formatCryptoPrice } from '@/lib/cryptoUtils';
  5 | import { Skeleton } from '@/components/ui/skeleton';
> 6 | import { TrendingUp, TrendingDown, Globe, MessageSquare, Github } from 'lucide-react';
    | ^^^^^^^^^^^^^^^^^^^^^^^^^^^^^^^^^^^^^^^^^^^^^^^^^^^^^^^^^^^^^^^^^^^^^^^^^^^^^^^^^^^^^^
  7 |
  8 | interface CryptoDetailHeaderProps {
  9 |   id: string;

The export Github was not found in module [project]/node_modules/lucide-react/dist/esm/lucide-react.mjs [app-client] (ecmascript).
Did you mean to import Gift?
All exports of the module are statically known (It doesn't have dynamic exports). So it's known statically that the requested export doesn't exist.

Import traces:
  Client Component Browser:
    ./components/crypto/CryptoDetailHeader.tsx [Client Component Browser]
    ./app/(main)/crypto/[id]/page.tsx [Client Component Browser]
    ./app/(main)/crypto/[id]/page.tsx [Server Component]

  Client Component SSR:
    ./components/crypto/CryptoDetailHeader.tsx [Client Component SSR]
    ./app/(main)/crypto/[id]/page.tsx [Client Component SSR]
    ./app/(main)/crypto/[id]/page.tsx [Server Component] @ http://localhost:3000/_next/static/chunks/node_modules_next_dist_0u_w_5s._.js:1945
[   12818ms] [ERROR] ./components/crypto/CryptoDetailHeader.tsx:6:1
Export Github doesn't exist in target module
  4 | import { formatCryptoPrice } from '@/lib/cryptoUtils';
  5 | import { Skeleton } from '@/components/ui/skeleton';
> 6 | import { TrendingUp, TrendingDown, Globe, MessageSquare, Github } from 'lucide-react';
    | ^^^^^^^^^^^^^^^^^^^^^^^^^^^^^^^^^^^^^^^^^^^^^^^^^^^^^^^^^^^^^^^^^^^^^^^^^^^^^^^^^^^^^^
  7 |
  8 | interface CryptoDetailHeaderProps {
  9 |   id: string;

The export Github was not found in module [project]/node_modules/lucide-react/dist/esm/lucide-react.mjs [app-ssr] (ecmascript).
Did you mean to import Gift?
All exports of the module are statically known (It doesn't have dynamic exports). So it's known statically that the requested export doesn't exist.

Import traces:
  Client Component Browser:
    ./components/crypto/CryptoDetailHeader.tsx [Client Component Browser]
    ./app/(main)/crypto/[id]/page.tsx [Client Component Browser]
    ./app/(main)/crypto/[id]/page.tsx [Server Component]

  Client Component SSR:
    ./components/crypto/CryptoDetailHeader.tsx [Client Component SSR]
    ./app/(main)/crypto/[id]/page.tsx [Client Component SSR]
    ./app/(main)/crypto/[id]/page.tsx [Server Component] @ http://localhost:3000/_next/static/chunks/node_modules_next_dist_0u_w_5s._.js:1945
[   12877ms] [ERROR] ./components/crypto/CryptoDetailHeader.tsx:6:1
Export Github doesn't exist in target module
  4 | import { formatCryptoPrice } from '@/lib/cryptoUtils';
  5 | import { Skeleton } from '@/components/ui/skeleton';
> 6 | import { TrendingUp, TrendingDown, Globe, MessageSquare, Github } from 'lucide-react';
    | ^^^^^^^^^^^^^^^^^^^^^^^^^^^^^^^^^^^^^^^^^^^^^^^^^^^^^^^^^^^^^^^^^^^^^^^^^^^^^^^^^^^^^^
  7 |
  8 | interface CryptoDetailHeaderProps {
  9 |   id: string;

The export Github was not found in module [project]/node_modules/lucide-react/dist/esm/lucide-react.mjs [app-client] (ecmascript).
Did you mean to import Gift?
All exports of the module are statically known (It doesn't have dynamic exports). So it's known statically that the requested export doesn't exist.

Import traces:
  Client Component Browser:
    ./components/crypto/CryptoDetailHeader.tsx [Client Component Browser]
    ./app/(main)/crypto/[id]/page.tsx [Client Component Browser]
    ./app/(main)/crypto/[id]/page.tsx [Server Component]

  Client Component SSR:
    ./components/crypto/CryptoDetailHeader.tsx [Client Component SSR]
    ./app/(main)/crypto/[id]/page.tsx [Client Component SSR]
    ./app/(main)/crypto/[id]/page.tsx [Server Component] @ http://localhost:3000/_next/static/chunks/node_modules_next_dist_0u_w_5s._.js:1945
[   12878ms] [ERROR] ./components/crypto/CryptoDetailHeader.tsx:6:1
Export Github doesn't exist in target module
  4 | import { formatCryptoPrice } from '@/lib/cryptoUtils';
  5 | import { Skeleton } from '@/components/ui/skeleton';
> 6 | import { TrendingUp, TrendingDown, Globe, MessageSquare, Github } from 'lucide-react';
    | ^^^^^^^^^^^^^^^^^^^^^^^^^^^^^^^^^^^^^^^^^^^^^^^^^^^^^^^^^^^^^^^^^^^^^^^^^^^^^^^^^^^^^^
  7 |
  8 | interface CryptoDetailHeaderProps {
  9 |   id: string;

The export Github was not found in module [project]/node_modules/lucide-react/dist/esm/lucide-react.mjs [app-ssr] (ecmascript).
Did you mean to import Gift?
All exports of the module are statically known (It doesn't have dynamic exports). So it's known statically that the requested export doesn't exist.

Import traces:
  Client Component Browser:
    ./components/crypto/CryptoDetailHeader.tsx [Client Component Browser]
    ./app/(main)/crypto/[id]/page.tsx [Client Component Browser]
    ./app/(main)/crypto/[id]/page.tsx [Server Component]

  Client Component SSR:
    ./components/crypto/CryptoDetailHeader.tsx [Client Component SSR]
    ./app/(main)/crypto/[id]/page.tsx [Client Component SSR]
    ./app/(main)/crypto/[id]/page.tsx [Server Component] @ http://localhost:3000/_next/static/chunks/node_modules_next_dist_0u_w_5s._.js:1945
[   12937ms] [ERROR] ./components/crypto/CryptoDetailHeader.tsx:6:1
Export Github doesn't exist in target module
  4 | import { formatCryptoPrice } from '@/lib/cryptoUtils';
  5 | import { Skeleton } from '@/components/ui/skeleton';
> 6 | import { TrendingUp, TrendingDown, Globe, MessageSquare, Github } from 'lucide-react';
    | ^^^^^^^^^^^^^^^^^^^^^^^^^^^^^^^^^^^^^^^^^^^^^^^^^^^^^^^^^^^^^^^^^^^^^^^^^^^^^^^^^^^^^^
  7 |
  8 | interface CryptoDetailHeaderProps {
  9 |   id: string;

The export Github was not found in module [project]/node_modules/lucide-react/dist/esm/lucide-react.mjs [app-client] (ecmascript).
Did you mean to import Gift?
All exports of the module are statically known (It doesn't have dynamic exports). So it's known statically that the requested export doesn't exist.

Import traces:
  Client Component Browser:
    ./components/crypto/CryptoDetailHeader.tsx [Client Component Browser]
    ./app/(main)/crypto/[id]/page.tsx [Client Component Browser]
    ./app/(main)/crypto/[id]/page.tsx [Server Component]

  Client Component SSR:
    ./components/crypto/CryptoDetailHeader.tsx [Client Component SSR]
    ./app/(main)/crypto/[id]/page.tsx [Client Component SSR]
    ./app/(main)/crypto/[id]/page.tsx [Server Component] @ http://localhost:3000/_next/static/chunks/node_modules_next_dist_0u_w_5s._.js:1945
[   12937ms] [ERROR] ./components/crypto/CryptoDetailHeader.tsx:6:1
Export Github doesn't exist in target module
  4 | import { formatCryptoPrice } from '@/lib/cryptoUtils';
  5 | import { Skeleton } from '@/components/ui/skeleton';
> 6 | import { TrendingUp, TrendingDown, Globe, MessageSquare, Github } from 'lucide-react';
    | ^^^^^^^^^^^^^^^^^^^^^^^^^^^^^^^^^^^^^^^^^^^^^^^^^^^^^^^^^^^^^^^^^^^^^^^^^^^^^^^^^^^^^^
  7 |
  8 | interface CryptoDetailHeaderProps {
  9 |   id: string;

The export Github was not found in module [project]/node_modules/lucide-react/dist/esm/lucide-react.mjs [app-ssr] (ecmascript).
Did you mean to import Gift?
All exports of the module are statically known (It doesn't have dynamic exports). So it's known statically that the requested export doesn't exist.

Import traces:
  Client Component Browser:
    ./components/crypto/CryptoDetailHeader.tsx [Client Component Browser]
    ./app/(main)/crypto/[id]/page.tsx [Client Component Browser]
    ./app/(main)/crypto/[id]/page.tsx [Server Component]

  Client Component SSR:
    ./components/crypto/CryptoDetailHeader.tsx [Client Component SSR]
    ./app/(main)/crypto/[id]/page.tsx [Client Component SSR]
    ./app/(main)/crypto/[id]/page.tsx [Server Component] @ http://localhost:3000/_next/static/chunks/node_modules_next_dist_0u_w_5s._.js:1945
[   12997ms] [ERROR] ./components/crypto/CryptoDetailHeader.tsx:6:1
Export Github doesn't exist in target module
  4 | import { formatCryptoPrice } from '@/lib/cryptoUtils';
  5 | import { Skeleton } from '@/components/ui/skeleton';
> 6 | import { TrendingUp, TrendingDown, Globe, MessageSquare, Github } from 'lucide-react';
    | ^^^^^^^^^^^^^^^^^^^^^^^^^^^^^^^^^^^^^^^^^^^^^^^^^^^^^^^^^^^^^^^^^^^^^^^^^^^^^^^^^^^^^^
  7 |
  8 | interface CryptoDetailHeaderProps {
  9 |   id: string;

The export Github was not found in module [project]/node_modules/lucide-react/dist/esm/lucide-react.mjs [app-client] (ecmascript).
Did you mean to import Gift?
All exports of the module are statically known (It doesn't have dynamic exports). So it's known statically that the requested export doesn't exist.

Import traces:
  Client Component Browser:
    ./components/crypto/CryptoDetailHeader.tsx [Client Component Browser]
    ./app/(main)/crypto/[id]/page.tsx [Client Component Browser]
    ./app/(main)/crypto/[id]/page.tsx [Server Component]

  Client Component SSR:
    ./components/crypto/CryptoDetailHeader.tsx [Client Component SSR]
    ./app/(main)/crypto/[id]/page.tsx [Client Component SSR]
    ./app/(main)/crypto/[id]/page.tsx [Server Component] @ http://localhost:3000/_next/static/chunks/node_modules_next_dist_0u_w_5s._.js:1945
[   12998ms] [ERROR] ./components/crypto/CryptoDetailHeader.tsx:6:1
Export Github doesn't exist in target module
  4 | import { formatCryptoPrice } from '@/lib/cryptoUtils';
  5 | import { Skeleton } from '@/components/ui/skeleton';
> 6 | import { TrendingUp, TrendingDown, Globe, MessageSquare, Github } from 'lucide-react';
    | ^^^^^^^^^^^^^^^^^^^^^^^^^^^^^^^^^^^^^^^^^^^^^^^^^^^^^^^^^^^^^^^^^^^^^^^^^^^^^^^^^^^^^^
  7 |
  8 | interface CryptoDetailHeaderProps {
  9 |   id: string;

The export Github was not found in module [project]/node_modules/lucide-react/dist/esm/lucide-react.mjs [app-ssr] (ecmascript).
Did you mean to import Gift?
All exports of the module are statically known (It doesn't have dynamic exports). So it's known statically that the requested export doesn't exist.

Import traces:
  Client Component Browser:
    ./components/crypto/CryptoDetailHeader.tsx [Client Component Browser]
    ./app/(main)/crypto/[id]/page.tsx [Client Component Browser]
    ./app/(main)/crypto/[id]/page.tsx [Server Component]

  Client Component SSR:
    ./components/crypto/CryptoDetailHeader.tsx [Client Component SSR]
    ./app/(main)/crypto/[id]/page.tsx [Client Component SSR]
    ./app/(main)/crypto/[id]/page.tsx [Server Component] @ http://localhost:3000/_next/static/chunks/node_modules_next_dist_0u_w_5s._.js:1945
[   13058ms] [ERROR] ./components/crypto/CryptoDetailHeader.tsx:6:1
Export Github doesn't exist in target module
  4 | import { formatCryptoPrice } from '@/lib/cryptoUtils';
  5 | import { Skeleton } from '@/components/ui/skeleton';
> 6 | import { TrendingUp, TrendingDown, Globe, MessageSquare, Github } from 'lucide-react';
    | ^^^^^^^^^^^^^^^^^^^^^^^^^^^^^^^^^^^^^^^^^^^^^^^^^^^^^^^^^^^^^^^^^^^^^^^^^^^^^^^^^^^^^^
  7 |
  8 | interface CryptoDetailHeaderProps {
  9 |   id: string;

The export Github was not found in module [project]/node_modules/lucide-react/dist/esm/lucide-react.mjs [app-client] (ecmascript).
Did you mean to import Gift?
All exports of the module are statically known (It doesn't have dynamic exports). So it's known statically that the requested export doesn't exist.

Import traces:
  Client Component Browser:
    ./components/crypto/CryptoDetailHeader.tsx [Client Component Browser]
    ./app/(main)/crypto/[id]/page.tsx [Client Component Browser]
    ./app/(main)/crypto/[id]/page.tsx [Server Component]

  Client Component SSR:
    ./components/crypto/CryptoDetailHeader.tsx [Client Component SSR]
    ./app/(main)/crypto/[id]/page.tsx [Client Component SSR]
    ./app/(main)/crypto/[id]/page.tsx [Server Component] @ http://localhost:3000/_next/static/chunks/node_modules_next_dist_0u_w_5s._.js:1945
[   13058ms] [ERROR] ./components/crypto/CryptoDetailHeader.tsx:6:1
Export Github doesn't exist in target module
  4 | import { formatCryptoPrice } from '@/lib/cryptoUtils';
  5 | import { Skeleton } from '@/components/ui/skeleton';
> 6 | import { TrendingUp, TrendingDown, Globe, MessageSquare, Github } from 'lucide-react';
    | ^^^^^^^^^^^^^^^^^^^^^^^^^^^^^^^^^^^^^^^^^^^^^^^^^^^^^^^^^^^^^^^^^^^^^^^^^^^^^^^^^^^^^^
  7 |
  8 | interface CryptoDetailHeaderProps {
  9 |   id: string;

The export Github was not found in module [project]/node_modules/lucide-react/dist/esm/lucide-react.mjs [app-ssr] (ecmascript).
Did you mean to import Gift?
All exports of the module are statically known (It doesn't have dynamic exports). So it's known statically that the requested export doesn't exist.

Import traces:
  Client Component Browser:
    ./components/crypto/CryptoDetailHeader.tsx [Client Component Browser]
    ./app/(main)/crypto/[id]/page.tsx [Client Component Browser]
    ./app/(main)/crypto/[id]/page.tsx [Server Component]

  Client Component SSR:
    ./components/crypto/CryptoDetailHeader.tsx [Client Component SSR]
    ./app/(main)/crypto/[id]/page.tsx [Client Component SSR]
    ./app/(main)/crypto/[id]/page.tsx [Server Component] @ http://localhost:3000/_next/static/chunks/node_modules_next_dist_0u_w_5s._.js:1945
[   13117ms] [ERROR] ./components/crypto/CryptoDetailHeader.tsx:6:1
Export Github doesn't exist in target module
  4 | import { formatCryptoPrice } from '@/lib/cryptoUtils';
  5 | import { Skeleton } from '@/components/ui/skeleton';
> 6 | import { TrendingUp, TrendingDown, Globe, MessageSquare, Github } from 'lucide-react';
    | ^^^^^^^^^^^^^^^^^^^^^^^^^^^^^^^^^^^^^^^^^^^^^^^^^^^^^^^^^^^^^^^^^^^^^^^^^^^^^^^^^^^^^^
  7 |
  8 | interface CryptoDetailHeaderProps {
  9 |   id: string;

The export Github was not found in module [project]/node_modules/lucide-react/dist/esm/lucide-react.mjs [app-client] (ecmascript).
Did you mean to import Gift?
All exports of the module are statically known (It doesn't have dynamic exports). So it's known statically that the requested export doesn't exist.

Import traces:
  Client Component Browser:
    ./components/crypto/CryptoDetailHeader.tsx [Client Component Browser]
    ./app/(main)/crypto/[id]/page.tsx [Client Component Browser]
    ./app/(main)/crypto/[id]/page.tsx [Server Component]

  Client Component SSR:
    ./components/crypto/CryptoDetailHeader.tsx [Client Component SSR]
    ./app/(main)/crypto/[id]/page.tsx [Client Component SSR]
    ./app/(main)/crypto/[id]/page.tsx [Server Component] @ http://localhost:3000/_next/static/chunks/node_modules_next_dist_0u_w_5s._.js:1945
[   13118ms] [ERROR] ./components/crypto/CryptoDetailHeader.tsx:6:1
Export Github doesn't exist in target module
  4 | import { formatCryptoPrice } from '@/lib/cryptoUtils';
  5 | import { Skeleton } from '@/components/ui/skeleton';
> 6 | import { TrendingUp, TrendingDown, Globe, MessageSquare, Github } from 'lucide-react';
    | ^^^^^^^^^^^^^^^^^^^^^^^^^^^^^^^^^^^^^^^^^^^^^^^^^^^^^^^^^^^^^^^^^^^^^^^^^^^^^^^^^^^^^^
  7 |
  8 | interface CryptoDetailHeaderProps {
  9 |   id: string;

The export Github was not found in module [project]/node_modules/lucide-react/dist/esm/lucide-react.mjs [app-ssr] (ecmascript).
Did you mean to import Gift?
All exports of the module are statically known (It doesn't have dynamic exports). So it's known statically that the requested export doesn't exist.

Import traces:
  Client Component Browser:
    ./components/crypto/CryptoDetailHeader.tsx [Client Component Browser]
    ./app/(main)/crypto/[id]/page.tsx [Client Component Browser]
    ./app/(main)/crypto/[id]/page.tsx [Server Component]

  Client Component SSR:
    ./components/crypto/CryptoDetailHeader.tsx [Client Component SSR]
    ./app/(main)/crypto/[id]/page.tsx [Client Component SSR]
    ./app/(main)/crypto/[id]/page.tsx [Server Component] @ http://localhost:3000/_next/static/chunks/node_modules_next_dist_0u_w_5s._.js:1945
[   13178ms] [ERROR] ./components/crypto/CryptoDetailHeader.tsx:6:1
Export Github doesn't exist in target module
  4 | import { formatCryptoPrice } from '@/lib/cryptoUtils';
  5 | import { Skeleton } from '@/components/ui/skeleton';
> 6 | import { TrendingUp, TrendingDown, Globe, MessageSquare, Github } from 'lucide-react';
    | ^^^^^^^^^^^^^^^^^^^^^^^^^^^^^^^^^^^^^^^^^^^^^^^^^^^^^^^^^^^^^^^^^^^^^^^^^^^^^^^^^^^^^^
  7 |
  8 | interface CryptoDetailHeaderProps {
  9 |   id: string;

The export Github was not found in module [project]/node_modules/lucide-react/dist/esm/lucide-react.mjs [app-client] (ecmascript).
Did you mean to import Gift?
All exports of the module are statically known (It doesn't have dynamic exports). So it's known statically that the requested export doesn't exist.

Import traces:
  Client Component Browser:
    ./components/crypto/CryptoDetailHeader.tsx [Client Component Browser]
    ./app/(main)/crypto/[id]/page.tsx [Client Component Browser]
    ./app/(main)/crypto/[id]/page.tsx [Server Component]

  Client Component SSR:
    ./components/crypto/CryptoDetailHeader.tsx [Client Component SSR]
    ./app/(main)/crypto/[id]/page.tsx [Client Component SSR]
    ./app/(main)/crypto/[id]/page.tsx [Server Component] @ http://localhost:3000/_next/static/chunks/node_modules_next_dist_0u_w_5s._.js:1945
[   13178ms] [ERROR] ./components/crypto/CryptoDetailHeader.tsx:6:1
Export Github doesn't exist in target module
  4 | import { formatCryptoPrice } from '@/lib/cryptoUtils';
  5 | import { Skeleton } from '@/components/ui/skeleton';
> 6 | import { TrendingUp, TrendingDown, Globe, MessageSquare, Github } from 'lucide-react';
    | ^^^^^^^^^^^^^^^^^^^^^^^^^^^^^^^^^^^^^^^^^^^^^^^^^^^^^^^^^^^^^^^^^^^^^^^^^^^^^^^^^^^^^^
  7 |
  8 | interface CryptoDetailHeaderProps {
  9 |   id: string;

The export Github was not found in module [project]/node_modules/lucide-react/dist/esm/lucide-react.mjs [app-ssr] (ecmascript).
Did you mean to import Gift?
All exports of the module are statically known (It doesn't have dynamic exports). So it's known statically that the requested export doesn't exist.

Import traces:
  Client Component Browser:
    ./components/crypto/CryptoDetailHeader.tsx [Client Component Browser]
    ./app/(main)/crypto/[id]/page.tsx [Client Component Browser]
    ./app/(main)/crypto/[id]/page.tsx [Server Component]

  Client Component SSR:
    ./components/crypto/CryptoDetailHeader.tsx [Client Component SSR]
    ./app/(main)/crypto/[id]/page.tsx [Client Component SSR]
    ./app/(main)/crypto/[id]/page.tsx [Server Component] @ http://localhost:3000/_next/static/chunks/node_modules_next_dist_0u_w_5s._.js:1945
[   13239ms] [ERROR] ./components/crypto/CryptoDetailHeader.tsx:6:1
Export Github doesn't exist in target module
  4 | import { formatCryptoPrice } from '@/lib/cryptoUtils';
  5 | import { Skeleton } from '@/components/ui/skeleton';
> 6 | import { TrendingUp, TrendingDown, Globe, MessageSquare, Github } from 'lucide-react';
    | ^^^^^^^^^^^^^^^^^^^^^^^^^^^^^^^^^^^^^^^^^^^^^^^^^^^^^^^^^^^^^^^^^^^^^^^^^^^^^^^^^^^^^^
  7 |
  8 | interface CryptoDetailHeaderProps {
  9 |   id: string;

The export Github was not found in module [project]/node_modules/lucide-react/dist/esm/lucide-react.mjs [app-client] (ecmascript).
Did you mean to import Gift?
All exports of the module are statically known (It doesn't have dynamic exports). So it's known statically that the requested export doesn't exist.

Import traces:
  Client Component Browser:
    ./components/crypto/CryptoDetailHeader.tsx [Client Component Browser]
    ./app/(main)/crypto/[id]/page.tsx [Client Component Browser]
    ./app/(main)/crypto/[id]/page.tsx [Server Component]

  Client Component SSR:
    ./components/crypto/CryptoDetailHeader.tsx [Client Component SSR]
    ./app/(main)/crypto/[id]/page.tsx [Client Component SSR]
    ./app/(main)/crypto/[id]/page.tsx [Server Component] @ http://localhost:3000/_next/static/chunks/node_modules_next_dist_0u_w_5s._.js:1945
[   13239ms] [ERROR] ./components/crypto/CryptoDetailHeader.tsx:6:1
Export Github doesn't exist in target module
  4 | import { formatCryptoPrice } from '@/lib/cryptoUtils';
  5 | import { Skeleton } from '@/components/ui/skeleton';
> 6 | import { TrendingUp, TrendingDown, Globe, MessageSquare, Github } from 'lucide-react';
    | ^^^^^^^^^^^^^^^^^^^^^^^^^^^^^^^^^^^^^^^^^^^^^^^^^^^^^^^^^^^^^^^^^^^^^^^^^^^^^^^^^^^^^^
  7 |
  8 | interface CryptoDetailHeaderProps {
  9 |   id: string;

The export Github was not found in module [project]/node_modules/lucide-react/dist/esm/lucide-react.mjs [app-ssr] (ecmascript).
Did you mean to import Gift?
All exports of the module are statically known (It doesn't have dynamic exports). So it's known statically that the requested export doesn't exist.

Import traces:
  Client Component Browser:
    ./components/crypto/CryptoDetailHeader.tsx [Client Component Browser]
    ./app/(main)/crypto/[id]/page.tsx [Client Component Browser]
    ./app/(main)/crypto/[id]/page.tsx [Server Component]

  Client Component SSR:
    ./components/crypto/CryptoDetailHeader.tsx [Client Component SSR]
    ./app/(main)/crypto/[id]/page.tsx [Client Component SSR]
    ./app/(main)/crypto/[id]/page.tsx [Server Component] @ http://localhost:3000/_next/static/chunks/node_modules_next_dist_0u_w_5s._.js:1945
[   13301ms] [ERROR] ./components/crypto/CryptoDetailHeader.tsx:6:1
Export Github doesn't exist in target module
  4 | import { formatCryptoPrice } from '@/lib/cryptoUtils';
  5 | import { Skeleton } from '@/components/ui/skeleton';
> 6 | import { TrendingUp, TrendingDown, Globe, MessageSquare, Github } from 'lucide-react';
    | ^^^^^^^^^^^^^^^^^^^^^^^^^^^^^^^^^^^^^^^^^^^^^^^^^^^^^^^^^^^^^^^^^^^^^^^^^^^^^^^^^^^^^^
  7 |
  8 | interface CryptoDetailHeaderProps {
  9 |   id: string;

The export Github was not found in module [project]/node_modules/lucide-react/dist/esm/lucide-react.mjs [app-client] (ecmascript).
Did you mean to import Gift?
All exports of the module are statically known (It doesn't have dynamic exports). So it's known statically that the requested export doesn't exist.

Import traces:
  Client Component Browser:
    ./components/crypto/CryptoDetailHeader.tsx [Client Component Browser]
    ./app/(main)/crypto/[id]/page.tsx [Client Component Browser]
    ./app/(main)/crypto/[id]/page.tsx [Server Component]

  Client Component SSR:
    ./components/crypto/CryptoDetailHeader.tsx [Client Component SSR]
    ./app/(main)/crypto/[id]/page.tsx [Client Component SSR]
    ./app/(main)/crypto/[id]/page.tsx [Server Component] @ http://localhost:3000/_next/static/chunks/node_modules_next_dist_0u_w_5s._.js:1945
[   13302ms] [ERROR] ./components/crypto/CryptoDetailHeader.tsx:6:1
Export Github doesn't exist in target module
  4 | import { formatCryptoPrice } from '@/lib/cryptoUtils';
  5 | import { Skeleton } from '@/components/ui/skeleton';
> 6 | import { TrendingUp, TrendingDown, Globe, MessageSquare, Github } from 'lucide-react';
    | ^^^^^^^^^^^^^^^^^^^^^^^^^^^^^^^^^^^^^^^^^^^^^^^^^^^^^^^^^^^^^^^^^^^^^^^^^^^^^^^^^^^^^^
  7 |
  8 | interface CryptoDetailHeaderProps {
  9 |   id: string;

The export Github was not found in module [project]/node_modules/lucide-react/dist/esm/lucide-react.mjs [app-ssr] (ecmascript).
Did you mean to import Gift?
All exports of the module are statically known (It doesn't have dynamic exports). So it's known statically that the requested export doesn't exist.

Import traces:
  Client Component Browser:
    ./components/crypto/CryptoDetailHeader.tsx [Client Component Browser]
    ./app/(main)/crypto/[id]/page.tsx [Client Component Browser]
    ./app/(main)/crypto/[id]/page.tsx [Server Component]

  Client Component SSR:
    ./components/crypto/CryptoDetailHeader.tsx [Client Component SSR]
    ./app/(main)/crypto/[id]/page.tsx [Client Component SSR]
    ./app/(main)/crypto/[id]/page.tsx [Server Component] @ http://localhost:3000/_next/static/chunks/node_modules_next_dist_0u_w_5s._.js:1945
[   13358ms] [ERROR] ./components/crypto/CryptoDetailHeader.tsx:6:1
Export Github doesn't exist in target module
  4 | import { formatCryptoPrice } from '@/lib/cryptoUtils';
  5 | import { Skeleton } from '@/components/ui/skeleton';
> 6 | import { TrendingUp, TrendingDown, Globe, MessageSquare, Github } from 'lucide-react';
    | ^^^^^^^^^^^^^^^^^^^^^^^^^^^^^^^^^^^^^^^^^^^^^^^^^^^^^^^^^^^^^^^^^^^^^^^^^^^^^^^^^^^^^^
  7 |
  8 | interface CryptoDetailHeaderProps {
  9 |   id: string;

The export Github was not found in module [project]/node_modules/lucide-react/dist/esm/lucide-react.mjs [app-client] (ecmascript).
Did you mean to import Gift?
All exports of the module are statically known (It doesn't have dynamic exports). So it's known statically that the requested export doesn't exist.

Import traces:
  Client Component Browser:
    ./components/crypto/CryptoDetailHeader.tsx [Client Component Browser]
    ./app/(main)/crypto/[id]/page.tsx [Client Component Browser]
    ./app/(main)/crypto/[id]/page.tsx [Server Component]

  Client Component SSR:
    ./components/crypto/CryptoDetailHeader.tsx [Client Component SSR]
    ./app/(main)/crypto/[id]/page.tsx [Client Component SSR]
    ./app/(main)/crypto/[id]/page.tsx [Server Component] @ http://localhost:3000/_next/static/chunks/node_modules_next_dist_0u_w_5s._.js:1945
[   13359ms] [ERROR] ./components/crypto/CryptoDetailHeader.tsx:6:1
Export Github doesn't exist in target module
  4 | import { formatCryptoPrice } from '@/lib/cryptoUtils';
  5 | import { Skeleton } from '@/components/ui/skeleton';
> 6 | import { TrendingUp, TrendingDown, Globe, MessageSquare, Github } from 'lucide-react';
    | ^^^^^^^^^^^^^^^^^^^^^^^^^^^^^^^^^^^^^^^^^^^^^^^^^^^^^^^^^^^^^^^^^^^^^^^^^^^^^^^^^^^^^^
  7 |
  8 | interface CryptoDetailHeaderProps {
  9 |   id: string;

The export Github was not found in module [project]/node_modules/lucide-react/dist/esm/lucide-react.mjs [app-ssr] (ecmascript).
Did you mean to import Gift?
All exports of the module are statically known (It doesn't have dynamic exports). So it's known statically that the requested export doesn't exist.

Import traces:
  Client Component Browser:
    ./components/crypto/CryptoDetailHeader.tsx [Client Component Browser]
    ./app/(main)/crypto/[id]/page.tsx [Client Component Browser]
    ./app/(main)/crypto/[id]/page.tsx [Server Component]

  Client Component SSR:
    ./components/crypto/CryptoDetailHeader.tsx [Client Component SSR]
    ./app/(main)/crypto/[id]/page.tsx [Client Component SSR]
    ./app/(main)/crypto/[id]/page.tsx [Server Component] @ http://localhost:3000/_next/static/chunks/node_modules_next_dist_0u_w_5s._.js:1945
[   13418ms] [ERROR] ./components/crypto/CryptoDetailHeader.tsx:6:1
Export Github doesn't exist in target module
  4 | import { formatCryptoPrice } from '@/lib/cryptoUtils';
  5 | import { Skeleton } from '@/components/ui/skeleton';
> 6 | import { TrendingUp, TrendingDown, Globe, MessageSquare, Github } from 'lucide-react';
    | ^^^^^^^^^^^^^^^^^^^^^^^^^^^^^^^^^^^^^^^^^^^^^^^^^^^^^^^^^^^^^^^^^^^^^^^^^^^^^^^^^^^^^^
  7 |
  8 | interface CryptoDetailHeaderProps {
  9 |   id: string;

The export Github was not found in module [project]/node_modules/lucide-react/dist/esm/lucide-react.mjs [app-client] (ecmascript).
Did you mean to import Gift?
All exports of the module are statically known (It doesn't have dynamic exports). So it's known statically that the requested export doesn't exist.

Import traces:
  Client Component Browser:
    ./components/crypto/CryptoDetailHeader.tsx [Client Component Browser]
    ./app/(main)/crypto/[id]/page.tsx [Client Component Browser]
    ./app/(main)/crypto/[id]/page.tsx [Server Component]

  Client Component SSR:
    ./components/crypto/CryptoDetailHeader.tsx [Client Component SSR]
    ./app/(main)/crypto/[id]/page.tsx [Client Component SSR]
    ./app/(main)/crypto/[id]/page.tsx [Server Component] @ http://localhost:3000/_next/static/chunks/node_modules_next_dist_0u_w_5s._.js:1945
[   13419ms] [ERROR] ./components/crypto/CryptoDetailHeader.tsx:6:1
Export Github doesn't exist in target module
  4 | import { formatCryptoPrice } from '@/lib/cryptoUtils';
  5 | import { Skeleton } from '@/components/ui/skeleton';
> 6 | import { TrendingUp, TrendingDown, Globe, MessageSquare, Github } from 'lucide-react';
    | ^^^^^^^^^^^^^^^^^^^^^^^^^^^^^^^^^^^^^^^^^^^^^^^^^^^^^^^^^^^^^^^^^^^^^^^^^^^^^^^^^^^^^^
  7 |
  8 | interface CryptoDetailHeaderProps {
  9 |   id: string;

The export Github was not found in module [project]/node_modules/lucide-react/dist/esm/lucide-react.mjs [app-ssr] (ecmascript).
Did you mean to import Gift?
All exports of the module are statically known (It doesn't have dynamic exports). So it's known statically that the requested export doesn't exist.

Import traces:
  Client Component Browser:
    ./components/crypto/CryptoDetailHeader.tsx [Client Component Browser]
    ./app/(main)/crypto/[id]/page.tsx [Client Component Browser]
    ./app/(main)/crypto/[id]/page.tsx [Server Component]

  Client Component SSR:
    ./components/crypto/CryptoDetailHeader.tsx [Client Component SSR]
    ./app/(main)/crypto/[id]/page.tsx [Client Component SSR]
    ./app/(main)/crypto/[id]/page.tsx [Server Component] @ http://localhost:3000/_next/static/chunks/node_modules_next_dist_0u_w_5s._.js:1945
[   13479ms] [ERROR] ./components/crypto/CryptoDetailHeader.tsx:6:1
Export Github doesn't exist in target module
  4 | import { formatCryptoPrice } from '@/lib/cryptoUtils';
  5 | import { Skeleton } from '@/components/ui/skeleton';
> 6 | import { TrendingUp, TrendingDown, Globe, MessageSquare, Github } from 'lucide-react';
    | ^^^^^^^^^^^^^^^^^^^^^^^^^^^^^^^^^^^^^^^^^^^^^^^^^^^^^^^^^^^^^^^^^^^^^^^^^^^^^^^^^^^^^^
  7 |
  8 | interface CryptoDetailHeaderProps {
  9 |   id: string;

The export Github was not found in module [project]/node_modules/lucide-react/dist/esm/lucide-react.mjs [app-client] (ecmascript).
Did you mean to import Gift?
All exports of the module are statically known (It doesn't have dynamic exports). So it's known statically that the requested export doesn't exist.

Import traces:
  Client Component Browser:
    ./components/crypto/CryptoDetailHeader.tsx [Client Component Browser]
    ./app/(main)/crypto/[id]/page.tsx [Client Component Browser]
    ./app/(main)/crypto/[id]/page.tsx [Server Component]

  Client Component SSR:
    ./components/crypto/CryptoDetailHeader.tsx [Client Component SSR]
    ./app/(main)/crypto/[id]/page.tsx [Client Component SSR]
    ./app/(main)/crypto/[id]/page.tsx [Server Component] @ http://localhost:3000/_next/static/chunks/node_modules_next_dist_0u_w_5s._.js:1945
[   13479ms] [ERROR] ./components/crypto/CryptoDetailHeader.tsx:6:1
Export Github doesn't exist in target module
  4 | import { formatCryptoPrice } from '@/lib/cryptoUtils';
  5 | import { Skeleton } from '@/components/ui/skeleton';
> 6 | import { TrendingUp, TrendingDown, Globe, MessageSquare, Github } from 'lucide-react';
    | ^^^^^^^^^^^^^^^^^^^^^^^^^^^^^^^^^^^^^^^^^^^^^^^^^^^^^^^^^^^^^^^^^^^^^^^^^^^^^^^^^^^^^^
  7 |
  8 | interface CryptoDetailHeaderProps {
  9 |   id: string;

The export Github was not found in module [project]/node_modules/lucide-react/dist/esm/lucide-react.mjs [app-ssr] (ecmascript).
Did you mean to import Gift?
All exports of the module are statically known (It doesn't have dynamic exports). So it's known statically that the requested export doesn't exist.

Import traces:
  Client Component Browser:
    ./components/crypto/CryptoDetailHeader.tsx [Client Component Browser]
    ./app/(main)/crypto/[id]/page.tsx [Client Component Browser]
    ./app/(main)/crypto/[id]/page.tsx [Server Component]

  Client Component SSR:
    ./components/crypto/CryptoDetailHeader.tsx [Client Component SSR]
    ./app/(main)/crypto/[id]/page.tsx [Client Component SSR]
    ./app/(main)/crypto/[id]/page.tsx [Server Component] @ http://localhost:3000/_next/static/chunks/node_modules_next_dist_0u_w_5s._.js:1945
[   13538ms] [ERROR] ./components/crypto/CryptoDetailHeader.tsx:6:1
Export Github doesn't exist in target module
  4 | import { formatCryptoPrice } from '@/lib/cryptoUtils';
  5 | import { Skeleton } from '@/components/ui/skeleton';
> 6 | import { TrendingUp, TrendingDown, Globe, MessageSquare, Github } from 'lucide-react';
    | ^^^^^^^^^^^^^^^^^^^^^^^^^^^^^^^^^^^^^^^^^^^^^^^^^^^^^^^^^^^^^^^^^^^^^^^^^^^^^^^^^^^^^^
  7 |
  8 | interface CryptoDetailHeaderProps {
  9 |   id: string;

The export Github was not found in module [project]/node_modules/lucide-react/dist/esm/lucide-react.mjs [app-client] (ecmascript).
Did you mean to import Gift?
All exports of the module are statically known (It doesn't have dynamic exports). So it's known statically that the requested export doesn't exist.

Import traces:
  Client Component Browser:
    ./components/crypto/CryptoDetailHeader.tsx [Client Component Browser]
    ./app/(main)/crypto/[id]/page.tsx [Client Component Browser]
    ./app/(main)/crypto/[id]/page.tsx [Server Component]

  Client Component SSR:
    ./components/crypto/CryptoDetailHeader.tsx [Client Component SSR]
    ./app/(main)/crypto/[id]/page.tsx [Client Component SSR]
    ./app/(main)/crypto/[id]/page.tsx [Server Component] @ http://localhost:3000/_next/static/chunks/node_modules_next_dist_0u_w_5s._.js:1945
[   13539ms] [ERROR] ./components/crypto/CryptoDetailHeader.tsx:6:1
Export Github doesn't exist in target module
  4 | import { formatCryptoPrice } from '@/lib/cryptoUtils';
  5 | import { Skeleton } from '@/components/ui/skeleton';
> 6 | import { TrendingUp, TrendingDown, Globe, MessageSquare, Github } from 'lucide-react';
    | ^^^^^^^^^^^^^^^^^^^^^^^^^^^^^^^^^^^^^^^^^^^^^^^^^^^^^^^^^^^^^^^^^^^^^^^^^^^^^^^^^^^^^^
  7 |
  8 | interface CryptoDetailHeaderProps {
  9 |   id: string;

The export Github was not found in module [project]/node_modules/lucide-react/dist/esm/lucide-react.mjs [app-ssr] (ecmascript).
Did you mean to import Gift?
All exports of the module are statically known (It doesn't have dynamic exports). So it's known statically that the requested export doesn't exist.

Import traces:
  Client Component Browser:
    ./components/crypto/CryptoDetailHeader.tsx [Client Component Browser]
    ./app/(main)/crypto/[id]/page.tsx [Client Component Browser]
    ./app/(main)/crypto/[id]/page.tsx [Server Component]

  Client Component SSR:
    ./components/crypto/CryptoDetailHeader.tsx [Client Component SSR]
    ./app/(main)/crypto/[id]/page.tsx [Client Component SSR]
    ./app/(main)/crypto/[id]/page.tsx [Server Component] @ http://localhost:3000/_next/static/chunks/node_modules_next_dist_0u_w_5s._.js:1945
[   13599ms] [ERROR] ./components/crypto/CryptoDetailHeader.tsx:6:1
Export Github doesn't exist in target module
  4 | import { formatCryptoPrice } from '@/lib/cryptoUtils';
  5 | import { Skeleton } from '@/components/ui/skeleton';
> 6 | import { TrendingUp, TrendingDown, Globe, MessageSquare, Github } from 'lucide-react';
    | ^^^^^^^^^^^^^^^^^^^^^^^^^^^^^^^^^^^^^^^^^^^^^^^^^^^^^^^^^^^^^^^^^^^^^^^^^^^^^^^^^^^^^^
  7 |
  8 | interface CryptoDetailHeaderProps {
  9 |   id: string;

The export Github was not found in module [project]/node_modules/lucide-react/dist/esm/lucide-react.mjs [app-client] (ecmascript).
Did you mean to import Gift?
All exports of the module are statically known (It doesn't have dynamic exports). So it's known statically that the requested export doesn't exist.

Import traces:
  Client Component Browser:
    ./components/crypto/CryptoDetailHeader.tsx [Client Component Browser]
    ./app/(main)/crypto/[id]/page.tsx [Client Component Browser]
    ./app/(main)/crypto/[id]/page.tsx [Server Component]

  Client Component SSR:
    ./components/crypto/CryptoDetailHeader.tsx [Client Component SSR]
    ./app/(main)/crypto/[id]/page.tsx [Client Component SSR]
    ./app/(main)/crypto/[id]/page.tsx [Server Component] @ http://localhost:3000/_next/static/chunks/node_modules_next_dist_0u_w_5s._.js:1945
[   13599ms] [ERROR] ./components/crypto/CryptoDetailHeader.tsx:6:1
Export Github doesn't exist in target module
  4 | import { formatCryptoPrice } from '@/lib/cryptoUtils';
  5 | import { Skeleton } from '@/components/ui/skeleton';
> 6 | import { TrendingUp, TrendingDown, Globe, MessageSquare, Github } from 'lucide-react';
    | ^^^^^^^^^^^^^^^^^^^^^^^^^^^^^^^^^^^^^^^^^^^^^^^^^^^^^^^^^^^^^^^^^^^^^^^^^^^^^^^^^^^^^^
  7 |
  8 | interface CryptoDetailHeaderProps {
  9 |   id: string;

The export Github was not found in module [project]/node_modules/lucide-react/dist/esm/lucide-react.mjs [app-ssr] (ecmascript).
Did you mean to import Gift?
All exports of the module are statically known (It doesn't have dynamic exports). So it's known statically that the requested export doesn't exist.

Import traces:
  Client Component Browser:
    ./components/crypto/CryptoDetailHeader.tsx [Client Component Browser]
    ./app/(main)/crypto/[id]/page.tsx [Client Component Browser]
    ./app/(main)/crypto/[id]/page.tsx [Server Component]

  Client Component SSR:
    ./components/crypto/CryptoDetailHeader.tsx [Client Component SSR]
    ./app/(main)/crypto/[id]/page.tsx [Client Component SSR]
    ./app/(main)/crypto/[id]/page.tsx [Server Component] @ http://localhost:3000/_next/static/chunks/node_modules_next_dist_0u_w_5s._.js:1945
[   13658ms] [ERROR] ./components/crypto/CryptoDetailHeader.tsx:6:1
Export Github doesn't exist in target module
  4 | import { formatCryptoPrice } from '@/lib/cryptoUtils';
  5 | import { Skeleton } from '@/components/ui/skeleton';
> 6 | import { TrendingUp, TrendingDown, Globe, MessageSquare, Github } from 'lucide-react';
    | ^^^^^^^^^^^^^^^^^^^^^^^^^^^^^^^^^^^^^^^^^^^^^^^^^^^^^^^^^^^^^^^^^^^^^^^^^^^^^^^^^^^^^^
  7 |
  8 | interface CryptoDetailHeaderProps {
  9 |   id: string;

The export Github was not found in module [project]/node_modules/lucide-react/dist/esm/lucide-react.mjs [app-client] (ecmascript).
Did you mean to import Gift?
All exports of the module are statically known (It doesn't have dynamic exports). So it's known statically that the requested export doesn't exist.

Import traces:
  Client Component Browser:
    ./components/crypto/CryptoDetailHeader.tsx [Client Component Browser]
    ./app/(main)/crypto/[id]/page.tsx [Client Component Browser]
    ./app/(main)/crypto/[id]/page.tsx [Server Component]

  Client Component SSR:
    ./components/crypto/CryptoDetailHeader.tsx [Client Component SSR]
    ./app/(main)/crypto/[id]/page.tsx [Client Component SSR]
    ./app/(main)/crypto/[id]/page.tsx [Server Component] @ http://localhost:3000/_next/static/chunks/node_modules_next_dist_0u_w_5s._.js:1945
[   13659ms] [ERROR] ./components/crypto/CryptoDetailHeader.tsx:6:1
Export Github doesn't exist in target module
  4 | import { formatCryptoPrice } from '@/lib/cryptoUtils';
  5 | import { Skeleton } from '@/components/ui/skeleton';
> 6 | import { TrendingUp, TrendingDown, Globe, MessageSquare, Github } from 'lucide-react';
    | ^^^^^^^^^^^^^^^^^^^^^^^^^^^^^^^^^^^^^^^^^^^^^^^^^^^^^^^^^^^^^^^^^^^^^^^^^^^^^^^^^^^^^^
  7 |
  8 | interface CryptoDetailHeaderProps {
  9 |   id: string;

The export Github was not found in module [project]/node_modules/lucide-react/dist/esm/lucide-react.mjs [app-ssr] (ecmascript).
Did you mean to import Gift?
All exports of the module are statically known (It doesn't have dynamic exports). So it's known statically that the requested export doesn't exist.

Import traces:
  Client Component Browser:
    ./components/crypto/CryptoDetailHeader.tsx [Client Component Browser]
    ./app/(main)/crypto/[id]/page.tsx [Client Component Browser]
    ./app/(main)/crypto/[id]/page.tsx [Server Component]

  Client Component SSR:
    ./components/crypto/CryptoDetailHeader.tsx [Client Component SSR]
    ./app/(main)/crypto/[id]/page.tsx [Client Component SSR]
    ./app/(main)/crypto/[id]/page.tsx [Server Component] @ http://localhost:3000/_next/static/chunks/node_modules_next_dist_0u_w_5s._.js:1945
[   13718ms] [ERROR] ./components/crypto/CryptoDetailHeader.tsx:6:1
Export Github doesn't exist in target module
  4 | import { formatCryptoPrice } from '@/lib/cryptoUtils';
  5 | import { Skeleton } from '@/components/ui/skeleton';
> 6 | import { TrendingUp, TrendingDown, Globe, MessageSquare, Github } from 'lucide-react';
    | ^^^^^^^^^^^^^^^^^^^^^^^^^^^^^^^^^^^^^^^^^^^^^^^^^^^^^^^^^^^^^^^^^^^^^^^^^^^^^^^^^^^^^^
  7 |
  8 | interface CryptoDetailHeaderProps {
  9 |   id: string;

The export Github was not found in module [project]/node_modules/lucide-react/dist/esm/lucide-react.mjs [app-client] (ecmascript).
Did you mean to import Gift?
All exports of the module are statically known (It doesn't have dynamic exports). So it's known statically that the requested export doesn't exist.

Import traces:
  Client Component Browser:
    ./components/crypto/CryptoDetailHeader.tsx [Client Component Browser]
    ./app/(main)/crypto/[id]/page.tsx [Client Component Browser]
    ./app/(main)/crypto/[id]/page.tsx [Server Component]

  Client Component SSR:
    ./components/crypto/CryptoDetailHeader.tsx [Client Component SSR]
    ./app/(main)/crypto/[id]/page.tsx [Client Component SSR]
    ./app/(main)/crypto/[id]/page.tsx [Server Component] @ http://localhost:3000/_next/static/chunks/node_modules_next_dist_0u_w_5s._.js:1945
[   13719ms] [ERROR] ./components/crypto/CryptoDetailHeader.tsx:6:1
Export Github doesn't exist in target module
  4 | import { formatCryptoPrice } from '@/lib/cryptoUtils';
  5 | import { Skeleton } from '@/components/ui/skeleton';
> 6 | import { TrendingUp, TrendingDown, Globe, MessageSquare, Github } from 'lucide-react';
    | ^^^^^^^^^^^^^^^^^^^^^^^^^^^^^^^^^^^^^^^^^^^^^^^^^^^^^^^^^^^^^^^^^^^^^^^^^^^^^^^^^^^^^^
  7 |
  8 | interface CryptoDetailHeaderProps {
  9 |   id: string;

The export Github was not found in module [project]/node_modules/lucide-react/dist/esm/lucide-react.mjs [app-ssr] (ecmascript).
Did you mean to import Gift?
All exports of the module are statically known (It doesn't have dynamic exports). So it's known statically that the requested export doesn't exist.

Import traces:
  Client Component Browser:
    ./components/crypto/CryptoDetailHeader.tsx [Client Component Browser]
    ./app/(main)/crypto/[id]/page.tsx [Client Component Browser]
    ./app/(main)/crypto/[id]/page.tsx [Server Component]

  Client Component SSR:
    ./components/crypto/CryptoDetailHeader.tsx [Client Component SSR]
    ./app/(main)/crypto/[id]/page.tsx [Client Component SSR]
    ./app/(main)/crypto/[id]/page.tsx [Server Component] @ http://localhost:3000/_next/static/chunks/node_modules_next_dist_0u_w_5s._.js:1945
[   13778ms] [ERROR] ./components/crypto/CryptoDetailHeader.tsx:6:1
Export Github doesn't exist in target module
  4 | import { formatCryptoPrice } from '@/lib/cryptoUtils';
  5 | import { Skeleton } from '@/components/ui/skeleton';
> 6 | import { TrendingUp, TrendingDown, Globe, MessageSquare, Github } from 'lucide-react';
    | ^^^^^^^^^^^^^^^^^^^^^^^^^^^^^^^^^^^^^^^^^^^^^^^^^^^^^^^^^^^^^^^^^^^^^^^^^^^^^^^^^^^^^^
  7 |
  8 | interface CryptoDetailHeaderProps {
  9 |   id: string;

The export Github was not found in module [project]/node_modules/lucide-react/dist/esm/lucide-react.mjs [app-client] (ecmascript).
Did you mean to import Gift?
All exports of the module are statically known (It doesn't have dynamic exports). So it's known statically that the requested export doesn't exist.

Import traces:
  Client Component Browser:
    ./components/crypto/CryptoDetailHeader.tsx [Client Component Browser]
    ./app/(main)/crypto/[id]/page.tsx [Client Component Browser]
    ./app/(main)/crypto/[id]/page.tsx [Server Component]

  Client Component SSR:
    ./components/crypto/CryptoDetailHeader.tsx [Client Component SSR]
    ./app/(main)/crypto/[id]/page.tsx [Client Component SSR]
    ./app/(main)/crypto/[id]/page.tsx [Server Component] @ http://localhost:3000/_next/static/chunks/node_modules_next_dist_0u_w_5s._.js:1945
[   13779ms] [ERROR] ./components/crypto/CryptoDetailHeader.tsx:6:1
Export Github doesn't exist in target module
  4 | import { formatCryptoPrice } from '@/lib/cryptoUtils';
  5 | import { Skeleton } from '@/components/ui/skeleton';
> 6 | import { TrendingUp, TrendingDown, Globe, MessageSquare, Github } from 'lucide-react';
    | ^^^^^^^^^^^^^^^^^^^^^^^^^^^^^^^^^^^^^^^^^^^^^^^^^^^^^^^^^^^^^^^^^^^^^^^^^^^^^^^^^^^^^^
  7 |
  8 | interface CryptoDetailHeaderProps {
  9 |   id: string;

The export Github was not found in module [project]/node_modules/lucide-react/dist/esm/lucide-react.mjs [app-ssr] (ecmascript).
Did you mean to import Gift?
All exports of the module are statically known (It doesn't have dynamic exports). So it's known statically that the requested export doesn't exist.

Import traces:
  Client Component Browser:
    ./components/crypto/CryptoDetailHeader.tsx [Client Component Browser]
    ./app/(main)/crypto/[id]/page.tsx [Client Component Browser]
    ./app/(main)/crypto/[id]/page.tsx [Server Component]

  Client Component SSR:
    ./components/crypto/CryptoDetailHeader.tsx [Client Component SSR]
    ./app/(main)/crypto/[id]/page.tsx [Client Component SSR]
    ./app/(main)/crypto/[id]/page.tsx [Server Component] @ http://localhost:3000/_next/static/chunks/node_modules_next_dist_0u_w_5s._.js:1945
[   13839ms] [ERROR] ./components/crypto/CryptoDetailHeader.tsx:6:1
Export Github doesn't exist in target module
  4 | import { formatCryptoPrice } from '@/lib/cryptoUtils';
  5 | import { Skeleton } from '@/components/ui/skeleton';
> 6 | import { TrendingUp, TrendingDown, Globe, MessageSquare, Github } from 'lucide-react';
    | ^^^^^^^^^^^^^^^^^^^^^^^^^^^^^^^^^^^^^^^^^^^^^^^^^^^^^^^^^^^^^^^^^^^^^^^^^^^^^^^^^^^^^^
  7 |
  8 | interface CryptoDetailHeaderProps {
  9 |   id: string;

The export Github was not found in module [project]/node_modules/lucide-react/dist/esm/lucide-react.mjs [app-client] (ecmascript).
Did you mean to import Gift?
All exports of the module are statically known (It doesn't have dynamic exports). So it's known statically that the requested export doesn't exist.

Import traces:
  Client Component Browser:
    ./components/crypto/CryptoDetailHeader.tsx [Client Component Browser]
    ./app/(main)/crypto/[id]/page.tsx [Client Component Browser]
    ./app/(main)/crypto/[id]/page.tsx [Server Component]

  Client Component SSR:
    ./components/crypto/CryptoDetailHeader.tsx [Client Component SSR]
    ./app/(main)/crypto/[id]/page.tsx [Client Component SSR]
    ./app/(main)/crypto/[id]/page.tsx [Server Component] @ http://localhost:3000/_next/static/chunks/node_modules_next_dist_0u_w_5s._.js:1945
[   13839ms] [ERROR] ./components/crypto/CryptoDetailHeader.tsx:6:1
Export Github doesn't exist in target module
  4 | import { formatCryptoPrice } from '@/lib/cryptoUtils';
  5 | import { Skeleton } from '@/components/ui/skeleton';
> 6 | import { TrendingUp, TrendingDown, Globe, MessageSquare, Github } from 'lucide-react';
    | ^^^^^^^^^^^^^^^^^^^^^^^^^^^^^^^^^^^^^^^^^^^^^^^^^^^^^^^^^^^^^^^^^^^^^^^^^^^^^^^^^^^^^^
  7 |
  8 | interface CryptoDetailHeaderProps {
  9 |   id: string;

The export Github was not found in module [project]/node_modules/lucide-react/dist/esm/lucide-react.mjs [app-ssr] (ecmascript).
Did you mean to import Gift?
All exports of the module are statically known (It doesn't have dynamic exports). So it's known statically that the requested export doesn't exist.

Import traces:
  Client Component Browser:
    ./components/crypto/CryptoDetailHeader.tsx [Client Component Browser]
    ./app/(main)/crypto/[id]/page.tsx [Client Component Browser]
    ./app/(main)/crypto/[id]/page.tsx [Server Component]

  Client Component SSR:
    ./components/crypto/CryptoDetailHeader.tsx [Client Component SSR]
    ./app/(main)/crypto/[id]/page.tsx [Client Component SSR]
    ./app/(main)/crypto/[id]/page.tsx [Server Component] @ http://localhost:3000/_next/static/chunks/node_modules_next_dist_0u_w_5s._.js:1945
[   13898ms] [ERROR] ./components/crypto/CryptoDetailHeader.tsx:6:1
Export Github doesn't exist in target module
  4 | import { formatCryptoPrice } from '@/lib/cryptoUtils';
  5 | import { Skeleton } from '@/components/ui/skeleton';
> 6 | import { TrendingUp, TrendingDown, Globe, MessageSquare, Github } from 'lucide-react';
    | ^^^^^^^^^^^^^^^^^^^^^^^^^^^^^^^^^^^^^^^^^^^^^^^^^^^^^^^^^^^^^^^^^^^^^^^^^^^^^^^^^^^^^^
  7 |
  8 | interface CryptoDetailHeaderProps {
  9 |   id: string;

The export Github was not found in module [project]/node_modules/lucide-react/dist/esm/lucide-react.mjs [app-client] (ecmascript).
Did you mean to import Gift?
All exports of the module are statically known (It doesn't have dynamic exports). So it's known statically that the requested export doesn't exist.

Import traces:
  Client Component Browser:
    ./components/crypto/CryptoDetailHeader.tsx [Client Component Browser]
    ./app/(main)/crypto/[id]/page.tsx [Client Component Browser]
    ./app/(main)/crypto/[id]/page.tsx [Server Component]

  Client Component SSR:
    ./components/crypto/CryptoDetailHeader.tsx [Client Component SSR]
    ./app/(main)/crypto/[id]/page.tsx [Client Component SSR]
    ./app/(main)/crypto/[id]/page.tsx [Server Component] @ http://localhost:3000/_next/static/chunks/node_modules_next_dist_0u_w_5s._.js:1945
[   13899ms] [ERROR] ./components/crypto/CryptoDetailHeader.tsx:6:1
Export Github doesn't exist in target module
  4 | import { formatCryptoPrice } from '@/lib/cryptoUtils';
  5 | import { Skeleton } from '@/components/ui/skeleton';
> 6 | import { TrendingUp, TrendingDown, Globe, MessageSquare, Github } from 'lucide-react';
    | ^^^^^^^^^^^^^^^^^^^^^^^^^^^^^^^^^^^^^^^^^^^^^^^^^^^^^^^^^^^^^^^^^^^^^^^^^^^^^^^^^^^^^^
  7 |
  8 | interface CryptoDetailHeaderProps {
  9 |   id: string;

The export Github was not found in module [project]/node_modules/lucide-react/dist/esm/lucide-react.mjs [app-ssr] (ecmascript).
Did you mean to import Gift?
All exports of the module are statically known (It doesn't have dynamic exports). So it's known statically that the requested export doesn't exist.

Import traces:
  Client Component Browser:
    ./components/crypto/CryptoDetailHeader.tsx [Client Component Browser]
    ./app/(main)/crypto/[id]/page.tsx [Client Component Browser]
    ./app/(main)/crypto/[id]/page.tsx [Server Component]

  Client Component SSR:
    ./components/crypto/CryptoDetailHeader.tsx [Client Component SSR]
    ./app/(main)/crypto/[id]/page.tsx [Client Component SSR]
    ./app/(main)/crypto/[id]/page.tsx [Server Component] @ http://localhost:3000/_next/static/chunks/node_modules_next_dist_0u_w_5s._.js:1945
[   13959ms] [ERROR] ./components/crypto/CryptoDetailHeader.tsx:6:1
Export Github doesn't exist in target module
  4 | import { formatCryptoPrice } from '@/lib/cryptoUtils';
  5 | import { Skeleton } from '@/components/ui/skeleton';
> 6 | import { TrendingUp, TrendingDown, Globe, MessageSquare, Github } from 'lucide-react';
    | ^^^^^^^^^^^^^^^^^^^^^^^^^^^^^^^^^^^^^^^^^^^^^^^^^^^^^^^^^^^^^^^^^^^^^^^^^^^^^^^^^^^^^^
  7 |
  8 | interface CryptoDetailHeaderProps {
  9 |   id: string;

The export Github was not found in module [project]/node_modules/lucide-react/dist/esm/lucide-react.mjs [app-client] (ecmascript).
Did you mean to import Gift?
All exports of the module are statically known (It doesn't have dynamic exports). So it's known statically that the requested export doesn't exist.

Import traces:
  Client Component Browser:
    ./components/crypto/CryptoDetailHeader.tsx [Client Component Browser]
    ./app/(main)/crypto/[id]/page.tsx [Client Component Browser]
    ./app/(main)/crypto/[id]/page.tsx [Server Component]

  Client Component SSR:
    ./components/crypto/CryptoDetailHeader.tsx [Client Component SSR]
    ./app/(main)/crypto/[id]/page.tsx [Client Component SSR]
    ./app/(main)/crypto/[id]/page.tsx [Server Component] @ http://localhost:3000/_next/static/chunks/node_modules_next_dist_0u_w_5s._.js:1945
[   13959ms] [ERROR] ./components/crypto/CryptoDetailHeader.tsx:6:1
Export Github doesn't exist in target module
  4 | import { formatCryptoPrice } from '@/lib/cryptoUtils';
  5 | import { Skeleton } from '@/components/ui/skeleton';
> 6 | import { TrendingUp, TrendingDown, Globe, MessageSquare, Github } from 'lucide-react';
    | ^^^^^^^^^^^^^^^^^^^^^^^^^^^^^^^^^^^^^^^^^^^^^^^^^^^^^^^^^^^^^^^^^^^^^^^^^^^^^^^^^^^^^^
  7 |
  8 | interface CryptoDetailHeaderProps {
  9 |   id: string;

The export Github was not found in module [project]/node_modules/lucide-react/dist/esm/lucide-react.mjs [app-ssr] (ecmascript).
Did you mean to import Gift?
All exports of the module are statically known (It doesn't have dynamic exports). So it's known statically that the requested export doesn't exist.

Import traces:
  Client Component Browser:
    ./components/crypto/CryptoDetailHeader.tsx [Client Component Browser]
    ./app/(main)/crypto/[id]/page.tsx [Client Component Browser]
    ./app/(main)/crypto/[id]/page.tsx [Server Component]

  Client Component SSR:
    ./components/crypto/CryptoDetailHeader.tsx [Client Component SSR]
    ./app/(main)/crypto/[id]/page.tsx [Client Component SSR]
    ./app/(main)/crypto/[id]/page.tsx [Server Component] @ http://localhost:3000/_next/static/chunks/node_modules_next_dist_0u_w_5s._.js:1945
[   14020ms] [ERROR] ./components/crypto/CryptoDetailHeader.tsx:6:1
Export Github doesn't exist in target module
  4 | import { formatCryptoPrice } from '@/lib/cryptoUtils';
  5 | import { Skeleton } from '@/components/ui/skeleton';
> 6 | import { TrendingUp, TrendingDown, Globe, MessageSquare, Github } from 'lucide-react';
    | ^^^^^^^^^^^^^^^^^^^^^^^^^^^^^^^^^^^^^^^^^^^^^^^^^^^^^^^^^^^^^^^^^^^^^^^^^^^^^^^^^^^^^^
  7 |
  8 | interface CryptoDetailHeaderProps {
  9 |   id: string;

The export Github was not found in module [project]/node_modules/lucide-react/dist/esm/lucide-react.mjs [app-client] (ecmascript).
Did you mean to import Gift?
All exports of the module are statically known (It doesn't have dynamic exports). So it's known statically that the requested export doesn't exist.

Import traces:
  Client Component Browser:
    ./components/crypto/CryptoDetailHeader.tsx [Client Component Browser]
    ./app/(main)/crypto/[id]/page.tsx [Client Component Browser]
    ./app/(main)/crypto/[id]/page.tsx [Server Component]

  Client Component SSR:
    ./components/crypto/CryptoDetailHeader.tsx [Client Component SSR]
    ./app/(main)/crypto/[id]/page.tsx [Client Component SSR]
    ./app/(main)/crypto/[id]/page.tsx [Server Component] @ http://localhost:3000/_next/static/chunks/node_modules_next_dist_0u_w_5s._.js:1945
[   14020ms] [ERROR] ./components/crypto/CryptoDetailHeader.tsx:6:1
Export Github doesn't exist in target module
  4 | import { formatCryptoPrice } from '@/lib/cryptoUtils';
  5 | import { Skeleton } from '@/components/ui/skeleton';
> 6 | import { TrendingUp, TrendingDown, Globe, MessageSquare, Github } from 'lucide-react';
    | ^^^^^^^^^^^^^^^^^^^^^^^^^^^^^^^^^^^^^^^^^^^^^^^^^^^^^^^^^^^^^^^^^^^^^^^^^^^^^^^^^^^^^^
  7 |
  8 | interface CryptoDetailHeaderProps {
  9 |   id: string;

The export Github was not found in module [project]/node_modules/lucide-react/dist/esm/lucide-react.mjs [app-ssr] (ecmascript).
Did you mean to import Gift?
All exports of the module are statically known (It doesn't have dynamic exports). So it's known statically that the requested export doesn't exist.

Import traces:
  Client Component Browser:
    ./components/crypto/CryptoDetailHeader.tsx [Client Component Browser]
    ./app/(main)/crypto/[id]/page.tsx [Client Component Browser]
    ./app/(main)/crypto/[id]/page.tsx [Server Component]

  Client Component SSR:
    ./components/crypto/CryptoDetailHeader.tsx [Client Component SSR]
    ./app/(main)/crypto/[id]/page.tsx [Client Component SSR]
    ./app/(main)/crypto/[id]/page.tsx [Server Component] @ http://localhost:3000/_next/static/chunks/node_modules_next_dist_0u_w_5s._.js:1945
[   14078ms] [ERROR] ./components/crypto/CryptoDetailHeader.tsx:6:1
Export Github doesn't exist in target module
  4 | import { formatCryptoPrice } from '@/lib/cryptoUtils';
  5 | import { Skeleton } from '@/components/ui/skeleton';
> 6 | import { TrendingUp, TrendingDown, Globe, MessageSquare, Github } from 'lucide-react';
    | ^^^^^^^^^^^^^^^^^^^^^^^^^^^^^^^^^^^^^^^^^^^^^^^^^^^^^^^^^^^^^^^^^^^^^^^^^^^^^^^^^^^^^^
  7 |
  8 | interface CryptoDetailHeaderProps {
  9 |   id: string;

The export Github was not found in module [project]/node_modules/lucide-react/dist/esm/lucide-react.mjs [app-client] (ecmascript).
Did you mean to import Gift?
All exports of the module are statically known (It doesn't have dynamic exports). So it's known statically that the requested export doesn't exist.

Import traces:
  Client Component Browser:
    ./components/crypto/CryptoDetailHeader.tsx [Client Component Browser]
    ./app/(main)/crypto/[id]/page.tsx [Client Component Browser]
    ./app/(main)/crypto/[id]/page.tsx [Server Component]

  Client Component SSR:
    ./components/crypto/CryptoDetailHeader.tsx [Client Component SSR]
    ./app/(main)/crypto/[id]/page.tsx [Client Component SSR]
    ./app/(main)/crypto/[id]/page.tsx [Server Component] @ http://localhost:3000/_next/static/chunks/node_modules_next_dist_0u_w_5s._.js:1945
[   14079ms] [ERROR] ./components/crypto/CryptoDetailHeader.tsx:6:1
Export Github doesn't exist in target module
  4 | import { formatCryptoPrice } from '@/lib/cryptoUtils';
  5 | import { Skeleton } from '@/components/ui/skeleton';
> 6 | import { TrendingUp, TrendingDown, Globe, MessageSquare, Github } from 'lucide-react';
    | ^^^^^^^^^^^^^^^^^^^^^^^^^^^^^^^^^^^^^^^^^^^^^^^^^^^^^^^^^^^^^^^^^^^^^^^^^^^^^^^^^^^^^^
  7 |
  8 | interface CryptoDetailHeaderProps {
  9 |   id: string;

The export Github was not found in module [project]/node_modules/lucide-react/dist/esm/lucide-react.mjs [app-ssr] (ecmascript).
Did you mean to import Gift?
All exports of the module are statically known (It doesn't have dynamic exports). So it's known statically that the requested export doesn't exist.

Import traces:
  Client Component Browser:
    ./components/crypto/CryptoDetailHeader.tsx [Client Component Browser]
    ./app/(main)/crypto/[id]/page.tsx [Client Component Browser]
    ./app/(main)/crypto/[id]/page.tsx [Server Component]

  Client Component SSR:
    ./components/crypto/CryptoDetailHeader.tsx [Client Component SSR]
    ./app/(main)/crypto/[id]/page.tsx [Client Component SSR]
    ./app/(main)/crypto/[id]/page.tsx [Server Component] @ http://localhost:3000/_next/static/chunks/node_modules_next_dist_0u_w_5s._.js:1945
[   14138ms] [ERROR] ./components/crypto/CryptoDetailHeader.tsx:6:1
Export Github doesn't exist in target module
  4 | import { formatCryptoPrice } from '@/lib/cryptoUtils';
  5 | import { Skeleton } from '@/components/ui/skeleton';
> 6 | import { TrendingUp, TrendingDown, Globe, MessageSquare, Github } from 'lucide-react';
    | ^^^^^^^^^^^^^^^^^^^^^^^^^^^^^^^^^^^^^^^^^^^^^^^^^^^^^^^^^^^^^^^^^^^^^^^^^^^^^^^^^^^^^^
  7 |
  8 | interface CryptoDetailHeaderProps {
  9 |   id: string;

The export Github was not found in module [project]/node_modules/lucide-react/dist/esm/lucide-react.mjs [app-client] (ecmascript).
Did you mean to import Gift?
All exports of the module are statically known (It doesn't have dynamic exports). So it's known statically that the requested export doesn't exist.

Import traces:
  Client Component Browser:
    ./components/crypto/CryptoDetailHeader.tsx [Client Component Browser]
    ./app/(main)/crypto/[id]/page.tsx [Client Component Browser]
    ./app/(main)/crypto/[id]/page.tsx [Server Component]

  Client Component SSR:
    ./components/crypto/CryptoDetailHeader.tsx [Client Component SSR]
    ./app/(main)/crypto/[id]/page.tsx [Client Component SSR]
    ./app/(main)/crypto/[id]/page.tsx [Server Component] @ http://localhost:3000/_next/static/chunks/node_modules_next_dist_0u_w_5s._.js:1945
[   14138ms] [ERROR] ./components/crypto/CryptoDetailHeader.tsx:6:1
Export Github doesn't exist in target module
  4 | import { formatCryptoPrice } from '@/lib/cryptoUtils';
  5 | import { Skeleton } from '@/components/ui/skeleton';
> 6 | import { TrendingUp, TrendingDown, Globe, MessageSquare, Github } from 'lucide-react';
    | ^^^^^^^^^^^^^^^^^^^^^^^^^^^^^^^^^^^^^^^^^^^^^^^^^^^^^^^^^^^^^^^^^^^^^^^^^^^^^^^^^^^^^^
  7 |
  8 | interface CryptoDetailHeaderProps {
  9 |   id: string;

The export Github was not found in module [project]/node_modules/lucide-react/dist/esm/lucide-react.mjs [app-ssr] (ecmascript).
Did you mean to import Gift?
All exports of the module are statically known (It doesn't have dynamic exports). So it's known statically that the requested export doesn't exist.

Import traces:
  Client Component Browser:
    ./components/crypto/CryptoDetailHeader.tsx [Client Component Browser]
    ./app/(main)/crypto/[id]/page.tsx [Client Component Browser]
    ./app/(main)/crypto/[id]/page.tsx [Server Component]

  Client Component SSR:
    ./components/crypto/CryptoDetailHeader.tsx [Client Component SSR]
    ./app/(main)/crypto/[id]/page.tsx [Client Component SSR]
    ./app/(main)/crypto/[id]/page.tsx [Server Component] @ http://localhost:3000/_next/static/chunks/node_modules_next_dist_0u_w_5s._.js:1945
[   14199ms] [ERROR] ./components/crypto/CryptoDetailHeader.tsx:6:1
Export Github doesn't exist in target module
  4 | import { formatCryptoPrice } from '@/lib/cryptoUtils';
  5 | import { Skeleton } from '@/components/ui/skeleton';
> 6 | import { TrendingUp, TrendingDown, Globe, MessageSquare, Github } from 'lucide-react';
    | ^^^^^^^^^^^^^^^^^^^^^^^^^^^^^^^^^^^^^^^^^^^^^^^^^^^^^^^^^^^^^^^^^^^^^^^^^^^^^^^^^^^^^^
  7 |
  8 | interface CryptoDetailHeaderProps {
  9 |   id: string;

The export Github was not found in module [project]/node_modules/lucide-react/dist/esm/lucide-react.mjs [app-client] (ecmascript).
Did you mean to import Gift?
All exports of the module are statically known (It doesn't have dynamic exports). So it's known statically that the requested export doesn't exist.

Import traces:
  Client Component Browser:
    ./components/crypto/CryptoDetailHeader.tsx [Client Component Browser]
    ./app/(main)/crypto/[id]/page.tsx [Client Component Browser]
    ./app/(main)/crypto/[id]/page.tsx [Server Component]

  Client Component SSR:
    ./components/crypto/CryptoDetailHeader.tsx [Client Component SSR]
    ./app/(main)/crypto/[id]/page.tsx [Client Component SSR]
    ./app/(main)/crypto/[id]/page.tsx [Server Component] @ http://localhost:3000/_next/static/chunks/node_modules_next_dist_0u_w_5s._.js:1945
[   14200ms] [ERROR] ./components/crypto/CryptoDetailHeader.tsx:6:1
Export Github doesn't exist in target module
  4 | import { formatCryptoPrice } from '@/lib/cryptoUtils';
  5 | import { Skeleton } from '@/components/ui/skeleton';
> 6 | import { TrendingUp, TrendingDown, Globe, MessageSquare, Github } from 'lucide-react';
    | ^^^^^^^^^^^^^^^^^^^^^^^^^^^^^^^^^^^^^^^^^^^^^^^^^^^^^^^^^^^^^^^^^^^^^^^^^^^^^^^^^^^^^^
  7 |
  8 | interface CryptoDetailHeaderProps {
  9 |   id: string;

The export Github was not found in module [project]/node_modules/lucide-react/dist/esm/lucide-react.mjs [app-ssr] (ecmascript).
Did you mean to import Gift?
All exports of the module are statically known (It doesn't have dynamic exports). So it's known statically that the requested export doesn't exist.

Import traces:
  Client Component Browser:
    ./components/crypto/CryptoDetailHeader.tsx [Client Component Browser]
    ./app/(main)/crypto/[id]/page.tsx [Client Component Browser]
    ./app/(main)/crypto/[id]/page.tsx [Server Component]

  Client Component SSR:
    ./components/crypto/CryptoDetailHeader.tsx [Client Component SSR]
    ./app/(main)/crypto/[id]/page.tsx [Client Component SSR]
    ./app/(main)/crypto/[id]/page.tsx [Server Component] @ http://localhost:3000/_next/static/chunks/node_modules_next_dist_0u_w_5s._.js:1945
[   14259ms] [ERROR] ./components/crypto/CryptoDetailHeader.tsx:6:1
Export Github doesn't exist in target module
  4 | import { formatCryptoPrice } from '@/lib/cryptoUtils';
  5 | import { Skeleton } from '@/components/ui/skeleton';
> 6 | import { TrendingUp, TrendingDown, Globe, MessageSquare, Github } from 'lucide-react';
    | ^^^^^^^^^^^^^^^^^^^^^^^^^^^^^^^^^^^^^^^^^^^^^^^^^^^^^^^^^^^^^^^^^^^^^^^^^^^^^^^^^^^^^^
  7 |
  8 | interface CryptoDetailHeaderProps {
  9 |   id: string;

The export Github was not found in module [project]/node_modules/lucide-react/dist/esm/lucide-react.mjs [app-client] (ecmascript).
Did you mean to import Gift?
All exports of the module are statically known (It doesn't have dynamic exports). So it's known statically that the requested export doesn't exist.

Import traces:
  Client Component Browser:
    ./components/crypto/CryptoDetailHeader.tsx [Client Component Browser]
    ./app/(main)/crypto/[id]/page.tsx [Client Component Browser]
    ./app/(main)/crypto/[id]/page.tsx [Server Component]

  Client Component SSR:
    ./components/crypto/CryptoDetailHeader.tsx [Client Component SSR]
    ./app/(main)/crypto/[id]/page.tsx [Client Component SSR]
    ./app/(main)/crypto/[id]/page.tsx [Server Component] @ http://localhost:3000/_next/static/chunks/node_modules_next_dist_0u_w_5s._.js:1945
[   14259ms] [ERROR] ./components/crypto/CryptoDetailHeader.tsx:6:1
Export Github doesn't exist in target module
  4 | import { formatCryptoPrice } from '@/lib/cryptoUtils';
  5 | import { Skeleton } from '@/components/ui/skeleton';
> 6 | import { TrendingUp, TrendingDown, Globe, MessageSquare, Github } from 'lucide-react';
    | ^^^^^^^^^^^^^^^^^^^^^^^^^^^^^^^^^^^^^^^^^^^^^^^^^^^^^^^^^^^^^^^^^^^^^^^^^^^^^^^^^^^^^^
  7 |
  8 | interface CryptoDetailHeaderProps {
  9 |   id: string;

The export Github was not found in module [project]/node_modules/lucide-react/dist/esm/lucide-react.mjs [app-ssr] (ecmascript).
Did you mean to import Gift?
All exports of the module are statically known (It doesn't have dynamic exports). So it's known statically that the requested export doesn't exist.

Import traces:
  Client Component Browser:
    ./components/crypto/CryptoDetailHeader.tsx [Client Component Browser]
    ./app/(main)/crypto/[id]/page.tsx [Client Component Browser]
    ./app/(main)/crypto/[id]/page.tsx [Server Component]

  Client Component SSR:
    ./components/crypto/CryptoDetailHeader.tsx [Client Component SSR]
    ./app/(main)/crypto/[id]/page.tsx [Client Component SSR]
    ./app/(main)/crypto/[id]/page.tsx [Server Component] @ http://localhost:3000/_next/static/chunks/node_modules_next_dist_0u_w_5s._.js:1945
[   14318ms] [ERROR] ./components/crypto/CryptoDetailHeader.tsx:6:1
Export Github doesn't exist in target module
  4 | import { formatCryptoPrice } from '@/lib/cryptoUtils';
  5 | import { Skeleton } from '@/components/ui/skeleton';
> 6 | import { TrendingUp, TrendingDown, Globe, MessageSquare, Github } from 'lucide-react';
    | ^^^^^^^^^^^^^^^^^^^^^^^^^^^^^^^^^^^^^^^^^^^^^^^^^^^^^^^^^^^^^^^^^^^^^^^^^^^^^^^^^^^^^^
  7 |
  8 | interface CryptoDetailHeaderProps {
  9 |   id: string;

The export Github was not found in module [project]/node_modules/lucide-react/dist/esm/lucide-react.mjs [app-client] (ecmascript).
Did you mean to import Gift?
All exports of the module are statically known (It doesn't have dynamic exports). So it's known statically that the requested export doesn't exist.

Import traces:
  Client Component Browser:
    ./components/crypto/CryptoDetailHeader.tsx [Client Component Browser]
    ./app/(main)/crypto/[id]/page.tsx [Client Component Browser]
    ./app/(main)/crypto/[id]/page.tsx [Server Component]

  Client Component SSR:
    ./components/crypto/CryptoDetailHeader.tsx [Client Component SSR]
    ./app/(main)/crypto/[id]/page.tsx [Client Component SSR]
    ./app/(main)/crypto/[id]/page.tsx [Server Component] @ http://localhost:3000/_next/static/chunks/node_modules_next_dist_0u_w_5s._.js:1945
[   14319ms] [ERROR] ./components/crypto/CryptoDetailHeader.tsx:6:1
Export Github doesn't exist in target module
  4 | import { formatCryptoPrice } from '@/lib/cryptoUtils';
  5 | import { Skeleton } from '@/components/ui/skeleton';
> 6 | import { TrendingUp, TrendingDown, Globe, MessageSquare, Github } from 'lucide-react';
    | ^^^^^^^^^^^^^^^^^^^^^^^^^^^^^^^^^^^^^^^^^^^^^^^^^^^^^^^^^^^^^^^^^^^^^^^^^^^^^^^^^^^^^^
  7 |
  8 | interface CryptoDetailHeaderProps {
  9 |   id: string;

The export Github was not found in module [project]/node_modules/lucide-react/dist/esm/lucide-react.mjs [app-ssr] (ecmascript).
Did you mean to import Gift?
All exports of the module are statically known (It doesn't have dynamic exports). So it's known statically that the requested export doesn't exist.

Import traces:
  Client Component Browser:
    ./components/crypto/CryptoDetailHeader.tsx [Client Component Browser]
    ./app/(main)/crypto/[id]/page.tsx [Client Component Browser]
    ./app/(main)/crypto/[id]/page.tsx [Server Component]

  Client Component SSR:
    ./components/crypto/CryptoDetailHeader.tsx [Client Component SSR]
    ./app/(main)/crypto/[id]/page.tsx [Client Component SSR]
    ./app/(main)/crypto/[id]/page.tsx [Server Component] @ http://localhost:3000/_next/static/chunks/node_modules_next_dist_0u_w_5s._.js:1945
[   14378ms] [ERROR] ./components/crypto/CryptoDetailHeader.tsx:6:1
Export Github doesn't exist in target module
  4 | import { formatCryptoPrice } from '@/lib/cryptoUtils';
  5 | import { Skeleton } from '@/components/ui/skeleton';
> 6 | import { TrendingUp, TrendingDown, Globe, MessageSquare, Github } from 'lucide-react';
    | ^^^^^^^^^^^^^^^^^^^^^^^^^^^^^^^^^^^^^^^^^^^^^^^^^^^^^^^^^^^^^^^^^^^^^^^^^^^^^^^^^^^^^^
  7 |
  8 | interface CryptoDetailHeaderProps {
  9 |   id: string;

The export Github was not found in module [project]/node_modules/lucide-react/dist/esm/lucide-react.mjs [app-client] (ecmascript).
Did you mean to import Gift?
All exports of the module are statically known (It doesn't have dynamic exports). So it's known statically that the requested export doesn't exist.

Import traces:
  Client Component Browser:
    ./components/crypto/CryptoDetailHeader.tsx [Client Component Browser]
    ./app/(main)/crypto/[id]/page.tsx [Client Component Browser]
    ./app/(main)/crypto/[id]/page.tsx [Server Component]

  Client Component SSR:
    ./components/crypto/CryptoDetailHeader.tsx [Client Component SSR]
    ./app/(main)/crypto/[id]/page.tsx [Client Component SSR]
    ./app/(main)/crypto/[id]/page.tsx [Server Component] @ http://localhost:3000/_next/static/chunks/node_modules_next_dist_0u_w_5s._.js:1945
[   14379ms] [ERROR] ./components/crypto/CryptoDetailHeader.tsx:6:1
Export Github doesn't exist in target module
  4 | import { formatCryptoPrice } from '@/lib/cryptoUtils';
  5 | import { Skeleton } from '@/components/ui/skeleton';
> 6 | import { TrendingUp, TrendingDown, Globe, MessageSquare, Github } from 'lucide-react';
    | ^^^^^^^^^^^^^^^^^^^^^^^^^^^^^^^^^^^^^^^^^^^^^^^^^^^^^^^^^^^^^^^^^^^^^^^^^^^^^^^^^^^^^^
  7 |
  8 | interface CryptoDetailHeaderProps {
  9 |   id: string;

The export Github was not found in module [project]/node_modules/lucide-react/dist/esm/lucide-react.mjs [app-ssr] (ecmascript).
Did you mean to import Gift?
All exports of the module are statically known (It doesn't have dynamic exports). So it's known statically that the requested export doesn't exist.

Import traces:
  Client Component Browser:
    ./components/crypto/CryptoDetailHeader.tsx [Client Component Browser]
    ./app/(main)/crypto/[id]/page.tsx [Client Component Browser]
    ./app/(main)/crypto/[id]/page.tsx [Server Component]

  Client Component SSR:
    ./components/crypto/CryptoDetailHeader.tsx [Client Component SSR]
    ./app/(main)/crypto/[id]/page.tsx [Client Component SSR]
    ./app/(main)/crypto/[id]/page.tsx [Server Component] @ http://localhost:3000/_next/static/chunks/node_modules_next_dist_0u_w_5s._.js:1945
[   14439ms] [ERROR] ./components/crypto/CryptoDetailHeader.tsx:6:1
Export Github doesn't exist in target module
  4 | import { formatCryptoPrice } from '@/lib/cryptoUtils';
  5 | import { Skeleton } from '@/components/ui/skeleton';
> 6 | import { TrendingUp, TrendingDown, Globe, MessageSquare, Github } from 'lucide-react';
    | ^^^^^^^^^^^^^^^^^^^^^^^^^^^^^^^^^^^^^^^^^^^^^^^^^^^^^^^^^^^^^^^^^^^^^^^^^^^^^^^^^^^^^^
  7 |
  8 | interface CryptoDetailHeaderProps {
  9 |   id: string;

The export Github was not found in module [project]/node_modules/lucide-react/dist/esm/lucide-react.mjs [app-client] (ecmascript).
Did you mean to import Gift?
All exports of the module are statically known (It doesn't have dynamic exports). So it's known statically that the requested export doesn't exist.

Import traces:
  Client Component Browser:
    ./components/crypto/CryptoDetailHeader.tsx [Client Component Browser]
    ./app/(main)/crypto/[id]/page.tsx [Client Component Browser]
    ./app/(main)/crypto/[id]/page.tsx [Server Component]

  Client Component SSR:
    ./components/crypto/CryptoDetailHeader.tsx [Client Component SSR]
    ./app/(main)/crypto/[id]/page.tsx [Client Component SSR]
    ./app/(main)/crypto/[id]/page.tsx [Server Component] @ http://localhost:3000/_next/static/chunks/node_modules_next_dist_0u_w_5s._.js:1945
[   14439ms] [ERROR] ./components/crypto/CryptoDetailHeader.tsx:6:1
Export Github doesn't exist in target module
  4 | import { formatCryptoPrice } from '@/lib/cryptoUtils';
  5 | import { Skeleton } from '@/components/ui/skeleton';
> 6 | import { TrendingUp, TrendingDown, Globe, MessageSquare, Github } from 'lucide-react';
    | ^^^^^^^^^^^^^^^^^^^^^^^^^^^^^^^^^^^^^^^^^^^^^^^^^^^^^^^^^^^^^^^^^^^^^^^^^^^^^^^^^^^^^^
  7 |
  8 | interface CryptoDetailHeaderProps {
  9 |   id: string;

The export Github was not found in module [project]/node_modules/lucide-react/dist/esm/lucide-react.mjs [app-ssr] (ecmascript).
Did you mean to import Gift?
All exports of the module are statically known (It doesn't have dynamic exports). So it's known statically that the requested export doesn't exist.

Import traces:
  Client Component Browser:
    ./components/crypto/CryptoDetailHeader.tsx [Client Component Browser]
    ./app/(main)/crypto/[id]/page.tsx [Client Component Browser]
    ./app/(main)/crypto/[id]/page.tsx [Server Component]

  Client Component SSR:
    ./components/crypto/CryptoDetailHeader.tsx [Client Component SSR]
    ./app/(main)/crypto/[id]/page.tsx [Client Component SSR]
    ./app/(main)/crypto/[id]/page.tsx [Server Component] @ http://localhost:3000/_next/static/chunks/node_modules_next_dist_0u_w_5s._.js:1945
[   14499ms] [ERROR] ./components/crypto/CryptoDetailHeader.tsx:6:1
Export Github doesn't exist in target module
  4 | import { formatCryptoPrice } from '@/lib/cryptoUtils';
  5 | import { Skeleton } from '@/components/ui/skeleton';
> 6 | import { TrendingUp, TrendingDown, Globe, MessageSquare, Github } from 'lucide-react';
    | ^^^^^^^^^^^^^^^^^^^^^^^^^^^^^^^^^^^^^^^^^^^^^^^^^^^^^^^^^^^^^^^^^^^^^^^^^^^^^^^^^^^^^^
  7 |
  8 | interface CryptoDetailHeaderProps {
  9 |   id: string;

The export Github was not found in module [project]/node_modules/lucide-react/dist/esm/lucide-react.mjs [app-client] (ecmascript).
Did you mean to import Gift?
All exports of the module are statically known (It doesn't have dynamic exports). So it's known statically that the requested export doesn't exist.

Import traces:
  Client Component Browser:
    ./components/crypto/CryptoDetailHeader.tsx [Client Component Browser]
    ./app/(main)/crypto/[id]/page.tsx [Client Component Browser]
    ./app/(main)/crypto/[id]/page.tsx [Server Component]

  Client Component SSR:
    ./components/crypto/CryptoDetailHeader.tsx [Client Component SSR]
    ./app/(main)/crypto/[id]/page.tsx [Client Component SSR]
    ./app/(main)/crypto/[id]/page.tsx [Server Component] @ http://localhost:3000/_next/static/chunks/node_modules_next_dist_0u_w_5s._.js:1945
[   14499ms] [ERROR] ./components/crypto/CryptoDetailHeader.tsx:6:1
Export Github doesn't exist in target module
  4 | import { formatCryptoPrice } from '@/lib/cryptoUtils';
  5 | import { Skeleton } from '@/components/ui/skeleton';
> 6 | import { TrendingUp, TrendingDown, Globe, MessageSquare, Github } from 'lucide-react';
    | ^^^^^^^^^^^^^^^^^^^^^^^^^^^^^^^^^^^^^^^^^^^^^^^^^^^^^^^^^^^^^^^^^^^^^^^^^^^^^^^^^^^^^^
  7 |
  8 | interface CryptoDetailHeaderProps {
  9 |   id: string;

The export Github was not found in module [project]/node_modules/lucide-react/dist/esm/lucide-react.mjs [app-ssr] (ecmascript).
Did you mean to import Gift?
All exports of the module are statically known (It doesn't have dynamic exports). So it's known statically that the requested export doesn't exist.

Import traces:
  Client Component Browser:
    ./components/crypto/CryptoDetailHeader.tsx [Client Component Browser]
    ./app/(main)/crypto/[id]/page.tsx [Client Component Browser]
    ./app/(main)/crypto/[id]/page.tsx [Server Component]

  Client Component SSR:
    ./components/crypto/CryptoDetailHeader.tsx [Client Component SSR]
    ./app/(main)/crypto/[id]/page.tsx [Client Component SSR]
    ./app/(main)/crypto/[id]/page.tsx [Server Component] @ http://localhost:3000/_next/static/chunks/node_modules_next_dist_0u_w_5s._.js:1945
[   14559ms] [ERROR] ./components/crypto/CryptoDetailHeader.tsx:6:1
Export Github doesn't exist in target module
  4 | import { formatCryptoPrice } from '@/lib/cryptoUtils';
  5 | import { Skeleton } from '@/components/ui/skeleton';
> 6 | import { TrendingUp, TrendingDown, Globe, MessageSquare, Github } from 'lucide-react';
    | ^^^^^^^^^^^^^^^^^^^^^^^^^^^^^^^^^^^^^^^^^^^^^^^^^^^^^^^^^^^^^^^^^^^^^^^^^^^^^^^^^^^^^^
  7 |
  8 | interface CryptoDetailHeaderProps {
  9 |   id: string;

The export Github was not found in module [project]/node_modules/lucide-react/dist/esm/lucide-react.mjs [app-client] (ecmascript).
Did you mean to import Gift?
All exports of the module are statically known (It doesn't have dynamic exports). So it's known statically that the requested export doesn't exist.

Import traces:
  Client Component Browser:
    ./components/crypto/CryptoDetailHeader.tsx [Client Component Browser]
    ./app/(main)/crypto/[id]/page.tsx [Client Component Browser]
    ./app/(main)/crypto/[id]/page.tsx [Server Component]

  Client Component SSR:
    ./components/crypto/CryptoDetailHeader.tsx [Client Component SSR]
    ./app/(main)/crypto/[id]/page.tsx [Client Component SSR]
    ./app/(main)/crypto/[id]/page.tsx [Server Component] @ http://localhost:3000/_next/static/chunks/node_modules_next_dist_0u_w_5s._.js:1945
[   14559ms] [ERROR] ./components/crypto/CryptoDetailHeader.tsx:6:1
Export Github doesn't exist in target module
  4 | import { formatCryptoPrice } from '@/lib/cryptoUtils';
  5 | import { Skeleton } from '@/components/ui/skeleton';
> 6 | import { TrendingUp, TrendingDown, Globe, MessageSquare, Github } from 'lucide-react';
    | ^^^^^^^^^^^^^^^^^^^^^^^^^^^^^^^^^^^^^^^^^^^^^^^^^^^^^^^^^^^^^^^^^^^^^^^^^^^^^^^^^^^^^^
  7 |
  8 | interface CryptoDetailHeaderProps {
  9 |   id: string;

The export Github was not found in module [project]/node_modules/lucide-react/dist/esm/lucide-react.mjs [app-ssr] (ecmascript).
Did you mean to import Gift?
All exports of the module are statically known (It doesn't have dynamic exports). So it's known statically that the requested export doesn't exist.

Import traces:
  Client Component Browser:
    ./components/crypto/CryptoDetailHeader.tsx [Client Component Browser]
    ./app/(main)/crypto/[id]/page.tsx [Client Component Browser]
    ./app/(main)/crypto/[id]/page.tsx [Server Component]

  Client Component SSR:
    ./components/crypto/CryptoDetailHeader.tsx [Client Component SSR]
    ./app/(main)/crypto/[id]/page.tsx [Client Component SSR]
    ./app/(main)/crypto/[id]/page.tsx [Server Component] @ http://localhost:3000/_next/static/chunks/node_modules_next_dist_0u_w_5s._.js:1945
[   14620ms] [ERROR] ./components/crypto/CryptoDetailHeader.tsx:6:1
Export Github doesn't exist in target module
  4 | import { formatCryptoPrice } from '@/lib/cryptoUtils';
  5 | import { Skeleton } from '@/components/ui/skeleton';
> 6 | import { TrendingUp, TrendingDown, Globe, MessageSquare, Github } from 'lucide-react';
    | ^^^^^^^^^^^^^^^^^^^^^^^^^^^^^^^^^^^^^^^^^^^^^^^^^^^^^^^^^^^^^^^^^^^^^^^^^^^^^^^^^^^^^^
  7 |
  8 | interface CryptoDetailHeaderProps {
  9 |   id: string;

The export Github was not found in module [project]/node_modules/lucide-react/dist/esm/lucide-react.mjs [app-client] (ecmascript).
Did you mean to import Gift?
All exports of the module are statically known (It doesn't have dynamic exports). So it's known statically that the requested export doesn't exist.

Import traces:
  Client Component Browser:
    ./components/crypto/CryptoDetailHeader.tsx [Client Component Browser]
    ./app/(main)/crypto/[id]/page.tsx [Client Component Browser]
    ./app/(main)/crypto/[id]/page.tsx [Server Component]

  Client Component SSR:
    ./components/crypto/CryptoDetailHeader.tsx [Client Component SSR]
    ./app/(main)/crypto/[id]/page.tsx [Client Component SSR]
    ./app/(main)/crypto/[id]/page.tsx [Server Component] @ http://localhost:3000/_next/static/chunks/node_modules_next_dist_0u_w_5s._.js:1945
[   14620ms] [ERROR] ./components/crypto/CryptoDetailHeader.tsx:6:1
Export Github doesn't exist in target module
  4 | import { formatCryptoPrice } from '@/lib/cryptoUtils';
  5 | import { Skeleton } from '@/components/ui/skeleton';
> 6 | import { TrendingUp, TrendingDown, Globe, MessageSquare, Github } from 'lucide-react';
    | ^^^^^^^^^^^^^^^^^^^^^^^^^^^^^^^^^^^^^^^^^^^^^^^^^^^^^^^^^^^^^^^^^^^^^^^^^^^^^^^^^^^^^^
  7 |
  8 | interface CryptoDetailHeaderProps {
  9 |   id: string;

The export Github was not found in module [project]/node_modules/lucide-react/dist/esm/lucide-react.mjs [app-ssr] (ecmascript).
Did you mean to import Gift?
All exports of the module are statically known (It doesn't have dynamic exports). So it's known statically that the requested export doesn't exist.

Import traces:
  Client Component Browser:
    ./components/crypto/CryptoDetailHeader.tsx [Client Component Browser]
    ./app/(main)/crypto/[id]/page.tsx [Client Component Browser]
    ./app/(main)/crypto/[id]/page.tsx [Server Component]

  Client Component SSR:
    ./components/crypto/CryptoDetailHeader.tsx [Client Component SSR]
    ./app/(main)/crypto/[id]/page.tsx [Client Component SSR]
    ./app/(main)/crypto/[id]/page.tsx [Server Component] @ http://localhost:3000/_next/static/chunks/node_modules_next_dist_0u_w_5s._.js:1945
[   14678ms] [ERROR] ./components/crypto/CryptoDetailHeader.tsx:6:1
Export Github doesn't exist in target module
  4 | import { formatCryptoPrice } from '@/lib/cryptoUtils';
  5 | import { Skeleton } from '@/components/ui/skeleton';
> 6 | import { TrendingUp, TrendingDown, Globe, MessageSquare, Github } from 'lucide-react';
    | ^^^^^^^^^^^^^^^^^^^^^^^^^^^^^^^^^^^^^^^^^^^^^^^^^^^^^^^^^^^^^^^^^^^^^^^^^^^^^^^^^^^^^^
  7 |
  8 | interface CryptoDetailHeaderProps {
  9 |   id: string;

The export Github was not found in module [project]/node_modules/lucide-react/dist/esm/lucide-react.mjs [app-client] (ecmascript).
Did you mean to import Gift?
All exports of the module are statically known (It doesn't have dynamic exports). So it's known statically that the requested export doesn't exist.

Import traces:
  Client Component Browser:
    ./components/crypto/CryptoDetailHeader.tsx [Client Component Browser]
    ./app/(main)/crypto/[id]/page.tsx [Client Component Browser]
    ./app/(main)/crypto/[id]/page.tsx [Server Component]

  Client Component SSR:
    ./components/crypto/CryptoDetailHeader.tsx [Client Component SSR]
    ./app/(main)/crypto/[id]/page.tsx [Client Component SSR]
    ./app/(main)/crypto/[id]/page.tsx [Server Component] @ http://localhost:3000/_next/static/chunks/node_modules_next_dist_0u_w_5s._.js:1945
[   14679ms] [ERROR] ./components/crypto/CryptoDetailHeader.tsx:6:1
Export Github doesn't exist in target module
  4 | import { formatCryptoPrice } from '@/lib/cryptoUtils';
  5 | import { Skeleton } from '@/components/ui/skeleton';
> 6 | import { TrendingUp, TrendingDown, Globe, MessageSquare, Github } from 'lucide-react';
    | ^^^^^^^^^^^^^^^^^^^^^^^^^^^^^^^^^^^^^^^^^^^^^^^^^^^^^^^^^^^^^^^^^^^^^^^^^^^^^^^^^^^^^^
  7 |
  8 | interface CryptoDetailHeaderProps {
  9 |   id: string;

The export Github was not found in module [project]/node_modules/lucide-react/dist/esm/lucide-react.mjs [app-ssr] (ecmascript).
Did you mean to import Gift?
All exports of the module are statically known (It doesn't have dynamic exports). So it's known statically that the requested export doesn't exist.

Import traces:
  Client Component Browser:
    ./components/crypto/CryptoDetailHeader.tsx [Client Component Browser]
    ./app/(main)/crypto/[id]/page.tsx [Client Component Browser]
    ./app/(main)/crypto/[id]/page.tsx [Server Component]

  Client Component SSR:
    ./components/crypto/CryptoDetailHeader.tsx [Client Component SSR]
    ./app/(main)/crypto/[id]/page.tsx [Client Component SSR]
    ./app/(main)/crypto/[id]/page.tsx [Server Component] @ http://localhost:3000/_next/static/chunks/node_modules_next_dist_0u_w_5s._.js:1945
[   14739ms] [ERROR] ./components/crypto/CryptoDetailHeader.tsx:6:1
Export Github doesn't exist in target module
  4 | import { formatCryptoPrice } from '@/lib/cryptoUtils';
  5 | import { Skeleton } from '@/components/ui/skeleton';
> 6 | import { TrendingUp, TrendingDown, Globe, MessageSquare, Github } from 'lucide-react';
    | ^^^^^^^^^^^^^^^^^^^^^^^^^^^^^^^^^^^^^^^^^^^^^^^^^^^^^^^^^^^^^^^^^^^^^^^^^^^^^^^^^^^^^^
  7 |
  8 | interface CryptoDetailHeaderProps {
  9 |   id: string;

The export Github was not found in module [project]/node_modules/lucide-react/dist/esm/lucide-react.mjs [app-client] (ecmascript).
Did you mean to import Gift?
All exports of the module are statically known (It doesn't have dynamic exports). So it's known statically that the requested export doesn't exist.

Import traces:
  Client Component Browser:
    ./components/crypto/CryptoDetailHeader.tsx [Client Component Browser]
    ./app/(main)/crypto/[id]/page.tsx [Client Component Browser]
    ./app/(main)/crypto/[id]/page.tsx [Server Component]

  Client Component SSR:
    ./components/crypto/CryptoDetailHeader.tsx [Client Component SSR]
    ./app/(main)/crypto/[id]/page.tsx [Client Component SSR]
    ./app/(main)/crypto/[id]/page.tsx [Server Component] @ http://localhost:3000/_next/static/chunks/node_modules_next_dist_0u_w_5s._.js:1945
[   14739ms] [ERROR] ./components/crypto/CryptoDetailHeader.tsx:6:1
Export Github doesn't exist in target module
  4 | import { formatCryptoPrice } from '@/lib/cryptoUtils';
  5 | import { Skeleton } from '@/components/ui/skeleton';
> 6 | import { TrendingUp, TrendingDown, Globe, MessageSquare, Github } from 'lucide-react';
    | ^^^^^^^^^^^^^^^^^^^^^^^^^^^^^^^^^^^^^^^^^^^^^^^^^^^^^^^^^^^^^^^^^^^^^^^^^^^^^^^^^^^^^^
  7 |
  8 | interface CryptoDetailHeaderProps {
  9 |   id: string;

The export Github was not found in module [project]/node_modules/lucide-react/dist/esm/lucide-react.mjs [app-ssr] (ecmascript).
Did you mean to import Gift?
All exports of the module are statically known (It doesn't have dynamic exports). So it's known statically that the requested export doesn't exist.

Import traces:
  Client Component Browser:
    ./components/crypto/CryptoDetailHeader.tsx [Client Component Browser]
    ./app/(main)/crypto/[id]/page.tsx [Client Component Browser]
    ./app/(main)/crypto/[id]/page.tsx [Server Component]

  Client Component SSR:
    ./components/crypto/CryptoDetailHeader.tsx [Client Component SSR]
    ./app/(main)/crypto/[id]/page.tsx [Client Component SSR]
    ./app/(main)/crypto/[id]/page.tsx [Server Component] @ http://localhost:3000/_next/static/chunks/node_modules_next_dist_0u_w_5s._.js:1945
[   14802ms] [ERROR] ./components/crypto/CryptoDetailHeader.tsx:6:1
Export Github doesn't exist in target module
  4 | import { formatCryptoPrice } from '@/lib/cryptoUtils';
  5 | import { Skeleton } from '@/components/ui/skeleton';
> 6 | import { TrendingUp, TrendingDown, Globe, MessageSquare, Github } from 'lucide-react';
    | ^^^^^^^^^^^^^^^^^^^^^^^^^^^^^^^^^^^^^^^^^^^^^^^^^^^^^^^^^^^^^^^^^^^^^^^^^^^^^^^^^^^^^^
  7 |
  8 | interface CryptoDetailHeaderProps {
  9 |   id: string;

The export Github was not found in module [project]/node_modules/lucide-react/dist/esm/lucide-react.mjs [app-client] (ecmascript).
Did you mean to import Gift?
All exports of the module are statically known (It doesn't have dynamic exports). So it's known statically that the requested export doesn't exist.

Import traces:
  Client Component Browser:
    ./components/crypto/CryptoDetailHeader.tsx [Client Component Browser]
    ./app/(main)/crypto/[id]/page.tsx [Client Component Browser]
    ./app/(main)/crypto/[id]/page.tsx [Server Component]

  Client Component SSR:
    ./components/crypto/CryptoDetailHeader.tsx [Client Component SSR]
    ./app/(main)/crypto/[id]/page.tsx [Client Component SSR]
    ./app/(main)/crypto/[id]/page.tsx [Server Component] @ http://localhost:3000/_next/static/chunks/node_modules_next_dist_0u_w_5s._.js:1945
[   14802ms] [ERROR] ./components/crypto/CryptoDetailHeader.tsx:6:1
Export Github doesn't exist in target module
  4 | import { formatCryptoPrice } from '@/lib/cryptoUtils';
  5 | import { Skeleton } from '@/components/ui/skeleton';
> 6 | import { TrendingUp, TrendingDown, Globe, MessageSquare, Github } from 'lucide-react';
    | ^^^^^^^^^^^^^^^^^^^^^^^^^^^^^^^^^^^^^^^^^^^^^^^^^^^^^^^^^^^^^^^^^^^^^^^^^^^^^^^^^^^^^^
  7 |
  8 | interface CryptoDetailHeaderProps {
  9 |   id: string;

The export Github was not found in module [project]/node_modules/lucide-react/dist/esm/lucide-react.mjs [app-ssr] (ecmascript).
Did you mean to import Gift?
All exports of the module are statically known (It doesn't have dynamic exports). So it's known statically that the requested export doesn't exist.

Import traces:
  Client Component Browser:
    ./components/crypto/CryptoDetailHeader.tsx [Client Component Browser]
    ./app/(main)/crypto/[id]/page.tsx [Client Component Browser]
    ./app/(main)/crypto/[id]/page.tsx [Server Component]

  Client Component SSR:
    ./components/crypto/CryptoDetailHeader.tsx [Client Component SSR]
    ./app/(main)/crypto/[id]/page.tsx [Client Component SSR]
    ./app/(main)/crypto/[id]/page.tsx [Server Component] @ http://localhost:3000/_next/static/chunks/node_modules_next_dist_0u_w_5s._.js:1945
[   14863ms] [ERROR] ./components/crypto/CryptoDetailHeader.tsx:6:1
Export Github doesn't exist in target module
  4 | import { formatCryptoPrice } from '@/lib/cryptoUtils';
  5 | import { Skeleton } from '@/components/ui/skeleton';
> 6 | import { TrendingUp, TrendingDown, Globe, MessageSquare, Github } from 'lucide-react';
    | ^^^^^^^^^^^^^^^^^^^^^^^^^^^^^^^^^^^^^^^^^^^^^^^^^^^^^^^^^^^^^^^^^^^^^^^^^^^^^^^^^^^^^^
  7 |
  8 | interface CryptoDetailHeaderProps {
  9 |   id: string;

The export Github was not found in module [project]/node_modules/lucide-react/dist/esm/lucide-react.mjs [app-client] (ecmascript).
Did you mean to import Gift?
All exports of the module are statically known (It doesn't have dynamic exports). So it's known statically that the requested export doesn't exist.

Import traces:
  Client Component Browser:
    ./components/crypto/CryptoDetailHeader.tsx [Client Component Browser]
    ./app/(main)/crypto/[id]/page.tsx [Client Component Browser]
    ./app/(main)/crypto/[id]/page.tsx [Server Component]

  Client Component SSR:
    ./components/crypto/CryptoDetailHeader.tsx [Client Component SSR]
    ./app/(main)/crypto/[id]/page.tsx [Client Component SSR]
    ./app/(main)/crypto/[id]/page.tsx [Server Component] @ http://localhost:3000/_next/static/chunks/node_modules_next_dist_0u_w_5s._.js:1945
[   14864ms] [ERROR] ./components/crypto/CryptoDetailHeader.tsx:6:1
Export Github doesn't exist in target module
  4 | import { formatCryptoPrice } from '@/lib/cryptoUtils';
  5 | import { Skeleton } from '@/components/ui/skeleton';
> 6 | import { TrendingUp, TrendingDown, Globe, MessageSquare, Github } from 'lucide-react';
    | ^^^^^^^^^^^^^^^^^^^^^^^^^^^^^^^^^^^^^^^^^^^^^^^^^^^^^^^^^^^^^^^^^^^^^^^^^^^^^^^^^^^^^^
  7 |
  8 | interface CryptoDetailHeaderProps {
  9 |   id: string;

The export Github was not found in module [project]/node_modules/lucide-react/dist/esm/lucide-react.mjs [app-ssr] (ecmascript).
Did you mean to import Gift?
All exports of the module are statically known (It doesn't have dynamic exports). So it's known statically that the requested export doesn't exist.

Import traces:
  Client Component Browser:
    ./components/crypto/CryptoDetailHeader.tsx [Client Component Browser]
    ./app/(main)/crypto/[id]/page.tsx [Client Component Browser]
    ./app/(main)/crypto/[id]/page.tsx [Server Component]

  Client Component SSR:
    ./components/crypto/CryptoDetailHeader.tsx [Client Component SSR]
    ./app/(main)/crypto/[id]/page.tsx [Client Component SSR]
    ./app/(main)/crypto/[id]/page.tsx [Server Component] @ http://localhost:3000/_next/static/chunks/node_modules_next_dist_0u_w_5s._.js:1945
[   14921ms] [ERROR] ./components/crypto/CryptoDetailHeader.tsx:6:1
Export Github doesn't exist in target module
  4 | import { formatCryptoPrice } from '@/lib/cryptoUtils';
  5 | import { Skeleton } from '@/components/ui/skeleton';
> 6 | import { TrendingUp, TrendingDown, Globe, MessageSquare, Github } from 'lucide-react';
    | ^^^^^^^^^^^^^^^^^^^^^^^^^^^^^^^^^^^^^^^^^^^^^^^^^^^^^^^^^^^^^^^^^^^^^^^^^^^^^^^^^^^^^^
  7 |
  8 | interface CryptoDetailHeaderProps {
  9 |   id: string;

The export Github was not found in module [project]/node_modules/lucide-react/dist/esm/lucide-react.mjs [app-client] (ecmascript).
Did you mean to import Gift?
All exports of the module are statically known (It doesn't have dynamic exports). So it's known statically that the requested export doesn't exist.

Import traces:
  Client Component Browser:
    ./components/crypto/CryptoDetailHeader.tsx [Client Component Browser]
    ./app/(main)/crypto/[id]/page.tsx [Client Component Browser]
    ./app/(main)/crypto/[id]/page.tsx [Server Component]

  Client Component SSR:
    ./components/crypto/CryptoDetailHeader.tsx [Client Component SSR]
    ./app/(main)/crypto/[id]/page.tsx [Client Component SSR]
    ./app/(main)/crypto/[id]/page.tsx [Server Component] @ http://localhost:3000/_next/static/chunks/node_modules_next_dist_0u_w_5s._.js:1945
[   14921ms] [ERROR] ./components/crypto/CryptoDetailHeader.tsx:6:1
Export Github doesn't exist in target module
  4 | import { formatCryptoPrice } from '@/lib/cryptoUtils';
  5 | import { Skeleton } from '@/components/ui/skeleton';
> 6 | import { TrendingUp, TrendingDown, Globe, MessageSquare, Github } from 'lucide-react';
    | ^^^^^^^^^^^^^^^^^^^^^^^^^^^^^^^^^^^^^^^^^^^^^^^^^^^^^^^^^^^^^^^^^^^^^^^^^^^^^^^^^^^^^^
  7 |
  8 | interface CryptoDetailHeaderProps {
  9 |   id: string;

The export Github was not found in module [project]/node_modules/lucide-react/dist/esm/lucide-react.mjs [app-ssr] (ecmascript).
Did you mean to import Gift?
All exports of the module are statically known (It doesn't have dynamic exports). So it's known statically that the requested export doesn't exist.

Import traces:
  Client Component Browser:
    ./components/crypto/CryptoDetailHeader.tsx [Client Component Browser]
    ./app/(main)/crypto/[id]/page.tsx [Client Component Browser]
    ./app/(main)/crypto/[id]/page.tsx [Server Component]

  Client Component SSR:
    ./components/crypto/CryptoDetailHeader.tsx [Client Component SSR]
    ./app/(main)/crypto/[id]/page.tsx [Client Component SSR]
    ./app/(main)/crypto/[id]/page.tsx [Server Component] @ http://localhost:3000/_next/static/chunks/node_modules_next_dist_0u_w_5s._.js:1945
[   14982ms] [ERROR] ./components/crypto/CryptoDetailHeader.tsx:6:1
Export Github doesn't exist in target module
  4 | import { formatCryptoPrice } from '@/lib/cryptoUtils';
  5 | import { Skeleton } from '@/components/ui/skeleton';
> 6 | import { TrendingUp, TrendingDown, Globe, MessageSquare, Github } from 'lucide-react';
    | ^^^^^^^^^^^^^^^^^^^^^^^^^^^^^^^^^^^^^^^^^^^^^^^^^^^^^^^^^^^^^^^^^^^^^^^^^^^^^^^^^^^^^^
  7 |
  8 | interface CryptoDetailHeaderProps {
  9 |   id: string;

The export Github was not found in module [project]/node_modules/lucide-react/dist/esm/lucide-react.mjs [app-client] (ecmascript).
Did you mean to import Gift?
All exports of the module are statically known (It doesn't have dynamic exports). So it's known statically that the requested export doesn't exist.

Import traces:
  Client Component Browser:
    ./components/crypto/CryptoDetailHeader.tsx [Client Component Browser]
    ./app/(main)/crypto/[id]/page.tsx [Client Component Browser]
    ./app/(main)/crypto/[id]/page.tsx [Server Component]

  Client Component SSR:
    ./components/crypto/CryptoDetailHeader.tsx [Client Component SSR]
    ./app/(main)/crypto/[id]/page.tsx [Client Component SSR]
    ./app/(main)/crypto/[id]/page.tsx [Server Component] @ http://localhost:3000/_next/static/chunks/node_modules_next_dist_0u_w_5s._.js:1945
[   14982ms] [ERROR] ./components/crypto/CryptoDetailHeader.tsx:6:1
Export Github doesn't exist in target module
  4 | import { formatCryptoPrice } from '@/lib/cryptoUtils';
  5 | import { Skeleton } from '@/components/ui/skeleton';
> 6 | import { TrendingUp, TrendingDown, Globe, MessageSquare, Github } from 'lucide-react';
    | ^^^^^^^^^^^^^^^^^^^^^^^^^^^^^^^^^^^^^^^^^^^^^^^^^^^^^^^^^^^^^^^^^^^^^^^^^^^^^^^^^^^^^^
  7 |
  8 | interface CryptoDetailHeaderProps {
  9 |   id: string;

The export Github was not found in module [project]/node_modules/lucide-react/dist/esm/lucide-react.mjs [app-ssr] (ecmascript).
Did you mean to import Gift?
All exports of the module are statically known (It doesn't have dynamic exports). So it's known statically that the requested export doesn't exist.

Import traces:
  Client Component Browser:
    ./components/crypto/CryptoDetailHeader.tsx [Client Component Browser]
    ./app/(main)/crypto/[id]/page.tsx [Client Component Browser]
    ./app/(main)/crypto/[id]/page.tsx [Server Component]

  Client Component SSR:
    ./components/crypto/CryptoDetailHeader.tsx [Client Component SSR]
    ./app/(main)/crypto/[id]/page.tsx [Client Component SSR]
    ./app/(main)/crypto/[id]/page.tsx [Server Component] @ http://localhost:3000/_next/static/chunks/node_modules_next_dist_0u_w_5s._.js:1945
[   15042ms] [ERROR] ./components/crypto/CryptoDetailHeader.tsx:6:1
Export Github doesn't exist in target module
  4 | import { formatCryptoPrice } from '@/lib/cryptoUtils';
  5 | import { Skeleton } from '@/components/ui/skeleton';
> 6 | import { TrendingUp, TrendingDown, Globe, MessageSquare, Github } from 'lucide-react';
    | ^^^^^^^^^^^^^^^^^^^^^^^^^^^^^^^^^^^^^^^^^^^^^^^^^^^^^^^^^^^^^^^^^^^^^^^^^^^^^^^^^^^^^^
  7 |
  8 | interface CryptoDetailHeaderProps {
  9 |   id: string;

The export Github was not found in module [project]/node_modules/lucide-react/dist/esm/lucide-react.mjs [app-client] (ecmascript).
Did you mean to import Gift?
All exports of the module are statically known (It doesn't have dynamic exports). So it's known statically that the requested export doesn't exist.

Import traces:
  Client Component Browser:
    ./components/crypto/CryptoDetailHeader.tsx [Client Component Browser]
    ./app/(main)/crypto/[id]/page.tsx [Client Component Browser]
    ./app/(main)/crypto/[id]/page.tsx [Server Component]

  Client Component SSR:
    ./components/crypto/CryptoDetailHeader.tsx [Client Component SSR]
    ./app/(main)/crypto/[id]/page.tsx [Client Component SSR]
    ./app/(main)/crypto/[id]/page.tsx [Server Component] @ http://localhost:3000/_next/static/chunks/node_modules_next_dist_0u_w_5s._.js:1945
[   15042ms] [ERROR] ./components/crypto/CryptoDetailHeader.tsx:6:1
Export Github doesn't exist in target module
  4 | import { formatCryptoPrice } from '@/lib/cryptoUtils';
  5 | import { Skeleton } from '@/components/ui/skeleton';
> 6 | import { TrendingUp, TrendingDown, Globe, MessageSquare, Github } from 'lucide-react';
    | ^^^^^^^^^^^^^^^^^^^^^^^^^^^^^^^^^^^^^^^^^^^^^^^^^^^^^^^^^^^^^^^^^^^^^^^^^^^^^^^^^^^^^^
  7 |
  8 | interface CryptoDetailHeaderProps {
  9 |   id: string;

The export Github was not found in module [project]/node_modules/lucide-react/dist/esm/lucide-react.mjs [app-ssr] (ecmascript).
Did you mean to import Gift?
All exports of the module are statically known (It doesn't have dynamic exports). So it's known statically that the requested export doesn't exist.

Import traces:
  Client Component Browser:
    ./components/crypto/CryptoDetailHeader.tsx [Client Component Browser]
    ./app/(main)/crypto/[id]/page.tsx [Client Component Browser]
    ./app/(main)/crypto/[id]/page.tsx [Server Component]

  Client Component SSR:
    ./components/crypto/CryptoDetailHeader.tsx [Client Component SSR]
    ./app/(main)/crypto/[id]/page.tsx [Client Component SSR]
    ./app/(main)/crypto/[id]/page.tsx [Server Component] @ http://localhost:3000/_next/static/chunks/node_modules_next_dist_0u_w_5s._.js:1945
[   15103ms] [ERROR] ./components/crypto/CryptoDetailHeader.tsx:6:1
Export Github doesn't exist in target module
  4 | import { formatCryptoPrice } from '@/lib/cryptoUtils';
  5 | import { Skeleton } from '@/components/ui/skeleton';
> 6 | import { TrendingUp, TrendingDown, Globe, MessageSquare, Github } from 'lucide-react';
    | ^^^^^^^^^^^^^^^^^^^^^^^^^^^^^^^^^^^^^^^^^^^^^^^^^^^^^^^^^^^^^^^^^^^^^^^^^^^^^^^^^^^^^^
  7 |
  8 | interface CryptoDetailHeaderProps {
  9 |   id: string;

The export Github was not found in module [project]/node_modules/lucide-react/dist/esm/lucide-react.mjs [app-client] (ecmascript).
Did you mean to import Gift?
All exports of the module are statically known (It doesn't have dynamic exports). So it's known statically that the requested export doesn't exist.

Import traces:
  Client Component Browser:
    ./components/crypto/CryptoDetailHeader.tsx [Client Component Browser]
    ./app/(main)/crypto/[id]/page.tsx [Client Component Browser]
    ./app/(main)/crypto/[id]/page.tsx [Server Component]

  Client Component SSR:
    ./components/crypto/CryptoDetailHeader.tsx [Client Component SSR]
    ./app/(main)/crypto/[id]/page.tsx [Client Component SSR]
    ./app/(main)/crypto/[id]/page.tsx [Server Component] @ http://localhost:3000/_next/static/chunks/node_modules_next_dist_0u_w_5s._.js:1945
[   15103ms] [ERROR] ./components/crypto/CryptoDetailHeader.tsx:6:1
Export Github doesn't exist in target module
  4 | import { formatCryptoPrice } from '@/lib/cryptoUtils';
  5 | import { Skeleton } from '@/components/ui/skeleton';
> 6 | import { TrendingUp, TrendingDown, Globe, MessageSquare, Github } from 'lucide-react';
    | ^^^^^^^^^^^^^^^^^^^^^^^^^^^^^^^^^^^^^^^^^^^^^^^^^^^^^^^^^^^^^^^^^^^^^^^^^^^^^^^^^^^^^^
  7 |
  8 | interface CryptoDetailHeaderProps {
  9 |   id: string;

The export Github was not found in module [project]/node_modules/lucide-react/dist/esm/lucide-react.mjs [app-ssr] (ecmascript).
Did you mean to import Gift?
All exports of the module are statically known (It doesn't have dynamic exports). So it's known statically that the requested export doesn't exist.

Import traces:
  Client Component Browser:
    ./components/crypto/CryptoDetailHeader.tsx [Client Component Browser]
    ./app/(main)/crypto/[id]/page.tsx [Client Component Browser]
    ./app/(main)/crypto/[id]/page.tsx [Server Component]

  Client Component SSR:
    ./components/crypto/CryptoDetailHeader.tsx [Client Component SSR]
    ./app/(main)/crypto/[id]/page.tsx [Client Component SSR]
    ./app/(main)/crypto/[id]/page.tsx [Server Component] @ http://localhost:3000/_next/static/chunks/node_modules_next_dist_0u_w_5s._.js:1945
[   15162ms] [ERROR] ./components/crypto/CryptoDetailHeader.tsx:6:1
Export Github doesn't exist in target module
  4 | import { formatCryptoPrice } from '@/lib/cryptoUtils';
  5 | import { Skeleton } from '@/components/ui/skeleton';
> 6 | import { TrendingUp, TrendingDown, Globe, MessageSquare, Github } from 'lucide-react';
    | ^^^^^^^^^^^^^^^^^^^^^^^^^^^^^^^^^^^^^^^^^^^^^^^^^^^^^^^^^^^^^^^^^^^^^^^^^^^^^^^^^^^^^^
  7 |
  8 | interface CryptoDetailHeaderProps {
  9 |   id: string;

The export Github was not found in module [project]/node_modules/lucide-react/dist/esm/lucide-react.mjs [app-client] (ecmascript).
Did you mean to import Gift?
All exports of the module are statically known (It doesn't have dynamic exports). So it's known statically that the requested export doesn't exist.

Import traces:
  Client Component Browser:
    ./components/crypto/CryptoDetailHeader.tsx [Client Component Browser]
    ./app/(main)/crypto/[id]/page.tsx [Client Component Browser]
    ./app/(main)/crypto/[id]/page.tsx [Server Component]

  Client Component SSR:
    ./components/crypto/CryptoDetailHeader.tsx [Client Component SSR]
    ./app/(main)/crypto/[id]/page.tsx [Client Component SSR]
    ./app/(main)/crypto/[id]/page.tsx [Server Component] @ http://localhost:3000/_next/static/chunks/node_modules_next_dist_0u_w_5s._.js:1945
[   15162ms] [ERROR] ./components/crypto/CryptoDetailHeader.tsx:6:1
Export Github doesn't exist in target module
  4 | import { formatCryptoPrice } from '@/lib/cryptoUtils';
  5 | import { Skeleton } from '@/components/ui/skeleton';
> 6 | import { TrendingUp, TrendingDown, Globe, MessageSquare, Github } from 'lucide-react';
    | ^^^^^^^^^^^^^^^^^^^^^^^^^^^^^^^^^^^^^^^^^^^^^^^^^^^^^^^^^^^^^^^^^^^^^^^^^^^^^^^^^^^^^^
  7 |
  8 | interface CryptoDetailHeaderProps {
  9 |   id: string;

The export Github was not found in module [project]/node_modules/lucide-react/dist/esm/lucide-react.mjs [app-ssr] (ecmascript).
Did you mean to import Gift?
All exports of the module are statically known (It doesn't have dynamic exports). So it's known statically that the requested export doesn't exist.

Import traces:
  Client Component Browser:
    ./components/crypto/CryptoDetailHeader.tsx [Client Component Browser]
    ./app/(main)/crypto/[id]/page.tsx [Client Component Browser]
    ./app/(main)/crypto/[id]/page.tsx [Server Component]

  Client Component SSR:
    ./components/crypto/CryptoDetailHeader.tsx [Client Component SSR]
    ./app/(main)/crypto/[id]/page.tsx [Client Component SSR]
    ./app/(main)/crypto/[id]/page.tsx [Server Component] @ http://localhost:3000/_next/static/chunks/node_modules_next_dist_0u_w_5s._.js:1945
[   15237ms] [ERROR] ./components/crypto/CryptoDetailHeader.tsx:6:1
Export Github doesn't exist in target module
  4 | import { formatCryptoPrice } from '@/lib/cryptoUtils';
  5 | import { Skeleton } from '@/components/ui/skeleton';
> 6 | import { TrendingUp, TrendingDown, Globe, MessageSquare, Github } from 'lucide-react';
    | ^^^^^^^^^^^^^^^^^^^^^^^^^^^^^^^^^^^^^^^^^^^^^^^^^^^^^^^^^^^^^^^^^^^^^^^^^^^^^^^^^^^^^^
  7 |
  8 | interface CryptoDetailHeaderProps {
  9 |   id: string;

The export Github was not found in module [project]/node_modules/lucide-react/dist/esm/lucide-react.mjs [app-client] (ecmascript).
Did you mean to import Gift?
All exports of the module are statically known (It doesn't have dynamic exports). So it's known statically that the requested export doesn't exist.

Import traces:
  Client Component Browser:
    ./components/crypto/CryptoDetailHeader.tsx [Client Component Browser]
    ./app/(main)/crypto/[id]/page.tsx [Client Component Browser]
    ./app/(main)/crypto/[id]/page.tsx [Server Component]

  Client Component SSR:
    ./components/crypto/CryptoDetailHeader.tsx [Client Component SSR]
    ./app/(main)/crypto/[id]/page.tsx [Client Component SSR]
    ./app/(main)/crypto/[id]/page.tsx [Server Component] @ http://localhost:3000/_next/static/chunks/node_modules_next_dist_0u_w_5s._.js:1945
[   15237ms] [ERROR] ./components/crypto/CryptoDetailHeader.tsx:6:1
Export Github doesn't exist in target module
  4 | import { formatCryptoPrice } from '@/lib/cryptoUtils';
  5 | import { Skeleton } from '@/components/ui/skeleton';
> 6 | import { TrendingUp, TrendingDown, Globe, MessageSquare, Github } from 'lucide-react';
    | ^^^^^^^^^^^^^^^^^^^^^^^^^^^^^^^^^^^^^^^^^^^^^^^^^^^^^^^^^^^^^^^^^^^^^^^^^^^^^^^^^^^^^^
  7 |
  8 | interface CryptoDetailHeaderProps {
  9 |   id: string;

The export Github was not found in module [project]/node_modules/lucide-react/dist/esm/lucide-react.mjs [app-ssr] (ecmascript).
Did you mean to import Gift?
All exports of the module are statically known (It doesn't have dynamic exports). So it's known statically that the requested export doesn't exist.

Import traces:
  Client Component Browser:
    ./components/crypto/CryptoDetailHeader.tsx [Client Component Browser]
    ./app/(main)/crypto/[id]/page.tsx [Client Component Browser]
    ./app/(main)/crypto/[id]/page.tsx [Server Component]

  Client Component SSR:
    ./components/crypto/CryptoDetailHeader.tsx [Client Component SSR]
    ./app/(main)/crypto/[id]/page.tsx [Client Component SSR]
    ./app/(main)/crypto/[id]/page.tsx [Server Component] @ http://localhost:3000/_next/static/chunks/node_modules_next_dist_0u_w_5s._.js:1945
[   15298ms] [ERROR] ./components/crypto/CryptoDetailHeader.tsx:6:1
Export Github doesn't exist in target module
  4 | import { formatCryptoPrice } from '@/lib/cryptoUtils';
  5 | import { Skeleton } from '@/components/ui/skeleton';
> 6 | import { TrendingUp, TrendingDown, Globe, MessageSquare, Github } from 'lucide-react';
    | ^^^^^^^^^^^^^^^^^^^^^^^^^^^^^^^^^^^^^^^^^^^^^^^^^^^^^^^^^^^^^^^^^^^^^^^^^^^^^^^^^^^^^^
  7 |
  8 | interface CryptoDetailHeaderProps {
  9 |   id: string;

The export Github was not found in module [project]/node_modules/lucide-react/dist/esm/lucide-react.mjs [app-client] (ecmascript).
Did you mean to import Gift?
All exports of the module are statically known (It doesn't have dynamic exports). So it's known statically that the requested export doesn't exist.

Import traces:
  Client Component Browser:
    ./components/crypto/CryptoDetailHeader.tsx [Client Component Browser]
    ./app/(main)/crypto/[id]/page.tsx [Client Component Browser]
    ./app/(main)/crypto/[id]/page.tsx [Server Component]

  Client Component SSR:
    ./components/crypto/CryptoDetailHeader.tsx [Client Component SSR]
    ./app/(main)/crypto/[id]/page.tsx [Client Component SSR]
    ./app/(main)/crypto/[id]/page.tsx [Server Component] @ http://localhost:3000/_next/static/chunks/node_modules_next_dist_0u_w_5s._.js:1945
[   15298ms] [ERROR] ./components/crypto/CryptoDetailHeader.tsx:6:1
Export Github doesn't exist in target module
  4 | import { formatCryptoPrice } from '@/lib/cryptoUtils';
  5 | import { Skeleton } from '@/components/ui/skeleton';
> 6 | import { TrendingUp, TrendingDown, Globe, MessageSquare, Github } from 'lucide-react';
    | ^^^^^^^^^^^^^^^^^^^^^^^^^^^^^^^^^^^^^^^^^^^^^^^^^^^^^^^^^^^^^^^^^^^^^^^^^^^^^^^^^^^^^^
  7 |
  8 | interface CryptoDetailHeaderProps {
  9 |   id: string;

The export Github was not found in module [project]/node_modules/lucide-react/dist/esm/lucide-react.mjs [app-ssr] (ecmascript).
Did you mean to import Gift?
All exports of the module are statically known (It doesn't have dynamic exports). So it's known statically that the requested export doesn't exist.

Import traces:
  Client Component Browser:
    ./components/crypto/CryptoDetailHeader.tsx [Client Component Browser]
    ./app/(main)/crypto/[id]/page.tsx [Client Component Browser]
    ./app/(main)/crypto/[id]/page.tsx [Server Component]

  Client Component SSR:
    ./components/crypto/CryptoDetailHeader.tsx [Client Component SSR]
    ./app/(main)/crypto/[id]/page.tsx [Client Component SSR]
    ./app/(main)/crypto/[id]/page.tsx [Server Component] @ http://localhost:3000/_next/static/chunks/node_modules_next_dist_0u_w_5s._.js:1945
[   15356ms] [ERROR] ./components/crypto/CryptoDetailHeader.tsx:6:1
Export Github doesn't exist in target module
  4 | import { formatCryptoPrice } from '@/lib/cryptoUtils';
  5 | import { Skeleton } from '@/components/ui/skeleton';
> 6 | import { TrendingUp, TrendingDown, Globe, MessageSquare, Github } from 'lucide-react';
    | ^^^^^^^^^^^^^^^^^^^^^^^^^^^^^^^^^^^^^^^^^^^^^^^^^^^^^^^^^^^^^^^^^^^^^^^^^^^^^^^^^^^^^^
  7 |
  8 | interface CryptoDetailHeaderProps {
  9 |   id: string;

The export Github was not found in module [project]/node_modules/lucide-react/dist/esm/lucide-react.mjs [app-client] (ecmascript).
Did you mean to import Gift?
All exports of the module are statically known (It doesn't have dynamic exports). So it's known statically that the requested export doesn't exist.

Import traces:
  Client Component Browser:
    ./components/crypto/CryptoDetailHeader.tsx [Client Component Browser]
    ./app/(main)/crypto/[id]/page.tsx [Client Component Browser]
    ./app/(main)/crypto/[id]/page.tsx [Server Component]

  Client Component SSR:
    ./components/crypto/CryptoDetailHeader.tsx [Client Component SSR]
    ./app/(main)/crypto/[id]/page.tsx [Client Component SSR]
    ./app/(main)/crypto/[id]/page.tsx [Server Component] @ http://localhost:3000/_next/static/chunks/node_modules_next_dist_0u_w_5s._.js:1945
[   15357ms] [ERROR] ./components/crypto/CryptoDetailHeader.tsx:6:1
Export Github doesn't exist in target module
  4 | import { formatCryptoPrice } from '@/lib/cryptoUtils';
  5 | import { Skeleton } from '@/components/ui/skeleton';
> 6 | import { TrendingUp, TrendingDown, Globe, MessageSquare, Github } from 'lucide-react';
    | ^^^^^^^^^^^^^^^^^^^^^^^^^^^^^^^^^^^^^^^^^^^^^^^^^^^^^^^^^^^^^^^^^^^^^^^^^^^^^^^^^^^^^^
  7 |
  8 | interface CryptoDetailHeaderProps {
  9 |   id: string;

The export Github was not found in module [project]/node_modules/lucide-react/dist/esm/lucide-react.mjs [app-ssr] (ecmascript).
Did you mean to import Gift?
All exports of the module are statically known (It doesn't have dynamic exports). So it's known statically that the requested export doesn't exist.

Import traces:
  Client Component Browser:
    ./components/crypto/CryptoDetailHeader.tsx [Client Component Browser]
    ./app/(main)/crypto/[id]/page.tsx [Client Component Browser]
    ./app/(main)/crypto/[id]/page.tsx [Server Component]

  Client Component SSR:
    ./components/crypto/CryptoDetailHeader.tsx [Client Component SSR]
    ./app/(main)/crypto/[id]/page.tsx [Client Component SSR]
    ./app/(main)/crypto/[id]/page.tsx [Server Component] @ http://localhost:3000/_next/static/chunks/node_modules_next_dist_0u_w_5s._.js:1945
[   15417ms] [ERROR] ./components/crypto/CryptoDetailHeader.tsx:6:1
Export Github doesn't exist in target module
  4 | import { formatCryptoPrice } from '@/lib/cryptoUtils';
  5 | import { Skeleton } from '@/components/ui/skeleton';
> 6 | import { TrendingUp, TrendingDown, Globe, MessageSquare, Github } from 'lucide-react';
    | ^^^^^^^^^^^^^^^^^^^^^^^^^^^^^^^^^^^^^^^^^^^^^^^^^^^^^^^^^^^^^^^^^^^^^^^^^^^^^^^^^^^^^^
  7 |
  8 | interface CryptoDetailHeaderProps {
  9 |   id: string;

The export Github was not found in module [project]/node_modules/lucide-react/dist/esm/lucide-react.mjs [app-client] (ecmascript).
Did you mean to import Gift?
All exports of the module are statically known (It doesn't have dynamic exports). So it's known statically that the requested export doesn't exist.

Import traces:
  Client Component Browser:
    ./components/crypto/CryptoDetailHeader.tsx [Client Component Browser]
    ./app/(main)/crypto/[id]/page.tsx [Client Component Browser]
    ./app/(main)/crypto/[id]/page.tsx [Server Component]

  Client Component SSR:
    ./components/crypto/CryptoDetailHeader.tsx [Client Component SSR]
    ./app/(main)/crypto/[id]/page.tsx [Client Component SSR]
    ./app/(main)/crypto/[id]/page.tsx [Server Component] @ http://localhost:3000/_next/static/chunks/node_modules_next_dist_0u_w_5s._.js:1945
[   15417ms] [ERROR] ./components/crypto/CryptoDetailHeader.tsx:6:1
Export Github doesn't exist in target module
  4 | import { formatCryptoPrice } from '@/lib/cryptoUtils';
  5 | import { Skeleton } from '@/components/ui/skeleton';
> 6 | import { TrendingUp, TrendingDown, Globe, MessageSquare, Github } from 'lucide-react';
    | ^^^^^^^^^^^^^^^^^^^^^^^^^^^^^^^^^^^^^^^^^^^^^^^^^^^^^^^^^^^^^^^^^^^^^^^^^^^^^^^^^^^^^^
  7 |
  8 | interface CryptoDetailHeaderProps {
  9 |   id: string;

The export Github was not found in module [project]/node_modules/lucide-react/dist/esm/lucide-react.mjs [app-ssr] (ecmascript).
Did you mean to import Gift?
All exports of the module are statically known (It doesn't have dynamic exports). So it's known statically that the requested export doesn't exist.

Import traces:
  Client Component Browser:
    ./components/crypto/CryptoDetailHeader.tsx [Client Component Browser]
    ./app/(main)/crypto/[id]/page.tsx [Client Component Browser]
    ./app/(main)/crypto/[id]/page.tsx [Server Component]

  Client Component SSR:
    ./components/crypto/CryptoDetailHeader.tsx [Client Component SSR]
    ./app/(main)/crypto/[id]/page.tsx [Client Component SSR]
    ./app/(main)/crypto/[id]/page.tsx [Server Component] @ http://localhost:3000/_next/static/chunks/node_modules_next_dist_0u_w_5s._.js:1945
[   15477ms] [ERROR] ./components/crypto/CryptoDetailHeader.tsx:6:1
Export Github doesn't exist in target module
  4 | import { formatCryptoPrice } from '@/lib/cryptoUtils';
  5 | import { Skeleton } from '@/components/ui/skeleton';
> 6 | import { TrendingUp, TrendingDown, Globe, MessageSquare, Github } from 'lucide-react';
    | ^^^^^^^^^^^^^^^^^^^^^^^^^^^^^^^^^^^^^^^^^^^^^^^^^^^^^^^^^^^^^^^^^^^^^^^^^^^^^^^^^^^^^^
  7 |
  8 | interface CryptoDetailHeaderProps {
  9 |   id: string;

The export Github was not found in module [project]/node_modules/lucide-react/dist/esm/lucide-react.mjs [app-client] (ecmascript).
Did you mean to import Gift?
All exports of the module are statically known (It doesn't have dynamic exports). So it's known statically that the requested export doesn't exist.

Import traces:
  Client Component Browser:
    ./components/crypto/CryptoDetailHeader.tsx [Client Component Browser]
    ./app/(main)/crypto/[id]/page.tsx [Client Component Browser]
    ./app/(main)/crypto/[id]/page.tsx [Server Component]

  Client Component SSR:
    ./components/crypto/CryptoDetailHeader.tsx [Client Component SSR]
    ./app/(main)/crypto/[id]/page.tsx [Client Component SSR]
    ./app/(main)/crypto/[id]/page.tsx [Server Component] @ http://localhost:3000/_next/static/chunks/node_modules_next_dist_0u_w_5s._.js:1945
[   15477ms] [ERROR] ./components/crypto/CryptoDetailHeader.tsx:6:1
Export Github doesn't exist in target module
  4 | import { formatCryptoPrice } from '@/lib/cryptoUtils';
  5 | import { Skeleton } from '@/components/ui/skeleton';
> 6 | import { TrendingUp, TrendingDown, Globe, MessageSquare, Github } from 'lucide-react';
    | ^^^^^^^^^^^^^^^^^^^^^^^^^^^^^^^^^^^^^^^^^^^^^^^^^^^^^^^^^^^^^^^^^^^^^^^^^^^^^^^^^^^^^^
  7 |
  8 | interface CryptoDetailHeaderProps {
  9 |   id: string;

The export Github was not found in module [project]/node_modules/lucide-react/dist/esm/lucide-react.mjs [app-ssr] (ecmascript).
Did you mean to import Gift?
All exports of the module are statically known (It doesn't have dynamic exports). So it's known statically that the requested export doesn't exist.

Import traces:
  Client Component Browser:
    ./components/crypto/CryptoDetailHeader.tsx [Client Component Browser]
    ./app/(main)/crypto/[id]/page.tsx [Client Component Browser]
    ./app/(main)/crypto/[id]/page.tsx [Server Component]

  Client Component SSR:
    ./components/crypto/CryptoDetailHeader.tsx [Client Component SSR]
    ./app/(main)/crypto/[id]/page.tsx [Client Component SSR]
    ./app/(main)/crypto/[id]/page.tsx [Server Component] @ http://localhost:3000/_next/static/chunks/node_modules_next_dist_0u_w_5s._.js:1945
[   15537ms] [ERROR] ./components/crypto/CryptoDetailHeader.tsx:6:1
Export Github doesn't exist in target module
  4 | import { formatCryptoPrice } from '@/lib/cryptoUtils';
  5 | import { Skeleton } from '@/components/ui/skeleton';
> 6 | import { TrendingUp, TrendingDown, Globe, MessageSquare, Github } from 'lucide-react';
    | ^^^^^^^^^^^^^^^^^^^^^^^^^^^^^^^^^^^^^^^^^^^^^^^^^^^^^^^^^^^^^^^^^^^^^^^^^^^^^^^^^^^^^^
  7 |
  8 | interface CryptoDetailHeaderProps {
  9 |   id: string;

The export Github was not found in module [project]/node_modules/lucide-react/dist/esm/lucide-react.mjs [app-client] (ecmascript).
Did you mean to import Gift?
All exports of the module are statically known (It doesn't have dynamic exports). So it's known statically that the requested export doesn't exist.

Import traces:
  Client Component Browser:
    ./components/crypto/CryptoDetailHeader.tsx [Client Component Browser]
    ./app/(main)/crypto/[id]/page.tsx [Client Component Browser]
    ./app/(main)/crypto/[id]/page.tsx [Server Component]

  Client Component SSR:
    ./components/crypto/CryptoDetailHeader.tsx [Client Component SSR]
    ./app/(main)/crypto/[id]/page.tsx [Client Component SSR]
    ./app/(main)/crypto/[id]/page.tsx [Server Component] @ http://localhost:3000/_next/static/chunks/node_modules_next_dist_0u_w_5s._.js:1945
[   15537ms] [ERROR] ./components/crypto/CryptoDetailHeader.tsx:6:1
Export Github doesn't exist in target module
  4 | import { formatCryptoPrice } from '@/lib/cryptoUtils';
  5 | import { Skeleton } from '@/components/ui/skeleton';
> 6 | import { TrendingUp, TrendingDown, Globe, MessageSquare, Github } from 'lucide-react';
    | ^^^^^^^^^^^^^^^^^^^^^^^^^^^^^^^^^^^^^^^^^^^^^^^^^^^^^^^^^^^^^^^^^^^^^^^^^^^^^^^^^^^^^^
  7 |
  8 | interface CryptoDetailHeaderProps {
  9 |   id: string;

The export Github was not found in module [project]/node_modules/lucide-react/dist/esm/lucide-react.mjs [app-ssr] (ecmascript).
Did you mean to import Gift?
All exports of the module are statically known (It doesn't have dynamic exports). So it's known statically that the requested export doesn't exist.

Import traces:
  Client Component Browser:
    ./components/crypto/CryptoDetailHeader.tsx [Client Component Browser]
    ./app/(main)/crypto/[id]/page.tsx [Client Component Browser]
    ./app/(main)/crypto/[id]/page.tsx [Server Component]

  Client Component SSR:
    ./components/crypto/CryptoDetailHeader.tsx [Client Component SSR]
    ./app/(main)/crypto/[id]/page.tsx [Client Component SSR]
    ./app/(main)/crypto/[id]/page.tsx [Server Component] @ http://localhost:3000/_next/static/chunks/node_modules_next_dist_0u_w_5s._.js:1945
[   15597ms] [ERROR] ./components/crypto/CryptoDetailHeader.tsx:6:1
Export Github doesn't exist in target module
  4 | import { formatCryptoPrice } from '@/lib/cryptoUtils';
  5 | import { Skeleton } from '@/components/ui/skeleton';
> 6 | import { TrendingUp, TrendingDown, Globe, MessageSquare, Github } from 'lucide-react';
    | ^^^^^^^^^^^^^^^^^^^^^^^^^^^^^^^^^^^^^^^^^^^^^^^^^^^^^^^^^^^^^^^^^^^^^^^^^^^^^^^^^^^^^^
  7 |
  8 | interface CryptoDetailHeaderProps {
  9 |   id: string;

The export Github was not found in module [project]/node_modules/lucide-react/dist/esm/lucide-react.mjs [app-client] (ecmascript).
Did you mean to import Gift?
All exports of the module are statically known (It doesn't have dynamic exports). So it's known statically that the requested export doesn't exist.

Import traces:
  Client Component Browser:
    ./components/crypto/CryptoDetailHeader.tsx [Client Component Browser]
    ./app/(main)/crypto/[id]/page.tsx [Client Component Browser]
    ./app/(main)/crypto/[id]/page.tsx [Server Component]

  Client Component SSR:
    ./components/crypto/CryptoDetailHeader.tsx [Client Component SSR]
    ./app/(main)/crypto/[id]/page.tsx [Client Component SSR]
    ./app/(main)/crypto/[id]/page.tsx [Server Component] @ http://localhost:3000/_next/static/chunks/node_modules_next_dist_0u_w_5s._.js:1945
[   15597ms] [ERROR] ./components/crypto/CryptoDetailHeader.tsx:6:1
Export Github doesn't exist in target module
  4 | import { formatCryptoPrice } from '@/lib/cryptoUtils';
  5 | import { Skeleton } from '@/components/ui/skeleton';
> 6 | import { TrendingUp, TrendingDown, Globe, MessageSquare, Github } from 'lucide-react';
    | ^^^^^^^^^^^^^^^^^^^^^^^^^^^^^^^^^^^^^^^^^^^^^^^^^^^^^^^^^^^^^^^^^^^^^^^^^^^^^^^^^^^^^^
  7 |
  8 | interface CryptoDetailHeaderProps {
  9 |   id: string;

The export Github was not found in module [project]/node_modules/lucide-react/dist/esm/lucide-react.mjs [app-ssr] (ecmascript).
Did you mean to import Gift?
All exports of the module are statically known (It doesn't have dynamic exports). So it's known statically that the requested export doesn't exist.

Import traces:
  Client Component Browser:
    ./components/crypto/CryptoDetailHeader.tsx [Client Component Browser]
    ./app/(main)/crypto/[id]/page.tsx [Client Component Browser]
    ./app/(main)/crypto/[id]/page.tsx [Server Component]

  Client Component SSR:
    ./components/crypto/CryptoDetailHeader.tsx [Client Component SSR]
    ./app/(main)/crypto/[id]/page.tsx [Client Component SSR]
    ./app/(main)/crypto/[id]/page.tsx [Server Component] @ http://localhost:3000/_next/static/chunks/node_modules_next_dist_0u_w_5s._.js:1945
[   15657ms] [ERROR] ./components/crypto/CryptoDetailHeader.tsx:6:1
Export Github doesn't exist in target module
  4 | import { formatCryptoPrice } from '@/lib/cryptoUtils';
  5 | import { Skeleton } from '@/components/ui/skeleton';
> 6 | import { TrendingUp, TrendingDown, Globe, MessageSquare, Github } from 'lucide-react';
    | ^^^^^^^^^^^^^^^^^^^^^^^^^^^^^^^^^^^^^^^^^^^^^^^^^^^^^^^^^^^^^^^^^^^^^^^^^^^^^^^^^^^^^^
  7 |
  8 | interface CryptoDetailHeaderProps {
  9 |   id: string;

The export Github was not found in module [project]/node_modules/lucide-react/dist/esm/lucide-react.mjs [app-client] (ecmascript).
Did you mean to import Gift?
All exports of the module are statically known (It doesn't have dynamic exports). So it's known statically that the requested export doesn't exist.

Import traces:
  Client Component Browser:
    ./components/crypto/CryptoDetailHeader.tsx [Client Component Browser]
    ./app/(main)/crypto/[id]/page.tsx [Client Component Browser]
    ./app/(main)/crypto/[id]/page.tsx [Server Component]

  Client Component SSR:
    ./components/crypto/CryptoDetailHeader.tsx [Client Component SSR]
    ./app/(main)/crypto/[id]/page.tsx [Client Component SSR]
    ./app/(main)/crypto/[id]/page.tsx [Server Component] @ http://localhost:3000/_next/static/chunks/node_modules_next_dist_0u_w_5s._.js:1945
[   15657ms] [ERROR] ./components/crypto/CryptoDetailHeader.tsx:6:1
Export Github doesn't exist in target module
  4 | import { formatCryptoPrice } from '@/lib/cryptoUtils';
  5 | import { Skeleton } from '@/components/ui/skeleton';
> 6 | import { TrendingUp, TrendingDown, Globe, MessageSquare, Github } from 'lucide-react';
    | ^^^^^^^^^^^^^^^^^^^^^^^^^^^^^^^^^^^^^^^^^^^^^^^^^^^^^^^^^^^^^^^^^^^^^^^^^^^^^^^^^^^^^^
  7 |
  8 | interface CryptoDetailHeaderProps {
  9 |   id: string;

The export Github was not found in module [project]/node_modules/lucide-react/dist/esm/lucide-react.mjs [app-ssr] (ecmascript).
Did you mean to import Gift?
All exports of the module are statically known (It doesn't have dynamic exports). So it's known statically that the requested export doesn't exist.

Import traces:
  Client Component Browser:
    ./components/crypto/CryptoDetailHeader.tsx [Client Component Browser]
    ./app/(main)/crypto/[id]/page.tsx [Client Component Browser]
    ./app/(main)/crypto/[id]/page.tsx [Server Component]

  Client Component SSR:
    ./components/crypto/CryptoDetailHeader.tsx [Client Component SSR]
    ./app/(main)/crypto/[id]/page.tsx [Client Component SSR]
    ./app/(main)/crypto/[id]/page.tsx [Server Component] @ http://localhost:3000/_next/static/chunks/node_modules_next_dist_0u_w_5s._.js:1945
[   15717ms] [ERROR] ./components/crypto/CryptoDetailHeader.tsx:6:1
Export Github doesn't exist in target module
  4 | import { formatCryptoPrice } from '@/lib/cryptoUtils';
  5 | import { Skeleton } from '@/components/ui/skeleton';
> 6 | import { TrendingUp, TrendingDown, Globe, MessageSquare, Github } from 'lucide-react';
    | ^^^^^^^^^^^^^^^^^^^^^^^^^^^^^^^^^^^^^^^^^^^^^^^^^^^^^^^^^^^^^^^^^^^^^^^^^^^^^^^^^^^^^^
  7 |
  8 | interface CryptoDetailHeaderProps {
  9 |   id: string;

The export Github was not found in module [project]/node_modules/lucide-react/dist/esm/lucide-react.mjs [app-client] (ecmascript).
Did you mean to import Gift?
All exports of the module are statically known (It doesn't have dynamic exports). So it's known statically that the requested export doesn't exist.

Import traces:
  Client Component Browser:
    ./components/crypto/CryptoDetailHeader.tsx [Client Component Browser]
    ./app/(main)/crypto/[id]/page.tsx [Client Component Browser]
    ./app/(main)/crypto/[id]/page.tsx [Server Component]

  Client Component SSR:
    ./components/crypto/CryptoDetailHeader.tsx [Client Component SSR]
    ./app/(main)/crypto/[id]/page.tsx [Client Component SSR]
    ./app/(main)/crypto/[id]/page.tsx [Server Component] @ http://localhost:3000/_next/static/chunks/node_modules_next_dist_0u_w_5s._.js:1945
[   15717ms] [ERROR] ./components/crypto/CryptoDetailHeader.tsx:6:1
Export Github doesn't exist in target module
  4 | import { formatCryptoPrice } from '@/lib/cryptoUtils';
  5 | import { Skeleton } from '@/components/ui/skeleton';
> 6 | import { TrendingUp, TrendingDown, Globe, MessageSquare, Github } from 'lucide-react';
    | ^^^^^^^^^^^^^^^^^^^^^^^^^^^^^^^^^^^^^^^^^^^^^^^^^^^^^^^^^^^^^^^^^^^^^^^^^^^^^^^^^^^^^^
  7 |
  8 | interface CryptoDetailHeaderProps {
  9 |   id: string;

The export Github was not found in module [project]/node_modules/lucide-react/dist/esm/lucide-react.mjs [app-ssr] (ecmascript).
Did you mean to import Gift?
All exports of the module are statically known (It doesn't have dynamic exports). So it's known statically that the requested export doesn't exist.

Import traces:
  Client Component Browser:
    ./components/crypto/CryptoDetailHeader.tsx [Client Component Browser]
    ./app/(main)/crypto/[id]/page.tsx [Client Component Browser]
    ./app/(main)/crypto/[id]/page.tsx [Server Component]

  Client Component SSR:
    ./components/crypto/CryptoDetailHeader.tsx [Client Component SSR]
    ./app/(main)/crypto/[id]/page.tsx [Client Component SSR]
    ./app/(main)/crypto/[id]/page.tsx [Server Component] @ http://localhost:3000/_next/static/chunks/node_modules_next_dist_0u_w_5s._.js:1945
[   15777ms] [ERROR] ./components/crypto/CryptoDetailHeader.tsx:6:1
Export Github doesn't exist in target module
  4 | import { formatCryptoPrice } from '@/lib/cryptoUtils';
  5 | import { Skeleton } from '@/components/ui/skeleton';
> 6 | import { TrendingUp, TrendingDown, Globe, MessageSquare, Github } from 'lucide-react';
    | ^^^^^^^^^^^^^^^^^^^^^^^^^^^^^^^^^^^^^^^^^^^^^^^^^^^^^^^^^^^^^^^^^^^^^^^^^^^^^^^^^^^^^^
  7 |
  8 | interface CryptoDetailHeaderProps {
  9 |   id: string;

The export Github was not found in module [project]/node_modules/lucide-react/dist/esm/lucide-react.mjs [app-client] (ecmascript).
Did you mean to import Gift?
All exports of the module are statically known (It doesn't have dynamic exports). So it's known statically that the requested export doesn't exist.

Import traces:
  Client Component Browser:
    ./components/crypto/CryptoDetailHeader.tsx [Client Component Browser]
    ./app/(main)/crypto/[id]/page.tsx [Client Component Browser]
    ./app/(main)/crypto/[id]/page.tsx [Server Component]

  Client Component SSR:
    ./components/crypto/CryptoDetailHeader.tsx [Client Component SSR]
    ./app/(main)/crypto/[id]/page.tsx [Client Component SSR]
    ./app/(main)/crypto/[id]/page.tsx [Server Component] @ http://localhost:3000/_next/static/chunks/node_modules_next_dist_0u_w_5s._.js:1945
[   15777ms] [ERROR] ./components/crypto/CryptoDetailHeader.tsx:6:1
Export Github doesn't exist in target module
  4 | import { formatCryptoPrice } from '@/lib/cryptoUtils';
  5 | import { Skeleton } from '@/components/ui/skeleton';
> 6 | import { TrendingUp, TrendingDown, Globe, MessageSquare, Github } from 'lucide-react';
    | ^^^^^^^^^^^^^^^^^^^^^^^^^^^^^^^^^^^^^^^^^^^^^^^^^^^^^^^^^^^^^^^^^^^^^^^^^^^^^^^^^^^^^^
  7 |
  8 | interface CryptoDetailHeaderProps {
  9 |   id: string;

The export Github was not found in module [project]/node_modules/lucide-react/dist/esm/lucide-react.mjs [app-ssr] (ecmascript).
Did you mean to import Gift?
All exports of the module are statically known (It doesn't have dynamic exports). So it's known statically that the requested export doesn't exist.

Import traces:
  Client Component Browser:
    ./components/crypto/CryptoDetailHeader.tsx [Client Component Browser]
    ./app/(main)/crypto/[id]/page.tsx [Client Component Browser]
    ./app/(main)/crypto/[id]/page.tsx [Server Component]

  Client Component SSR:
    ./components/crypto/CryptoDetailHeader.tsx [Client Component SSR]
    ./app/(main)/crypto/[id]/page.tsx [Client Component SSR]
    ./app/(main)/crypto/[id]/page.tsx [Server Component] @ http://localhost:3000/_next/static/chunks/node_modules_next_dist_0u_w_5s._.js:1945
[   15838ms] [ERROR] ./components/crypto/CryptoDetailHeader.tsx:6:1
Export Github doesn't exist in target module
  4 | import { formatCryptoPrice } from '@/lib/cryptoUtils';
  5 | import { Skeleton } from '@/components/ui/skeleton';
> 6 | import { TrendingUp, TrendingDown, Globe, MessageSquare, Github } from 'lucide-react';
    | ^^^^^^^^^^^^^^^^^^^^^^^^^^^^^^^^^^^^^^^^^^^^^^^^^^^^^^^^^^^^^^^^^^^^^^^^^^^^^^^^^^^^^^
  7 |
  8 | interface CryptoDetailHeaderProps {
  9 |   id: string;

The export Github was not found in module [project]/node_modules/lucide-react/dist/esm/lucide-react.mjs [app-client] (ecmascript).
Did you mean to import Gift?
All exports of the module are statically known (It doesn't have dynamic exports). So it's known statically that the requested export doesn't exist.

Import traces:
  Client Component Browser:
    ./components/crypto/CryptoDetailHeader.tsx [Client Component Browser]
    ./app/(main)/crypto/[id]/page.tsx [Client Component Browser]
    ./app/(main)/crypto/[id]/page.tsx [Server Component]

  Client Component SSR:
    ./components/crypto/CryptoDetailHeader.tsx [Client Component SSR]
    ./app/(main)/crypto/[id]/page.tsx [Client Component SSR]
    ./app/(main)/crypto/[id]/page.tsx [Server Component] @ http://localhost:3000/_next/static/chunks/node_modules_next_dist_0u_w_5s._.js:1945
[   15838ms] [ERROR] ./components/crypto/CryptoDetailHeader.tsx:6:1
Export Github doesn't exist in target module
  4 | import { formatCryptoPrice } from '@/lib/cryptoUtils';
  5 | import { Skeleton } from '@/components/ui/skeleton';
> 6 | import { TrendingUp, TrendingDown, Globe, MessageSquare, Github } from 'lucide-react';
    | ^^^^^^^^^^^^^^^^^^^^^^^^^^^^^^^^^^^^^^^^^^^^^^^^^^^^^^^^^^^^^^^^^^^^^^^^^^^^^^^^^^^^^^
  7 |
  8 | interface CryptoDetailHeaderProps {
  9 |   id: string;

The export Github was not found in module [project]/node_modules/lucide-react/dist/esm/lucide-react.mjs [app-ssr] (ecmascript).
Did you mean to import Gift?
All exports of the module are statically known (It doesn't have dynamic exports). So it's known statically that the requested export doesn't exist.

Import traces:
  Client Component Browser:
    ./components/crypto/CryptoDetailHeader.tsx [Client Component Browser]
    ./app/(main)/crypto/[id]/page.tsx [Client Component Browser]
    ./app/(main)/crypto/[id]/page.tsx [Server Component]

  Client Component SSR:
    ./components/crypto/CryptoDetailHeader.tsx [Client Component SSR]
    ./app/(main)/crypto/[id]/page.tsx [Client Component SSR]
    ./app/(main)/crypto/[id]/page.tsx [Server Component] @ http://localhost:3000/_next/static/chunks/node_modules_next_dist_0u_w_5s._.js:1945
[   15899ms] [ERROR] ./components/crypto/CryptoDetailHeader.tsx:6:1
Export Github doesn't exist in target module
  4 | import { formatCryptoPrice } from '@/lib/cryptoUtils';
  5 | import { Skeleton } from '@/components/ui/skeleton';
> 6 | import { TrendingUp, TrendingDown, Globe, MessageSquare, Github } from 'lucide-react';
    | ^^^^^^^^^^^^^^^^^^^^^^^^^^^^^^^^^^^^^^^^^^^^^^^^^^^^^^^^^^^^^^^^^^^^^^^^^^^^^^^^^^^^^^
  7 |
  8 | interface CryptoDetailHeaderProps {
  9 |   id: string;

The export Github was not found in module [project]/node_modules/lucide-react/dist/esm/lucide-react.mjs [app-client] (ecmascript).
Did you mean to import Gift?
All exports of the module are statically known (It doesn't have dynamic exports). So it's known statically that the requested export doesn't exist.

Import traces:
  Client Component Browser:
    ./components/crypto/CryptoDetailHeader.tsx [Client Component Browser]
    ./app/(main)/crypto/[id]/page.tsx [Client Component Browser]
    ./app/(main)/crypto/[id]/page.tsx [Server Component]

  Client Component SSR:
    ./components/crypto/CryptoDetailHeader.tsx [Client Component SSR]
    ./app/(main)/crypto/[id]/page.tsx [Client Component SSR]
    ./app/(main)/crypto/[id]/page.tsx [Server Component] @ http://localhost:3000/_next/static/chunks/node_modules_next_dist_0u_w_5s._.js:1945
[   15899ms] [ERROR] ./components/crypto/CryptoDetailHeader.tsx:6:1
Export Github doesn't exist in target module
  4 | import { formatCryptoPrice } from '@/lib/cryptoUtils';
  5 | import { Skeleton } from '@/components/ui/skeleton';
> 6 | import { TrendingUp, TrendingDown, Globe, MessageSquare, Github } from 'lucide-react';
    | ^^^^^^^^^^^^^^^^^^^^^^^^^^^^^^^^^^^^^^^^^^^^^^^^^^^^^^^^^^^^^^^^^^^^^^^^^^^^^^^^^^^^^^
  7 |
  8 | interface CryptoDetailHeaderProps {
  9 |   id: string;

The export Github was not found in module [project]/node_modules/lucide-react/dist/esm/lucide-react.mjs [app-ssr] (ecmascript).
Did you mean to import Gift?
All exports of the module are statically known (It doesn't have dynamic exports). So it's known statically that the requested export doesn't exist.

Import traces:
  Client Component Browser:
    ./components/crypto/CryptoDetailHeader.tsx [Client Component Browser]
    ./app/(main)/crypto/[id]/page.tsx [Client Component Browser]
    ./app/(main)/crypto/[id]/page.tsx [Server Component]

  Client Component SSR:
    ./components/crypto/CryptoDetailHeader.tsx [Client Component SSR]
    ./app/(main)/crypto/[id]/page.tsx [Client Component SSR]
    ./app/(main)/crypto/[id]/page.tsx [Server Component] @ http://localhost:3000/_next/static/chunks/node_modules_next_dist_0u_w_5s._.js:1945
[   16015ms] [LOG] [Fast Refresh] rebuilding @ http://localhost:3000/_next/static/chunks/node_modules_next_dist_0u_w_5s._.js:1226
[   17146ms] [LOG] [Fast Refresh] done in 1244ms @ http://localhost:3000/_next/static/chunks/node_modules_next_dist_0u_w_5s._.js:1226
[   17295ms] [LOG] [Fast Refresh] rebuilding @ http://localhost:3000/_next/static/chunks/node_modules_next_dist_0u_w_5s._.js:1226
[   17549ms] [LOG] [Fast Refresh] done in 363ms @ http://localhost:3000/_next/static/chunks/node_modules_next_dist_0u_w_5s._.js:1226
[   17655ms] [LOG] [Fast Refresh] rebuilding @ http://localhost:3000/_next/static/chunks/node_modules_next_dist_0u_w_5s._.js:1226
[   17695ms] [LOG] [Fast Refresh] done in 144ms @ http://localhost:3000/_next/static/chunks/node_modules_next_dist_0u_w_5s._.js:1226
[   17800ms] [LOG] [Fast Refresh] rebuilding @ http://localhost:3000/_next/static/chunks/node_modules_next_dist_0u_w_5s._.js:1226
[   18062ms] [LOG] [Fast Refresh] done in 363ms @ http://localhost:3000/_next/static/chunks/node_modules_next_dist_0u_w_5s._.js:1226
[   18278ms] [LOG] [Fast Refresh] rebuilding @ http://localhost:3000/_next/static/chunks/node_modules_next_dist_0u_w_5s._.js:1226
[   18320ms] [LOG] [Fast Refresh] done in 156ms @ http://localhost:3000/_next/static/chunks/node_modules_next_dist_0u_w_5s._.js:1226
[   18612ms] [LOG] [Fast Refresh] rebuilding @ http://localhost:3000/_next/static/chunks/node_modules_next_dist_0u_w_5s._.js:1226
[   18655ms] [LOG] [Fast Refresh] done in 144ms @ http://localhost:3000/_next/static/chunks/node_modules_next_dist_0u_w_5s._.js:1226
[   18764ms] [LOG] [Fast Refresh] rebuilding @ http://localhost:3000/_next/static/chunks/node_modules_next_dist_0u_w_5s._.js:1226
[   19199ms] [LOG] [Fast Refresh] done in 542ms @ http://localhost:3000/_next/static/chunks/node_modules_next_dist_0u_w_5s._.js:1226
[   19919ms] [LOG] [Fast Refresh] rebuilding @ http://localhost:3000/_next/static/chunks/node_modules_next_dist_0u_w_5s._.js:1226
[   20305ms] [LOG] [Fast Refresh] done in 500ms @ http://localhost:3000/_next/static/chunks/node_modules_next_dist_0u_w_5s._.js:1226
[   20432ms] [LOG] [Fast Refresh] rebuilding @ http://localhost:3000/_next/static/chunks/node_modules_next_dist_0u_w_5s._.js:1226
[   20674ms] [INFO] %cDownload the React DevTools for a better development experience: https://react.dev/link/react-devtools font-weight:bold @ http://localhost:3000/_next/static/chunks/node_modules_next_dist_115brz8._.js:2431
[   20820ms] [LOG] [HMR] connected @ http://localhost:3000/_next/static/chunks/node_modules_next_dist_115brz8._.js:2431
