[     260ms] [INFO] %cDownload the React DevTools for a better development experience: https://react.dev/link/react-devtools font-weight:bold @ http://localhost:3000/_next/static/chunks/node_modules_next_dist_115brz8._.js:2431
[     329ms] [LOG] [HMR] connected @ http://localhost:3000/_next/static/chunks/node_modules_next_dist_115brz8._.js:2431
[     898ms] [ERROR] Failed to load resource: the server responded with a status of 500 (Internal Server Error) @ http://localhost:3000/api/stocks/candle?symbol=AAPL&resolution=D&from=1776149681&to=1778741681:0
[     900ms] [ERROR] Failed to load resource: the server responded with a status of 500 (Internal Server Error) @ http://localhost:3000/api/stocks/indicator?symbol=AAPL&resolution=D&from=1776149681&to=1778741681&indicator=sma&timeperiod=50:0
[     901ms] [ERROR] Failed to load resource: the server responded with a status of 500 (Internal Server Error) @ http://localhost:3000/api/stocks/indicator?symbol=AAPL&resolution=D&from=1776149681&to=1778741681&indicator=rsi&timeperiod=14:0
[     901ms] [ERROR] Failed to load resource: the server responded with a status of 500 (Internal Server Error) @ http://localhost:3000/api/stocks/indicator?symbol=AAPL&resolution=D&from=1776149681&to=1778741681&indicator=sma&timeperiod=20:0
[    2214ms] [ERROR] Failed to load resource: the server responded with a status of 500 (Internal Server Error) @ http://localhost:3000/api/stocks/indicator?symbol=AAPL&resolution=D&from=1776149681&to=1778741681&indicator=rsi&timeperiod=14:0
[    2220ms] [ERROR] Failed to load resource: the server responded with a status of 500 (Internal Server Error) @ http://localhost:3000/api/stocks/candle?symbol=AAPL&resolution=D&from=1776149681&to=1778741681:0
[    2224ms] [ERROR] Failed to load resource: the server responded with a status of 500 (Internal Server Error) @ http://localhost:3000/api/stocks/indicator?symbol=AAPL&resolution=D&from=1776149681&to=1778741681&indicator=sma&timeperiod=50:0
[    2228ms] [ERROR] Failed to load resource: the server responded with a status of 500 (Internal Server Error) @ http://localhost:3000/api/stocks/indicator?symbol=AAPL&resolution=D&from=1776149681&to=1778741681&indicator=sma&timeperiod=20:0
[    2521ms] [ERROR] Failed to load resource: the server responded with a status of 500 (Internal Server Error) @ http://localhost:3000/api/stocks/indicator?symbol=AAPL&resolution=D&from=1776149683&to=1778741683&indicator=rsi&timeperiod=14:0
[    2531ms] [ERROR] Failed to load resource: the server responded with a status of 500 (Internal Server Error) @ http://localhost:3000/api/stocks/indicator?symbol=AAPL&resolution=D&from=1776149683&to=1778741683&indicator=sma&timeperiod=20:0
[    2533ms] [ERROR] Failed to load resource: the server responded with a status of 500 (Internal Server Error) @ http://localhost:3000/api/stocks/indicator?symbol=AAPL&resolution=D&from=1776149683&to=1778741683&indicator=sma&timeperiod=50:0
[    2537ms] [ERROR] Failed to load resource: the server responded with a status of 500 (Internal Server Error) @ http://localhost:3000/api/stocks/candle?symbol=AAPL&resolution=D&from=1776149683&to=1778741683:0
[    3828ms] [ERROR] Failed to load resource: the server responded with a status of 500 (Internal Server Error) @ http://localhost:3000/api/stocks/indicator?symbol=AAPL&resolution=D&from=1776149683&to=1778741683&indicator=rsi&timeperiod=14:0
[    3848ms] [ERROR] Failed to load resource: the server responded with a status of 500 (Internal Server Error) @ http://localhost:3000/api/stocks/indicator?symbol=AAPL&resolution=D&from=1776149683&to=1778741683&indicator=sma&timeperiod=20:0
[    3857ms] [ERROR] Failed to load resource: the server responded with a status of 500 (Internal Server Error) @ http://localhost:3000/api/stocks/indicator?symbol=AAPL&resolution=D&from=1776149683&to=1778741683&indicator=sma&timeperiod=50:0
[    3872ms] [ERROR] Failed to load resource: the server responded with a status of 500 (Internal Server Error) @ http://localhost:3000/api/stocks/candle?symbol=AAPL&resolution=D&from=1776149683&to=1778741683:0
[    4143ms] [ERROR] Failed to load resource: the server responded with a status of 500 (Internal Server Error) @ http://localhost:3000/api/stocks/indicator?symbol=AAPL&resolution=D&from=1776149684&to=1778741684&indicator=rsi&timeperiod=14:0
[    4146ms] [ERROR] Failed to load resource: the server responded with a status of 500 (Internal Server Error) @ http://localhost:3000/api/stocks/indicator?symbol=AAPL&resolution=D&from=1776149684&to=1778741684&indicator=sma&timeperiod=20:0
[    4175ms] [ERROR] Failed to load resource: the server responded with a status of 500 (Internal Server Error) @ http://localhost:3000/api/stocks/indicator?symbol=AAPL&resolution=D&from=1776149684&to=1778741684&indicator=sma&timeperiod=50:0
[    4189ms] [ERROR] Failed to load resource: the server responded with a status of 500 (Internal Server Error) @ http://localhost:3000/api/stocks/candle?symbol=AAPL&resolution=D&from=1776149684&to=1778741684:0
[    5434ms] [ERROR] Failed to load resource: the server responded with a status of 500 (Internal Server Error) @ http://localhost:3000/api/stocks/indicator?symbol=AAPL&resolution=D&from=1776149684&to=1778741684&indicator=rsi&timeperiod=14:0
[    5453ms] [ERROR] Failed to load resource: the server responded with a status of 500 (Internal Server Error) @ http://localhost:3000/api/stocks/indicator?symbol=AAPL&resolution=D&from=1776149684&to=1778741684&indicator=sma&timeperiod=20:0
[    5465ms] [ERROR] Failed to load resource: the server responded with a status of 500 (Internal Server Error) @ http://localhost:3000/api/stocks/indicator?symbol=AAPL&resolution=D&from=1776149684&to=1778741684&indicator=sma&timeperiod=50:0
[    5479ms] [ERROR] Failed to load resource: the server responded with a status of 500 (Internal Server Error) @ http://localhost:3000/api/stocks/candle?symbol=AAPL&resolution=D&from=1776149684&to=1778741684:0
[    5542ms] [LOG] [Fast Refresh] rebuilding @ http://localhost:3000/_next/static/chunks/node_modules_next_dist_115brz8._.js:2431
[    5543ms] [LOG] [Fast Refresh] done in 103ms @ http://localhost:3000/_next/static/chunks/node_modules_next_dist_115brz8._.js:2431
[    5734ms] [ERROR] Failed to load resource: the server responded with a status of 500 (Internal Server Error) @ http://localhost:3000/api/stocks/indicator?symbol=AAPL&resolution=D&from=1776149686&to=1778741686&indicator=rsi&timeperiod=14:0
[    5743ms] [ERROR] Failed to load resource: the server responded with a status of 500 (Internal Server Error) @ http://localhost:3000/api/stocks/indicator?symbol=AAPL&resolution=D&from=1776149686&to=1778741686&indicator=sma&timeperiod=50:0
[    5764ms] [ERROR] Failed to load resource: the server responded with a status of 500 (Internal Server Error) @ http://localhost:3000/api/stocks/candle?symbol=AAPL&resolution=D&from=1776149686&to=1778741686:0
[    5767ms] [ERROR] Failed to load resource: the server responded with a status of 500 (Internal Server Error) @ http://localhost:3000/api/stocks/indicator?symbol=AAPL&resolution=D&from=1776149686&to=1778741686&indicator=sma&timeperiod=20:0
[    7060ms] [ERROR] Failed to load resource: the server responded with a status of 500 (Internal Server Error) @ http://localhost:3000/api/stocks/indicator?symbol=AAPL&resolution=D&from=1776149686&to=1778741686&indicator=sma&timeperiod=50:0
[    7065ms] [ERROR] Failed to load resource: the server responded with a status of 500 (Internal Server Error) @ http://localhost:3000/api/stocks/indicator?symbol=AAPL&resolution=D&from=1776149686&to=1778741686&indicator=rsi&timeperiod=14:0
[    7095ms] [ERROR] Failed to load resource: the server responded with a status of 500 (Internal Server Error) @ http://localhost:3000/api/stocks/candle?symbol=AAPL&resolution=D&from=1776149686&to=1778741686:0
[    7120ms] [ERROR] Failed to load resource: the server responded with a status of 500 (Internal Server Error) @ http://localhost:3000/api/stocks/indicator?symbol=AAPL&resolution=D&from=1776149686&to=1778741686&indicator=sma&timeperiod=20:0
[    7177ms] [LOG] [Fast Refresh] rebuilding @ http://localhost:3000/_next/static/chunks/node_modules_next_dist_115brz8._.js:2431
[    7178ms] [LOG] [Fast Refresh] done in 109ms @ http://localhost:3000/_next/static/chunks/node_modules_next_dist_115brz8._.js:2431
[    7371ms] [ERROR] Failed to load resource: the server responded with a status of 500 (Internal Server Error) @ http://localhost:3000/api/stocks/indicator?symbol=AAPL&resolution=D&from=1776149687&to=1778741687&indicator=rsi&timeperiod=14:0
[    7379ms] [ERROR] Failed to load resource: the server responded with a status of 500 (Internal Server Error) @ http://localhost:3000/api/stocks/indicator?symbol=AAPL&resolution=D&from=1776149687&to=1778741687&indicator=sma&timeperiod=20:0
[    7388ms] [ERROR] Failed to load resource: the server responded with a status of 500 (Internal Server Error) @ http://localhost:3000/api/stocks/candle?symbol=AAPL&resolution=D&from=1776149687&to=1778741687:0
[    7401ms] [ERROR] Failed to load resource: the server responded with a status of 500 (Internal Server Error) @ http://localhost:3000/api/stocks/indicator?symbol=AAPL&resolution=D&from=1776149687&to=1778741687&indicator=sma&timeperiod=50:0
[    8660ms] [ERROR] Failed to load resource: the server responded with a status of 500 (Internal Server Error) @ http://localhost:3000/api/stocks/indicator?symbol=AAPL&resolution=D&from=1776149687&to=1778741687&indicator=rsi&timeperiod=14:0
[    8689ms] [ERROR] Failed to load resource: the server responded with a status of 500 (Internal Server Error) @ http://localhost:3000/api/stocks/indicator?symbol=AAPL&resolution=D&from=1776149687&to=1778741687&indicator=sma&timeperiod=20:0
[    8695ms] [ERROR] Failed to load resource: the server responded with a status of 500 (Internal Server Error) @ http://localhost:3000/api/stocks/candle?symbol=AAPL&resolution=D&from=1776149687&to=1778741687:0
[    8704ms] [ERROR] Failed to load resource: the server responded with a status of 500 (Internal Server Error) @ http://localhost:3000/api/stocks/indicator?symbol=AAPL&resolution=D&from=1776149687&to=1778741687&indicator=sma&timeperiod=50:0
[    8763ms] [LOG] [Fast Refresh] rebuilding @ http://localhost:3000/_next/static/chunks/node_modules_next_dist_115brz8._.js:2431
[    8764ms] [LOG] [Fast Refresh] done in 114ms @ http://localhost:3000/_next/static/chunks/node_modules_next_dist_115brz8._.js:2431
[    8986ms] [ERROR] Failed to load resource: the server responded with a status of 500 (Internal Server Error) @ http://localhost:3000/api/stocks/indicator?symbol=AAPL&resolution=D&from=1776149689&to=1778741689&indicator=sma&timeperiod=20:0
[    8999ms] [ERROR] Failed to load resource: the server responded with a status of 500 (Internal Server Error) @ http://localhost:3000/api/stocks/candle?symbol=AAPL&resolution=D&from=1776149689&to=1778741689:0
[    9013ms] [ERROR] Failed to load resource: the server responded with a status of 500 (Internal Server Error) @ http://localhost:3000/api/stocks/indicator?symbol=AAPL&resolution=D&from=1776149689&to=1778741689&indicator=rsi&timeperiod=14:0
[    9536ms] [ERROR] Failed to load resource: the server responded with a status of 500 (Internal Server Error) @ http://localhost:3000/api/stocks/indicator?symbol=AAPL&resolution=D&from=1776149689&to=1778741689&indicator=sma&timeperiod=50:0
[   10310ms] [ERROR] Failed to load resource: the server responded with a status of 500 (Internal Server Error) @ http://localhost:3000/api/stocks/candle?symbol=AAPL&resolution=D&from=1776149689&to=1778741689:0
[   10325ms] [ERROR] Failed to load resource: the server responded with a status of 500 (Internal Server Error) @ http://localhost:3000/api/stocks/indicator?symbol=AAPL&resolution=D&from=1776149689&to=1778741689&indicator=sma&timeperiod=20:0
[   10369ms] [ERROR] Failed to load resource: the server responded with a status of 500 (Internal Server Error) @ http://localhost:3000/api/stocks/indicator?symbol=AAPL&resolution=D&from=1776149689&to=1778741689&indicator=rsi&timeperiod=14:0
[   10657ms] [ERROR] Failed to load resource: the server responded with a status of 500 (Internal Server Error) @ http://localhost:3000/api/stocks/indicator?symbol=AAPL&resolution=D&from=1776149691&to=1778741691&indicator=rsi&timeperiod=14:0
[   10660ms] [ERROR] Failed to load resource: the server responded with a status of 500 (Internal Server Error) @ http://localhost:3000/api/stocks/candle?symbol=AAPL&resolution=D&from=1776149691&to=1778741691:0
[   10663ms] [ERROR] Failed to load resource: the server responded with a status of 500 (Internal Server Error) @ http://localhost:3000/api/stocks/indicator?symbol=AAPL&resolution=D&from=1776149691&to=1778741691&indicator=sma&timeperiod=20:0
[   10675ms] [ERROR] Failed to load resource: the server responded with a status of 500 (Internal Server Error) @ http://localhost:3000/api/stocks/indicator?symbol=AAPL&resolution=D&from=1776149691&to=1778741691&indicator=sma&timeperiod=50:0
[   11956ms] [ERROR] Failed to load resource: the server responded with a status of 500 (Internal Server Error) @ http://localhost:3000/api/stocks/indicator?symbol=AAPL&resolution=D&from=1776149691&to=1778741691&indicator=rsi&timeperiod=14:0
[   11969ms] [ERROR] Failed to load resource: the server responded with a status of 500 (Internal Server Error) @ http://localhost:3000/api/stocks/indicator?symbol=AAPL&resolution=D&from=1776149691&to=1778741691&indicator=sma&timeperiod=50:0
[   11982ms] [ERROR] Failed to load resource: the server responded with a status of 500 (Internal Server Error) @ http://localhost:3000/api/stocks/indicator?symbol=AAPL&resolution=D&from=1776149691&to=1778741691&indicator=sma&timeperiod=20:0
[   11985ms] [ERROR] Failed to load resource: the server responded with a status of 500 (Internal Server Error) @ http://localhost:3000/api/stocks/candle?symbol=AAPL&resolution=D&from=1776149691&to=1778741691:0
[   12266ms] [ERROR] Failed to load resource: the server responded with a status of 500 (Internal Server Error) @ http://localhost:3000/api/stocks/indicator?symbol=AAPL&resolution=D&from=1776149692&to=1778741692&indicator=rsi&timeperiod=14:0
[   12272ms] [ERROR] Failed to load resource: the server responded with a status of 500 (Internal Server Error) @ http://localhost:3000/api/stocks/indicator?symbol=AAPL&resolution=D&from=1776149692&to=1778741692&indicator=sma&timeperiod=20:0
[   12276ms] [ERROR] Failed to load resource: the server responded with a status of 500 (Internal Server Error) @ http://localhost:3000/api/stocks/indicator?symbol=AAPL&resolution=D&from=1776149692&to=1778741692&indicator=sma&timeperiod=50:0
[   12295ms] [ERROR] Failed to load resource: the server responded with a status of 500 (Internal Server Error) @ http://localhost:3000/api/stocks/candle?symbol=AAPL&resolution=D&from=1776149692&to=1778741692:0
[   13581ms] [ERROR] Failed to load resource: the server responded with a status of 500 (Internal Server Error) @ http://localhost:3000/api/stocks/indicator?symbol=AAPL&resolution=D&from=1776149692&to=1778741692&indicator=sma&timeperiod=50:0
[   13595ms] [ERROR] Failed to load resource: the server responded with a status of 500 (Internal Server Error) @ http://localhost:3000/api/stocks/indicator?symbol=AAPL&resolution=D&from=1776149692&to=1778741692&indicator=rsi&timeperiod=14:0
[   13607ms] [ERROR] Failed to load resource: the server responded with a status of 500 (Internal Server Error) @ http://localhost:3000/api/stocks/candle?symbol=AAPL&resolution=D&from=1776149692&to=1778741692:0
[   13621ms] [ERROR] Failed to load resource: the server responded with a status of 500 (Internal Server Error) @ http://localhost:3000/api/stocks/indicator?symbol=AAPL&resolution=D&from=1776149692&to=1778741692&indicator=sma&timeperiod=20:0
[   13902ms] [ERROR] Failed to load resource: the server responded with a status of 500 (Internal Server Error) @ http://localhost:3000/api/stocks/indicator?symbol=AAPL&resolution=D&from=1776149694&to=1778741694&indicator=sma&timeperiod=20:0
[   13909ms] [ERROR] Failed to load resource: the server responded with a status of 500 (Internal Server Error) @ http://localhost:3000/api/stocks/indicator?symbol=AAPL&resolution=D&from=1776149694&to=1778741694&indicator=rsi&timeperiod=14:0
[   13926ms] [ERROR] Failed to load resource: the server responded with a status of 500 (Internal Server Error) @ http://localhost:3000/api/stocks/candle?symbol=AAPL&resolution=D&from=1776149694&to=1778741694:0
[   13989ms] [ERROR] Failed to load resource: the server responded with a status of 500 (Internal Server Error) @ http://localhost:3000/api/stocks/indicator?symbol=AAPL&resolution=D&from=1776149694&to=1778741694&indicator=sma&timeperiod=50:0
[   15198ms] [ERROR] Failed to load resource: the server responded with a status of 500 (Internal Server Error) @ http://localhost:3000/api/stocks/indicator?symbol=AAPL&resolution=D&from=1776149694&to=1778741694&indicator=sma&timeperiod=20:0
[   15202ms] [ERROR] Failed to load resource: the server responded with a status of 500 (Internal Server Error) @ http://localhost:3000/api/stocks/indicator?symbol=AAPL&resolution=D&from=1776149694&to=1778741694&indicator=rsi&timeperiod=14:0
[   15221ms] [ERROR] Failed to load resource: the server responded with a status of 500 (Internal Server Error) @ http://localhost:3000/api/stocks/candle?symbol=AAPL&resolution=D&from=1776149694&to=1778741694:0
[   15279ms] [ERROR] Failed to load resource: the server responded with a status of 500 (Internal Server Error) @ http://localhost:3000/api/stocks/indicator?symbol=AAPL&resolution=D&from=1776149694&to=1778741694&indicator=sma&timeperiod=50:0
[   15497ms] [ERROR] Failed to load resource: the server responded with a status of 500 (Internal Server Error) @ http://localhost:3000/api/stocks/indicator?symbol=AAPL&resolution=D&from=1776149696&to=1778741696&indicator=rsi&timeperiod=14:0
[   15500ms] [ERROR] Failed to load resource: the server responded with a status of 500 (Internal Server Error) @ http://localhost:3000/api/stocks/indicator?symbol=AAPL&resolution=D&from=1776149696&to=1778741696&indicator=sma&timeperiod=20:0
[   15518ms] [ERROR] Failed to load resource: the server responded with a status of 500 (Internal Server Error) @ http://localhost:3000/api/stocks/candle?symbol=AAPL&resolution=D&from=1776149696&to=1778741696:0
[   15530ms] [ERROR] Failed to load resource: the server responded with a status of 500 (Internal Server Error) @ http://localhost:3000/api/stocks/indicator?symbol=AAPL&resolution=D&from=1776149696&to=1778741696&indicator=sma&timeperiod=50:0
[   16835ms] [ERROR] Failed to load resource: the server responded with a status of 500 (Internal Server Error) @ http://localhost:3000/api/stocks/candle?symbol=AAPL&resolution=D&from=1776149696&to=1778741696:0
[   16853ms] [ERROR] Failed to load resource: the server responded with a status of 500 (Internal Server Error) @ http://localhost:3000/api/stocks/indicator?symbol=AAPL&resolution=D&from=1776149696&to=1778741696&indicator=sma&timeperiod=20:0
[   16859ms] [ERROR] Failed to load resource: the server responded with a status of 500 (Internal Server Error) @ http://localhost:3000/api/stocks/indicator?symbol=AAPL&resolution=D&from=1776149696&to=1778741696&indicator=sma&timeperiod=50:0
[   16873ms] [ERROR] Failed to load resource: the server responded with a status of 500 (Internal Server Error) @ http://localhost:3000/api/stocks/indicator?symbol=AAPL&resolution=D&from=1776149696&to=1778741696&indicator=rsi&timeperiod=14:0
[   17177ms] [ERROR] Failed to load resource: the server responded with a status of 500 (Internal Server Error) @ http://localhost:3000/api/stocks/candle?symbol=AAPL&resolution=D&from=1776149697&to=1778741697:0
[   17190ms] [ERROR] Failed to load resource: the server responded with a status of 500 (Internal Server Error) @ http://localhost:3000/api/stocks/indicator?symbol=AAPL&resolution=D&from=1776149697&to=1778741697&indicator=sma&timeperiod=20:0
[   17215ms] [ERROR] Failed to load resource: the server responded with a status of 500 (Internal Server Error) @ http://localhost:3000/api/stocks/indicator?symbol=AAPL&resolution=D&from=1776149697&to=1778741697&indicator=rsi&timeperiod=14:0
[   17228ms] [ERROR] Failed to load resource: the server responded with a status of 500 (Internal Server Error) @ http://localhost:3000/api/stocks/indicator?symbol=AAPL&resolution=D&from=1776149697&to=1778741697&indicator=sma&timeperiod=50:0
[   18485ms] [ERROR] Failed to load resource: the server responded with a status of 500 (Internal Server Error) @ http://localhost:3000/api/stocks/candle?symbol=AAPL&resolution=D&from=1776149697&to=1778741697:0
[   18504ms] [ERROR] Failed to load resource: the server responded with a status of 500 (Internal Server Error) @ http://localhost:3000/api/stocks/indicator?symbol=AAPL&resolution=D&from=1776149697&to=1778741697&indicator=rsi&timeperiod=14:0
[   18508ms] [ERROR] Failed to load resource: the server responded with a status of 500 (Internal Server Error) @ http://localhost:3000/api/stocks/indicator?symbol=AAPL&resolution=D&from=1776149697&to=1778741697&indicator=sma&timeperiod=20:0
[   18522ms] [ERROR] Failed to load resource: the server responded with a status of 500 (Internal Server Error) @ http://localhost:3000/api/stocks/indicator?symbol=AAPL&resolution=D&from=1776149697&to=1778741697&indicator=sma&timeperiod=50:0
[   18770ms] [ERROR] Failed to load resource: the server responded with a status of 500 (Internal Server Error) @ http://localhost:3000/api/stocks/candle?symbol=AAPL&resolution=D&from=1776149699&to=1778741699:0
[   18803ms] [ERROR] Failed to load resource: the server responded with a status of 500 (Internal Server Error) @ http://localhost:3000/api/stocks/indicator?symbol=AAPL&resolution=D&from=1776149699&to=1778741699&indicator=sma&timeperiod=20:0
[   18811ms] [ERROR] Failed to load resource: the server responded with a status of 500 (Internal Server Error) @ http://localhost:3000/api/stocks/indicator?symbol=AAPL&resolution=D&from=1776149699&to=1778741699&indicator=sma&timeperiod=50:0
[   18816ms] [ERROR] Failed to load resource: the server responded with a status of 500 (Internal Server Error) @ http://localhost:3000/api/stocks/indicator?symbol=AAPL&resolution=D&from=1776149699&to=1778741699&indicator=rsi&timeperiod=14:0
[   20096ms] [ERROR] Failed to load resource: the server responded with a status of 500 (Internal Server Error) @ http://localhost:3000/api/stocks/candle?symbol=AAPL&resolution=D&from=1776149699&to=1778741699:0
[   20173ms] [ERROR] Failed to load resource: the server responded with a status of 500 (Internal Server Error) @ http://localhost:3000/api/stocks/indicator?symbol=AAPL&resolution=D&from=1776149699&to=1778741699&indicator=sma&timeperiod=50:0
[   20180ms] [ERROR] Failed to load resource: the server responded with a status of 500 (Internal Server Error) @ http://localhost:3000/api/stocks/indicator?symbol=AAPL&resolution=D&from=1776149699&to=1778741699&indicator=sma&timeperiod=20:0
[   20185ms] [ERROR] Failed to load resource: the server responded with a status of 500 (Internal Server Error) @ http://localhost:3000/api/stocks/indicator?symbol=AAPL&resolution=D&from=1776149699&to=1778741699&indicator=rsi&timeperiod=14:0
[   20486ms] [ERROR] Failed to load resource: the server responded with a status of 500 (Internal Server Error) @ http://localhost:3000/api/stocks/indicator?symbol=AAPL&resolution=D&from=1776149700&to=1778741700&indicator=sma&timeperiod=20:0
[   20504ms] [ERROR] Failed to load resource: the server responded with a status of 500 (Internal Server Error) @ http://localhost:3000/api/stocks/indicator?symbol=AAPL&resolution=D&from=1776149700&to=1778741700&indicator=sma&timeperiod=50:0
[   20521ms] [ERROR] Failed to load resource: the server responded with a status of 500 (Internal Server Error) @ http://localhost:3000/api/stocks/indicator?symbol=AAPL&resolution=D&from=1776149700&to=1778741700&indicator=rsi&timeperiod=14:0
[   20853ms] [ERROR] Failed to load resource: the server responded with a status of 500 (Internal Server Error) @ http://localhost:3000/api/stocks/candle?symbol=AAPL&resolution=D&from=1776149700&to=1778741700:0
[   21794ms] [ERROR] Failed to load resource: the server responded with a status of 500 (Internal Server Error) @ http://localhost:3000/api/stocks/indicator?symbol=AAPL&resolution=D&from=1776149700&to=1778741700&indicator=sma&timeperiod=20:0
[   21828ms] [ERROR] Failed to load resource: the server responded with a status of 500 (Internal Server Error) @ http://localhost:3000/api/stocks/indicator?symbol=AAPL&resolution=D&from=1776149700&to=1778741700&indicator=rsi&timeperiod=14:0
[   21833ms] [ERROR] Failed to load resource: the server responded with a status of 500 (Internal Server Error) @ http://localhost:3000/api/stocks/indicator?symbol=AAPL&resolution=D&from=1776149700&to=1778741700&indicator=sma&timeperiod=50:0
[   21963ms] [LOG] [Fast Refresh] rebuilding @ http://localhost:3000/_next/static/chunks/node_modules_next_dist_115brz8._.js:2431
[   21972ms] [LOG] [Fast Refresh] done in 110ms @ http://localhost:3000/_next/static/chunks/node_modules_next_dist_115brz8._.js:2431
[   22124ms] [ERROR] Failed to load resource: the server responded with a status of 500 (Internal Server Error) @ http://localhost:3000/api/stocks/indicator?symbol=AAPL&resolution=D&from=1776149702&to=1778741702&indicator=sma&timeperiod=50:0
[   22127ms] [ERROR] Failed to load resource: the server responded with a status of 500 (Internal Server Error) @ http://localhost:3000/api/stocks/indicator?symbol=AAPL&resolution=D&from=1776149702&to=1778741702&indicator=sma&timeperiod=20:0
[   22130ms] [ERROR] Failed to load resource: the server responded with a status of 500 (Internal Server Error) @ http://localhost:3000/api/stocks/indicator?symbol=AAPL&resolution=D&from=1776149702&to=1778741702&indicator=rsi&timeperiod=14:0
[   22152ms] [ERROR] Failed to load resource: the server responded with a status of 500 (Internal Server Error) @ http://localhost:3000/api/stocks/candle?symbol=AAPL&resolution=D&from=1776149700&to=1778741700:0
[   22443ms] [ERROR] Failed to load resource: the server responded with a status of 500 (Internal Server Error) @ http://localhost:3000/api/stocks/candle?symbol=AAPL&resolution=D&from=1776149702&to=1778741702:0
[   23432ms] [ERROR] Failed to load resource: the server responded with a status of 500 (Internal Server Error) @ http://localhost:3000/api/stocks/indicator?symbol=AAPL&resolution=D&from=1776149702&to=1778741702&indicator=rsi&timeperiod=14:0
[   23439ms] [ERROR] Failed to load resource: the server responded with a status of 500 (Internal Server Error) @ http://localhost:3000/api/stocks/indicator?symbol=AAPL&resolution=D&from=1776149702&to=1778741702&indicator=sma&timeperiod=20:0
[   23441ms] [ERROR] Failed to load resource: the server responded with a status of 500 (Internal Server Error) @ http://localhost:3000/api/stocks/indicator?symbol=AAPL&resolution=D&from=1776149702&to=1778741702&indicator=sma&timeperiod=50:0
[   23744ms] [ERROR] Failed to load resource: the server responded with a status of 500 (Internal Server Error) @ http://localhost:3000/api/stocks/indicator?symbol=AAPL&resolution=D&from=1776149704&to=1778741704&indicator=sma&timeperiod=50:0
[   23747ms] [ERROR] Failed to load resource: the server responded with a status of 500 (Internal Server Error) @ http://localhost:3000/api/stocks/indicator?symbol=AAPL&resolution=D&from=1776149704&to=1778741704&indicator=rsi&timeperiod=14:0
[   23751ms] [ERROR] Failed to load resource: the server responded with a status of 500 (Internal Server Error) @ http://localhost:3000/api/stocks/indicator?symbol=AAPL&resolution=D&from=1776149704&to=1778741704&indicator=sma&timeperiod=20:0
[   23759ms] [ERROR] Failed to load resource: the server responded with a status of 500 (Internal Server Error) @ http://localhost:3000/api/stocks/candle?symbol=AAPL&resolution=D&from=1776149702&to=1778741702:0
[   24051ms] [ERROR] Failed to load resource: the server responded with a status of 500 (Internal Server Error) @ http://localhost:3000/api/stocks/candle?symbol=AAPL&resolution=D&from=1776149704&to=1778741704:0
[   25045ms] [ERROR] Failed to load resource: the server responded with a status of 500 (Internal Server Error) @ http://localhost:3000/api/stocks/indicator?symbol=AAPL&resolution=D&from=1776149704&to=1778741704&indicator=sma&timeperiod=20:0
[   25052ms] [ERROR] Failed to load resource: the server responded with a status of 500 (Internal Server Error) @ http://localhost:3000/api/stocks/indicator?symbol=AAPL&resolution=D&from=1776149704&to=1778741704&indicator=sma&timeperiod=50:0
[   25068ms] [ERROR] Failed to load resource: the server responded with a status of 500 (Internal Server Error) @ http://localhost:3000/api/stocks/indicator?symbol=AAPL&resolution=D&from=1776149704&to=1778741704&indicator=rsi&timeperiod=14:0
[   25346ms] [ERROR] Failed to load resource: the server responded with a status of 500 (Internal Server Error) @ http://localhost:3000/api/stocks/indicator?symbol=AAPL&resolution=D&from=1776149705&to=1778741705&indicator=rsi&timeperiod=14:0
[   25357ms] [ERROR] Failed to load resource: the server responded with a status of 500 (Internal Server Error) @ http://localhost:3000/api/stocks/indicator?symbol=AAPL&resolution=D&from=1776149705&to=1778741705&indicator=sma&timeperiod=20:0
[   25366ms] [ERROR] Failed to load resource: the server responded with a status of 500 (Internal Server Error) @ http://localhost:3000/api/stocks/candle?symbol=AAPL&resolution=D&from=1776149704&to=1778741704:0
[   25368ms] [ERROR] Failed to load resource: the server responded with a status of 500 (Internal Server Error) @ http://localhost:3000/api/stocks/indicator?symbol=AAPL&resolution=D&from=1776149705&to=1778741705&indicator=sma&timeperiod=50:0
[   25666ms] [ERROR] Failed to load resource: the server responded with a status of 500 (Internal Server Error) @ http://localhost:3000/api/stocks/candle?symbol=AAPL&resolution=D&from=1776149706&to=1778741706:0
[   26679ms] [ERROR] Failed to load resource: the server responded with a status of 500 (Internal Server Error) @ http://localhost:3000/api/stocks/indicator?symbol=AAPL&resolution=D&from=1776149705&to=1778741705&indicator=sma&timeperiod=50:0
[   26691ms] [ERROR] Failed to load resource: the server responded with a status of 500 (Internal Server Error) @ http://localhost:3000/api/stocks/indicator?symbol=AAPL&resolution=D&from=1776149705&to=1778741705&indicator=sma&timeperiod=20:0
[   26695ms] [ERROR] Failed to load resource: the server responded with a status of 500 (Internal Server Error) @ http://localhost:3000/api/stocks/indicator?symbol=AAPL&resolution=D&from=1776149705&to=1778741705&indicator=rsi&timeperiod=14:0
[   26984ms] [ERROR] Failed to load resource: the server responded with a status of 500 (Internal Server Error) @ http://localhost:3000/api/stocks/candle?symbol=AAPL&resolution=D&from=1776149706&to=1778741706:0
[   26989ms] [ERROR] Failed to load resource: the server responded with a status of 500 (Internal Server Error) @ http://localhost:3000/api/stocks/indicator?symbol=AAPL&resolution=D&from=1776149707&to=1778741707&indicator=rsi&timeperiod=14:0
[   26993ms] [ERROR] Failed to load resource: the server responded with a status of 500 (Internal Server Error) @ http://localhost:3000/api/stocks/indicator?symbol=AAPL&resolution=D&from=1776149707&to=1778741707&indicator=sma&timeperiod=20:0
[   26999ms] [ERROR] Failed to load resource: the server responded with a status of 500 (Internal Server Error) @ http://localhost:3000/api/stocks/indicator?symbol=AAPL&resolution=D&from=1776149707&to=1778741707&indicator=sma&timeperiod=50:0
[   27300ms] [ERROR] Failed to load resource: the server responded with a status of 500 (Internal Server Error) @ http://localhost:3000/api/stocks/candle?symbol=AAPL&resolution=D&from=1776149707&to=1778741707:0
[   28297ms] [ERROR] Failed to load resource: the server responded with a status of 500 (Internal Server Error) @ http://localhost:3000/api/stocks/indicator?symbol=AAPL&resolution=D&from=1776149707&to=1778741707&indicator=sma&timeperiod=50:0
[   28303ms] [ERROR] Failed to load resource: the server responded with a status of 500 (Internal Server Error) @ http://localhost:3000/api/stocks/indicator?symbol=AAPL&resolution=D&from=1776149707&to=1778741707&indicator=sma&timeperiod=20:0
[   28596ms] [ERROR] Failed to load resource: the server responded with a status of 500 (Internal Server Error) @ http://localhost:3000/api/stocks/indicator?symbol=AAPL&resolution=D&from=1776149709&to=1778741709&indicator=rsi&timeperiod=14:0
[   28605ms] [ERROR] Failed to load resource: the server responded with a status of 500 (Internal Server Error) @ http://localhost:3000/api/stocks/indicator?symbol=AAPL&resolution=D&from=1776149709&to=1778741709&indicator=sma&timeperiod=20:0
[   28611ms] [ERROR] Failed to load resource: the server responded with a status of 500 (Internal Server Error) @ http://localhost:3000/api/stocks/indicator?symbol=AAPL&resolution=D&from=1776149709&to=1778741709&indicator=sma&timeperiod=50:0
[   28759ms] [ERROR] Failed to load resource: the server responded with a status of 500 (Internal Server Error) @ http://localhost:3000/api/stocks/candle?symbol=AAPL&resolution=D&from=1776149707&to=1778741707:0
[   29074ms] [ERROR] Failed to load resource: the server responded with a status of 500 (Internal Server Error) @ http://localhost:3000/api/stocks/candle?symbol=AAPL&resolution=D&from=1776149709&to=1778741709:0
[   29467ms] [ERROR] Failed to load resource: the server responded with a status of 500 (Internal Server Error) @ http://localhost:3000/api/stocks/indicator?symbol=AAPL&resolution=D&from=1776149707&to=1778741707&indicator=rsi&timeperiod=14:0
[   29911ms] [ERROR] Failed to load resource: the server responded with a status of 500 (Internal Server Error) @ http://localhost:3000/api/stocks/indicator?symbol=AAPL&resolution=D&from=1776149709&to=1778741709&indicator=sma&timeperiod=50:0
[   29916ms] [ERROR] Failed to load resource: the server responded with a status of 500 (Internal Server Error) @ http://localhost:3000/api/stocks/indicator?symbol=AAPL&resolution=D&from=1776149709&to=1778741709&indicator=rsi&timeperiod=14:0
[   29919ms] [ERROR] Failed to load resource: the server responded with a status of 500 (Internal Server Error) @ http://localhost:3000/api/stocks/indicator?symbol=AAPL&resolution=D&from=1776149709&to=1778741709&indicator=sma&timeperiod=20:0
[   30206ms] [ERROR] Failed to load resource: the server responded with a status of 500 (Internal Server Error) @ http://localhost:3000/api/stocks/indicator?symbol=AAPL&resolution=D&from=1776149710&to=1778741710&indicator=rsi&timeperiod=14:0
[   30217ms] [ERROR] Failed to load resource: the server responded with a status of 500 (Internal Server Error) @ http://localhost:3000/api/stocks/indicator?symbol=AAPL&resolution=D&from=1776149710&to=1778741710&indicator=sma&timeperiod=20:0
[   30221ms] [ERROR] Failed to load resource: the server responded with a status of 500 (Internal Server Error) @ http://localhost:3000/api/stocks/indicator?symbol=AAPL&resolution=D&from=1776149710&to=1778741710&indicator=sma&timeperiod=50:0
[   30372ms] [ERROR] Failed to load resource: the server responded with a status of 500 (Internal Server Error) @ http://localhost:3000/api/stocks/candle?symbol=AAPL&resolution=D&from=1776149709&to=1778741709:0
[   30668ms] [ERROR] Failed to load resource: the server responded with a status of 500 (Internal Server Error) @ http://localhost:3000/api/stocks/candle?symbol=AAPL&resolution=D&from=1776149711&to=1778741711:0
[   31512ms] [ERROR] Failed to load resource: the server responded with a status of 500 (Internal Server Error) @ http://localhost:3000/api/stocks/indicator?symbol=AAPL&resolution=D&from=1776149710&to=1778741710&indicator=rsi&timeperiod=14:0
[   31540ms] [ERROR] Failed to load resource: the server responded with a status of 500 (Internal Server Error) @ http://localhost:3000/api/stocks/indicator?symbol=AAPL&resolution=D&from=1776149710&to=1778741710&indicator=sma&timeperiod=20:0
[   31816ms] [ERROR] Failed to load resource: the server responded with a status of 500 (Internal Server Error) @ http://localhost:3000/api/stocks/indicator?symbol=AAPL&resolution=D&from=1776149712&to=1778741712&indicator=rsi&timeperiod=14:0
[   31818ms] [ERROR] Failed to load resource: the server responded with a status of 500 (Internal Server Error) @ http://localhost:3000/api/stocks/indicator?symbol=AAPL&resolution=D&from=1776149712&to=1778741712&indicator=sma&timeperiod=20:0
[   31823ms] [ERROR] Failed to load resource: the server responded with a status of 500 (Internal Server Error) @ http://localhost:3000/api/stocks/indicator?symbol=AAPL&resolution=D&from=1776149712&to=1778741712&indicator=sma&timeperiod=50:0
[   31956ms] [ERROR] Failed to load resource: the server responded with a status of 500 (Internal Server Error) @ http://localhost:3000/api/stocks/candle?symbol=AAPL&resolution=D&from=1776149711&to=1778741711:0
[   32301ms] [ERROR] Failed to load resource: the server responded with a status of 500 (Internal Server Error) @ http://localhost:3000/api/stocks/indicator?symbol=AAPL&resolution=D&from=1776149710&to=1778741710&indicator=sma&timeperiod=50:0
[   32313ms] [ERROR] Failed to load resource: the server responded with a status of 500 (Internal Server Error) @ http://localhost:3000/api/stocks/candle?symbol=AAPL&resolution=D&from=1776149712&to=1778741712:0
[   33122ms] [ERROR] Failed to load resource: the server responded with a status of 500 (Internal Server Error) @ http://localhost:3000/api/stocks/indicator?symbol=AAPL&resolution=D&from=1776149712&to=1778741712&indicator=rsi&timeperiod=14:0
[   33127ms] [ERROR] Failed to load resource: the server responded with a status of 500 (Internal Server Error) @ http://localhost:3000/api/stocks/indicator?symbol=AAPL&resolution=D&from=1776149712&to=1778741712&indicator=sma&timeperiod=50:0
[   33129ms] [ERROR] Failed to load resource: the server responded with a status of 500 (Internal Server Error) @ http://localhost:3000/api/stocks/indicator?symbol=AAPL&resolution=D&from=1776149712&to=1778741712&indicator=sma&timeperiod=20:0
[   33427ms] [ERROR] Failed to load resource: the server responded with a status of 500 (Internal Server Error) @ http://localhost:3000/api/stocks/indicator?symbol=AAPL&resolution=D&from=1776149713&to=1778741713&indicator=rsi&timeperiod=14:0
[   33430ms] [ERROR] Failed to load resource: the server responded with a status of 500 (Internal Server Error) @ http://localhost:3000/api/stocks/indicator?symbol=AAPL&resolution=D&from=1776149713&to=1778741713&indicator=sma&timeperiod=50:0
[   33433ms] [ERROR] Failed to load resource: the server responded with a status of 500 (Internal Server Error) @ http://localhost:3000/api/stocks/indicator?symbol=AAPL&resolution=D&from=1776149713&to=1778741713&indicator=sma&timeperiod=20:0
[   33606ms] [ERROR] Failed to load resource: the server responded with a status of 500 (Internal Server Error) @ http://localhost:3000/api/stocks/candle?symbol=AAPL&resolution=D&from=1776149712&to=1778741712:0
[   33898ms] [ERROR] Failed to load resource: the server responded with a status of 500 (Internal Server Error) @ http://localhost:3000/api/stocks/candle?symbol=AAPL&resolution=D&from=1776149714&to=1778741714:0
[   34732ms] [ERROR] Failed to load resource: the server responded with a status of 500 (Internal Server Error) @ http://localhost:3000/api/stocks/indicator?symbol=AAPL&resolution=D&from=1776149713&to=1778741713&indicator=rsi&timeperiod=14:0
[   34736ms] [ERROR] Failed to load resource: the server responded with a status of 500 (Internal Server Error) @ http://localhost:3000/api/stocks/indicator?symbol=AAPL&resolution=D&from=1776149713&to=1778741713&indicator=sma&timeperiod=20:0
[   34738ms] [ERROR] Failed to load resource: the server responded with a status of 500 (Internal Server Error) @ http://localhost:3000/api/stocks/indicator?symbol=AAPL&resolution=D&from=1776149713&to=1778741713&indicator=sma&timeperiod=50:0
[   35048ms] [ERROR] Failed to load resource: the server responded with a status of 500 (Internal Server Error) @ http://localhost:3000/api/stocks/indicator?symbol=AAPL&resolution=D&from=1776149715&to=1778741715&indicator=rsi&timeperiod=14:0
[   35054ms] [ERROR] Failed to load resource: the server responded with a status of 500 (Internal Server Error) @ http://localhost:3000/api/stocks/indicator?symbol=AAPL&resolution=D&from=1776149715&to=1778741715&indicator=sma&timeperiod=20:0
[   35058ms] [ERROR] Failed to load resource: the server responded with a status of 500 (Internal Server Error) @ http://localhost:3000/api/stocks/indicator?symbol=AAPL&resolution=D&from=1776149715&to=1778741715&indicator=sma&timeperiod=50:0
[   35227ms] [ERROR] Failed to load resource: the server responded with a status of 500 (Internal Server Error) @ http://localhost:3000/api/stocks/candle?symbol=AAPL&resolution=D&from=1776149714&to=1778741714:0
[   35673ms] [ERROR] Failed to load resource: the server responded with a status of 500 (Internal Server Error) @ http://localhost:3000/api/stocks/candle?symbol=AAPL&resolution=D&from=1776149716&to=1778741716:0
[   36367ms] [ERROR] Failed to load resource: the server responded with a status of 500 (Internal Server Error) @ http://localhost:3000/api/stocks/indicator?symbol=AAPL&resolution=D&from=1776149715&to=1778741715&indicator=sma&timeperiod=50:0
[   36371ms] [ERROR] Failed to load resource: the server responded with a status of 500 (Internal Server Error) @ http://localhost:3000/api/stocks/indicator?symbol=AAPL&resolution=D&from=1776149715&to=1778741715&indicator=rsi&timeperiod=14:0
[   36371ms] [ERROR] Failed to load resource: the server responded with a status of 500 (Internal Server Error) @ http://localhost:3000/api/stocks/indicator?symbol=AAPL&resolution=D&from=1776149715&to=1778741715&indicator=sma&timeperiod=20:0
[   36670ms] [ERROR] Failed to load resource: the server responded with a status of 500 (Internal Server Error) @ http://localhost:3000/api/stocks/indicator?symbol=AAPL&resolution=D&from=1776149717&to=1778741717&indicator=rsi&timeperiod=14:0
[   36672ms] [ERROR] Failed to load resource: the server responded with a status of 500 (Internal Server Error) @ http://localhost:3000/api/stocks/indicator?symbol=AAPL&resolution=D&from=1776149717&to=1778741717&indicator=sma&timeperiod=20:0
[   36675ms] [ERROR] Failed to load resource: the server responded with a status of 500 (Internal Server Error) @ http://localhost:3000/api/stocks/indicator?symbol=AAPL&resolution=D&from=1776149717&to=1778741717&indicator=sma&timeperiod=50:0
[   36967ms] [ERROR] Failed to load resource: the server responded with a status of 500 (Internal Server Error) @ http://localhost:3000/api/stocks/candle?symbol=AAPL&resolution=D&from=1776149716&to=1778741716:0
[   37271ms] [ERROR] Failed to load resource: the server responded with a status of 500 (Internal Server Error) @ http://localhost:3000/api/stocks/candle?symbol=AAPL&resolution=D&from=1776149717&to=1778741717:0
[   37974ms] [ERROR] Failed to load resource: the server responded with a status of 500 (Internal Server Error) @ http://localhost:3000/api/stocks/indicator?symbol=AAPL&resolution=D&from=1776149717&to=1778741717&indicator=rsi&timeperiod=14:0
[   37978ms] [ERROR] Failed to load resource: the server responded with a status of 500 (Internal Server Error) @ http://localhost:3000/api/stocks/indicator?symbol=AAPL&resolution=D&from=1776149717&to=1778741717&indicator=sma&timeperiod=50:0
[   37980ms] [ERROR] Failed to load resource: the server responded with a status of 500 (Internal Server Error) @ http://localhost:3000/api/stocks/indicator?symbol=AAPL&resolution=D&from=1776149717&to=1778741717&indicator=sma&timeperiod=20:0
[   38288ms] [ERROR] Failed to load resource: the server responded with a status of 500 (Internal Server Error) @ http://localhost:3000/api/stocks/indicator?symbol=AAPL&resolution=D&from=1776149718&to=1778741718&indicator=sma&timeperiod=20:0
[   38306ms] [ERROR] Failed to load resource: the server responded with a status of 500 (Internal Server Error) @ http://localhost:3000/api/stocks/indicator?symbol=AAPL&resolution=D&from=1776149718&to=1778741718&indicator=rsi&timeperiod=14:0
[   38321ms] [ERROR] Failed to load resource: the server responded with a status of 500 (Internal Server Error) @ http://localhost:3000/api/stocks/indicator?symbol=AAPL&resolution=D&from=1776149718&to=1778741718&indicator=sma&timeperiod=50:0
[   38379ms] [LOG] [Fast Refresh] rebuilding @ http://localhost:3000/_next/static/chunks/node_modules_next_dist_115brz8._.js:2431
[   38379ms] [LOG] [Fast Refresh] done in 104ms @ http://localhost:3000/_next/static/chunks/node_modules_next_dist_115brz8._.js:2431
[   38598ms] [ERROR] Failed to load resource: the server responded with a status of 500 (Internal Server Error) @ http://localhost:3000/api/stocks/candle?symbol=AAPL&resolution=D&from=1776149717&to=1778741717:0
[   38912ms] [ERROR] Failed to load resource: the server responded with a status of 500 (Internal Server Error) @ http://localhost:3000/api/stocks/candle?symbol=AAPL&resolution=D&from=1776149719&to=1778741719:0
[   39594ms] [ERROR] Failed to load resource: the server responded with a status of 500 (Internal Server Error) @ http://localhost:3000/api/stocks/indicator?symbol=AAPL&resolution=D&from=1776149718&to=1778741718&indicator=sma&timeperiod=20:0
[   39600ms] [ERROR] Failed to load resource: the server responded with a status of 500 (Internal Server Error) @ http://localhost:3000/api/stocks/indicator?symbol=AAPL&resolution=D&from=1776149718&to=1778741718&indicator=rsi&timeperiod=14:0
[   39622ms] [ERROR] Failed to load resource: the server responded with a status of 500 (Internal Server Error) @ http://localhost:3000/api/stocks/indicator?symbol=AAPL&resolution=D&from=1776149718&to=1778741718&indicator=sma&timeperiod=50:0
[   39895ms] [ERROR] Failed to load resource: the server responded with a status of 500 (Internal Server Error) @ http://localhost:3000/api/stocks/indicator?symbol=AAPL&resolution=D&from=1776149720&to=1778741720&indicator=rsi&timeperiod=14:0
[   39901ms] [ERROR] Failed to load resource: the server responded with a status of 500 (Internal Server Error) @ http://localhost:3000/api/stocks/indicator?symbol=AAPL&resolution=D&from=1776149720&to=1778741720&indicator=sma&timeperiod=20:0
[   39907ms] [ERROR] Failed to load resource: the server responded with a status of 500 (Internal Server Error) @ http://localhost:3000/api/stocks/indicator?symbol=AAPL&resolution=D&from=1776149720&to=1778741720&indicator=sma&timeperiod=50:0
[   40199ms] [ERROR] Failed to load resource: the server responded with a status of 500 (Internal Server Error) @ http://localhost:3000/api/stocks/candle?symbol=AAPL&resolution=D&from=1776149719&to=1778741719:0
[   40487ms] [ERROR] Failed to load resource: the server responded with a status of 500 (Internal Server Error) @ http://localhost:3000/api/stocks/candle?symbol=AAPL&resolution=D&from=1776149721&to=1778741721:0
[   41211ms] [ERROR] Failed to load resource: the server responded with a status of 500 (Internal Server Error) @ http://localhost:3000/api/stocks/indicator?symbol=AAPL&resolution=D&from=1776149720&to=1778741720&indicator=rsi&timeperiod=14:0
[   41216ms] [ERROR] Failed to load resource: the server responded with a status of 500 (Internal Server Error) @ http://localhost:3000/api/stocks/indicator?symbol=AAPL&resolution=D&from=1776149720&to=1778741720&indicator=sma&timeperiod=50:0
[   41217ms] [ERROR] Failed to load resource: the server responded with a status of 500 (Internal Server Error) @ http://localhost:3000/api/stocks/indicator?symbol=AAPL&resolution=D&from=1776149720&to=1778741720&indicator=sma&timeperiod=20:0
[   41521ms] [ERROR] Failed to load resource: the server responded with a status of 500 (Internal Server Error) @ http://localhost:3000/api/stocks/indicator?symbol=AAPL&resolution=D&from=1776149722&to=1778741722&indicator=rsi&timeperiod=14:0
[   41539ms] [ERROR] Failed to load resource: the server responded with a status of 500 (Internal Server Error) @ http://localhost:3000/api/stocks/indicator?symbol=AAPL&resolution=D&from=1776149722&to=1778741722&indicator=sma&timeperiod=20:0
[   41565ms] [ERROR] Failed to load resource: the server responded with a status of 500 (Internal Server Error) @ http://localhost:3000/api/stocks/indicator?symbol=AAPL&resolution=D&from=1776149722&to=1778741722&indicator=sma&timeperiod=50:0
[   41600ms] [LOG] [Fast Refresh] rebuilding @ http://localhost:3000/_next/static/chunks/node_modules_next_dist_115brz8._.js:2431
[   41616ms] [LOG] [Fast Refresh] done in 119ms @ http://localhost:3000/_next/static/chunks/node_modules_next_dist_115brz8._.js:2431
[   41779ms] [ERROR] Failed to load resource: the server responded with a status of 500 (Internal Server Error) @ http://localhost:3000/api/stocks/candle?symbol=AAPL&resolution=D&from=1776149721&to=1778741721:0
[   42086ms] [ERROR] Failed to load resource: the server responded with a status of 500 (Internal Server Error) @ http://localhost:3000/api/stocks/candle?symbol=AAPL&resolution=D&from=1776149722&to=1778741722:0
[   42820ms] [ERROR] Failed to load resource: the server responded with a status of 500 (Internal Server Error) @ http://localhost:3000/api/stocks/indicator?symbol=AAPL&resolution=D&from=1776149722&to=1778741722&indicator=rsi&timeperiod=14:0
[   42849ms] [ERROR] Failed to load resource: the server responded with a status of 500 (Internal Server Error) @ http://localhost:3000/api/stocks/indicator?symbol=AAPL&resolution=D&from=1776149722&to=1778741722&indicator=sma&timeperiod=20:0
[   42858ms] [ERROR] Failed to load resource: the server responded with a status of 500 (Internal Server Error) @ http://localhost:3000/api/stocks/indicator?symbol=AAPL&resolution=D&from=1776149722&to=1778741722&indicator=sma&timeperiod=50:0
[   43113ms] [ERROR] Failed to load resource: the server responded with a status of 500 (Internal Server Error) @ http://localhost:3000/api/stocks/indicator?symbol=AAPL&resolution=D&from=1776149723&to=1778741723&indicator=rsi&timeperiod=14:0
[   43130ms] [ERROR] Failed to load resource: the server responded with a status of 500 (Internal Server Error) @ http://localhost:3000/api/stocks/indicator?symbol=AAPL&resolution=D&from=1776149723&to=1778741723&indicator=sma&timeperiod=20:0
[   43135ms] [ERROR] Failed to load resource: the server responded with a status of 500 (Internal Server Error) @ http://localhost:3000/api/stocks/indicator?symbol=AAPL&resolution=D&from=1776149723&to=1778741723&indicator=sma&timeperiod=50:0
[   43381ms] [ERROR] Failed to load resource: the server responded with a status of 500 (Internal Server Error) @ http://localhost:3000/api/stocks/candle?symbol=AAPL&resolution=D&from=1776149722&to=1778741722:0
[   43489ms] [LOG] [Fast Refresh] rebuilding @ http://localhost:3000/_next/static/chunks/node_modules_next_dist_115brz8._.js:2431
[   43492ms] [LOG] [Fast Refresh] done in 105ms @ http://localhost:3000/_next/static/chunks/node_modules_next_dist_115brz8._.js:2431
[   43670ms] [ERROR] Failed to load resource: the server responded with a status of 500 (Internal Server Error) @ http://localhost:3000/api/stocks/candle?symbol=AAPL&resolution=D&from=1776149724&to=1778741724:0
[   44410ms] [ERROR] Failed to load resource: the server responded with a status of 500 (Internal Server Error) @ http://localhost:3000/api/stocks/indicator?symbol=AAPL&resolution=D&from=1776149723&to=1778741723&indicator=rsi&timeperiod=14:0
[   44429ms] [ERROR] Failed to load resource: the server responded with a status of 500 (Internal Server Error) @ http://localhost:3000/api/stocks/indicator?symbol=AAPL&resolution=D&from=1776149723&to=1778741723&indicator=sma&timeperiod=50:0
[   44436ms] [ERROR] Failed to load resource: the server responded with a status of 500 (Internal Server Error) @ http://localhost:3000/api/stocks/indicator?symbol=AAPL&resolution=D&from=1776149723&to=1778741723&indicator=sma&timeperiod=20:0
[   44715ms] [ERROR] Failed to load resource: the server responded with a status of 500 (Internal Server Error) @ http://localhost:3000/api/stocks/indicator?symbol=AAPL&resolution=D&from=1776149725&to=1778741725&indicator=sma&timeperiod=50:0
[   44718ms] [ERROR] Failed to load resource: the server responded with a status of 500 (Internal Server Error) @ http://localhost:3000/api/stocks/indicator?symbol=AAPL&resolution=D&from=1776149725&to=1778741725&indicator=sma&timeperiod=20:0
[   44725ms] [ERROR] Failed to load resource: the server responded with a status of 500 (Internal Server Error) @ http://localhost:3000/api/stocks/indicator?symbol=AAPL&resolution=D&from=1776149725&to=1778741725&indicator=rsi&timeperiod=14:0
[   44995ms] [ERROR] Failed to load resource: the server responded with a status of 500 (Internal Server Error) @ http://localhost:3000/api/stocks/candle?symbol=AAPL&resolution=D&from=1776149724&to=1778741724:0
[   45283ms] [ERROR] Failed to load resource: the server responded with a status of 500 (Internal Server Error) @ http://localhost:3000/api/stocks/candle?symbol=AAPL&resolution=D&from=1776149725&to=1778741725:0
[   46011ms] [ERROR] Failed to load resource: the server responded with a status of 500 (Internal Server Error) @ http://localhost:3000/api/stocks/indicator?symbol=AAPL&resolution=D&from=1776149725&to=1778741725&indicator=sma&timeperiod=50:0
[   46030ms] [ERROR] Failed to load resource: the server responded with a status of 500 (Internal Server Error) @ http://localhost:3000/api/stocks/indicator?symbol=AAPL&resolution=D&from=1776149725&to=1778741725&indicator=rsi&timeperiod=14:0
[   46033ms] [ERROR] Failed to load resource: the server responded with a status of 500 (Internal Server Error) @ http://localhost:3000/api/stocks/indicator?symbol=AAPL&resolution=D&from=1776149725&to=1778741725&indicator=sma&timeperiod=20:0
[   46300ms] [ERROR] Failed to load resource: the server responded with a status of 500 (Internal Server Error) @ http://localhost:3000/api/stocks/indicator?symbol=AAPL&resolution=D&from=1776149726&to=1778741726&indicator=rsi&timeperiod=14:0
[   46316ms] [ERROR] Failed to load resource: the server responded with a status of 500 (Internal Server Error) @ http://localhost:3000/api/stocks/indicator?symbol=AAPL&resolution=D&from=1776149726&to=1778741726&indicator=sma&timeperiod=20:0
[   46318ms] [ERROR] Failed to load resource: the server responded with a status of 500 (Internal Server Error) @ http://localhost:3000/api/stocks/indicator?symbol=AAPL&resolution=D&from=1776149726&to=1778741726&indicator=sma&timeperiod=50:0
[   46578ms] [ERROR] Failed to load resource: the server responded with a status of 500 (Internal Server Error) @ http://localhost:3000/api/stocks/candle?symbol=AAPL&resolution=D&from=1776149725&to=1778741725:0
[   46871ms] [ERROR] Failed to load resource: the server responded with a status of 500 (Internal Server Error) @ http://localhost:3000/api/stocks/candle?symbol=AAPL&resolution=D&from=1776149727&to=1778741727:0
[   47588ms] [ERROR] Failed to load resource: the server responded with a status of 500 (Internal Server Error) @ http://localhost:3000/api/stocks/indicator?symbol=AAPL&resolution=D&from=1776149726&to=1778741726&indicator=rsi&timeperiod=14:0
[   47612ms] [ERROR] Failed to load resource: the server responded with a status of 500 (Internal Server Error) @ http://localhost:3000/api/stocks/indicator?symbol=AAPL&resolution=D&from=1776149726&to=1778741726&indicator=sma&timeperiod=50:0
[   47615ms] [ERROR] Failed to load resource: the server responded with a status of 500 (Internal Server Error) @ http://localhost:3000/api/stocks/indicator?symbol=AAPL&resolution=D&from=1776149726&to=1778741726&indicator=sma&timeperiod=20:0
[   47879ms] [ERROR] Failed to load resource: the server responded with a status of 500 (Internal Server Error) @ http://localhost:3000/api/stocks/indicator?symbol=AAPL&resolution=D&from=1776149728&to=1778741728&indicator=sma&timeperiod=20:0
[   47882ms] [ERROR] Failed to load resource: the server responded with a status of 500 (Internal Server Error) @ http://localhost:3000/api/stocks/indicator?symbol=AAPL&resolution=D&from=1776149728&to=1778741728&indicator=rsi&timeperiod=14:0
[   47890ms] [ERROR] Failed to load resource: the server responded with a status of 500 (Internal Server Error) @ http://localhost:3000/api/stocks/indicator?symbol=AAPL&resolution=D&from=1776149728&to=1778741728&indicator=sma&timeperiod=50:0
[   48167ms] [ERROR] Failed to load resource: the server responded with a status of 500 (Internal Server Error) @ http://localhost:3000/api/stocks/candle?symbol=AAPL&resolution=D&from=1776149727&to=1778741727:0
[   48520ms] [ERROR] Failed to load resource: the server responded with a status of 500 (Internal Server Error) @ http://localhost:3000/api/stocks/candle?symbol=AAPL&resolution=D&from=1776149728&to=1778741728:0
[   49202ms] [ERROR] Failed to load resource: the server responded with a status of 500 (Internal Server Error) @ http://localhost:3000/api/stocks/indicator?symbol=AAPL&resolution=D&from=1776149728&to=1778741728&indicator=rsi&timeperiod=14:0
[   49225ms] [ERROR] Failed to load resource: the server responded with a status of 500 (Internal Server Error) @ http://localhost:3000/api/stocks/indicator?symbol=AAPL&resolution=D&from=1776149728&to=1778741728&indicator=sma&timeperiod=20:0
[   49227ms] [ERROR] Failed to load resource: the server responded with a status of 500 (Internal Server Error) @ http://localhost:3000/api/stocks/indicator?symbol=AAPL&resolution=D&from=1776149728&to=1778741728&indicator=sma&timeperiod=50:0
[   49507ms] [ERROR] Failed to load resource: the server responded with a status of 500 (Internal Server Error) @ http://localhost:3000/api/stocks/indicator?symbol=AAPL&resolution=D&from=1776149730&to=1778741730&indicator=sma&timeperiod=20:0
[   49512ms] [ERROR] Failed to load resource: the server responded with a status of 500 (Internal Server Error) @ http://localhost:3000/api/stocks/indicator?symbol=AAPL&resolution=D&from=1776149730&to=1778741730&indicator=rsi&timeperiod=14:0
[   49515ms] [ERROR] Failed to load resource: the server responded with a status of 500 (Internal Server Error) @ http://localhost:3000/api/stocks/indicator?symbol=AAPL&resolution=D&from=1776149730&to=1778741730&indicator=sma&timeperiod=50:0
[   49824ms] [ERROR] Failed to load resource: the server responded with a status of 500 (Internal Server Error) @ http://localhost:3000/api/stocks/candle?symbol=AAPL&resolution=D&from=1776149728&to=1778741728:0
[   50122ms] [ERROR] Failed to load resource: the server responded with a status of 500 (Internal Server Error) @ http://localhost:3000/api/stocks/candle?symbol=AAPL&resolution=D&from=1776149730&to=1778741730:0
[   50811ms] [ERROR] Failed to load resource: the server responded with a status of 500 (Internal Server Error) @ http://localhost:3000/api/stocks/indicator?symbol=AAPL&resolution=D&from=1776149730&to=1778741730&indicator=sma&timeperiod=20:0
[   50816ms] [ERROR] Failed to load resource: the server responded with a status of 500 (Internal Server Error) @ http://localhost:3000/api/stocks/indicator?symbol=AAPL&resolution=D&from=1776149730&to=1778741730&indicator=sma&timeperiod=50:0
[   50820ms] [ERROR] Failed to load resource: the server responded with a status of 500 (Internal Server Error) @ http://localhost:3000/api/stocks/indicator?symbol=AAPL&resolution=D&from=1776149730&to=1778741730&indicator=rsi&timeperiod=14:0
[   51119ms] [ERROR] Failed to load resource: the server responded with a status of 500 (Internal Server Error) @ http://localhost:3000/api/stocks/indicator?symbol=AAPL&resolution=D&from=1776149731&to=1778741731&indicator=rsi&timeperiod=14:0
[   51125ms] [ERROR] Failed to load resource: the server responded with a status of 500 (Internal Server Error) @ http://localhost:3000/api/stocks/indicator?symbol=AAPL&resolution=D&from=1776149731&to=1778741731&indicator=sma&timeperiod=20:0
[   51134ms] [ERROR] Failed to load resource: the server responded with a status of 500 (Internal Server Error) @ http://localhost:3000/api/stocks/indicator?symbol=AAPL&resolution=D&from=1776149731&to=1778741731&indicator=sma&timeperiod=50:0
[   51463ms] [ERROR] Failed to load resource: the server responded with a status of 500 (Internal Server Error) @ http://localhost:3000/api/stocks/candle?symbol=AAPL&resolution=D&from=1776149730&to=1778741730:0
[   51752ms] [ERROR] Failed to load resource: the server responded with a status of 500 (Internal Server Error) @ http://localhost:3000/api/stocks/candle?symbol=AAPL&resolution=D&from=1776149732&to=1778741732:0
[   52406ms] [ERROR] Failed to load resource: the server responded with a status of 500 (Internal Server Error) @ http://localhost:3000/api/stocks/indicator?symbol=AAPL&resolution=D&from=1776149731&to=1778741731&indicator=rsi&timeperiod=14:0
[   52419ms] [ERROR] Failed to load resource: the server responded with a status of 500 (Internal Server Error) @ http://localhost:3000/api/stocks/indicator?symbol=AAPL&resolution=D&from=1776149731&to=1778741731&indicator=sma&timeperiod=20:0
[   52435ms] [ERROR] Failed to load resource: the server responded with a status of 500 (Internal Server Error) @ http://localhost:3000/api/stocks/indicator?symbol=AAPL&resolution=D&from=1776149731&to=1778741731&indicator=sma&timeperiod=50:0
[   52705ms] [ERROR] Failed to load resource: the server responded with a status of 500 (Internal Server Error) @ http://localhost:3000/api/stocks/indicator?symbol=AAPL&resolution=D&from=1776149733&to=1778741733&indicator=rsi&timeperiod=14:0
[   52720ms] [ERROR] Failed to load resource: the server responded with a status of 500 (Internal Server Error) @ http://localhost:3000/api/stocks/indicator?symbol=AAPL&resolution=D&from=1776149733&to=1778741733&indicator=sma&timeperiod=50:0
[   52722ms] [ERROR] Failed to load resource: the server responded with a status of 500 (Internal Server Error) @ http://localhost:3000/api/stocks/indicator?symbol=AAPL&resolution=D&from=1776149733&to=1778741733&indicator=sma&timeperiod=20:0
[   53064ms] [ERROR] Failed to load resource: the server responded with a status of 500 (Internal Server Error) @ http://localhost:3000/api/stocks/candle?symbol=AAPL&resolution=D&from=1776149732&to=1778741732:0
[   53354ms] [ERROR] Failed to load resource: the server responded with a status of 500 (Internal Server Error) @ http://localhost:3000/api/stocks/candle?symbol=AAPL&resolution=D&from=1776149733&to=1778741733:0
[   54009ms] [ERROR] Failed to load resource: the server responded with a status of 500 (Internal Server Error) @ http://localhost:3000/api/stocks/indicator?symbol=AAPL&resolution=D&from=1776149733&to=1778741733&indicator=rsi&timeperiod=14:0
[   54037ms] [ERROR] Failed to load resource: the server responded with a status of 500 (Internal Server Error) @ http://localhost:3000/api/stocks/indicator?symbol=AAPL&resolution=D&from=1776149733&to=1778741733&indicator=sma&timeperiod=20:0
[   54040ms] [ERROR] Failed to load resource: the server responded with a status of 500 (Internal Server Error) @ http://localhost:3000/api/stocks/indicator?symbol=AAPL&resolution=D&from=1776149733&to=1778741733&indicator=sma&timeperiod=50:0
[   54330ms] [ERROR] Failed to load resource: the server responded with a status of 500 (Internal Server Error) @ http://localhost:3000/api/stocks/indicator?symbol=AAPL&resolution=D&from=1776149734&to=1778741734&indicator=rsi&timeperiod=14:0
[   54354ms] [ERROR] Failed to load resource: the server responded with a status of 500 (Internal Server Error) @ http://localhost:3000/api/stocks/indicator?symbol=AAPL&resolution=D&from=1776149734&to=1778741734&indicator=sma&timeperiod=20:0
[   54434ms] [ERROR] Failed to load resource: the server responded with a status of 500 (Internal Server Error) @ http://localhost:3000/api/stocks/indicator?symbol=AAPL&resolution=D&from=1776149734&to=1778741734&indicator=sma&timeperiod=50:0
[   54657ms] [ERROR] Failed to load resource: the server responded with a status of 500 (Internal Server Error) @ http://localhost:3000/api/stocks/candle?symbol=AAPL&resolution=D&from=1776149733&to=1778741733:0
[   54990ms] [ERROR] Failed to load resource: the server responded with a status of 500 (Internal Server Error) @ http://localhost:3000/api/stocks/candle?symbol=AAPL&resolution=D&from=1776149735&to=1778741735:0
[   55634ms] [ERROR] Failed to load resource: the server responded with a status of 500 (Internal Server Error) @ http://localhost:3000/api/stocks/indicator?symbol=AAPL&resolution=D&from=1776149734&to=1778741734&indicator=rsi&timeperiod=14:0
[   55652ms] [ERROR] Failed to load resource: the server responded with a status of 500 (Internal Server Error) @ http://localhost:3000/api/stocks/indicator?symbol=AAPL&resolution=D&from=1776149734&to=1778741734&indicator=sma&timeperiod=20:0
[   55732ms] [ERROR] Failed to load resource: the server responded with a status of 500 (Internal Server Error) @ http://localhost:3000/api/stocks/indicator?symbol=AAPL&resolution=D&from=1776149734&to=1778741734&indicator=sma&timeperiod=50:0
[   55932ms] [ERROR] Failed to load resource: the server responded with a status of 500 (Internal Server Error) @ http://localhost:3000/api/stocks/indicator?symbol=AAPL&resolution=D&from=1776149736&to=1778741736&indicator=rsi&timeperiod=14:0
[   55940ms] [ERROR] Failed to load resource: the server responded with a status of 500 (Internal Server Error) @ http://localhost:3000/api/stocks/indicator?symbol=AAPL&resolution=D&from=1776149736&to=1778741736&indicator=sma&timeperiod=20:0
[   55944ms] [ERROR] Failed to load resource: the server responded with a status of 500 (Internal Server Error) @ http://localhost:3000/api/stocks/indicator?symbol=AAPL&resolution=D&from=1776149736&to=1778741736&indicator=sma&timeperiod=50:0
[   56288ms] [ERROR] Failed to load resource: the server responded with a status of 500 (Internal Server Error) @ http://localhost:3000/api/stocks/candle?symbol=AAPL&resolution=D&from=1776149735&to=1778741735:0
[   56575ms] [ERROR] Failed to load resource: the server responded with a status of 500 (Internal Server Error) @ http://localhost:3000/api/stocks/candle?symbol=AAPL&resolution=D&from=1776149737&to=1778741737:0
[   57222ms] [ERROR] Failed to load resource: the server responded with a status of 500 (Internal Server Error) @ http://localhost:3000/api/stocks/indicator?symbol=AAPL&resolution=D&from=1776149736&to=1778741736&indicator=rsi&timeperiod=14:0
[   57239ms] [ERROR] Failed to load resource: the server responded with a status of 500 (Internal Server Error) @ http://localhost:3000/api/stocks/indicator?symbol=AAPL&resolution=D&from=1776149736&to=1778741736&indicator=sma&timeperiod=50:0
[   57242ms] [ERROR] Failed to load resource: the server responded with a status of 500 (Internal Server Error) @ http://localhost:3000/api/stocks/indicator?symbol=AAPL&resolution=D&from=1776149736&to=1778741736&indicator=sma&timeperiod=20:0
[   57535ms] [ERROR] Failed to load resource: the server responded with a status of 500 (Internal Server Error) @ http://localhost:3000/api/stocks/indicator?symbol=AAPL&resolution=D&from=1776149738&to=1778741738&indicator=sma&timeperiod=20:0
[   57545ms] [ERROR] Failed to load resource: the server responded with a status of 500 (Internal Server Error) @ http://localhost:3000/api/stocks/indicator?symbol=AAPL&resolution=D&from=1776149738&to=1778741738&indicator=sma&timeperiod=50:0
[   57559ms] [ERROR] Failed to load resource: the server responded with a status of 500 (Internal Server Error) @ http://localhost:3000/api/stocks/indicator?symbol=AAPL&resolution=D&from=1776149738&to=1778741738&indicator=rsi&timeperiod=14:0
[   57879ms] [ERROR] Failed to load resource: the server responded with a status of 500 (Internal Server Error) @ http://localhost:3000/api/stocks/candle?symbol=AAPL&resolution=D&from=1776149737&to=1778741737:0
[   58227ms] [ERROR] Failed to load resource: the server responded with a status of 500 (Internal Server Error) @ http://localhost:3000/api/stocks/candle?symbol=AAPL&resolution=D&from=1776149738&to=1778741738:0
[   58837ms] [ERROR] Failed to load resource: the server responded with a status of 500 (Internal Server Error) @ http://localhost:3000/api/stocks/indicator?symbol=AAPL&resolution=D&from=1776149738&to=1778741738&indicator=sma&timeperiod=20:0
[   58860ms] [ERROR] Failed to load resource: the server responded with a status of 500 (Internal Server Error) @ http://localhost:3000/api/stocks/indicator?symbol=AAPL&resolution=D&from=1776149738&to=1778741738&indicator=sma&timeperiod=50:0
[   58863ms] [ERROR] Failed to load resource: the server responded with a status of 500 (Internal Server Error) @ http://localhost:3000/api/stocks/indicator?symbol=AAPL&resolution=D&from=1776149738&to=1778741738&indicator=rsi&timeperiod=14:0
[   59131ms] [ERROR] Failed to load resource: the server responded with a status of 500 (Internal Server Error) @ http://localhost:3000/api/stocks/indicator?symbol=AAPL&resolution=D&from=1776149739&to=1778741739&indicator=rsi&timeperiod=14:0
[   59141ms] [ERROR] Failed to load resource: the server responded with a status of 500 (Internal Server Error) @ http://localhost:3000/api/stocks/indicator?symbol=AAPL&resolution=D&from=1776149739&to=1778741739&indicator=sma&timeperiod=20:0
[   59145ms] [ERROR] Failed to load resource: the server responded with a status of 500 (Internal Server Error) @ http://localhost:3000/api/stocks/indicator?symbol=AAPL&resolution=D&from=1776149739&to=1778741739&indicator=sma&timeperiod=50:0
[   59519ms] [ERROR] Failed to load resource: the server responded with a status of 500 (Internal Server Error) @ http://localhost:3000/api/stocks/candle?symbol=AAPL&resolution=D&from=1776149738&to=1778741738:0
[   59807ms] [ERROR] Failed to load resource: the server responded with a status of 500 (Internal Server Error) @ http://localhost:3000/api/stocks/candle?symbol=AAPL&resolution=D&from=1776149740&to=1778741740:0
[   60434ms] [ERROR] Failed to load resource: the server responded with a status of 500 (Internal Server Error) @ http://localhost:3000/api/stocks/indicator?symbol=AAPL&resolution=D&from=1776149739&to=1778741739&indicator=rsi&timeperiod=14:0
[   60438ms] [ERROR] Failed to load resource: the server responded with a status of 500 (Internal Server Error) @ http://localhost:3000/api/stocks/indicator?symbol=AAPL&resolution=D&from=1776149739&to=1778741739&indicator=sma&timeperiod=50:0
[   60441ms] [ERROR] Failed to load resource: the server responded with a status of 500 (Internal Server Error) @ http://localhost:3000/api/stocks/indicator?symbol=AAPL&resolution=D&from=1776149739&to=1778741739&indicator=sma&timeperiod=20:0
[   60750ms] [ERROR] Failed to load resource: the server responded with a status of 500 (Internal Server Error) @ http://localhost:3000/api/stocks/indicator?symbol=AAPL&resolution=D&from=1776149741&to=1778741741&indicator=sma&timeperiod=50:0
[   60752ms] [ERROR] Failed to load resource: the server responded with a status of 500 (Internal Server Error) @ http://localhost:3000/api/stocks/indicator?symbol=AAPL&resolution=D&from=1776149741&to=1778741741&indicator=sma&timeperiod=20:0
[   60763ms] [ERROR] Failed to load resource: the server responded with a status of 500 (Internal Server Error) @ http://localhost:3000/api/stocks/indicator?symbol=AAPL&resolution=D&from=1776149741&to=1778741741&indicator=rsi&timeperiod=14:0
[   61112ms] [ERROR] Failed to load resource: the server responded with a status of 500 (Internal Server Error) @ http://localhost:3000/api/stocks/candle?symbol=AAPL&resolution=D&from=1776149740&to=1778741740:0
[   61406ms] [ERROR] Failed to load resource: the server responded with a status of 500 (Internal Server Error) @ http://localhost:3000/api/stocks/candle?symbol=AAPL&resolution=D&from=1776149741&to=1778741741:0
[   62044ms] [ERROR] Failed to load resource: the server responded with a status of 500 (Internal Server Error) @ http://localhost:3000/api/stocks/indicator?symbol=AAPL&resolution=D&from=1776149741&to=1778741741&indicator=sma&timeperiod=50:0
[   62060ms] [ERROR] Failed to load resource: the server responded with a status of 500 (Internal Server Error) @ http://localhost:3000/api/stocks/indicator?symbol=AAPL&resolution=D&from=1776149741&to=1778741741&indicator=sma&timeperiod=20:0
[   62065ms] [ERROR] Failed to load resource: the server responded with a status of 500 (Internal Server Error) @ http://localhost:3000/api/stocks/indicator?symbol=AAPL&resolution=D&from=1776149741&to=1778741741&indicator=rsi&timeperiod=14:0
[   62331ms] [ERROR] Failed to load resource: the server responded with a status of 500 (Internal Server Error) @ http://localhost:3000/api/stocks/indicator?symbol=AAPL&resolution=D&from=1776149742&to=1778741742&indicator=rsi&timeperiod=14:0
[   62350ms] [ERROR] Failed to load resource: the server responded with a status of 500 (Internal Server Error) @ http://localhost:3000/api/stocks/indicator?symbol=AAPL&resolution=D&from=1776149742&to=1778741742&indicator=sma&timeperiod=20:0
[   62354ms] [ERROR] Failed to load resource: the server responded with a status of 500 (Internal Server Error) @ http://localhost:3000/api/stocks/indicator?symbol=AAPL&resolution=D&from=1776149742&to=1778741742&indicator=sma&timeperiod=50:0
[   62701ms] [ERROR] Failed to load resource: the server responded with a status of 500 (Internal Server Error) @ http://localhost:3000/api/stocks/candle?symbol=AAPL&resolution=D&from=1776149741&to=1778741741:0
[   62983ms] [ERROR] Failed to load resource: the server responded with a status of 500 (Internal Server Error) @ http://localhost:3000/api/stocks/candle?symbol=AAPL&resolution=D&from=1776149743&to=1778741743:0
[   63624ms] [ERROR] Failed to load resource: the server responded with a status of 500 (Internal Server Error) @ http://localhost:3000/api/stocks/indicator?symbol=AAPL&resolution=D&from=1776149742&to=1778741742&indicator=rsi&timeperiod=14:0
[   63657ms] [ERROR] Failed to load resource: the server responded with a status of 500 (Internal Server Error) @ http://localhost:3000/api/stocks/indicator?symbol=AAPL&resolution=D&from=1776149742&to=1778741742&indicator=sma&timeperiod=20:0
[   63660ms] [ERROR] Failed to load resource: the server responded with a status of 500 (Internal Server Error) @ http://localhost:3000/api/stocks/indicator?symbol=AAPL&resolution=D&from=1776149742&to=1778741742&indicator=sma&timeperiod=50:0
[   63928ms] [ERROR] Failed to load resource: the server responded with a status of 500 (Internal Server Error) @ http://localhost:3000/api/stocks/indicator?symbol=AAPL&resolution=D&from=1776149744&to=1778741744&indicator=rsi&timeperiod=14:0
[   64052ms] [ERROR] Failed to load resource: the server responded with a status of 500 (Internal Server Error) @ http://localhost:3000/api/stocks/indicator?symbol=AAPL&resolution=D&from=1776149744&to=1778741744&indicator=sma&timeperiod=50:0
[   64056ms] [ERROR] Failed to load resource: the server responded with a status of 500 (Internal Server Error) @ http://localhost:3000/api/stocks/indicator?symbol=AAPL&resolution=D&from=1776149744&to=1778741744&indicator=sma&timeperiod=20:0
[   64400ms] [ERROR] Failed to load resource: the server responded with a status of 500 (Internal Server Error) @ http://localhost:3000/api/stocks/candle?symbol=AAPL&resolution=D&from=1776149743&to=1778741743:0
[   64709ms] [ERROR] Failed to load resource: the server responded with a status of 500 (Internal Server Error) @ http://localhost:3000/api/stocks/candle?symbol=AAPL&resolution=D&from=1776149745&to=1778741745:0
[   65239ms] [ERROR] Failed to load resource: the server responded with a status of 500 (Internal Server Error) @ http://localhost:3000/api/stocks/indicator?symbol=AAPL&resolution=D&from=1776149744&to=1778741744&indicator=rsi&timeperiod=14:0
[   65367ms] [ERROR] Failed to load resource: the server responded with a status of 500 (Internal Server Error) @ http://localhost:3000/api/stocks/indicator?symbol=AAPL&resolution=D&from=1776149744&to=1778741744&indicator=sma&timeperiod=20:0
[   65371ms] [ERROR] Failed to load resource: the server responded with a status of 500 (Internal Server Error) @ http://localhost:3000/api/stocks/indicator?symbol=AAPL&resolution=D&from=1776149744&to=1778741744&indicator=sma&timeperiod=50:0
[   65533ms] [ERROR] Failed to load resource: the server responded with a status of 500 (Internal Server Error) @ http://localhost:3000/api/stocks/indicator?symbol=AAPL&resolution=D&from=1776149746&to=1778741746&indicator=rsi&timeperiod=14:0
[   65536ms] [ERROR] Failed to load resource: the server responded with a status of 500 (Internal Server Error) @ http://localhost:3000/api/stocks/indicator?symbol=AAPL&resolution=D&from=1776149746&to=1778741746&indicator=sma&timeperiod=20:0
[   65559ms] [ERROR] Failed to load resource: the server responded with a status of 500 (Internal Server Error) @ http://localhost:3000/api/stocks/indicator?symbol=AAPL&resolution=D&from=1776149746&to=1778741746&indicator=sma&timeperiod=50:0
[   65998ms] [ERROR] Failed to load resource: the server responded with a status of 500 (Internal Server Error) @ http://localhost:3000/api/stocks/candle?symbol=AAPL&resolution=D&from=1776149745&to=1778741745:0
[   66284ms] [ERROR] Failed to load resource: the server responded with a status of 500 (Internal Server Error) @ http://localhost:3000/api/stocks/candle?symbol=AAPL&resolution=D&from=1776149746&to=1778741746:0
[   66833ms] [ERROR] Failed to load resource: the server responded with a status of 500 (Internal Server Error) @ http://localhost:3000/api/stocks/indicator?symbol=AAPL&resolution=D&from=1776149746&to=1778741746&indicator=sma&timeperiod=20:0
[   66839ms] [ERROR] Failed to load resource: the server responded with a status of 500 (Internal Server Error) @ http://localhost:3000/api/stocks/indicator?symbol=AAPL&resolution=D&from=1776149746&to=1778741746&indicator=rsi&timeperiod=14:0
[   66861ms] [ERROR] Failed to load resource: the server responded with a status of 500 (Internal Server Error) @ http://localhost:3000/api/stocks/indicator?symbol=AAPL&resolution=D&from=1776149746&to=1778741746&indicator=sma&timeperiod=50:0
[   67128ms] [ERROR] Failed to load resource: the server responded with a status of 500 (Internal Server Error) @ http://localhost:3000/api/stocks/indicator?symbol=AAPL&resolution=D&from=1776149747&to=1778741747&indicator=rsi&timeperiod=14:0
[   67142ms] [ERROR] Failed to load resource: the server responded with a status of 500 (Internal Server Error) @ http://localhost:3000/api/stocks/indicator?symbol=AAPL&resolution=D&from=1776149747&to=1778741747&indicator=sma&timeperiod=50:0
[   67145ms] [ERROR] Failed to load resource: the server responded with a status of 500 (Internal Server Error) @ http://localhost:3000/api/stocks/indicator?symbol=AAPL&resolution=D&from=1776149747&to=1778741747&indicator=sma&timeperiod=20:0
[   67587ms] [ERROR] Failed to load resource: the server responded with a status of 500 (Internal Server Error) @ http://localhost:3000/api/stocks/candle?symbol=AAPL&resolution=D&from=1776149746&to=1778741746:0
[   67888ms] [ERROR] Failed to load resource: the server responded with a status of 500 (Internal Server Error) @ http://localhost:3000/api/stocks/candle?symbol=AAPL&resolution=D&from=1776149748&to=1778741748:0
[   68416ms] [ERROR] Failed to load resource: the server responded with a status of 500 (Internal Server Error) @ http://localhost:3000/api/stocks/indicator?symbol=AAPL&resolution=D&from=1776149747&to=1778741747&indicator=rsi&timeperiod=14:0
[   68439ms] [ERROR] Failed to load resource: the server responded with a status of 500 (Internal Server Error) @ http://localhost:3000/api/stocks/indicator?symbol=AAPL&resolution=D&from=1776149747&to=1778741747&indicator=sma&timeperiod=50:0
[   68453ms] [ERROR] Failed to load resource: the server responded with a status of 500 (Internal Server Error) @ http://localhost:3000/api/stocks/indicator?symbol=AAPL&resolution=D&from=1776149747&to=1778741747&indicator=sma&timeperiod=20:0
[   68710ms] [ERROR] Failed to load resource: the server responded with a status of 500 (Internal Server Error) @ http://localhost:3000/api/stocks/indicator?symbol=AAPL&resolution=D&from=1776149749&to=1778741749&indicator=sma&timeperiod=20:0
[   68715ms] [ERROR] Failed to load resource: the server responded with a status of 500 (Internal Server Error) @ http://localhost:3000/api/stocks/indicator?symbol=AAPL&resolution=D&from=1776149749&to=1778741749&indicator=rsi&timeperiod=14:0
[   68725ms] [ERROR] Failed to load resource: the server responded with a status of 500 (Internal Server Error) @ http://localhost:3000/api/stocks/indicator?symbol=AAPL&resolution=D&from=1776149749&to=1778741749&indicator=sma&timeperiod=50:0
[   69187ms] [ERROR] Failed to load resource: the server responded with a status of 500 (Internal Server Error) @ http://localhost:3000/api/stocks/candle?symbol=AAPL&resolution=D&from=1776149748&to=1778741748:0
[   69473ms] [ERROR] Failed to load resource: the server responded with a status of 500 (Internal Server Error) @ http://localhost:3000/api/stocks/candle?symbol=AAPL&resolution=D&from=1776149749&to=1778741749:0
[   70108ms] [ERROR] Failed to load resource: the server responded with a status of 500 (Internal Server Error) @ http://localhost:3000/api/stocks/indicator?symbol=AAPL&resolution=D&from=1776149749&to=1778741749&indicator=sma&timeperiod=20:0
[   70134ms] [ERROR] Failed to load resource: the server responded with a status of 500 (Internal Server Error) @ http://localhost:3000/api/stocks/indicator?symbol=AAPL&resolution=D&from=1776149749&to=1778741749&indicator=rsi&timeperiod=14:0
[   70202ms] [ERROR] Failed to load resource: the server responded with a status of 500 (Internal Server Error) @ http://localhost:3000/api/stocks/indicator?symbol=AAPL&resolution=D&from=1776149749&to=1778741749&indicator=sma&timeperiod=50:0
[   70419ms] [ERROR] Failed to load resource: the server responded with a status of 500 (Internal Server Error) @ http://localhost:3000/api/stocks/indicator?symbol=AAPL&resolution=D&from=1776149750&to=1778741750&indicator=rsi&timeperiod=14:0
[   70433ms] [ERROR] Failed to load resource: the server responded with a status of 500 (Internal Server Error) @ http://localhost:3000/api/stocks/indicator?symbol=AAPL&resolution=D&from=1776149750&to=1778741750&indicator=sma&timeperiod=20:0
[   70440ms] [ERROR] Failed to load resource: the server responded with a status of 500 (Internal Server Error) @ http://localhost:3000/api/stocks/indicator?symbol=AAPL&resolution=D&from=1776149750&to=1778741750&indicator=sma&timeperiod=50:0
[   70789ms] [ERROR] Failed to load resource: the server responded with a status of 500 (Internal Server Error) @ http://localhost:3000/api/stocks/candle?symbol=AAPL&resolution=D&from=1776149749&to=1778741749:0
[   71089ms] [ERROR] Failed to load resource: the server responded with a status of 500 (Internal Server Error) @ http://localhost:3000/api/stocks/candle?symbol=AAPL&resolution=D&from=1776149751&to=1778741751:0
[   71717ms] [ERROR] Failed to load resource: the server responded with a status of 500 (Internal Server Error) @ http://localhost:3000/api/stocks/indicator?symbol=AAPL&resolution=D&from=1776149750&to=1778741750&indicator=rsi&timeperiod=14:0
[   71734ms] [ERROR] Failed to load resource: the server responded with a status of 500 (Internal Server Error) @ http://localhost:3000/api/stocks/indicator?symbol=AAPL&resolution=D&from=1776149750&to=1778741750&indicator=sma&timeperiod=20:0
[   71742ms] [ERROR] Failed to load resource: the server responded with a status of 500 (Internal Server Error) @ http://localhost:3000/api/stocks/indicator?symbol=AAPL&resolution=D&from=1776149750&to=1778741750&indicator=sma&timeperiod=50:0
[   72010ms] [ERROR] Failed to load resource: the server responded with a status of 500 (Internal Server Error) @ http://localhost:3000/api/stocks/indicator?symbol=AAPL&resolution=D&from=1776149752&to=1778741752&indicator=rsi&timeperiod=14:0
[   72021ms] [ERROR] Failed to load resource: the server responded with a status of 500 (Internal Server Error) @ http://localhost:3000/api/stocks/indicator?symbol=AAPL&resolution=D&from=1776149752&to=1778741752&indicator=sma&timeperiod=20:0
[   72031ms] [ERROR] Failed to load resource: the server responded with a status of 500 (Internal Server Error) @ http://localhost:3000/api/stocks/indicator?symbol=AAPL&resolution=D&from=1776149752&to=1778741752&indicator=sma&timeperiod=50:0
[   72390ms] [ERROR] Failed to load resource: the server responded with a status of 500 (Internal Server Error) @ http://localhost:3000/api/stocks/candle?symbol=AAPL&resolution=D&from=1776149751&to=1778741751:0
[   72677ms] [ERROR] Failed to load resource: the server responded with a status of 500 (Internal Server Error) @ http://localhost:3000/api/stocks/candle?symbol=AAPL&resolution=D&from=1776149753&to=1778741753:0
[   73317ms] [ERROR] Failed to load resource: the server responded with a status of 500 (Internal Server Error) @ http://localhost:3000/api/stocks/indicator?symbol=AAPL&resolution=D&from=1776149752&to=1778741752&indicator=rsi&timeperiod=14:0
[   73323ms] [ERROR] Failed to load resource: the server responded with a status of 500 (Internal Server Error) @ http://localhost:3000/api/stocks/indicator?symbol=AAPL&resolution=D&from=1776149752&to=1778741752&indicator=sma&timeperiod=50:0
[   73324ms] [ERROR] Failed to load resource: the server responded with a status of 500 (Internal Server Error) @ http://localhost:3000/api/stocks/indicator?symbol=AAPL&resolution=D&from=1776149752&to=1778741752&indicator=sma&timeperiod=20:0
[   73621ms] [ERROR] Failed to load resource: the server responded with a status of 500 (Internal Server Error) @ http://localhost:3000/api/stocks/indicator?symbol=AAPL&resolution=D&from=1776149754&to=1778741754&indicator=sma&timeperiod=50:0
[   73630ms] [ERROR] Failed to load resource: the server responded with a status of 500 (Internal Server Error) @ http://localhost:3000/api/stocks/indicator?symbol=AAPL&resolution=D&from=1776149754&to=1778741754&indicator=sma&timeperiod=20:0
[   73633ms] [ERROR] Failed to load resource: the server responded with a status of 500 (Internal Server Error) @ http://localhost:3000/api/stocks/indicator?symbol=AAPL&resolution=D&from=1776149754&to=1778741754&indicator=rsi&timeperiod=14:0
[   74002ms] [ERROR] Failed to load resource: the server responded with a status of 500 (Internal Server Error) @ http://localhost:3000/api/stocks/candle?symbol=AAPL&resolution=D&from=1776149753&to=1778741753:0
[   74319ms] [ERROR] Failed to load resource: the server responded with a status of 500 (Internal Server Error) @ http://localhost:3000/api/stocks/candle?symbol=AAPL&resolution=D&from=1776149754&to=1778741754:0
[   74924ms] [ERROR] Failed to load resource: the server responded with a status of 500 (Internal Server Error) @ http://localhost:3000/api/stocks/indicator?symbol=AAPL&resolution=D&from=1776149754&to=1778741754&indicator=rsi&timeperiod=14:0
[   74929ms] [ERROR] Failed to load resource: the server responded with a status of 500 (Internal Server Error) @ http://localhost:3000/api/stocks/indicator?symbol=AAPL&resolution=D&from=1776149754&to=1778741754&indicator=sma&timeperiod=50:0
[   74944ms] [ERROR] Failed to load resource: the server responded with a status of 500 (Internal Server Error) @ http://localhost:3000/api/stocks/indicator?symbol=AAPL&resolution=D&from=1776149754&to=1778741754&indicator=sma&timeperiod=20:0
[   75215ms] [ERROR] Failed to load resource: the server responded with a status of 500 (Internal Server Error) @ http://localhost:3000/api/stocks/indicator?symbol=AAPL&resolution=D&from=1776149755&to=1778741755&indicator=rsi&timeperiod=14:0
[   75235ms] [ERROR] Failed to load resource: the server responded with a status of 500 (Internal Server Error) @ http://localhost:3000/api/stocks/indicator?symbol=AAPL&resolution=D&from=1776149755&to=1778741755&indicator=sma&timeperiod=20:0
[   75238ms] [ERROR] Failed to load resource: the server responded with a status of 500 (Internal Server Error) @ http://localhost:3000/api/stocks/indicator?symbol=AAPL&resolution=D&from=1776149755&to=1778741755&indicator=sma&timeperiod=50:0
[   75630ms] [ERROR] Failed to load resource: the server responded with a status of 500 (Internal Server Error) @ http://localhost:3000/api/stocks/candle?symbol=AAPL&resolution=D&from=1776149754&to=1778741754:0
[   75924ms] [ERROR] Failed to load resource: the server responded with a status of 500 (Internal Server Error) @ http://localhost:3000/api/stocks/candle?symbol=AAPL&resolution=D&from=1776149756&to=1778741756:0
[   76503ms] [ERROR] Failed to load resource: the server responded with a status of 500 (Internal Server Error) @ http://localhost:3000/api/stocks/indicator?symbol=AAPL&resolution=D&from=1776149755&to=1778741755&indicator=rsi&timeperiod=14:0
[   76541ms] [ERROR] Failed to load resource: the server responded with a status of 500 (Internal Server Error) @ http://localhost:3000/api/stocks/indicator?symbol=AAPL&resolution=D&from=1776149755&to=1778741755&indicator=sma&timeperiod=50:0
[   76543ms] [ERROR] Failed to load resource: the server responded with a status of 500 (Internal Server Error) @ http://localhost:3000/api/stocks/indicator?symbol=AAPL&resolution=D&from=1776149755&to=1778741755&indicator=sma&timeperiod=20:0
[   76813ms] [ERROR] Failed to load resource: the server responded with a status of 500 (Internal Server Error) @ http://localhost:3000/api/stocks/indicator?symbol=AAPL&resolution=D&from=1776149757&to=1778741757&indicator=rsi&timeperiod=14:0
[   76923ms] [ERROR] Failed to load resource: the server responded with a status of 500 (Internal Server Error) @ http://localhost:3000/api/stocks/indicator?symbol=AAPL&resolution=D&from=1776149757&to=1778741757&indicator=sma&timeperiod=20:0
[   76979ms] [ERROR] Failed to load resource: the server responded with a status of 500 (Internal Server Error) @ http://localhost:3000/api/stocks/indicator?symbol=AAPL&resolution=D&from=1776149757&to=1778741757&indicator=sma&timeperiod=50:0
[   77270ms] [ERROR] Failed to load resource: the server responded with a status of 500 (Internal Server Error) @ http://localhost:3000/api/stocks/candle?symbol=AAPL&resolution=D&from=1776149756&to=1778741756:0
[   77714ms] [ERROR] Failed to load resource: the server responded with a status of 500 (Internal Server Error) @ http://localhost:3000/api/stocks/candle?symbol=AAPL&resolution=D&from=1776149758&to=1778741758:0
[   78112ms] [ERROR] Failed to load resource: the server responded with a status of 500 (Internal Server Error) @ http://localhost:3000/api/stocks/indicator?symbol=AAPL&resolution=D&from=1776149757&to=1778741757&indicator=rsi&timeperiod=14:0
[   78275ms] [ERROR] Failed to load resource: the server responded with a status of 500 (Internal Server Error) @ http://localhost:3000/api/stocks/indicator?symbol=AAPL&resolution=D&from=1776149757&to=1778741757&indicator=sma&timeperiod=20:0
[   78276ms] [ERROR] Failed to load resource: the server responded with a status of 500 (Internal Server Error) @ http://localhost:3000/api/stocks/indicator?symbol=AAPL&resolution=D&from=1776149757&to=1778741757&indicator=sma&timeperiod=50:0
[   78413ms] [ERROR] Failed to load resource: the server responded with a status of 500 (Internal Server Error) @ http://localhost:3000/api/stocks/indicator?symbol=AAPL&resolution=D&from=1776149758&to=1778741758&indicator=sma&timeperiod=20:0
[   78433ms] [ERROR] Failed to load resource: the server responded with a status of 500 (Internal Server Error) @ http://localhost:3000/api/stocks/indicator?symbol=AAPL&resolution=D&from=1776149758&to=1778741758&indicator=sma&timeperiod=50:0
[   78851ms] [ERROR] Failed to load resource: the server responded with a status of 500 (Internal Server Error) @ http://localhost:3000/api/stocks/indicator?symbol=AAPL&resolution=D&from=1776149758&to=1778741758&indicator=rsi&timeperiod=14:0
[   79021ms] [ERROR] Failed to load resource: the server responded with a status of 500 (Internal Server Error) @ http://localhost:3000/api/stocks/candle?symbol=AAPL&resolution=D&from=1776149758&to=1778741758:0
[   79309ms] [ERROR] Failed to load resource: the server responded with a status of 500 (Internal Server Error) @ http://localhost:3000/api/stocks/candle?symbol=AAPL&resolution=D&from=1776149759&to=1778741759:0
[   79774ms] [ERROR] Failed to load resource: the server responded with a status of 500 (Internal Server Error) @ http://localhost:3000/api/stocks/indicator?symbol=AAPL&resolution=D&from=1776149758&to=1778741758&indicator=sma&timeperiod=20:0
[   79792ms] [ERROR] Failed to load resource: the server responded with a status of 500 (Internal Server Error) @ http://localhost:3000/api/stocks/indicator?symbol=AAPL&resolution=D&from=1776149758&to=1778741758&indicator=sma&timeperiod=50:0
[   80064ms] [ERROR] Failed to load resource: the server responded with a status of 500 (Internal Server Error) @ http://localhost:3000/api/stocks/indicator?symbol=AAPL&resolution=D&from=1776149760&to=1778741760&indicator=rsi&timeperiod=14:0
[   80133ms] [ERROR] Failed to load resource: the server responded with a status of 500 (Internal Server Error) @ http://localhost:3000/api/stocks/indicator?symbol=AAPL&resolution=D&from=1776149760&to=1778741760&indicator=sma&timeperiod=20:0
[   80142ms] [ERROR] Failed to load resource: the server responded with a status of 500 (Internal Server Error) @ http://localhost:3000/api/stocks/indicator?symbol=AAPL&resolution=D&from=1776149760&to=1778741760&indicator=sma&timeperiod=50:0
[   80715ms] [ERROR] Failed to load resource: the server responded with a status of 500 (Internal Server Error) @ http://localhost:3000/api/stocks/candle?symbol=AAPL&resolution=D&from=1776149759&to=1778741759:0
[   81006ms] [ERROR] Failed to load resource: the server responded with a status of 500 (Internal Server Error) @ http://localhost:3000/api/stocks/candle?symbol=AAPL&resolution=D&from=1776149761&to=1778741761:0
[   81354ms] [ERROR] Failed to load resource: the server responded with a status of 500 (Internal Server Error) @ http://localhost:3000/api/stocks/indicator?symbol=AAPL&resolution=D&from=1776149760&to=1778741760&indicator=rsi&timeperiod=14:0
[   81435ms] [ERROR] Failed to load resource: the server responded with a status of 500 (Internal Server Error) @ http://localhost:3000/api/stocks/indicator?symbol=AAPL&resolution=D&from=1776149760&to=1778741760&indicator=sma&timeperiod=20:0
[   81440ms] [ERROR] Failed to load resource: the server responded with a status of 500 (Internal Server Error) @ http://localhost:3000/api/stocks/indicator?symbol=AAPL&resolution=D&from=1776149760&to=1778741760&indicator=sma&timeperiod=50:0
[   81638ms] [ERROR] Failed to load resource: the server responded with a status of 500 (Internal Server Error) @ http://localhost:3000/api/stocks/indicator?symbol=AAPL&resolution=D&from=1776149762&to=1778741762&indicator=rsi&timeperiod=14:0
[   81652ms] [ERROR] Failed to load resource: the server responded with a status of 500 (Internal Server Error) @ http://localhost:3000/api/stocks/indicator?symbol=AAPL&resolution=D&from=1776149762&to=1778741762&indicator=sma&timeperiod=20:0
[   81673ms] [ERROR] Failed to load resource: the server responded with a status of 500 (Internal Server Error) @ http://localhost:3000/api/stocks/indicator?symbol=AAPL&resolution=D&from=1776149762&to=1778741762&indicator=sma&timeperiod=50:0
[   82312ms] [ERROR] Failed to load resource: the server responded with a status of 500 (Internal Server Error) @ http://localhost:3000/api/stocks/candle?symbol=AAPL&resolution=D&from=1776149761&to=1778741761:0
[   82602ms] [ERROR] Failed to load resource: the server responded with a status of 500 (Internal Server Error) @ http://localhost:3000/api/stocks/candle?symbol=AAPL&resolution=D&from=1776149763&to=1778741763:0
[   82726ms] [LOG] [Fast Refresh] rebuilding @ http://localhost:3000/_next/static/chunks/node_modules_next_dist_115brz8._.js:2431
[   82726ms] [LOG] [Fast Refresh] done in 104ms @ http://localhost:3000/_next/static/chunks/node_modules_next_dist_115brz8._.js:2431
[   82947ms] [ERROR] Failed to load resource: the server responded with a status of 500 (Internal Server Error) @ http://localhost:3000/api/stocks/indicator?symbol=AAPL&resolution=D&from=1776149762&to=1778741762&indicator=rsi&timeperiod=14:0
[   82966ms] [ERROR] Failed to load resource: the server responded with a status of 500 (Internal Server Error) @ http://localhost:3000/api/stocks/indicator?symbol=AAPL&resolution=D&from=1776149762&to=1778741762&indicator=sma&timeperiod=20:0
[   82973ms] [ERROR] Failed to load resource: the server responded with a status of 500 (Internal Server Error) @ http://localhost:3000/api/stocks/indicator?symbol=AAPL&resolution=D&from=1776149762&to=1778741762&indicator=sma&timeperiod=50:0
[   83241ms] [ERROR] Failed to load resource: the server responded with a status of 500 (Internal Server Error) @ http://localhost:3000/api/stocks/indicator?symbol=AAPL&resolution=D&from=1776149763&to=1778741763&indicator=rsi&timeperiod=14:0
[   83263ms] [ERROR] Failed to load resource: the server responded with a status of 500 (Internal Server Error) @ http://localhost:3000/api/stocks/indicator?symbol=AAPL&resolution=D&from=1776149763&to=1778741763&indicator=sma&timeperiod=50:0
[   83265ms] [ERROR] Failed to load resource: the server responded with a status of 500 (Internal Server Error) @ http://localhost:3000/api/stocks/indicator?symbol=AAPL&resolution=D&from=1776149763&to=1778741763&indicator=sma&timeperiod=20:0
[   83911ms] [ERROR] Failed to load resource: the server responded with a status of 500 (Internal Server Error) @ http://localhost:3000/api/stocks/candle?symbol=AAPL&resolution=D&from=1776149763&to=1778741763:0
[   84203ms] [ERROR] Failed to load resource: the server responded with a status of 500 (Internal Server Error) @ http://localhost:3000/api/stocks/candle?symbol=AAPL&resolution=D&from=1776149764&to=1778741764:0
[   84528ms] [ERROR] Failed to load resource: the server responded with a status of 500 (Internal Server Error) @ http://localhost:3000/api/stocks/indicator?symbol=AAPL&resolution=D&from=1776149763&to=1778741763&indicator=rsi&timeperiod=14:0
[   84556ms] [ERROR] Failed to load resource: the server responded with a status of 500 (Internal Server Error) @ http://localhost:3000/api/stocks/indicator?symbol=AAPL&resolution=D&from=1776149763&to=1778741763&indicator=sma&timeperiod=20:0
[   84568ms] [ERROR] Failed to load resource: the server responded with a status of 500 (Internal Server Error) @ http://localhost:3000/api/stocks/indicator?symbol=AAPL&resolution=D&from=1776149763&to=1778741763&indicator=sma&timeperiod=50:0
[   84816ms] [ERROR] Failed to load resource: the server responded with a status of 500 (Internal Server Error) @ http://localhost:3000/api/stocks/indicator?symbol=AAPL&resolution=D&from=1776149765&to=1778741765&indicator=rsi&timeperiod=14:0
[   84828ms] [ERROR] Failed to load resource: the server responded with a status of 500 (Internal Server Error) @ http://localhost:3000/api/stocks/indicator?symbol=AAPL&resolution=D&from=1776149765&to=1778741765&indicator=sma&timeperiod=20:0
[   84845ms] [ERROR] Failed to load resource: the server responded with a status of 500 (Internal Server Error) @ http://localhost:3000/api/stocks/indicator?symbol=AAPL&resolution=D&from=1776149765&to=1778741765&indicator=sma&timeperiod=50:0
[   85504ms] [ERROR] Failed to load resource: the server responded with a status of 500 (Internal Server Error) @ http://localhost:3000/api/stocks/candle?symbol=AAPL&resolution=D&from=1776149764&to=1778741764:0
[   85803ms] [ERROR] Failed to load resource: the server responded with a status of 500 (Internal Server Error) @ http://localhost:3000/api/stocks/candle?symbol=AAPL&resolution=D&from=1776149766&to=1778741766:0
[   86104ms] [ERROR] Failed to load resource: the server responded with a status of 500 (Internal Server Error) @ http://localhost:3000/api/stocks/indicator?symbol=AAPL&resolution=D&from=1776149765&to=1778741765&indicator=rsi&timeperiod=14:0
[   86126ms] [ERROR] Failed to load resource: the server responded with a status of 500 (Internal Server Error) @ http://localhost:3000/api/stocks/indicator?symbol=AAPL&resolution=D&from=1776149765&to=1778741765&indicator=sma&timeperiod=20:0
[   86145ms] [ERROR] Failed to load resource: the server responded with a status of 500 (Internal Server Error) @ http://localhost:3000/api/stocks/indicator?symbol=AAPL&resolution=D&from=1776149765&to=1778741765&indicator=sma&timeperiod=50:0
[   86403ms] [ERROR] Failed to load resource: the server responded with a status of 500 (Internal Server Error) @ http://localhost:3000/api/stocks/indicator?symbol=AAPL&resolution=D&from=1776149766&to=1778741766&indicator=rsi&timeperiod=14:0
[   86452ms] [ERROR] Failed to load resource: the server responded with a status of 500 (Internal Server Error) @ http://localhost:3000/api/stocks/indicator?symbol=AAPL&resolution=D&from=1776149766&to=1778741766&indicator=sma&timeperiod=50:0
[   86473ms] [ERROR] Failed to load resource: the server responded with a status of 500 (Internal Server Error) @ http://localhost:3000/api/stocks/indicator?symbol=AAPL&resolution=D&from=1776149766&to=1778741766&indicator=sma&timeperiod=20:0
[   87128ms] [ERROR] Failed to load resource: the server responded with a status of 500 (Internal Server Error) @ http://localhost:3000/api/stocks/candle?symbol=AAPL&resolution=D&from=1776149766&to=1778741766:0
[   87449ms] [ERROR] Failed to load resource: the server responded with a status of 500 (Internal Server Error) @ http://localhost:3000/api/stocks/candle?symbol=AAPL&resolution=D&from=1776149767&to=1778741767:0
[   87726ms] [ERROR] Failed to load resource: the server responded with a status of 500 (Internal Server Error) @ http://localhost:3000/api/stocks/indicator?symbol=AAPL&resolution=D&from=1776149766&to=1778741766&indicator=rsi&timeperiod=14:0
[   87749ms] [ERROR] Failed to load resource: the server responded with a status of 500 (Internal Server Error) @ http://localhost:3000/api/stocks/indicator?symbol=AAPL&resolution=D&from=1776149766&to=1778741766&indicator=sma&timeperiod=50:0
[   87775ms] [ERROR] Failed to load resource: the server responded with a status of 500 (Internal Server Error) @ http://localhost:3000/api/stocks/indicator?symbol=AAPL&resolution=D&from=1776149766&to=1778741766&indicator=sma&timeperiod=20:0
[   88030ms] [ERROR] Failed to load resource: the server responded with a status of 500 (Internal Server Error) @ http://localhost:3000/api/stocks/indicator?symbol=AAPL&resolution=D&from=1776149768&to=1778741768&indicator=rsi&timeperiod=14:0
[   88033ms] [ERROR] Failed to load resource: the server responded with a status of 500 (Internal Server Error) @ http://localhost:3000/api/stocks/indicator?symbol=AAPL&resolution=D&from=1776149768&to=1778741768&indicator=sma&timeperiod=20:0
[   88060ms] [ERROR] Failed to load resource: the server responded with a status of 500 (Internal Server Error) @ http://localhost:3000/api/stocks/indicator?symbol=AAPL&resolution=D&from=1776149768&to=1778741768&indicator=sma&timeperiod=50:0
[   88750ms] [ERROR] Failed to load resource: the server responded with a status of 500 (Internal Server Error) @ http://localhost:3000/api/stocks/candle?symbol=AAPL&resolution=D&from=1776149767&to=1778741767:0
[   89057ms] [ERROR] Failed to load resource: the server responded with a status of 500 (Internal Server Error) @ http://localhost:3000/api/stocks/candle?symbol=AAPL&resolution=D&from=1776149769&to=1778741769:0
[   89323ms] [ERROR] Failed to load resource: the server responded with a status of 500 (Internal Server Error) @ http://localhost:3000/api/stocks/indicator?symbol=AAPL&resolution=D&from=1776149768&to=1778741768&indicator=sma&timeperiod=20:0
[   89329ms] [ERROR] Failed to load resource: the server responded with a status of 500 (Internal Server Error) @ http://localhost:3000/api/stocks/indicator?symbol=AAPL&resolution=D&from=1776149768&to=1778741768&indicator=rsi&timeperiod=14:0
[   89354ms] [ERROR] Failed to load resource: the server responded with a status of 500 (Internal Server Error) @ http://localhost:3000/api/stocks/indicator?symbol=AAPL&resolution=D&from=1776149768&to=1778741768&indicator=sma&timeperiod=50:0
[   89652ms] [ERROR] Failed to load resource: the server responded with a status of 500 (Internal Server Error) @ http://localhost:3000/api/stocks/indicator?symbol=AAPL&resolution=D&from=1776149770&to=1778741770&indicator=sma&timeperiod=20:0
[   89656ms] [ERROR] Failed to load resource: the server responded with a status of 500 (Internal Server Error) @ http://localhost:3000/api/stocks/indicator?symbol=AAPL&resolution=D&from=1776149770&to=1778741770&indicator=rsi&timeperiod=14:0
[   89662ms] [ERROR] Failed to load resource: the server responded with a status of 500 (Internal Server Error) @ http://localhost:3000/api/stocks/indicator?symbol=AAPL&resolution=D&from=1776149770&to=1778741770&indicator=sma&timeperiod=50:0
[   90406ms] [ERROR] Failed to load resource: the server responded with a status of 500 (Internal Server Error) @ http://localhost:3000/api/stocks/candle?symbol=AAPL&resolution=D&from=1776149769&to=1778741769:0
[   90749ms] [ERROR] Failed to load resource: the server responded with a status of 500 (Internal Server Error) @ http://localhost:3000/api/stocks/candle?symbol=AAPL&resolution=D&from=1776149771&to=1778741771:0
[   90969ms] [ERROR] Failed to load resource: the server responded with a status of 500 (Internal Server Error) @ http://localhost:3000/api/stocks/indicator?symbol=AAPL&resolution=D&from=1776149770&to=1778741770&indicator=sma&timeperiod=50:0
[   90974ms] [ERROR] Failed to load resource: the server responded with a status of 500 (Internal Server Error) @ http://localhost:3000/api/stocks/indicator?symbol=AAPL&resolution=D&from=1776149770&to=1778741770&indicator=rsi&timeperiod=14:0
[   90975ms] [ERROR] Failed to load resource: the server responded with a status of 500 (Internal Server Error) @ http://localhost:3000/api/stocks/indicator?symbol=AAPL&resolution=D&from=1776149770&to=1778741770&indicator=sma&timeperiod=20:0
[   91271ms] [ERROR] Failed to load resource: the server responded with a status of 500 (Internal Server Error) @ http://localhost:3000/api/stocks/indicator?symbol=AAPL&resolution=D&from=1776149771&to=1778741771&indicator=sma&timeperiod=50:0
[   91278ms] [ERROR] Failed to load resource: the server responded with a status of 500 (Internal Server Error) @ http://localhost:3000/api/stocks/indicator?symbol=AAPL&resolution=D&from=1776149771&to=1778741771&indicator=rsi&timeperiod=14:0
[   91281ms] [ERROR] Failed to load resource: the server responded with a status of 500 (Internal Server Error) @ http://localhost:3000/api/stocks/indicator?symbol=AAPL&resolution=D&from=1776149771&to=1778741771&indicator=sma&timeperiod=20:0
[   92052ms] [ERROR] Failed to load resource: the server responded with a status of 500 (Internal Server Error) @ http://localhost:3000/api/stocks/candle?symbol=AAPL&resolution=D&from=1776149771&to=1778741771:0
[   92381ms] [ERROR] Failed to load resource: the server responded with a status of 500 (Internal Server Error) @ http://localhost:3000/api/stocks/candle?symbol=AAPL&resolution=D&from=1776149772&to=1778741772:0
[   92569ms] [ERROR] Failed to load resource: the server responded with a status of 500 (Internal Server Error) @ http://localhost:3000/api/stocks/indicator?symbol=AAPL&resolution=D&from=1776149771&to=1778741771&indicator=sma&timeperiod=50:0
[   92573ms] [ERROR] Failed to load resource: the server responded with a status of 500 (Internal Server Error) @ http://localhost:3000/api/stocks/indicator?symbol=AAPL&resolution=D&from=1776149771&to=1778741771&indicator=rsi&timeperiod=14:0
[   92583ms] [ERROR] Failed to load resource: the server responded with a status of 500 (Internal Server Error) @ http://localhost:3000/api/stocks/indicator?symbol=AAPL&resolution=D&from=1776149771&to=1778741771&indicator=sma&timeperiod=20:0
[   92868ms] [ERROR] Failed to load resource: the server responded with a status of 500 (Internal Server Error) @ http://localhost:3000/api/stocks/indicator?symbol=AAPL&resolution=D&from=1776149773&to=1778741773&indicator=rsi&timeperiod=14:0
[   92875ms] [ERROR] Failed to load resource: the server responded with a status of 500 (Internal Server Error) @ http://localhost:3000/api/stocks/indicator?symbol=AAPL&resolution=D&from=1776149773&to=1778741773&indicator=sma&timeperiod=50:0
[   92881ms] [ERROR] Failed to load resource: the server responded with a status of 500 (Internal Server Error) @ http://localhost:3000/api/stocks/indicator?symbol=AAPL&resolution=D&from=1776149773&to=1778741773&indicator=sma&timeperiod=20:0
[   93697ms] [ERROR] Failed to load resource: the server responded with a status of 500 (Internal Server Error) @ http://localhost:3000/api/stocks/candle?symbol=AAPL&resolution=D&from=1776149772&to=1778741772:0
[   94035ms] [ERROR] Failed to load resource: the server responded with a status of 500 (Internal Server Error) @ http://localhost:3000/api/stocks/candle?symbol=AAPL&resolution=D&from=1776149774&to=1778741774:0
[   94170ms] [ERROR] Failed to load resource: the server responded with a status of 500 (Internal Server Error) @ http://localhost:3000/api/stocks/indicator?symbol=AAPL&resolution=D&from=1776149773&to=1778741773&indicator=sma&timeperiod=50:0
[   94178ms] [ERROR] Failed to load resource: the server responded with a status of 500 (Internal Server Error) @ http://localhost:3000/api/stocks/indicator?symbol=AAPL&resolution=D&from=1776149773&to=1778741773&indicator=sma&timeperiod=20:0
[   94190ms] [ERROR] Failed to load resource: the server responded with a status of 500 (Internal Server Error) @ http://localhost:3000/api/stocks/indicator?symbol=AAPL&resolution=D&from=1776149773&to=1778741773&indicator=rsi&timeperiod=14:0
[   94470ms] [ERROR] Failed to load resource: the server responded with a status of 500 (Internal Server Error) @ http://localhost:3000/api/stocks/indicator?symbol=AAPL&resolution=D&from=1776149774&to=1778741774&indicator=sma&timeperiod=20:0
[   94472ms] [ERROR] Failed to load resource: the server responded with a status of 500 (Internal Server Error) @ http://localhost:3000/api/stocks/indicator?symbol=AAPL&resolution=D&from=1776149774&to=1778741774&indicator=rsi&timeperiod=14:0
[   94493ms] [ERROR] Failed to load resource: the server responded with a status of 500 (Internal Server Error) @ http://localhost:3000/api/stocks/indicator?symbol=AAPL&resolution=D&from=1776149774&to=1778741774&indicator=sma&timeperiod=50:0
[   95343ms] [ERROR] Failed to load resource: the server responded with a status of 500 (Internal Server Error) @ http://localhost:3000/api/stocks/candle?symbol=AAPL&resolution=D&from=1776149774&to=1778741774:0
[   95632ms] [ERROR] Failed to load resource: the server responded with a status of 500 (Internal Server Error) @ http://localhost:3000/api/stocks/candle?symbol=AAPL&resolution=D&from=1776149776&to=1778741776:0
[   95773ms] [ERROR] Failed to load resource: the server responded with a status of 500 (Internal Server Error) @ http://localhost:3000/api/stocks/indicator?symbol=AAPL&resolution=D&from=1776149774&to=1778741774&indicator=sma&timeperiod=20:0
[   95777ms] [ERROR] Failed to load resource: the server responded with a status of 500 (Internal Server Error) @ http://localhost:3000/api/stocks/indicator?symbol=AAPL&resolution=D&from=1776149774&to=1778741774&indicator=rsi&timeperiod=14:0
[   95790ms] [ERROR] Failed to load resource: the server responded with a status of 500 (Internal Server Error) @ http://localhost:3000/api/stocks/indicator?symbol=AAPL&resolution=D&from=1776149774&to=1778741774&indicator=sma&timeperiod=50:0
[   96080ms] [ERROR] Failed to load resource: the server responded with a status of 500 (Internal Server Error) @ http://localhost:3000/api/stocks/indicator?symbol=AAPL&resolution=D&from=1776149776&to=1778741776&indicator=sma&timeperiod=50:0
[   96084ms] [ERROR] Failed to load resource: the server responded with a status of 500 (Internal Server Error) @ http://localhost:3000/api/stocks/indicator?symbol=AAPL&resolution=D&from=1776149776&to=1778741776&indicator=rsi&timeperiod=14:0
[   96094ms] [ERROR] Failed to load resource: the server responded with a status of 500 (Internal Server Error) @ http://localhost:3000/api/stocks/indicator?symbol=AAPL&resolution=D&from=1776149776&to=1778741776&indicator=sma&timeperiod=20:0
[   96933ms] [ERROR] Failed to load resource: the server responded with a status of 500 (Internal Server Error) @ http://localhost:3000/api/stocks/candle?symbol=AAPL&resolution=D&from=1776149776&to=1778741776:0
[   97242ms] [ERROR] Failed to load resource: the server responded with a status of 500 (Internal Server Error) @ http://localhost:3000/api/stocks/candle?symbol=AAPL&resolution=D&from=1776149777&to=1778741777:0
[   97369ms] [ERROR] Failed to load resource: the server responded with a status of 500 (Internal Server Error) @ http://localhost:3000/api/stocks/indicator?symbol=AAPL&resolution=D&from=1776149776&to=1778741776&indicator=sma&timeperiod=50:0
[   97377ms] [ERROR] Failed to load resource: the server responded with a status of 500 (Internal Server Error) @ http://localhost:3000/api/stocks/indicator?symbol=AAPL&resolution=D&from=1776149776&to=1778741776&indicator=rsi&timeperiod=14:0
[   97384ms] [ERROR] Failed to load resource: the server responded with a status of 500 (Internal Server Error) @ http://localhost:3000/api/stocks/indicator?symbol=AAPL&resolution=D&from=1776149776&to=1778741776&indicator=sma&timeperiod=20:0
[   97676ms] [ERROR] Failed to load resource: the server responded with a status of 500 (Internal Server Error) @ http://localhost:3000/api/stocks/indicator?symbol=AAPL&resolution=D&from=1776149778&to=1778741778&indicator=rsi&timeperiod=14:0
[   97679ms] [ERROR] Failed to load resource: the server responded with a status of 500 (Internal Server Error) @ http://localhost:3000/api/stocks/indicator?symbol=AAPL&resolution=D&from=1776149778&to=1778741778&indicator=sma&timeperiod=20:0
[   97684ms] [ERROR] Failed to load resource: the server responded with a status of 500 (Internal Server Error) @ http://localhost:3000/api/stocks/indicator?symbol=AAPL&resolution=D&from=1776149778&to=1778741778&indicator=sma&timeperiod=50:0
[   98533ms] [ERROR] Failed to load resource: the server responded with a status of 500 (Internal Server Error) @ http://localhost:3000/api/stocks/candle?symbol=AAPL&resolution=D&from=1776149777&to=1778741777:0
[   98820ms] [ERROR] Failed to load resource: the server responded with a status of 500 (Internal Server Error) @ http://localhost:3000/api/stocks/candle?symbol=AAPL&resolution=D&from=1776149779&to=1778741779:0
[   98975ms] [ERROR] Failed to load resource: the server responded with a status of 500 (Internal Server Error) @ http://localhost:3000/api/stocks/indicator?symbol=AAPL&resolution=D&from=1776149778&to=1778741778&indicator=sma&timeperiod=20:0
[   98979ms] [ERROR] Failed to load resource: the server responded with a status of 500 (Internal Server Error) @ http://localhost:3000/api/stocks/indicator?symbol=AAPL&resolution=D&from=1776149778&to=1778741778&indicator=rsi&timeperiod=14:0
[   98992ms] [ERROR] Failed to load resource: the server responded with a status of 500 (Internal Server Error) @ http://localhost:3000/api/stocks/indicator?symbol=AAPL&resolution=D&from=1776149778&to=1778741778&indicator=sma&timeperiod=50:0
[   99272ms] [ERROR] Failed to load resource: the server responded with a status of 500 (Internal Server Error) @ http://localhost:3000/api/stocks/indicator?symbol=AAPL&resolution=D&from=1776149779&to=1778741779&indicator=rsi&timeperiod=14:0
[   99279ms] [ERROR] Failed to load resource: the server responded with a status of 500 (Internal Server Error) @ http://localhost:3000/api/stocks/indicator?symbol=AAPL&resolution=D&from=1776149779&to=1778741779&indicator=sma&timeperiod=20:0
[   99745ms] [ERROR] Failed to load resource: the server responded with a status of 500 (Internal Server Error) @ http://localhost:3000/api/stocks/indicator?symbol=AAPL&resolution=D&from=1776149779&to=1778741779&indicator=sma&timeperiod=50:0
[  100115ms] [ERROR] Failed to load resource: the server responded with a status of 500 (Internal Server Error) @ http://localhost:3000/api/stocks/candle?symbol=AAPL&resolution=D&from=1776149779&to=1778741779:0
[  100430ms] [ERROR] Failed to load resource: the server responded with a status of 500 (Internal Server Error) @ http://localhost:3000/api/stocks/candle?symbol=AAPL&resolution=D&from=1776149780&to=1778741780:0
[  100572ms] [ERROR] Failed to load resource: the server responded with a status of 500 (Internal Server Error) @ http://localhost:3000/api/stocks/indicator?symbol=AAPL&resolution=D&from=1776149779&to=1778741779&indicator=sma&timeperiod=20:0
[  100584ms] [ERROR] Failed to load resource: the server responded with a status of 500 (Internal Server Error) @ http://localhost:3000/api/stocks/indicator?symbol=AAPL&resolution=D&from=1776149779&to=1778741779&indicator=rsi&timeperiod=14:0
[  100872ms] [ERROR] Failed to load resource: the server responded with a status of 500 (Internal Server Error) @ http://localhost:3000/api/stocks/indicator?symbol=AAPL&resolution=D&from=1776149781&to=1778741781&indicator=sma&timeperiod=50:0
[  100875ms] [ERROR] Failed to load resource: the server responded with a status of 500 (Internal Server Error) @ http://localhost:3000/api/stocks/indicator?symbol=AAPL&resolution=D&from=1776149781&to=1778741781&indicator=rsi&timeperiod=14:0
[  100881ms] [ERROR] Failed to load resource: the server responded with a status of 500 (Internal Server Error) @ http://localhost:3000/api/stocks/indicator?symbol=AAPL&resolution=D&from=1776149781&to=1778741781&indicator=sma&timeperiod=20:0
[  101722ms] [ERROR] Failed to load resource: the server responded with a status of 500 (Internal Server Error) @ http://localhost:3000/api/stocks/candle?symbol=AAPL&resolution=D&from=1776149780&to=1778741780:0
[  102003ms] [ERROR] Failed to load resource: the server responded with a status of 500 (Internal Server Error) @ http://localhost:3000/api/stocks/candle?symbol=AAPL&resolution=D&from=1776149782&to=1778741782:0
[  102187ms] [ERROR] Failed to load resource: the server responded with a status of 500 (Internal Server Error) @ http://localhost:3000/api/stocks/indicator?symbol=AAPL&resolution=D&from=1776149781&to=1778741781&indicator=sma&timeperiod=20:0
[  102193ms] [ERROR] Failed to load resource: the server responded with a status of 500 (Internal Server Error) @ http://localhost:3000/api/stocks/indicator?symbol=AAPL&resolution=D&from=1776149781&to=1778741781&indicator=sma&timeperiod=50:0
[  102216ms] [ERROR] Failed to load resource: the server responded with a status of 500 (Internal Server Error) @ http://localhost:3000/api/stocks/indicator?symbol=AAPL&resolution=D&from=1776149781&to=1778741781&indicator=rsi&timeperiod=14:0
[  102506ms] [ERROR] Failed to load resource: the server responded with a status of 500 (Internal Server Error) @ http://localhost:3000/api/stocks/indicator?symbol=AAPL&resolution=D&from=1776149782&to=1778741782&indicator=sma&timeperiod=50:0
[  102508ms] [ERROR] Failed to load resource: the server responded with a status of 500 (Internal Server Error) @ http://localhost:3000/api/stocks/indicator?symbol=AAPL&resolution=D&from=1776149782&to=1778741782&indicator=rsi&timeperiod=14:0
[  102531ms] [ERROR] Failed to load resource: the server responded with a status of 500 (Internal Server Error) @ http://localhost:3000/api/stocks/indicator?symbol=AAPL&resolution=D&from=1776149782&to=1778741782&indicator=sma&timeperiod=20:0
[  103296ms] [ERROR] Failed to load resource: the server responded with a status of 500 (Internal Server Error) @ http://localhost:3000/api/stocks/candle?symbol=AAPL&resolution=D&from=1776149782&to=1778741782:0
[  103616ms] [ERROR] Failed to load resource: the server responded with a status of 500 (Internal Server Error) @ http://localhost:3000/api/stocks/candle?symbol=AAPL&resolution=D&from=1776149784&to=1778741784:0
[  103810ms] [ERROR] Failed to load resource: the server responded with a status of 500 (Internal Server Error) @ http://localhost:3000/api/stocks/indicator?symbol=AAPL&resolution=D&from=1776149782&to=1778741782&indicator=rsi&timeperiod=14:0
[  103827ms] [ERROR] Failed to load resource: the server responded with a status of 500 (Internal Server Error) @ http://localhost:3000/api/stocks/indicator?symbol=AAPL&resolution=D&from=1776149782&to=1778741782&indicator=sma&timeperiod=50:0
[  103849ms] [ERROR] Failed to load resource: the server responded with a status of 500 (Internal Server Error) @ http://localhost:3000/api/stocks/indicator?symbol=AAPL&resolution=D&from=1776149782&to=1778741782&indicator=sma&timeperiod=20:0
[  104100ms] [ERROR] Failed to load resource: the server responded with a status of 500 (Internal Server Error) @ http://localhost:3000/api/stocks/indicator?symbol=AAPL&resolution=D&from=1776149784&to=1778741784&indicator=sma&timeperiod=20:0
[  104118ms] [ERROR] Failed to load resource: the server responded with a status of 500 (Internal Server Error) @ http://localhost:3000/api/stocks/indicator?symbol=AAPL&resolution=D&from=1776149784&to=1778741784&indicator=sma&timeperiod=50:0
[  104137ms] [ERROR] Failed to load resource: the server responded with a status of 500 (Internal Server Error) @ http://localhost:3000/api/stocks/indicator?symbol=AAPL&resolution=D&from=1776149784&to=1778741784&indicator=rsi&timeperiod=14:0
[  104928ms] [ERROR] Failed to load resource: the server responded with a status of 500 (Internal Server Error) @ http://localhost:3000/api/stocks/candle?symbol=AAPL&resolution=D&from=1776149784&to=1778741784:0
[  105317ms] [ERROR] Failed to load resource: the server responded with a status of 500 (Internal Server Error) @ http://localhost:3000/api/stocks/candle?symbol=AAPL&resolution=D&from=1776149785&to=1778741785:0
[  105477ms] [ERROR] Failed to load resource: the server responded with a status of 500 (Internal Server Error) @ http://localhost:3000/api/stocks/indicator?symbol=AAPL&resolution=D&from=1776149784&to=1778741784&indicator=sma&timeperiod=20:0
[  105647ms] [ERROR] Failed to load resource: the server responded with a status of 500 (Internal Server Error) @ http://localhost:3000/api/stocks/indicator?symbol=AAPL&resolution=D&from=1776149784&to=1778741784&indicator=sma&timeperiod=50:0
[  105655ms] [ERROR] Failed to load resource: the server responded with a status of 500 (Internal Server Error) @ http://localhost:3000/api/stocks/indicator?symbol=AAPL&resolution=D&from=1776149784&to=1778741784&indicator=rsi&timeperiod=14:0
[  105870ms] [ERROR] Failed to load resource: the server responded with a status of 500 (Internal Server Error) @ http://localhost:3000/api/stocks/indicator?symbol=AAPL&resolution=D&from=1776149786&to=1778741786&indicator=rsi&timeperiod=14:0
[  105911ms] [ERROR] Failed to load resource: the server responded with a status of 500 (Internal Server Error) @ http://localhost:3000/api/stocks/indicator?symbol=AAPL&resolution=D&from=1776149786&to=1778741786&indicator=sma&timeperiod=20:0
[  106006ms] [ERROR] Failed to load resource: the server responded with a status of 500 (Internal Server Error) @ http://localhost:3000/api/stocks/indicator?symbol=AAPL&resolution=D&from=1776149786&to=1778741786&indicator=sma&timeperiod=50:0
[  106613ms] [ERROR] Failed to load resource: the server responded with a status of 500 (Internal Server Error) @ http://localhost:3000/api/stocks/candle?symbol=AAPL&resolution=D&from=1776149785&to=1778741785:0
[  106900ms] [ERROR] Failed to load resource: the server responded with a status of 500 (Internal Server Error) @ http://localhost:3000/api/stocks/candle?symbol=AAPL&resolution=D&from=1776149787&to=1778741787:0
[  107182ms] [ERROR] Failed to load resource: the server responded with a status of 500 (Internal Server Error) @ http://localhost:3000/api/stocks/indicator?symbol=AAPL&resolution=D&from=1776149786&to=1778741786&indicator=rsi&timeperiod=14:0
[  107206ms] [ERROR] Failed to load resource: the server responded with a status of 500 (Internal Server Error) @ http://localhost:3000/api/stocks/indicator?symbol=AAPL&resolution=D&from=1776149786&to=1778741786&indicator=sma&timeperiod=20:0
[  107314ms] [ERROR] Failed to load resource: the server responded with a status of 500 (Internal Server Error) @ http://localhost:3000/api/stocks/indicator?symbol=AAPL&resolution=D&from=1776149786&to=1778741786&indicator=sma&timeperiod=50:0
[  107479ms] [ERROR] Failed to load resource: the server responded with a status of 500 (Internal Server Error) @ http://localhost:3000/api/stocks/indicator?symbol=AAPL&resolution=D&from=1776149787&to=1778741787&indicator=sma&timeperiod=50:0
[  107482ms] [ERROR] Failed to load resource: the server responded with a status of 500 (Internal Server Error) @ http://localhost:3000/api/stocks/indicator?symbol=AAPL&resolution=D&from=1776149787&to=1778741787&indicator=rsi&timeperiod=14:0
[  107487ms] [ERROR] Failed to load resource: the server responded with a status of 500 (Internal Server Error) @ http://localhost:3000/api/stocks/indicator?symbol=AAPL&resolution=D&from=1776149787&to=1778741787&indicator=sma&timeperiod=20:0
[  108197ms] [ERROR] Failed to load resource: the server responded with a status of 500 (Internal Server Error) @ http://localhost:3000/api/stocks/candle?symbol=AAPL&resolution=D&from=1776149787&to=1778741787:0
[  108490ms] [ERROR] Failed to load resource: the server responded with a status of 500 (Internal Server Error) @ http://localhost:3000/api/stocks/candle?symbol=AAPL&resolution=D&from=1776149789&to=1778741789:0
[  108797ms] [ERROR] Failed to load resource: the server responded with a status of 500 (Internal Server Error) @ http://localhost:3000/api/stocks/indicator?symbol=AAPL&resolution=D&from=1776149787&to=1778741787&indicator=sma&timeperiod=20:0
[  109193ms] [ERROR] Failed to load resource: the server responded with a status of 500 (Internal Server Error) @ http://localhost:3000/api/stocks/indicator?symbol=AAPL&resolution=D&from=1776149787&to=1778741787&indicator=sma&timeperiod=50:0
[  109193ms] [ERROR] Failed to load resource: the server responded with a status of 500 (Internal Server Error) @ http://localhost:3000/api/stocks/indicator?symbol=AAPL&resolution=D&from=1776149787&to=1778741787&indicator=rsi&timeperiod=14:0
[  109511ms] [ERROR] Failed to load resource: the server responded with a status of 500 (Internal Server Error) @ http://localhost:3000/api/stocks/indicator?symbol=AAPL&resolution=D&from=1776149789&to=1778741789&indicator=sma&timeperiod=20:0
[  110130ms] [ERROR] Failed to load resource: the server responded with a status of 500 (Internal Server Error) @ http://localhost:3000/api/stocks/indicator?symbol=AAPL&resolution=D&from=1776149789&to=1778741789&indicator=rsi&timeperiod=14:0
[  110130ms] [ERROR] Failed to load resource: the server responded with a status of 500 (Internal Server Error) @ http://localhost:3000/api/stocks/indicator?symbol=AAPL&resolution=D&from=1776149789&to=1778741789&indicator=sma&timeperiod=50:0
[  110130ms] [ERROR] Failed to load resource: the server responded with a status of 500 (Internal Server Error) @ http://localhost:3000/api/stocks/candle?symbol=AAPL&resolution=D&from=1776149789&to=1778741789:0
[  111961ms] [ERROR] Failed to load resource: the server responded with a status of 500 (Internal Server Error) @ http://localhost:3000/api/stocks/indicator?symbol=AAPL&resolution=D&from=1776149789&to=1778741789&indicator=sma&timeperiod=50:0
[  111967ms] [ERROR] Failed to load resource: the server responded with a status of 500 (Internal Server Error) @ http://localhost:3000/api/stocks/indicator?symbol=AAPL&resolution=D&from=1776149789&to=1778741789&indicator=sma&timeperiod=20:0
[  112222ms] [ERROR] Failed to load resource: the server responded with a status of 500 (Internal Server Error) @ http://localhost:3000/api/stocks/indicator?symbol=AAPL&resolution=D&from=1776149789&to=1778741789&indicator=rsi&timeperiod=14:0
[  112222ms] [ERROR] Failed to load resource: the server responded with a status of 500 (Internal Server Error) @ http://localhost:3000/api/stocks/candle?symbol=AAPL&resolution=D&from=1776149790&to=1778741790:0
[  112437ms] [ERROR] Failed to load resource: the server responded with a status of 500 (Internal Server Error) @ http://localhost:3000/api/stocks/indicator?symbol=AAPL&resolution=D&from=1776149792&to=1778741792&indicator=rsi&timeperiod=14:0
[  112559ms] [ERROR] Failed to load resource: the server responded with a status of 500 (Internal Server Error) @ http://localhost:3000/api/stocks/indicator?symbol=AAPL&resolution=D&from=1776149792&to=1778741792&indicator=sma&timeperiod=50:0
[  112559ms] [ERROR] Failed to load resource: the server responded with a status of 500 (Internal Server Error) @ http://localhost:3000/api/stocks/indicator?symbol=AAPL&resolution=D&from=1776149792&to=1778741792&indicator=sma&timeperiod=20:0
[  113516ms] [ERROR] Failed to load resource: the server responded with a status of 500 (Internal Server Error) @ http://localhost:3000/api/stocks/candle?symbol=AAPL&resolution=D&from=1776149790&to=1778741790:0
[  113733ms] [ERROR] Failed to load resource: the server responded with a status of 500 (Internal Server Error) @ http://localhost:3000/api/stocks/indicator?symbol=AAPL&resolution=D&from=1776149792&to=1778741792&indicator=rsi&timeperiod=14:0
[  113860ms] [ERROR] Failed to load resource: the server responded with a status of 500 (Internal Server Error) @ http://localhost:3000/api/stocks/candle?symbol=AAPL&resolution=D&from=1776149794&to=1778741794:0
[  113869ms] [ERROR] Failed to load resource: the server responded with a status of 500 (Internal Server Error) @ http://localhost:3000/api/stocks/indicator?symbol=AAPL&resolution=D&from=1776149792&to=1778741792&indicator=sma&timeperiod=50:0
[  114477ms] [ERROR] Failed to load resource: the server responded with a status of 500 (Internal Server Error) @ http://localhost:3000/api/stocks/indicator?symbol=AAPL&resolution=D&from=1776149792&to=1778741792&indicator=sma&timeperiod=20:0
[  114477ms] [ERROR] Failed to load resource: the server responded with a status of 500 (Internal Server Error) @ http://localhost:3000/api/stocks/indicator?symbol=AAPL&resolution=D&from=1776149794&to=1778741794&indicator=rsi&timeperiod=14:0
[  114477ms] [ERROR] Failed to load resource: the server responded with a status of 500 (Internal Server Error) @ http://localhost:3000/api/stocks/indicator?symbol=AAPL&resolution=D&from=1776149794&to=1778741794&indicator=sma&timeperiod=20:0
[  114478ms] [ERROR] Failed to load resource: the server responded with a status of 500 (Internal Server Error) @ http://localhost:3000/api/stocks/indicator?symbol=AAPL&resolution=D&from=1776149794&to=1778741794&indicator=sma&timeperiod=50:0
[  116957ms] [ERROR] Failed to load resource: the server responded with a status of 500 (Internal Server Error) @ http://localhost:3000/api/stocks/indicator?symbol=AAPL&resolution=D&from=1776149794&to=1778741794&indicator=sma&timeperiod=20:0
[  118859ms] [ERROR] Failed to load resource: the server responded with a status of 500 (Internal Server Error) @ http://localhost:3000/api/stocks/candle?symbol=AAPL&resolution=D&from=1776149794&to=1778741794:0
[  118859ms] [ERROR] Failed to load resource: the server responded with a status of 500 (Internal Server Error) @ http://localhost:3000/api/stocks/indicator?symbol=AAPL&resolution=D&from=1776149794&to=1778741794&indicator=sma&timeperiod=50:0
[  118859ms] [ERROR] Failed to load resource: the server responded with a status of 500 (Internal Server Error) @ http://localhost:3000/api/stocks/indicator?symbol=AAPL&resolution=D&from=1776149794&to=1778741794&indicator=rsi&timeperiod=14:0
[  119253ms] [ERROR] Failed to load resource: the server responded with a status of 500 (Internal Server Error) @ http://localhost:3000/api/stocks/indicator?symbol=AAPL&resolution=D&from=1776149797&to=1778741797&indicator=rsi&timeperiod=14:0
[  119253ms] [ERROR] Failed to load resource: the server responded with a status of 500 (Internal Server Error) @ http://localhost:3000/api/stocks/indicator?symbol=AAPL&resolution=D&from=1776149797&to=1778741797&indicator=sma&timeperiod=50:0
[  119254ms] [ERROR] Failed to load resource: the server responded with a status of 500 (Internal Server Error) @ http://localhost:3000/api/stocks/indicator?symbol=AAPL&resolution=D&from=1776149797&to=1778741797&indicator=sma&timeperiod=20:0
[  123645ms] [ERROR] Failed to load resource: the server responded with a status of 500 (Internal Server Error) @ http://localhost:3000/api/stocks/candle?symbol=AAPL&resolution=D&from=1776149799&to=1778741799:0
[  124215ms] [ERROR] Failed to load resource: the server responded with a status of 500 (Internal Server Error) @ http://localhost:3000/api/stocks/indicator?symbol=AAPL&resolution=D&from=1776149797&to=1778741797&indicator=sma&timeperiod=20:0
[  124215ms] [ERROR] Failed to load resource: the server responded with a status of 500 (Internal Server Error) @ http://localhost:3000/api/stocks/indicator?symbol=AAPL&resolution=D&from=1776149797&to=1778741797&indicator=rsi&timeperiod=14:0
[  124216ms] [ERROR] Failed to load resource: the server responded with a status of 500 (Internal Server Error) @ http://localhost:3000/api/stocks/indicator?symbol=AAPL&resolution=D&from=1776149797&to=1778741797&indicator=sma&timeperiod=50:0
[  125713ms] [LOG] [Fast Refresh] rebuilding @ http://localhost:3000/_next/static/chunks/node_modules_next_dist_115brz8._.js:2431
[  125729ms] [LOG] [Fast Refresh] done in 118ms @ http://localhost:3000/_next/static/chunks/node_modules_next_dist_115brz8._.js:2431
[  128830ms] [ERROR] Failed to load resource: the server responded with a status of 500 (Internal Server Error) @ http://localhost:3000/api/stocks/indicator?symbol=AAPL&resolution=D&from=1776149805&to=1778741805&indicator=rsi&timeperiod=14:0
[  129893ms] [ERROR] Failed to load resource: the server responded with a status of 500 (Internal Server Error) @ http://localhost:3000/api/stocks/indicator?symbol=AAPL&resolution=D&from=1776149805&to=1778741805&indicator=sma&timeperiod=50:0
[  129893ms] [ERROR] Failed to load resource: the server responded with a status of 500 (Internal Server Error) @ http://localhost:3000/api/stocks/indicator?symbol=AAPL&resolution=D&from=1776149805&to=1778741805&indicator=sma&timeperiod=20:0
[  130315ms] [ERROR] Failed to load resource: the server responded with a status of 500 (Internal Server Error) @ http://localhost:3000/api/stocks/indicator?symbol=AAPL&resolution=D&from=1776149805&to=1778741805&indicator=rsi&timeperiod=14:0
[  130753ms] [ERROR] Failed to load resource: the server responded with a status of 500 (Internal Server Error) @ http://localhost:3000/api/stocks/indicator?symbol=AAPL&resolution=D&from=1776149811&to=1778741811&indicator=rsi&timeperiod=14:0
[  130781ms] [ERROR] Failed to load resource: the server responded with a status of 500 (Internal Server Error) @ http://localhost:3000/api/stocks/candle?symbol=AAPL&resolution=D&from=1776149799&to=1778741799:0
[  130848ms] [ERROR] Failed to load resource: the server responded with a status of 500 (Internal Server Error) @ http://localhost:3000/api/stocks/indicator?symbol=AAPL&resolution=D&from=1776149811&to=1778741811&indicator=sma&timeperiod=50:0
[  130857ms] [ERROR] Failed to load resource: the server responded with a status of 500 (Internal Server Error) @ http://localhost:3000/api/stocks/indicator?symbol=AAPL&resolution=D&from=1776149811&to=1778741811&indicator=sma&timeperiod=20:0
[  131091ms] [ERROR] Failed to load resource: the server responded with a status of 500 (Internal Server Error) @ http://localhost:3000/api/stocks/candle?symbol=AAPL&resolution=D&from=1776149811&to=1778741811:0
[  132081ms] [ERROR] Failed to load resource: the server responded with a status of 500 (Internal Server Error) @ http://localhost:3000/api/stocks/indicator?symbol=AAPL&resolution=D&from=1776149811&to=1778741811&indicator=rsi&timeperiod=14:0
[  132145ms] [ERROR] Failed to load resource: the server responded with a status of 500 (Internal Server Error) @ http://localhost:3000/api/stocks/indicator?symbol=AAPL&resolution=D&from=1776149811&to=1778741811&indicator=sma&timeperiod=50:0
[  132163ms] [ERROR] Failed to load resource: the server responded with a status of 500 (Internal Server Error) @ http://localhost:3000/api/stocks/indicator?symbol=AAPL&resolution=D&from=1776149811&to=1778741811&indicator=sma&timeperiod=20:0
[  132382ms] [ERROR] Failed to load resource: the server responded with a status of 500 (Internal Server Error) @ http://localhost:3000/api/stocks/indicator?symbol=AAPL&resolution=D&from=1776149812&to=1778741812&indicator=rsi&timeperiod=14:0
[  132403ms] [ERROR] Failed to load resource: the server responded with a status of 500 (Internal Server Error) @ http://localhost:3000/api/stocks/indicator?symbol=AAPL&resolution=D&from=1776149812&to=1778741812&indicator=sma&timeperiod=20:0
[  132486ms] [ERROR] Failed to load resource: the server responded with a status of 500 (Internal Server Error) @ http://localhost:3000/api/stocks/candle?symbol=AAPL&resolution=D&from=1776149811&to=1778741811:0
[  132551ms] [ERROR] Failed to load resource: the server responded with a status of 500 (Internal Server Error) @ http://localhost:3000/api/stocks/indicator?symbol=AAPL&resolution=D&from=1776149812&to=1778741812&indicator=sma&timeperiod=50:0
[  132776ms] [ERROR] Failed to load resource: the server responded with a status of 500 (Internal Server Error) @ http://localhost:3000/api/stocks/candle?symbol=AAPL&resolution=D&from=1776149813&to=1778741813:0
[  133756ms] [ERROR] Failed to load resource: the server responded with a status of 500 (Internal Server Error) @ http://localhost:3000/api/stocks/indicator?symbol=AAPL&resolution=D&from=1776149812&to=1778741812&indicator=rsi&timeperiod=14:0
[  133777ms] [ERROR] Failed to load resource: the server responded with a status of 500 (Internal Server Error) @ http://localhost:3000/api/stocks/indicator?symbol=AAPL&resolution=D&from=1776149812&to=1778741812&indicator=sma&timeperiod=20:0
[  133868ms] [LOG] [Fast Refresh] rebuilding @ http://localhost:3000/_next/static/chunks/node_modules_next_dist_115brz8._.js:2431
[  133876ms] [LOG] [Fast Refresh] done in 113ms @ http://localhost:3000/_next/static/chunks/node_modules_next_dist_115brz8._.js:2431
[  133880ms] [ERROR] Failed to load resource: the server responded with a status of 500 (Internal Server Error) @ http://localhost:3000/api/stocks/indicator?symbol=AAPL&resolution=D&from=1776149812&to=1778741812&indicator=sma&timeperiod=50:0
[  134131ms] [ERROR] Failed to load resource: the server responded with a status of 500 (Internal Server Error) @ http://localhost:3000/api/stocks/candle?symbol=AAPL&resolution=D&from=1776149813&to=1778741813:0
[  134143ms] [ERROR] Failed to load resource: the server responded with a status of 500 (Internal Server Error) @ http://localhost:3000/api/stocks/indicator?symbol=AAPL&resolution=D&from=1776149814&to=1778741814&indicator=rsi&timeperiod=14:0
[  134146ms] [ERROR] Failed to load resource: the server responded with a status of 500 (Internal Server Error) @ http://localhost:3000/api/stocks/indicator?symbol=AAPL&resolution=D&from=1776149814&to=1778741814&indicator=sma&timeperiod=20:0
[  134437ms] [ERROR] Failed to load resource: the server responded with a status of 500 (Internal Server Error) @ http://localhost:3000/api/stocks/candle?symbol=AAPL&resolution=D&from=1776149814&to=1778741814:0
[  134513ms] [ERROR] Failed to load resource: the server responded with a status of 500 (Internal Server Error) @ http://localhost:3000/api/stocks/indicator?symbol=AAPL&resolution=D&from=1776149814&to=1778741814&indicator=sma&timeperiod=50:0
[  135442ms] [ERROR] Failed to load resource: the server responded with a status of 500 (Internal Server Error) @ http://localhost:3000/api/stocks/indicator?symbol=AAPL&resolution=D&from=1776149814&to=1778741814&indicator=rsi&timeperiod=14:0
[  135455ms] [ERROR] Failed to load resource: the server responded with a status of 500 (Internal Server Error) @ http://localhost:3000/api/stocks/indicator?symbol=AAPL&resolution=D&from=1776149814&to=1778741814&indicator=sma&timeperiod=20:0
[  135739ms] [ERROR] Failed to load resource: the server responded with a status of 500 (Internal Server Error) @ http://localhost:3000/api/stocks/candle?symbol=AAPL&resolution=D&from=1776149814&to=1778741814:0
[  135751ms] [ERROR] Failed to load resource: the server responded with a status of 500 (Internal Server Error) @ http://localhost:3000/api/stocks/indicator?symbol=AAPL&resolution=D&from=1776149816&to=1778741816&indicator=sma&timeperiod=20:0
[  135757ms] [ERROR] Failed to load resource: the server responded with a status of 500 (Internal Server Error) @ http://localhost:3000/api/stocks/indicator?symbol=AAPL&resolution=D&from=1776149816&to=1778741816&indicator=rsi&timeperiod=14:0
[  135790ms] [ERROR] Failed to load resource: the server responded with a status of 500 (Internal Server Error) @ http://localhost:3000/api/stocks/indicator?symbol=AAPL&resolution=D&from=1776149816&to=1778741816&indicator=sma&timeperiod=50:0
[  136039ms] [ERROR] Failed to load resource: the server responded with a status of 500 (Internal Server Error) @ http://localhost:3000/api/stocks/candle?symbol=AAPL&resolution=D&from=1776149816&to=1778741816:0
[  137066ms] [ERROR] Failed to load resource: the server responded with a status of 500 (Internal Server Error) @ http://localhost:3000/api/stocks/indicator?symbol=AAPL&resolution=D&from=1776149816&to=1778741816&indicator=sma&timeperiod=20:0
[  137084ms] [ERROR] Failed to load resource: the server responded with a status of 500 (Internal Server Error) @ http://localhost:3000/api/stocks/indicator?symbol=AAPL&resolution=D&from=1776149816&to=1778741816&indicator=sma&timeperiod=50:0
[  137109ms] [ERROR] Failed to load resource: the server responded with a status of 500 (Internal Server Error) @ http://localhost:3000/api/stocks/indicator?symbol=AAPL&resolution=D&from=1776149816&to=1778741816&indicator=rsi&timeperiod=14:0
[  137159ms] [LOG] [Fast Refresh] rebuilding @ http://localhost:3000/_next/static/chunks/node_modules_next_dist_115brz8._.js:2431
[  137159ms] [LOG] [Fast Refresh] done in 103ms @ http://localhost:3000/_next/static/chunks/node_modules_next_dist_115brz8._.js:2431
[  137397ms] [ERROR] Failed to load resource: the server responded with a status of 500 (Internal Server Error) @ http://localhost:3000/api/stocks/indicator?symbol=AAPL&resolution=D&from=1776149817&to=1778741817&indicator=rsi&timeperiod=14:0
[  137420ms] [ERROR] Failed to load resource: the server responded with a status of 500 (Internal Server Error) @ http://localhost:3000/api/stocks/indicator?symbol=AAPL&resolution=D&from=1776149817&to=1778741817&indicator=sma&timeperiod=20:0
[  137465ms] [ERROR] Failed to load resource: the server responded with a status of 500 (Internal Server Error) @ http://localhost:3000/api/stocks/indicator?symbol=AAPL&resolution=D&from=1776149817&to=1778741817&indicator=sma&timeperiod=50:0
[  137494ms] [ERROR] Failed to load resource: the server responded with a status of 500 (Internal Server Error) @ http://localhost:3000/api/stocks/candle?symbol=AAPL&resolution=D&from=1776149816&to=1778741816:0
[  137790ms] [ERROR] Failed to load resource: the server responded with a status of 500 (Internal Server Error) @ http://localhost:3000/api/stocks/candle?symbol=AAPL&resolution=D&from=1776149818&to=1778741818:0
[  138703ms] [ERROR] Failed to load resource: the server responded with a status of 500 (Internal Server Error) @ http://localhost:3000/api/stocks/indicator?symbol=AAPL&resolution=D&from=1776149817&to=1778741817&indicator=rsi&timeperiod=14:0
[  138724ms] [ERROR] Failed to load resource: the server responded with a status of 500 (Internal Server Error) @ http://localhost:3000/api/stocks/indicator?symbol=AAPL&resolution=D&from=1776149817&to=1778741817&indicator=sma&timeperiod=20:0
[  138773ms] [ERROR] Failed to load resource: the server responded with a status of 500 (Internal Server Error) @ http://localhost:3000/api/stocks/indicator?symbol=AAPL&resolution=D&from=1776149817&to=1778741817&indicator=sma&timeperiod=50:0
[  138989ms] [ERROR] Failed to load resource: the server responded with a status of 500 (Internal Server Error) @ http://localhost:3000/api/stocks/indicator?symbol=AAPL&resolution=D&from=1776149819&to=1778741819&indicator=rsi&timeperiod=14:0
[  139002ms] [ERROR] Failed to load resource: the server responded with a status of 500 (Internal Server Error) @ http://localhost:3000/api/stocks/indicator?symbol=AAPL&resolution=D&from=1776149819&to=1778741819&indicator=sma&timeperiod=50:0
[  139018ms] [ERROR] Failed to load resource: the server responded with a status of 500 (Internal Server Error) @ http://localhost:3000/api/stocks/indicator?symbol=AAPL&resolution=D&from=1776149819&to=1778741819&indicator=sma&timeperiod=20:0
[  139100ms] [ERROR] Failed to load resource: the server responded with a status of 500 (Internal Server Error) @ http://localhost:3000/api/stocks/candle?symbol=AAPL&resolution=D&from=1776149818&to=1778741818:0
[  139407ms] [ERROR] Failed to load resource: the server responded with a status of 500 (Internal Server Error) @ http://localhost:3000/api/stocks/candle?symbol=AAPL&resolution=D&from=1776149819&to=1778741819:0
[  140340ms] [ERROR] Failed to load resource: the server responded with a status of 500 (Internal Server Error) @ http://localhost:3000/api/stocks/indicator?symbol=AAPL&resolution=D&from=1776149819&to=1778741819&indicator=rsi&timeperiod=14:0
[  140357ms] [ERROR] Failed to load resource: the server responded with a status of 500 (Internal Server Error) @ http://localhost:3000/api/stocks/indicator?symbol=AAPL&resolution=D&from=1776149819&to=1778741819&indicator=sma&timeperiod=50:0
[  140361ms] [ERROR] Failed to load resource: the server responded with a status of 500 (Internal Server Error) @ http://localhost:3000/api/stocks/indicator?symbol=AAPL&resolution=D&from=1776149819&to=1778741819&indicator=sma&timeperiod=20:0
[  140650ms] [ERROR] Failed to load resource: the server responded with a status of 500 (Internal Server Error) @ http://localhost:3000/api/stocks/indicator?symbol=AAPL&resolution=D&from=1776149821&to=1778741821&indicator=rsi&timeperiod=14:0
[  140654ms] [ERROR] Failed to load resource: the server responded with a status of 500 (Internal Server Error) @ http://localhost:3000/api/stocks/indicator?symbol=AAPL&resolution=D&from=1776149821&to=1778741821&indicator=sma&timeperiod=20:0
[  140685ms] [ERROR] Failed to load resource: the server responded with a status of 500 (Internal Server Error) @ http://localhost:3000/api/stocks/indicator?symbol=AAPL&resolution=D&from=1776149821&to=1778741821&indicator=sma&timeperiod=50:0
[  140839ms] [ERROR] Failed to load resource: the server responded with a status of 500 (Internal Server Error) @ http://localhost:3000/api/stocks/candle?symbol=AAPL&resolution=D&from=1776149819&to=1778741819:0
[  141155ms] [ERROR] Failed to load resource: the server responded with a status of 500 (Internal Server Error) @ http://localhost:3000/api/stocks/candle?symbol=AAPL&resolution=D&from=1776149821&to=1778741821:0
[  141944ms] [ERROR] Failed to load resource: the server responded with a status of 500 (Internal Server Error) @ http://localhost:3000/api/stocks/indicator?symbol=AAPL&resolution=D&from=1776149821&to=1778741821&indicator=sma&timeperiod=20:0
[  141950ms] [ERROR] Failed to load resource: the server responded with a status of 500 (Internal Server Error) @ http://localhost:3000/api/stocks/indicator?symbol=AAPL&resolution=D&from=1776149821&to=1778741821&indicator=rsi&timeperiod=14:0
[  141989ms] [ERROR] Failed to load resource: the server responded with a status of 500 (Internal Server Error) @ http://localhost:3000/api/stocks/indicator?symbol=AAPL&resolution=D&from=1776149821&to=1778741821&indicator=sma&timeperiod=50:0
[  142245ms] [ERROR] Failed to load resource: the server responded with a status of 500 (Internal Server Error) @ http://localhost:3000/api/stocks/indicator?symbol=AAPL&resolution=D&from=1776149822&to=1778741822&indicator=rsi&timeperiod=14:0
[  142264ms] [ERROR] Failed to load resource: the server responded with a status of 500 (Internal Server Error) @ http://localhost:3000/api/stocks/indicator?symbol=AAPL&resolution=D&from=1776149822&to=1778741822&indicator=sma&timeperiod=20:0
[  142299ms] [ERROR] Failed to load resource: the server responded with a status of 500 (Internal Server Error) @ http://localhost:3000/api/stocks/indicator?symbol=AAPL&resolution=D&from=1776149822&to=1778741822&indicator=sma&timeperiod=50:0
[  142445ms] [ERROR] Failed to load resource: the server responded with a status of 500 (Internal Server Error) @ http://localhost:3000/api/stocks/candle?symbol=AAPL&resolution=D&from=1776149821&to=1778741821:0
[  142737ms] [ERROR] Failed to load resource: the server responded with a status of 500 (Internal Server Error) @ http://localhost:3000/api/stocks/candle?symbol=AAPL&resolution=D&from=1776149823&to=1778741823:0
[  143553ms] [ERROR] Failed to load resource: the server responded with a status of 500 (Internal Server Error) @ http://localhost:3000/api/stocks/indicator?symbol=AAPL&resolution=D&from=1776149822&to=1778741822&indicator=rsi&timeperiod=14:0
[  143578ms] [ERROR] Failed to load resource: the server responded with a status of 500 (Internal Server Error) @ http://localhost:3000/api/stocks/indicator?symbol=AAPL&resolution=D&from=1776149822&to=1778741822&indicator=sma&timeperiod=20:0
[  143610ms] [ERROR] Failed to load resource: the server responded with a status of 500 (Internal Server Error) @ http://localhost:3000/api/stocks/indicator?symbol=AAPL&resolution=D&from=1776149822&to=1778741822&indicator=sma&timeperiod=50:0
[  143663ms] [LOG] [Fast Refresh] rebuilding @ http://localhost:3000/_next/static/chunks/node_modules_next_dist_115brz8._.js:2431
[  143664ms] [LOG] [Fast Refresh] done in 104ms @ http://localhost:3000/_next/static/chunks/node_modules_next_dist_115brz8._.js:2431
[  143893ms] [ERROR] Failed to load resource: the server responded with a status of 500 (Internal Server Error) @ http://localhost:3000/api/stocks/indicator?symbol=AAPL&resolution=D&from=1776149824&to=1778741824&indicator=rsi&timeperiod=14:0
[  143913ms] [ERROR] Failed to load resource: the server responded with a status of 500 (Internal Server Error) @ http://localhost:3000/api/stocks/indicator?symbol=AAPL&resolution=D&from=1776149824&to=1778741824&indicator=sma&timeperiod=20:0
[  144050ms] [ERROR] Failed to load resource: the server responded with a status of 500 (Internal Server Error) @ http://localhost:3000/api/stocks/indicator?symbol=AAPL&resolution=D&from=1776149824&to=1778741824&indicator=sma&timeperiod=50:0
[  144497ms] [ERROR] Failed to load resource: the server responded with a status of 500 (Internal Server Error) @ http://localhost:3000/api/stocks/candle?symbol=AAPL&resolution=D&from=1776149823&to=1778741823:0
[  144786ms] [ERROR] Failed to load resource: the server responded with a status of 500 (Internal Server Error) @ http://localhost:3000/api/stocks/candle?symbol=AAPL&resolution=D&from=1776149825&to=1778741825:0
[  145182ms] [ERROR] Failed to load resource: the server responded with a status of 500 (Internal Server Error) @ http://localhost:3000/api/stocks/indicator?symbol=AAPL&resolution=D&from=1776149824&to=1778741824&indicator=rsi&timeperiod=14:0
[  145211ms] [ERROR] Failed to load resource: the server responded with a status of 500 (Internal Server Error) @ http://localhost:3000/api/stocks/indicator?symbol=AAPL&resolution=D&from=1776149824&to=1778741824&indicator=sma&timeperiod=20:0
[  145351ms] [ERROR] Failed to load resource: the server responded with a status of 500 (Internal Server Error) @ http://localhost:3000/api/stocks/indicator?symbol=AAPL&resolution=D&from=1776149824&to=1778741824&indicator=sma&timeperiod=50:0
[  145472ms] [ERROR] Failed to load resource: the server responded with a status of 500 (Internal Server Error) @ http://localhost:3000/api/stocks/indicator?symbol=AAPL&resolution=D&from=1776149825&to=1778741825&indicator=rsi&timeperiod=14:0
[  145510ms] [ERROR] Failed to load resource: the server responded with a status of 500 (Internal Server Error) @ http://localhost:3000/api/stocks/indicator?symbol=AAPL&resolution=D&from=1776149825&to=1778741825&indicator=sma&timeperiod=50:0
[  145513ms] [ERROR] Failed to load resource: the server responded with a status of 500 (Internal Server Error) @ http://localhost:3000/api/stocks/indicator?symbol=AAPL&resolution=D&from=1776149825&to=1778741825&indicator=sma&timeperiod=20:0
[  146080ms] [ERROR] Failed to load resource: the server responded with a status of 500 (Internal Server Error) @ http://localhost:3000/api/stocks/candle?symbol=AAPL&resolution=D&from=1776149825&to=1778741825:0
[  146379ms] [ERROR] Failed to load resource: the server responded with a status of 500 (Internal Server Error) @ http://localhost:3000/api/stocks/candle?symbol=AAPL&resolution=D&from=1776149826&to=1778741826:0
[  146787ms] [ERROR] Failed to load resource: the server responded with a status of 500 (Internal Server Error) @ http://localhost:3000/api/stocks/indicator?symbol=AAPL&resolution=D&from=1776149825&to=1778741825&indicator=rsi&timeperiod=14:0
[  146837ms] [ERROR] Failed to load resource: the server responded with a status of 500 (Internal Server Error) @ http://localhost:3000/api/stocks/indicator?symbol=AAPL&resolution=D&from=1776149825&to=1778741825&indicator=sma&timeperiod=50:0
[  146847ms] [ERROR] Failed to load resource: the server responded with a status of 500 (Internal Server Error) @ http://localhost:3000/api/stocks/indicator?symbol=AAPL&resolution=D&from=1776149825&to=1778741825&indicator=sma&timeperiod=20:0
[  147102ms] [ERROR] Failed to load resource: the server responded with a status of 500 (Internal Server Error) @ http://localhost:3000/api/stocks/indicator?symbol=AAPL&resolution=D&from=1776149827&to=1778741827&indicator=rsi&timeperiod=14:0
[  147137ms] [ERROR] Failed to load resource: the server responded with a status of 500 (Internal Server Error) @ http://localhost:3000/api/stocks/indicator?symbol=AAPL&resolution=D&from=1776149827&to=1778741827&indicator=sma&timeperiod=20:0
[  147167ms] [LOG] [Fast Refresh] rebuilding @ http://localhost:3000/_next/static/chunks/node_modules_next_dist_115brz8._.js:2431
[  147197ms] [LOG] [Fast Refresh] done in 131ms @ http://localhost:3000/_next/static/chunks/node_modules_next_dist_115brz8._.js:2431
[  147202ms] [ERROR] Failed to load resource: the server responded with a status of 500 (Internal Server Error) @ http://localhost:3000/api/stocks/indicator?symbol=AAPL&resolution=D&from=1776149827&to=1778741827&indicator=sma&timeperiod=50:0
[  147905ms] [ERROR] Failed to load resource: the server responded with a status of 500 (Internal Server Error) @ http://localhost:3000/api/stocks/candle?symbol=AAPL&resolution=D&from=1776149826&to=1778741826:0
[  148224ms] [ERROR] Failed to load resource: the server responded with a status of 500 (Internal Server Error) @ http://localhost:3000/api/stocks/candle?symbol=AAPL&resolution=D&from=1776149828&to=1778741828:0
[  148400ms] [ERROR] Failed to load resource: the server responded with a status of 500 (Internal Server Error) @ http://localhost:3000/api/stocks/indicator?symbol=AAPL&resolution=D&from=1776149827&to=1778741827&indicator=rsi&timeperiod=14:0
[  148518ms] [ERROR] Failed to load resource: the server responded with a status of 500 (Internal Server Error) @ http://localhost:3000/api/stocks/indicator?symbol=AAPL&resolution=D&from=1776149827&to=1778741827&indicator=sma&timeperiod=50:0
[  148689ms] [ERROR] Failed to load resource: the server responded with a status of 500 (Internal Server Error) @ http://localhost:3000/api/stocks/indicator?symbol=AAPL&resolution=D&from=1776149829&to=1778741829&indicator=rsi&timeperiod=14:0
[  148697ms] [ERROR] Failed to load resource: the server responded with a status of 500 (Internal Server Error) @ http://localhost:3000/api/stocks/indicator?symbol=AAPL&resolution=D&from=1776149829&to=1778741829&indicator=sma&timeperiod=20:0
[  148713ms] [ERROR] Failed to load resource: the server responded with a status of 500 (Internal Server Error) @ http://localhost:3000/api/stocks/indicator?symbol=AAPL&resolution=D&from=1776149829&to=1778741829&indicator=sma&timeperiod=50:0
[  149525ms] [ERROR] Failed to load resource: the server responded with a status of 500 (Internal Server Error) @ http://localhost:3000/api/stocks/candle?symbol=AAPL&resolution=D&from=1776149828&to=1778741828:0
[  149832ms] [ERROR] Failed to load resource: the server responded with a status of 500 (Internal Server Error) @ http://localhost:3000/api/stocks/candle?symbol=AAPL&resolution=D&from=1776149830&to=1778741830:0
[  150026ms] [ERROR] Failed to load resource: the server responded with a status of 500 (Internal Server Error) @ http://localhost:3000/api/stocks/indicator?symbol=AAPL&resolution=D&from=1776149829&to=1778741829&indicator=sma&timeperiod=20:0
[  150044ms] [ERROR] Failed to load resource: the server responded with a status of 500 (Internal Server Error) @ http://localhost:3000/api/stocks/indicator?symbol=AAPL&resolution=D&from=1776149829&to=1778741829&indicator=rsi&timeperiod=14:0
[  150063ms] [ERROR] Failed to load resource: the server responded with a status of 500 (Internal Server Error) @ http://localhost:3000/api/stocks/indicator?symbol=AAPL&resolution=D&from=1776149829&to=1778741829&indicator=sma&timeperiod=50:0
[  150324ms] [ERROR] Failed to load resource: the server responded with a status of 500 (Internal Server Error) @ http://localhost:3000/api/stocks/indicator?symbol=AAPL&resolution=D&from=1776149830&to=1778741830&indicator=rsi&timeperiod=14:0
[  150346ms] [ERROR] Failed to load resource: the server responded with a status of 500 (Internal Server Error) @ http://localhost:3000/api/stocks/indicator?symbol=AAPL&resolution=D&from=1776149830&to=1778741830&indicator=sma&timeperiod=20:0
[  150372ms] [ERROR] Failed to load resource: the server responded with a status of 500 (Internal Server Error) @ http://localhost:3000/api/stocks/indicator?symbol=AAPL&resolution=D&from=1776149827&to=1778741827&indicator=sma&timeperiod=20:0
[  150377ms] [ERROR] Failed to load resource: the server responded with a status of 500 (Internal Server Error) @ http://localhost:3000/api/stocks/indicator?symbol=AAPL&resolution=D&from=1776149830&to=1778741830&indicator=sma&timeperiod=50:0
[  151131ms] [ERROR] Failed to load resource: the server responded with a status of 500 (Internal Server Error) @ http://localhost:3000/api/stocks/candle?symbol=AAPL&resolution=D&from=1776149830&to=1778741830:0
[  151417ms] [ERROR] Failed to load resource: the server responded with a status of 500 (Internal Server Error) @ http://localhost:3000/api/stocks/candle?symbol=AAPL&resolution=D&from=1776149831&to=1778741831:0
[  151632ms] [ERROR] Failed to load resource: the server responded with a status of 500 (Internal Server Error) @ http://localhost:3000/api/stocks/indicator?symbol=AAPL&resolution=D&from=1776149830&to=1778741830&indicator=sma&timeperiod=20:0
[  151638ms] [ERROR] Failed to load resource: the server responded with a status of 500 (Internal Server Error) @ http://localhost:3000/api/stocks/indicator?symbol=AAPL&resolution=D&from=1776149830&to=1778741830&indicator=rsi&timeperiod=14:0
[  151699ms] [ERROR] Failed to load resource: the server responded with a status of 500 (Internal Server Error) @ http://localhost:3000/api/stocks/indicator?symbol=AAPL&resolution=D&from=1776149830&to=1778741830&indicator=sma&timeperiod=50:0
[  151923ms] [ERROR] Failed to load resource: the server responded with a status of 500 (Internal Server Error) @ http://localhost:3000/api/stocks/indicator?symbol=AAPL&resolution=D&from=1776149832&to=1778741832&indicator=rsi&timeperiod=14:0
[  151932ms] [ERROR] Failed to load resource: the server responded with a status of 500 (Internal Server Error) @ http://localhost:3000/api/stocks/indicator?symbol=AAPL&resolution=D&from=1776149832&to=1778741832&indicator=sma&timeperiod=50:0
[  151949ms] [ERROR] Failed to load resource: the server responded with a status of 500 (Internal Server Error) @ http://localhost:3000/api/stocks/indicator?symbol=AAPL&resolution=D&from=1776149832&to=1778741832&indicator=sma&timeperiod=20:0
[  152715ms] [ERROR] Failed to load resource: the server responded with a status of 500 (Internal Server Error) @ http://localhost:3000/api/stocks/candle?symbol=AAPL&resolution=D&from=1776149831&to=1778741831:0
[  153083ms] [ERROR] Failed to load resource: the server responded with a status of 500 (Internal Server Error) @ http://localhost:3000/api/stocks/candle?symbol=AAPL&resolution=D&from=1776149833&to=1778741833:0
[  153239ms] [ERROR] Failed to load resource: the server responded with a status of 500 (Internal Server Error) @ http://localhost:3000/api/stocks/indicator?symbol=AAPL&resolution=D&from=1776149832&to=1778741832&indicator=sma&timeperiod=50:0
[  153261ms] [ERROR] Failed to load resource: the server responded with a status of 500 (Internal Server Error) @ http://localhost:3000/api/stocks/indicator?symbol=AAPL&resolution=D&from=1776149832&to=1778741832&indicator=rsi&timeperiod=14:0
[  153276ms] [ERROR] Failed to load resource: the server responded with a status of 500 (Internal Server Error) @ http://localhost:3000/api/stocks/indicator?symbol=AAPL&resolution=D&from=1776149832&to=1778741832&indicator=sma&timeperiod=20:0
[  153552ms] [ERROR] Failed to load resource: the server responded with a status of 500 (Internal Server Error) @ http://localhost:3000/api/stocks/indicator?symbol=AAPL&resolution=D&from=1776149834&to=1778741834&indicator=rsi&timeperiod=14:0
[  153588ms] [ERROR] Failed to load resource: the server responded with a status of 500 (Internal Server Error) @ http://localhost:3000/api/stocks/indicator?symbol=AAPL&resolution=D&from=1776149834&to=1778741834&indicator=sma&timeperiod=50:0
[  153601ms] [ERROR] Failed to load resource: the server responded with a status of 500 (Internal Server Error) @ http://localhost:3000/api/stocks/indicator?symbol=AAPL&resolution=D&from=1776149834&to=1778741834&indicator=sma&timeperiod=20:0
[  154376ms] [ERROR] Failed to load resource: the server responded with a status of 500 (Internal Server Error) @ http://localhost:3000/api/stocks/candle?symbol=AAPL&resolution=D&from=1776149833&to=1778741833:0
[  154671ms] [ERROR] Failed to load resource: the server responded with a status of 500 (Internal Server Error) @ http://localhost:3000/api/stocks/candle?symbol=AAPL&resolution=D&from=1776149835&to=1778741835:0
[  154852ms] [ERROR] Failed to load resource: the server responded with a status of 500 (Internal Server Error) @ http://localhost:3000/api/stocks/indicator?symbol=AAPL&resolution=D&from=1776149834&to=1778741834&indicator=rsi&timeperiod=14:0
[  154893ms] [ERROR] Failed to load resource: the server responded with a status of 500 (Internal Server Error) @ http://localhost:3000/api/stocks/indicator?symbol=AAPL&resolution=D&from=1776149834&to=1778741834&indicator=sma&timeperiod=50:0
[  154919ms] [ERROR] Failed to load resource: the server responded with a status of 500 (Internal Server Error) @ http://localhost:3000/api/stocks/indicator?symbol=AAPL&resolution=D&from=1776149834&to=1778741834&indicator=sma&timeperiod=20:0
[  155150ms] [ERROR] Failed to load resource: the server responded with a status of 500 (Internal Server Error) @ http://localhost:3000/api/stocks/indicator?symbol=AAPL&resolution=D&from=1776149835&to=1778741835&indicator=rsi&timeperiod=14:0
[  155159ms] [ERROR] Failed to load resource: the server responded with a status of 500 (Internal Server Error) @ http://localhost:3000/api/stocks/indicator?symbol=AAPL&resolution=D&from=1776149835&to=1778741835&indicator=sma&timeperiod=20:0
[  155179ms] [ERROR] Failed to load resource: the server responded with a status of 500 (Internal Server Error) @ http://localhost:3000/api/stocks/indicator?symbol=AAPL&resolution=D&from=1776149835&to=1778741835&indicator=sma&timeperiod=50:0
[  155972ms] [ERROR] Failed to load resource: the server responded with a status of 500 (Internal Server Error) @ http://localhost:3000/api/stocks/candle?symbol=AAPL&resolution=D&from=1776149835&to=1778741835:0
[  156319ms] [ERROR] Failed to load resource: the server responded with a status of 500 (Internal Server Error) @ http://localhost:3000/api/stocks/candle?symbol=AAPL&resolution=D&from=1776149836&to=1778741836:0
[  156477ms] [ERROR] Failed to load resource: the server responded with a status of 500 (Internal Server Error) @ http://localhost:3000/api/stocks/indicator?symbol=AAPL&resolution=D&from=1776149835&to=1778741835&indicator=rsi&timeperiod=14:0
[  156482ms] [ERROR] Failed to load resource: the server responded with a status of 500 (Internal Server Error) @ http://localhost:3000/api/stocks/indicator?symbol=AAPL&resolution=D&from=1776149835&to=1778741835&indicator=sma&timeperiod=20:0
[  156504ms] [ERROR] Failed to load resource: the server responded with a status of 500 (Internal Server Error) @ http://localhost:3000/api/stocks/indicator?symbol=AAPL&resolution=D&from=1776149835&to=1778741835&indicator=sma&timeperiod=50:0
[  156811ms] [ERROR] Failed to load resource: the server responded with a status of 500 (Internal Server Error) @ http://localhost:3000/api/stocks/indicator?symbol=AAPL&resolution=D&from=1776149837&to=1778741837&indicator=rsi&timeperiod=14:0
[  156827ms] [ERROR] Failed to load resource: the server responded with a status of 500 (Internal Server Error) @ http://localhost:3000/api/stocks/indicator?symbol=AAPL&resolution=D&from=1776149837&to=1778741837&indicator=sma&timeperiod=20:0
[  156855ms] [ERROR] Failed to load resource: the server responded with a status of 500 (Internal Server Error) @ http://localhost:3000/api/stocks/indicator?symbol=AAPL&resolution=D&from=1776149837&to=1778741837&indicator=sma&timeperiod=50:0
[  157623ms] [ERROR] Failed to load resource: the server responded with a status of 500 (Internal Server Error) @ http://localhost:3000/api/stocks/candle?symbol=AAPL&resolution=D&from=1776149836&to=1778741836:0
[  157911ms] [ERROR] Failed to load resource: the server responded with a status of 500 (Internal Server Error) @ http://localhost:3000/api/stocks/candle?symbol=AAPL&resolution=D&from=1776149838&to=1778741838:0
[  158100ms] [ERROR] Failed to load resource: the server responded with a status of 500 (Internal Server Error) @ http://localhost:3000/api/stocks/indicator?symbol=AAPL&resolution=D&from=1776149837&to=1778741837&indicator=rsi&timeperiod=14:0
[  158128ms] [ERROR] Failed to load resource: the server responded with a status of 500 (Internal Server Error) @ http://localhost:3000/api/stocks/indicator?symbol=AAPL&resolution=D&from=1776149837&to=1778741837&indicator=sma&timeperiod=20:0
[  158168ms] [ERROR] Failed to load resource: the server responded with a status of 500 (Internal Server Error) @ http://localhost:3000/api/stocks/indicator?symbol=AAPL&resolution=D&from=1776149837&to=1778741837&indicator=sma&timeperiod=50:0
[  158391ms] [ERROR] Failed to load resource: the server responded with a status of 500 (Internal Server Error) @ http://localhost:3000/api/stocks/indicator?symbol=AAPL&resolution=D&from=1776149838&to=1778741838&indicator=rsi&timeperiod=14:0
[  158406ms] [ERROR] Failed to load resource: the server responded with a status of 500 (Internal Server Error) @ http://localhost:3000/api/stocks/indicator?symbol=AAPL&resolution=D&from=1776149838&to=1778741838&indicator=sma&timeperiod=50:0
[  158409ms] [ERROR] Failed to load resource: the server responded with a status of 500 (Internal Server Error) @ http://localhost:3000/api/stocks/indicator?symbol=AAPL&resolution=D&from=1776149838&to=1778741838&indicator=sma&timeperiod=20:0
[  159226ms] [ERROR] Failed to load resource: the server responded with a status of 500 (Internal Server Error) @ http://localhost:3000/api/stocks/candle?symbol=AAPL&resolution=D&from=1776149838&to=1778741838:0
[  159528ms] [ERROR] Failed to load resource: the server responded with a status of 500 (Internal Server Error) @ http://localhost:3000/api/stocks/candle?symbol=AAPL&resolution=D&from=1776149840&to=1778741840:0
[  159705ms] [ERROR] Failed to load resource: the server responded with a status of 500 (Internal Server Error) @ http://localhost:3000/api/stocks/indicator?symbol=AAPL&resolution=D&from=1776149838&to=1778741838&indicator=rsi&timeperiod=14:0
[  159733ms] [ERROR] Failed to load resource: the server responded with a status of 500 (Internal Server Error) @ http://localhost:3000/api/stocks/indicator?symbol=AAPL&resolution=D&from=1776149838&to=1778741838&indicator=sma&timeperiod=50:0
[  159751ms] [ERROR] Failed to load resource: the server responded with a status of 500 (Internal Server Error) @ http://localhost:3000/api/stocks/indicator?symbol=AAPL&resolution=D&from=1776149838&to=1778741838&indicator=sma&timeperiod=20:0
[  160079ms] [ERROR] Failed to load resource: the server responded with a status of 500 (Internal Server Error) @ http://localhost:3000/api/stocks/indicator?symbol=AAPL&resolution=D&from=1776149840&to=1778741840&indicator=rsi&timeperiod=14:0
[  160081ms] [ERROR] Failed to load resource: the server responded with a status of 500 (Internal Server Error) @ http://localhost:3000/api/stocks/indicator?symbol=AAPL&resolution=D&from=1776149840&to=1778741840&indicator=sma&timeperiod=50:0
[  160083ms] [ERROR] Failed to load resource: the server responded with a status of 500 (Internal Server Error) @ http://localhost:3000/api/stocks/indicator?symbol=AAPL&resolution=D&from=1776149840&to=1778741840&indicator=sma&timeperiod=20:0
[  160823ms] [ERROR] Failed to load resource: the server responded with a status of 500 (Internal Server Error) @ http://localhost:3000/api/stocks/candle?symbol=AAPL&resolution=D&from=1776149840&to=1778741840:0
[  161112ms] [ERROR] Failed to load resource: the server responded with a status of 500 (Internal Server Error) @ http://localhost:3000/api/stocks/candle?symbol=AAPL&resolution=D&from=1776149841&to=1778741841:0
[  161380ms] [ERROR] Failed to load resource: the server responded with a status of 500 (Internal Server Error) @ http://localhost:3000/api/stocks/indicator?symbol=AAPL&resolution=D&from=1776149840&to=1778741840&indicator=rsi&timeperiod=14:0
[  161386ms] [ERROR] Failed to load resource: the server responded with a status of 500 (Internal Server Error) @ http://localhost:3000/api/stocks/indicator?symbol=AAPL&resolution=D&from=1776149840&to=1778741840&indicator=sma&timeperiod=50:0
[  161409ms] [ERROR] Failed to load resource: the server responded with a status of 500 (Internal Server Error) @ http://localhost:3000/api/stocks/indicator?symbol=AAPL&resolution=D&from=1776149840&to=1778741840&indicator=sma&timeperiod=20:0
[  161676ms] [ERROR] Failed to load resource: the server responded with a status of 500 (Internal Server Error) @ http://localhost:3000/api/stocks/indicator?symbol=AAPL&resolution=D&from=1776149842&to=1778741842&indicator=rsi&timeperiod=14:0
[  161685ms] [ERROR] Failed to load resource: the server responded with a status of 500 (Internal Server Error) @ http://localhost:3000/api/stocks/indicator?symbol=AAPL&resolution=D&from=1776149842&to=1778741842&indicator=sma&timeperiod=50:0
[  161689ms] [ERROR] Failed to load resource: the server responded with a status of 500 (Internal Server Error) @ http://localhost:3000/api/stocks/indicator?symbol=AAPL&resolution=D&from=1776149842&to=1778741842&indicator=sma&timeperiod=20:0
[  162411ms] [ERROR] Failed to load resource: the server responded with a status of 500 (Internal Server Error) @ http://localhost:3000/api/stocks/candle?symbol=AAPL&resolution=D&from=1776149841&to=1778741841:0
[  162730ms] [ERROR] Failed to load resource: the server responded with a status of 500 (Internal Server Error) @ http://localhost:3000/api/stocks/candle?symbol=AAPL&resolution=D&from=1776149843&to=1778741843:0
[  163029ms] [ERROR] Failed to load resource: the server responded with a status of 500 (Internal Server Error) @ http://localhost:3000/api/stocks/indicator?symbol=AAPL&resolution=D&from=1776149842&to=1778741842&indicator=rsi&timeperiod=14:0
[  163063ms] [ERROR] Failed to load resource: the server responded with a status of 500 (Internal Server Error) @ http://localhost:3000/api/stocks/indicator?symbol=AAPL&resolution=D&from=1776149842&to=1778741842&indicator=sma&timeperiod=50:0
[  163101ms] [ERROR] Failed to load resource: the server responded with a status of 500 (Internal Server Error) @ http://localhost:3000/api/stocks/indicator?symbol=AAPL&resolution=D&from=1776149842&to=1778741842&indicator=sma&timeperiod=20:0
[  163137ms] [LOG] [Fast Refresh] rebuilding @ http://localhost:3000/_next/static/chunks/node_modules_next_dist_115brz8._.js:2431
[  163153ms] [LOG] [Fast Refresh] done in 117ms @ http://localhost:3000/_next/static/chunks/node_modules_next_dist_115brz8._.js:2431
[  163386ms] [ERROR] Failed to load resource: the server responded with a status of 500 (Internal Server Error) @ http://localhost:3000/api/stocks/indicator?symbol=AAPL&resolution=D&from=1776149843&to=1778741843&indicator=sma&timeperiod=50:0
[  163419ms] [ERROR] Failed to load resource: the server responded with a status of 500 (Internal Server Error) @ http://localhost:3000/api/stocks/indicator?symbol=AAPL&resolution=D&from=1776149843&to=1778741843&indicator=rsi&timeperiod=14:0
[  163429ms] [ERROR] Failed to load resource: the server responded with a status of 500 (Internal Server Error) @ http://localhost:3000/api/stocks/indicator?symbol=AAPL&resolution=D&from=1776149843&to=1778741843&indicator=sma&timeperiod=20:0
[  164039ms] [ERROR] Failed to load resource: the server responded with a status of 500 (Internal Server Error) @ http://localhost:3000/api/stocks/candle?symbol=AAPL&resolution=D&from=1776149843&to=1778741843:0
[  164332ms] [ERROR] Failed to load resource: the server responded with a status of 500 (Internal Server Error) @ http://localhost:3000/api/stocks/candle?symbol=AAPL&resolution=D&from=1776149844&to=1778741844:0
[  164678ms] [ERROR] Failed to load resource: the server responded with a status of 500 (Internal Server Error) @ http://localhost:3000/api/stocks/indicator?symbol=AAPL&resolution=D&from=1776149843&to=1778741843&indicator=sma&timeperiod=50:0
[  164718ms] [ERROR] Failed to load resource: the server responded with a status of 500 (Internal Server Error) @ http://localhost:3000/api/stocks/indicator?symbol=AAPL&resolution=D&from=1776149843&to=1778741843&indicator=rsi&timeperiod=14:0
[  164729ms] [ERROR] Failed to load resource: the server responded with a status of 500 (Internal Server Error) @ http://localhost:3000/api/stocks/indicator?symbol=AAPL&resolution=D&from=1776149843&to=1778741843&indicator=sma&timeperiod=20:0
[  164771ms] [LOG] [Fast Refresh] rebuilding @ http://localhost:3000/_next/static/chunks/node_modules_next_dist_115brz8._.js:2431
[  164831ms] [LOG] [Fast Refresh] done in 164ms @ http://localhost:3000/_next/static/chunks/node_modules_next_dist_115brz8._.js:2431
[  164978ms] [ERROR] Failed to load resource: the server responded with a status of 500 (Internal Server Error) @ http://localhost:3000/api/stocks/indicator?symbol=AAPL&resolution=D&from=1776149845&to=1778741845&indicator=rsi&timeperiod=14:0
[  164982ms] [ERROR] Failed to load resource: the server responded with a status of 500 (Internal Server Error) @ http://localhost:3000/api/stocks/indicator?symbol=AAPL&resolution=D&from=1776149845&to=1778741845&indicator=sma&timeperiod=50:0
[  164999ms] [ERROR] Failed to load resource: the server responded with a status of 500 (Internal Server Error) @ http://localhost:3000/api/stocks/indicator?symbol=AAPL&resolution=D&from=1776149845&to=1778741845&indicator=sma&timeperiod=20:0
[  165649ms] [ERROR] Failed to load resource: the server responded with a status of 500 (Internal Server Error) @ http://localhost:3000/api/stocks/candle?symbol=AAPL&resolution=D&from=1776149844&to=1778741844:0
[  165981ms] [ERROR] Failed to load resource: the server responded with a status of 500 (Internal Server Error) @ http://localhost:3000/api/stocks/candle?symbol=AAPL&resolution=D&from=1776149846&to=1778741846:0
[  166277ms] [ERROR] Failed to load resource: the server responded with a status of 500 (Internal Server Error) @ http://localhost:3000/api/stocks/indicator?symbol=AAPL&resolution=D&from=1776149845&to=1778741845&indicator=sma&timeperiod=50:0
[  166281ms] [ERROR] Failed to load resource: the server responded with a status of 500 (Internal Server Error) @ http://localhost:3000/api/stocks/indicator?symbol=AAPL&resolution=D&from=1776149845&to=1778741845&indicator=rsi&timeperiod=14:0
[  166308ms] [ERROR] Failed to load resource: the server responded with a status of 500 (Internal Server Error) @ http://localhost:3000/api/stocks/indicator?symbol=AAPL&resolution=D&from=1776149845&to=1778741845&indicator=sma&timeperiod=20:0
[  166581ms] [ERROR] Failed to load resource: the server responded with a status of 500 (Internal Server Error) @ http://localhost:3000/api/stocks/indicator?symbol=AAPL&resolution=D&from=1776149847&to=1778741847&indicator=rsi&timeperiod=14:0
[  166588ms] [ERROR] Failed to load resource: the server responded with a status of 500 (Internal Server Error) @ http://localhost:3000/api/stocks/indicator?symbol=AAPL&resolution=D&from=1776149847&to=1778741847&indicator=sma&timeperiod=20:0
[  166608ms] [ERROR] Failed to load resource: the server responded with a status of 500 (Internal Server Error) @ http://localhost:3000/api/stocks/indicator?symbol=AAPL&resolution=D&from=1776149847&to=1778741847&indicator=sma&timeperiod=50:0
[  167268ms] [ERROR] Failed to load resource: the server responded with a status of 500 (Internal Server Error) @ http://localhost:3000/api/stocks/candle?symbol=AAPL&resolution=D&from=1776149846&to=1778741846:0
[  167559ms] [ERROR] Failed to load resource: the server responded with a status of 500 (Internal Server Error) @ http://localhost:3000/api/stocks/candle?symbol=AAPL&resolution=D&from=1776149848&to=1778741848:0
[  167879ms] [ERROR] Failed to load resource: the server responded with a status of 500 (Internal Server Error) @ http://localhost:3000/api/stocks/indicator?symbol=AAPL&resolution=D&from=1776149847&to=1778741847&indicator=sma&timeperiod=20:0
[  167884ms] [ERROR] Failed to load resource: the server responded with a status of 500 (Internal Server Error) @ http://localhost:3000/api/stocks/indicator?symbol=AAPL&resolution=D&from=1776149847&to=1778741847&indicator=rsi&timeperiod=14:0
[  167913ms] [ERROR] Failed to load resource: the server responded with a status of 500 (Internal Server Error) @ http://localhost:3000/api/stocks/indicator?symbol=AAPL&resolution=D&from=1776149847&to=1778741847&indicator=sma&timeperiod=50:0
[  168169ms] [ERROR] Failed to load resource: the server responded with a status of 500 (Internal Server Error) @ http://localhost:3000/api/stocks/indicator?symbol=AAPL&resolution=D&from=1776149848&to=1778741848&indicator=rsi&timeperiod=14:0
[  168191ms] [ERROR] Failed to load resource: the server responded with a status of 500 (Internal Server Error) @ http://localhost:3000/api/stocks/indicator?symbol=AAPL&resolution=D&from=1776149848&to=1778741848&indicator=sma&timeperiod=20:0
[  168207ms] [ERROR] Failed to load resource: the server responded with a status of 500 (Internal Server Error) @ http://localhost:3000/api/stocks/indicator?symbol=AAPL&resolution=D&from=1776149848&to=1778741848&indicator=sma&timeperiod=50:0
[  168891ms] [ERROR] Failed to load resource: the server responded with a status of 500 (Internal Server Error) @ http://localhost:3000/api/stocks/candle?symbol=AAPL&resolution=D&from=1776149848&to=1778741848:0
[  169192ms] [ERROR] Failed to load resource: the server responded with a status of 500 (Internal Server Error) @ http://localhost:3000/api/stocks/candle?symbol=AAPL&resolution=D&from=1776149849&to=1778741849:0
[  169484ms] [ERROR] Failed to load resource: the server responded with a status of 500 (Internal Server Error) @ http://localhost:3000/api/stocks/indicator?symbol=AAPL&resolution=D&from=1776149848&to=1778741848&indicator=rsi&timeperiod=14:0
[  169513ms] [ERROR] Failed to load resource: the server responded with a status of 500 (Internal Server Error) @ http://localhost:3000/api/stocks/indicator?symbol=AAPL&resolution=D&from=1776149848&to=1778741848&indicator=sma&timeperiod=20:0
[  169518ms] [ERROR] Failed to load resource: the server responded with a status of 500 (Internal Server Error) @ http://localhost:3000/api/stocks/indicator?symbol=AAPL&resolution=D&from=1776149848&to=1778741848&indicator=sma&timeperiod=50:0
[  169807ms] [ERROR] Failed to load resource: the server responded with a status of 500 (Internal Server Error) @ http://localhost:3000/api/stocks/indicator?symbol=AAPL&resolution=D&from=1776149850&to=1778741850&indicator=sma&timeperiod=50:0
[  169829ms] [ERROR] Failed to load resource: the server responded with a status of 500 (Internal Server Error) @ http://localhost:3000/api/stocks/indicator?symbol=AAPL&resolution=D&from=1776149850&to=1778741850&indicator=sma&timeperiod=20:0
[  169831ms] [ERROR] Failed to load resource: the server responded with a status of 500 (Internal Server Error) @ http://localhost:3000/api/stocks/indicator?symbol=AAPL&resolution=D&from=1776149850&to=1778741850&indicator=rsi&timeperiod=14:0
[  170501ms] [ERROR] Failed to load resource: the server responded with a status of 500 (Internal Server Error) @ http://localhost:3000/api/stocks/candle?symbol=AAPL&resolution=D&from=1776149849&to=1778741849:0
[  170789ms] [ERROR] Failed to load resource: the server responded with a status of 500 (Internal Server Error) @ http://localhost:3000/api/stocks/candle?symbol=AAPL&resolution=D&from=1776149851&to=1778741851:0
[  171113ms] [ERROR] Failed to load resource: the server responded with a status of 500 (Internal Server Error) @ http://localhost:3000/api/stocks/indicator?symbol=AAPL&resolution=D&from=1776149850&to=1778741850&indicator=sma&timeperiod=50:0
[  171149ms] [ERROR] Failed to load resource: the server responded with a status of 500 (Internal Server Error) @ http://localhost:3000/api/stocks/indicator?symbol=AAPL&resolution=D&from=1776149850&to=1778741850&indicator=rsi&timeperiod=14:0
[  171151ms] [ERROR] Failed to load resource: the server responded with a status of 500 (Internal Server Error) @ http://localhost:3000/api/stocks/indicator?symbol=AAPL&resolution=D&from=1776149850&to=1778741850&indicator=sma&timeperiod=20:0
[  171423ms] [ERROR] Failed to load resource: the server responded with a status of 500 (Internal Server Error) @ http://localhost:3000/api/stocks/indicator?symbol=AAPL&resolution=D&from=1776149851&to=1778741851&indicator=rsi&timeperiod=14:0
[  171433ms] [ERROR] Failed to load resource: the server responded with a status of 500 (Internal Server Error) @ http://localhost:3000/api/stocks/indicator?symbol=AAPL&resolution=D&from=1776149851&to=1778741851&indicator=sma&timeperiod=20:0
[  171446ms] [ERROR] Failed to load resource: the server responded with a status of 500 (Internal Server Error) @ http://localhost:3000/api/stocks/indicator?symbol=AAPL&resolution=D&from=1776149851&to=1778741851&indicator=sma&timeperiod=50:0
[  172115ms] [ERROR] Failed to load resource: the server responded with a status of 500 (Internal Server Error) @ http://localhost:3000/api/stocks/candle?symbol=AAPL&resolution=D&from=1776149851&to=1778741851:0
[  172398ms] [ERROR] Failed to load resource: the server responded with a status of 500 (Internal Server Error) @ http://localhost:3000/api/stocks/candle?symbol=AAPL&resolution=D&from=1776149852&to=1778741852:0
[  172735ms] [ERROR] Failed to load resource: the server responded with a status of 500 (Internal Server Error) @ http://localhost:3000/api/stocks/indicator?symbol=AAPL&resolution=D&from=1776149851&to=1778741851&indicator=sma&timeperiod=50:0
[  172742ms] [ERROR] Failed to load resource: the server responded with a status of 500 (Internal Server Error) @ http://localhost:3000/api/stocks/indicator?symbol=AAPL&resolution=D&from=1776149851&to=1778741851&indicator=rsi&timeperiod=14:0
[  172742ms] [ERROR] Failed to load resource: the server responded with a status of 500 (Internal Server Error) @ http://localhost:3000/api/stocks/indicator?symbol=AAPL&resolution=D&from=1776149851&to=1778741851&indicator=sma&timeperiod=20:0
[  173040ms] [ERROR] Failed to load resource: the server responded with a status of 500 (Internal Server Error) @ http://localhost:3000/api/stocks/indicator?symbol=AAPL&resolution=D&from=1776149853&to=1778741853&indicator=sma&timeperiod=20:0
[  173043ms] [ERROR] Failed to load resource: the server responded with a status of 500 (Internal Server Error) @ http://localhost:3000/api/stocks/indicator?symbol=AAPL&resolution=D&from=1776149853&to=1778741853&indicator=rsi&timeperiod=14:0
[  173045ms] [ERROR] Failed to load resource: the server responded with a status of 500 (Internal Server Error) @ http://localhost:3000/api/stocks/indicator?symbol=AAPL&resolution=D&from=1776149853&to=1778741853&indicator=sma&timeperiod=50:0
[  173692ms] [ERROR] Failed to load resource: the server responded with a status of 500 (Internal Server Error) @ http://localhost:3000/api/stocks/candle?symbol=AAPL&resolution=D&from=1776149852&to=1778741852:0
[  173980ms] [ERROR] Failed to load resource: the server responded with a status of 500 (Internal Server Error) @ http://localhost:3000/api/stocks/candle?symbol=AAPL&resolution=D&from=1776149854&to=1778741854:0
[  174335ms] [ERROR] Failed to load resource: the server responded with a status of 500 (Internal Server Error) @ http://localhost:3000/api/stocks/indicator?symbol=AAPL&resolution=D&from=1776149853&to=1778741853&indicator=sma&timeperiod=50:0
[  174346ms] [ERROR] Failed to load resource: the server responded with a status of 500 (Internal Server Error) @ http://localhost:3000/api/stocks/indicator?symbol=AAPL&resolution=D&from=1776149853&to=1778741853&indicator=sma&timeperiod=20:0
[  174349ms] [ERROR] Failed to load resource: the server responded with a status of 500 (Internal Server Error) @ http://localhost:3000/api/stocks/indicator?symbol=AAPL&resolution=D&from=1776149853&to=1778741853&indicator=rsi&timeperiod=14:0
[  174441ms] [LOG] [Fast Refresh] rebuilding @ http://localhost:3000/_next/static/chunks/node_modules_next_dist_115brz8._.js:2431
[  174442ms] [LOG] [Fast Refresh] done in 102ms @ http://localhost:3000/_next/static/chunks/node_modules_next_dist_115brz8._.js:2431
[  174629ms] [ERROR] Failed to load resource: the server responded with a status of 500 (Internal Server Error) @ http://localhost:3000/api/stocks/indicator?symbol=AAPL&resolution=D&from=1776149855&to=1778741855&indicator=rsi&timeperiod=14:0
[  174644ms] [ERROR] Failed to load resource: the server responded with a status of 500 (Internal Server Error) @ http://localhost:3000/api/stocks/indicator?symbol=AAPL&resolution=D&from=1776149855&to=1778741855&indicator=sma&timeperiod=20:0
[  174649ms] [ERROR] Failed to load resource: the server responded with a status of 500 (Internal Server Error) @ http://localhost:3000/api/stocks/indicator?symbol=AAPL&resolution=D&from=1776149855&to=1778741855&indicator=sma&timeperiod=50:0
[  175318ms] [ERROR] Failed to load resource: the server responded with a status of 500 (Internal Server Error) @ http://localhost:3000/api/stocks/candle?symbol=AAPL&resolution=D&from=1776149854&to=1778741854:0
[  175605ms] [ERROR] Failed to load resource: the server responded with a status of 500 (Internal Server Error) @ http://localhost:3000/api/stocks/candle?symbol=AAPL&resolution=D&from=1776149856&to=1778741856:0
[  175929ms] [ERROR] Failed to load resource: the server responded with a status of 500 (Internal Server Error) @ http://localhost:3000/api/stocks/indicator?symbol=AAPL&resolution=D&from=1776149855&to=1778741855&indicator=rsi&timeperiod=14:0
[  175950ms] [ERROR] Failed to load resource: the server responded with a status of 500 (Internal Server Error) @ http://localhost:3000/api/stocks/indicator?symbol=AAPL&resolution=D&from=1776149855&to=1778741855&indicator=sma&timeperiod=20:0
[  175953ms] [ERROR] Failed to load resource: the server responded with a status of 500 (Internal Server Error) @ http://localhost:3000/api/stocks/indicator?symbol=AAPL&resolution=D&from=1776149855&to=1778741855&indicator=sma&timeperiod=50:0
[  176229ms] [ERROR] Failed to load resource: the server responded with a status of 500 (Internal Server Error) @ http://localhost:3000/api/stocks/indicator?symbol=AAPL&resolution=D&from=1776149856&to=1778741856&indicator=rsi&timeperiod=14:0
[  176234ms] [ERROR] Failed to load resource: the server responded with a status of 500 (Internal Server Error) @ http://localhost:3000/api/stocks/indicator?symbol=AAPL&resolution=D&from=1776149856&to=1778741856&indicator=sma&timeperiod=50:0
[  176250ms] [ERROR] Failed to load resource: the server responded with a status of 500 (Internal Server Error) @ http://localhost:3000/api/stocks/indicator?symbol=AAPL&resolution=D&from=1776149856&to=1778741856&indicator=sma&timeperiod=20:0
[  176340ms] [LOG] [Fast Refresh] rebuilding @ http://localhost:3000/_next/static/chunks/node_modules_next_dist_115brz8._.js:2431
[  176356ms] [LOG] [Fast Refresh] done in 117ms @ http://localhost:3000/_next/static/chunks/node_modules_next_dist_115brz8._.js:2431
[  176909ms] [ERROR] Failed to load resource: the server responded with a status of 500 (Internal Server Error) @ http://localhost:3000/api/stocks/candle?symbol=AAPL&resolution=D&from=1776149856&to=1778741856:0
[  177202ms] [ERROR] Failed to load resource: the server responded with a status of 500 (Internal Server Error) @ http://localhost:3000/api/stocks/candle?symbol=AAPL&resolution=D&from=1776149857&to=1778741857:0
[  177530ms] [ERROR] Failed to load resource: the server responded with a status of 500 (Internal Server Error) @ http://localhost:3000/api/stocks/indicator?symbol=AAPL&resolution=D&from=1776149856&to=1778741856&indicator=rsi&timeperiod=14:0
[  177549ms] [ERROR] Failed to load resource: the server responded with a status of 500 (Internal Server Error) @ http://localhost:3000/api/stocks/indicator?symbol=AAPL&resolution=D&from=1776149856&to=1778741856&indicator=sma&timeperiod=50:0
[  177559ms] [ERROR] Failed to load resource: the server responded with a status of 500 (Internal Server Error) @ http://localhost:3000/api/stocks/indicator?symbol=AAPL&resolution=D&from=1776149856&to=1778741856&indicator=sma&timeperiod=20:0
[  177642ms] [LOG] [Fast Refresh] rebuilding @ http://localhost:3000/_next/static/chunks/node_modules_next_dist_115brz8._.js:2431
[  177643ms] [LOG] [Fast Refresh] done in 101ms @ http://localhost:3000/_next/static/chunks/node_modules_next_dist_115brz8._.js:2431
[  177836ms] [ERROR] Failed to load resource: the server responded with a status of 500 (Internal Server Error) @ http://localhost:3000/api/stocks/indicator?symbol=AAPL&resolution=D&from=1776149858&to=1778741858&indicator=rsi&timeperiod=14:0
[  177858ms] [ERROR] Failed to load resource: the server responded with a status of 500 (Internal Server Error) @ http://localhost:3000/api/stocks/indicator?symbol=AAPL&resolution=D&from=1776149858&to=1778741858&indicator=sma&timeperiod=50:0
[  177932ms] [ERROR] Failed to load resource: the server responded with a status of 500 (Internal Server Error) @ http://localhost:3000/api/stocks/indicator?symbol=AAPL&resolution=D&from=1776149858&to=1778741858&indicator=sma&timeperiod=20:0
[  177946ms] [LOG] [Fast Refresh] rebuilding @ http://localhost:3000/_next/static/chunks/node_modules_next_dist_115brz8._.js:2431
[  178007ms] [LOG] [Fast Refresh] done in 164ms @ http://localhost:3000/_next/static/chunks/node_modules_next_dist_115brz8._.js:2431
[  178489ms] [ERROR] Failed to load resource: the server responded with a status of 500 (Internal Server Error) @ http://localhost:3000/api/stocks/candle?symbol=AAPL&resolution=D&from=1776149857&to=1778741857:0
[  178787ms] [ERROR] Failed to load resource: the server responded with a status of 500 (Internal Server Error) @ http://localhost:3000/api/stocks/candle?symbol=AAPL&resolution=D&from=1776149859&to=1778741859:0
[  179126ms] [ERROR] Failed to load resource: the server responded with a status of 500 (Internal Server Error) @ http://localhost:3000/api/stocks/indicator?symbol=AAPL&resolution=D&from=1776149858&to=1778741858&indicator=rsi&timeperiod=14:0
[  179169ms] [ERROR] Failed to load resource: the server responded with a status of 500 (Internal Server Error) @ http://localhost:3000/api/stocks/indicator?symbol=AAPL&resolution=D&from=1776149858&to=1778741858&indicator=sma&timeperiod=50:0
[  179239ms] [ERROR] Failed to load resource: the server responded with a status of 500 (Internal Server Error) @ http://localhost:3000/api/stocks/indicator?symbol=AAPL&resolution=D&from=1776149858&to=1778741858&indicator=sma&timeperiod=20:0
[  179416ms] [ERROR] Failed to load resource: the server responded with a status of 500 (Internal Server Error) @ http://localhost:3000/api/stocks/indicator?symbol=AAPL&resolution=D&from=1776149859&to=1778741859&indicator=rsi&timeperiod=14:0
[  179455ms] [ERROR] Failed to load resource: the server responded with a status of 500 (Internal Server Error) @ http://localhost:3000/api/stocks/indicator?symbol=AAPL&resolution=D&from=1776149859&to=1778741859&indicator=sma&timeperiod=50:0
[  179457ms] [ERROR] Failed to load resource: the server responded with a status of 500 (Internal Server Error) @ http://localhost:3000/api/stocks/indicator?symbol=AAPL&resolution=D&from=1776149859&to=1778741859&indicator=sma&timeperiod=20:0
[  180105ms] [ERROR] Failed to load resource: the server responded with a status of 500 (Internal Server Error) @ http://localhost:3000/api/stocks/candle?symbol=AAPL&resolution=D&from=1776149859&to=1778741859:0
[  180708ms] [ERROR] Failed to load resource: the server responded with a status of 500 (Internal Server Error) @ http://localhost:3000/api/stocks/indicator?symbol=AAPL&resolution=D&from=1776149859&to=1778741859&indicator=rsi&timeperiod=14:0
[  180766ms] [ERROR] Failed to load resource: the server responded with a status of 500 (Internal Server Error) @ http://localhost:3000/api/stocks/indicator?symbol=AAPL&resolution=D&from=1776149859&to=1778741859&indicator=sma&timeperiod=50:0
[  180806ms] [ERROR] Failed to load resource: the server responded with a status of 500 (Internal Server Error) @ http://localhost:3000/api/stocks/indicator?symbol=AAPL&resolution=D&from=1776149859&to=1778741859&indicator=sma&timeperiod=20:0
[  180864ms] [ERROR] Failed to load resource: the server responded with a status of 500 (Internal Server Error) @ http://localhost:3000/api/stocks/candle?symbol=AAPL&resolution=D&from=1776149860&to=1778741860:0
[  181043ms] [ERROR] Failed to load resource: the server responded with a status of 500 (Internal Server Error) @ http://localhost:3000/api/stocks/indicator?symbol=AAPL&resolution=D&from=1776149861&to=1778741861&indicator=rsi&timeperiod=14:0
[  181061ms] [ERROR] Failed to load resource: the server responded with a status of 500 (Internal Server Error) @ http://localhost:3000/api/stocks/indicator?symbol=AAPL&resolution=D&from=1776149861&to=1778741861&indicator=sma&timeperiod=50:0
[  181077ms] [ERROR] Failed to load resource: the server responded with a status of 500 (Internal Server Error) @ http://localhost:3000/api/stocks/indicator?symbol=AAPL&resolution=D&from=1776149861&to=1778741861&indicator=sma&timeperiod=20:0
[  181160ms] [LOG] [Fast Refresh] rebuilding @ http://localhost:3000/_next/static/chunks/node_modules_next_dist_115brz8._.js:2431
[  181179ms] [LOG] [Fast Refresh] done in 122ms @ http://localhost:3000/_next/static/chunks/node_modules_next_dist_115brz8._.js:2431
[  182161ms] [ERROR] Failed to load resource: the server responded with a status of 500 (Internal Server Error) @ http://localhost:3000/api/stocks/candle?symbol=AAPL&resolution=D&from=1776149860&to=1778741860:0
[  182349ms] [ERROR] Failed to load resource: the server responded with a status of 500 (Internal Server Error) @ http://localhost:3000/api/stocks/indicator?symbol=AAPL&resolution=D&from=1776149861&to=1778741861&indicator=rsi&timeperiod=14:0
[  182354ms] [ERROR] Failed to load resource: the server responded with a status of 500 (Internal Server Error) @ http://localhost:3000/api/stocks/indicator?symbol=AAPL&resolution=D&from=1776149861&to=1778741861&indicator=sma&timeperiod=50:0
[  182402ms] [ERROR] Failed to load resource: the server responded with a status of 500 (Internal Server Error) @ http://localhost:3000/api/stocks/indicator?symbol=AAPL&resolution=D&from=1776149861&to=1778741861&indicator=sma&timeperiod=20:0
[  182462ms] [ERROR] Failed to load resource: the server responded with a status of 500 (Internal Server Error) @ http://localhost:3000/api/stocks/candle?symbol=AAPL&resolution=D&from=1776149862&to=1778741862:0
[  182644ms] [ERROR] Failed to load resource: the server responded with a status of 500 (Internal Server Error) @ http://localhost:3000/api/stocks/indicator?symbol=AAPL&resolution=D&from=1776149863&to=1778741863&indicator=rsi&timeperiod=14:0
[  182651ms] [ERROR] Failed to load resource: the server responded with a status of 500 (Internal Server Error) @ http://localhost:3000/api/stocks/indicator?symbol=AAPL&resolution=D&from=1776149863&to=1778741863&indicator=sma&timeperiod=20:0
[  182654ms] [ERROR] Failed to load resource: the server responded with a status of 500 (Internal Server Error) @ http://localhost:3000/api/stocks/indicator?symbol=AAPL&resolution=D&from=1776149863&to=1778741863&indicator=sma&timeperiod=50:0
[  183771ms] [ERROR] Failed to load resource: the server responded with a status of 500 (Internal Server Error) @ http://localhost:3000/api/stocks/candle?symbol=AAPL&resolution=D&from=1776149862&to=1778741862:0
[  183957ms] [ERROR] Failed to load resource: the server responded with a status of 500 (Internal Server Error) @ http://localhost:3000/api/stocks/indicator?symbol=AAPL&resolution=D&from=1776149863&to=1778741863&indicator=sma&timeperiod=20:0
[  183962ms] [ERROR] Failed to load resource: the server responded with a status of 500 (Internal Server Error) @ http://localhost:3000/api/stocks/indicator?symbol=AAPL&resolution=D&from=1776149863&to=1778741863&indicator=rsi&timeperiod=14:0
[  183986ms] [ERROR] Failed to load resource: the server responded with a status of 500 (Internal Server Error) @ http://localhost:3000/api/stocks/indicator?symbol=AAPL&resolution=D&from=1776149863&to=1778741863&indicator=sma&timeperiod=50:0
[  184074ms] [ERROR] Failed to load resource: the server responded with a status of 500 (Internal Server Error) @ http://localhost:3000/api/stocks/candle?symbol=AAPL&resolution=D&from=1776149864&to=1778741864:0
[  184074ms] [LOG] [Fast Refresh] rebuilding @ http://localhost:3000/_next/static/chunks/node_modules_next_dist_115brz8._.js:2431
[  184079ms] [LOG] [Fast Refresh] done in 113ms @ http://localhost:3000/_next/static/chunks/node_modules_next_dist_115brz8._.js:2431
[  184255ms] [ERROR] Failed to load resource: the server responded with a status of 500 (Internal Server Error) @ http://localhost:3000/api/stocks/indicator?symbol=AAPL&resolution=D&from=1776149864&to=1778741864&indicator=rsi&timeperiod=14:0
[  184257ms] [ERROR] Failed to load resource: the server responded with a status of 500 (Internal Server Error) @ http://localhost:3000/api/stocks/indicator?symbol=AAPL&resolution=D&from=1776149864&to=1778741864&indicator=sma&timeperiod=20:0
[  184271ms] [ERROR] Failed to load resource: the server responded with a status of 500 (Internal Server Error) @ http://localhost:3000/api/stocks/indicator?symbol=AAPL&resolution=D&from=1776149864&to=1778741864&indicator=sma&timeperiod=50:0
[  185368ms] [ERROR] Failed to load resource: the server responded with a status of 500 (Internal Server Error) @ http://localhost:3000/api/stocks/candle?symbol=AAPL&resolution=D&from=1776149864&to=1778741864:0
[  185552ms] [ERROR] Failed to load resource: the server responded with a status of 500 (Internal Server Error) @ http://localhost:3000/api/stocks/indicator?symbol=AAPL&resolution=D&from=1776149864&to=1778741864&indicator=rsi&timeperiod=14:0
[  185568ms] [ERROR] Failed to load resource: the server responded with a status of 500 (Internal Server Error) @ http://localhost:3000/api/stocks/indicator?symbol=AAPL&resolution=D&from=1776149864&to=1778741864&indicator=sma&timeperiod=20:0
[  185591ms] [ERROR] Failed to load resource: the server responded with a status of 500 (Internal Server Error) @ http://localhost:3000/api/stocks/indicator?symbol=AAPL&resolution=D&from=1776149864&to=1778741864&indicator=sma&timeperiod=50:0
[  185653ms] [ERROR] Failed to load resource: the server responded with a status of 500 (Internal Server Error) @ http://localhost:3000/api/stocks/candle?symbol=AAPL&resolution=D&from=1776149866&to=1778741866:0
[  185673ms] [LOG] [Fast Refresh] rebuilding @ http://localhost:3000/_next/static/chunks/node_modules_next_dist_115brz8._.js:2431
[  185734ms] [LOG] [Fast Refresh] done in 177ms @ http://localhost:3000/_next/static/chunks/node_modules_next_dist_115brz8._.js:2431
[  185884ms] [ERROR] Failed to load resource: the server responded with a status of 500 (Internal Server Error) @ http://localhost:3000/api/stocks/indicator?symbol=AAPL&resolution=D&from=1776149866&to=1778741866&indicator=sma&timeperiod=20:0
[  185966ms] [ERROR] Failed to load resource: the server responded with a status of 500 (Internal Server Error) @ http://localhost:3000/api/stocks/indicator?symbol=AAPL&resolution=D&from=1776149866&to=1778741866&indicator=rsi&timeperiod=14:0
[  185991ms] [ERROR] Failed to load resource: the server responded with a status of 500 (Internal Server Error) @ http://localhost:3000/api/stocks/indicator?symbol=AAPL&resolution=D&from=1776149866&to=1778741866&indicator=sma&timeperiod=50:0
[  186970ms] [ERROR] Failed to load resource: the server responded with a status of 500 (Internal Server Error) @ http://localhost:3000/api/stocks/candle?symbol=AAPL&resolution=D&from=1776149866&to=1778741866:0
[  187176ms] [ERROR] Failed to load resource: the server responded with a status of 500 (Internal Server Error) @ http://localhost:3000/api/stocks/indicator?symbol=AAPL&resolution=D&from=1776149866&to=1778741866&indicator=sma&timeperiod=20:0
[  187264ms] [ERROR] Failed to load resource: the server responded with a status of 500 (Internal Server Error) @ http://localhost:3000/api/stocks/candle?symbol=AAPL&resolution=D&from=1776149867&to=1778741867:0
[  187269ms] [ERROR] Failed to load resource: the server responded with a status of 500 (Internal Server Error) @ http://localhost:3000/api/stocks/indicator?symbol=AAPL&resolution=D&from=1776149866&to=1778741866&indicator=rsi&timeperiod=14:0
[  187307ms] [ERROR] Failed to load resource: the server responded with a status of 500 (Internal Server Error) @ http://localhost:3000/api/stocks/indicator?symbol=AAPL&resolution=D&from=1776149866&to=1778741866&indicator=sma&timeperiod=50:0
[  187470ms] [ERROR] Failed to load resource: the server responded with a status of 500 (Internal Server Error) @ http://localhost:3000/api/stocks/indicator?symbol=AAPL&resolution=D&from=1776149867&to=1778741867&indicator=rsi&timeperiod=14:0
[  187479ms] [ERROR] Failed to load resource: the server responded with a status of 500 (Internal Server Error) @ http://localhost:3000/api/stocks/indicator?symbol=AAPL&resolution=D&from=1776149867&to=1778741867&indicator=sma&timeperiod=50:0
[  187512ms] [ERROR] Failed to load resource: the server responded with a status of 500 (Internal Server Error) @ http://localhost:3000/api/stocks/indicator?symbol=AAPL&resolution=D&from=1776149867&to=1778741867&indicator=sma&timeperiod=20:0
[  188553ms] [ERROR] Failed to load resource: the server responded with a status of 500 (Internal Server Error) @ http://localhost:3000/api/stocks/candle?symbol=AAPL&resolution=D&from=1776149867&to=1778741867:0
[  188768ms] [ERROR] Failed to load resource: the server responded with a status of 500 (Internal Server Error) @ http://localhost:3000/api/stocks/indicator?symbol=AAPL&resolution=D&from=1776149867&to=1778741867&indicator=rsi&timeperiod=14:0
[  188772ms] [ERROR] Failed to load resource: the server responded with a status of 500 (Internal Server Error) @ http://localhost:3000/api/stocks/indicator?symbol=AAPL&resolution=D&from=1776149867&to=1778741867&indicator=sma&timeperiod=50:0
[  188833ms] [ERROR] Failed to load resource: the server responded with a status of 500 (Internal Server Error) @ http://localhost:3000/api/stocks/indicator?symbol=AAPL&resolution=D&from=1776149867&to=1778741867&indicator=sma&timeperiod=20:0
[  188848ms] [ERROR] Failed to load resource: the server responded with a status of 500 (Internal Server Error) @ http://localhost:3000/api/stocks/candle?symbol=AAPL&resolution=D&from=1776149869&to=1778741869:0
[  189064ms] [ERROR] Failed to load resource: the server responded with a status of 500 (Internal Server Error) @ http://localhost:3000/api/stocks/indicator?symbol=AAPL&resolution=D&from=1776149869&to=1778741869&indicator=rsi&timeperiod=14:0
[  189069ms] [ERROR] Failed to load resource: the server responded with a status of 500 (Internal Server Error) @ http://localhost:3000/api/stocks/indicator?symbol=AAPL&resolution=D&from=1776149869&to=1778741869&indicator=sma&timeperiod=20:0
[  189119ms] [ERROR] Failed to load resource: the server responded with a status of 500 (Internal Server Error) @ http://localhost:3000/api/stocks/indicator?symbol=AAPL&resolution=D&from=1776149869&to=1778741869&indicator=sma&timeperiod=50:0
[  190155ms] [ERROR] Failed to load resource: the server responded with a status of 500 (Internal Server Error) @ http://localhost:3000/api/stocks/candle?symbol=AAPL&resolution=D&from=1776149869&to=1778741869:0
[  190360ms] [ERROR] Failed to load resource: the server responded with a status of 500 (Internal Server Error) @ http://localhost:3000/api/stocks/indicator?symbol=AAPL&resolution=D&from=1776149869&to=1778741869&indicator=rsi&timeperiod=14:0
[  190364ms] [ERROR] Failed to load resource: the server responded with a status of 500 (Internal Server Error) @ http://localhost:3000/api/stocks/indicator?symbol=AAPL&resolution=D&from=1776149869&to=1778741869&indicator=sma&timeperiod=20:0
[  190441ms] [ERROR] Failed to load resource: the server responded with a status of 500 (Internal Server Error) @ http://localhost:3000/api/stocks/candle?symbol=AAPL&resolution=D&from=1776149870&to=1778741870:0
[  190444ms] [ERROR] Failed to load resource: the server responded with a status of 500 (Internal Server Error) @ http://localhost:3000/api/stocks/indicator?symbol=AAPL&resolution=D&from=1776149869&to=1778741869&indicator=sma&timeperiod=50:0
[  190660ms] [ERROR] Failed to load resource: the server responded with a status of 500 (Internal Server Error) @ http://localhost:3000/api/stocks/indicator?symbol=AAPL&resolution=D&from=1776149871&to=1778741871&indicator=rsi&timeperiod=14:0
[  190662ms] [ERROR] Failed to load resource: the server responded with a status of 500 (Internal Server Error) @ http://localhost:3000/api/stocks/indicator?symbol=AAPL&resolution=D&from=1776149871&to=1778741871&indicator=sma&timeperiod=20:0
[  190682ms] [ERROR] Failed to load resource: the server responded with a status of 500 (Internal Server Error) @ http://localhost:3000/api/stocks/indicator?symbol=AAPL&resolution=D&from=1776149871&to=1778741871&indicator=sma&timeperiod=50:0
[  191762ms] [ERROR] Failed to load resource: the server responded with a status of 500 (Internal Server Error) @ http://localhost:3000/api/stocks/candle?symbol=AAPL&resolution=D&from=1776149870&to=1778741870:0
[  191977ms] [ERROR] Failed to load resource: the server responded with a status of 500 (Internal Server Error) @ http://localhost:3000/api/stocks/indicator?symbol=AAPL&resolution=D&from=1776149871&to=1778741871&indicator=sma&timeperiod=20:0
[  191982ms] [ERROR] Failed to load resource: the server responded with a status of 500 (Internal Server Error) @ http://localhost:3000/api/stocks/indicator?symbol=AAPL&resolution=D&from=1776149871&to=1778741871&indicator=rsi&timeperiod=14:0
[  192021ms] [ERROR] Failed to load resource: the server responded with a status of 500 (Internal Server Error) @ http://localhost:3000/api/stocks/indicator?symbol=AAPL&resolution=D&from=1776149871&to=1778741871&indicator=sma&timeperiod=50:0
[  192057ms] [ERROR] Failed to load resource: the server responded with a status of 500 (Internal Server Error) @ http://localhost:3000/api/stocks/candle?symbol=AAPL&resolution=D&from=1776149872&to=1778741872:0
[  192290ms] [ERROR] Failed to load resource: the server responded with a status of 500 (Internal Server Error) @ http://localhost:3000/api/stocks/indicator?symbol=AAPL&resolution=D&from=1776149872&to=1778741872&indicator=sma&timeperiod=20:0
[  192332ms] [ERROR] Failed to load resource: the server responded with a status of 500 (Internal Server Error) @ http://localhost:3000/api/stocks/indicator?symbol=AAPL&resolution=D&from=1776149872&to=1778741872&indicator=sma&timeperiod=50:0
[  192345ms] [ERROR] Failed to load resource: the server responded with a status of 500 (Internal Server Error) @ http://localhost:3000/api/stocks/indicator?symbol=AAPL&resolution=D&from=1776149872&to=1778741872&indicator=rsi&timeperiod=14:0
[  193351ms] [ERROR] Failed to load resource: the server responded with a status of 500 (Internal Server Error) @ http://localhost:3000/api/stocks/candle?symbol=AAPL&resolution=D&from=1776149872&to=1778741872:0
[  193588ms] [ERROR] Failed to load resource: the server responded with a status of 500 (Internal Server Error) @ http://localhost:3000/api/stocks/indicator?symbol=AAPL&resolution=D&from=1776149872&to=1778741872&indicator=sma&timeperiod=20:0
[  193615ms] [ERROR] Failed to load resource: the server responded with a status of 500 (Internal Server Error) @ http://localhost:3000/api/stocks/indicator?symbol=AAPL&resolution=D&from=1776149872&to=1778741872&indicator=sma&timeperiod=50:0
[  193634ms] [ERROR] Failed to load resource: the server responded with a status of 500 (Internal Server Error) @ http://localhost:3000/api/stocks/indicator?symbol=AAPL&resolution=D&from=1776149872&to=1778741872&indicator=rsi&timeperiod=14:0
[  193671ms] [ERROR] Failed to load resource: the server responded with a status of 500 (Internal Server Error) @ http://localhost:3000/api/stocks/candle?symbol=AAPL&resolution=D&from=1776149874&to=1778741874:0
[  193886ms] [ERROR] Failed to load resource: the server responded with a status of 500 (Internal Server Error) @ http://localhost:3000/api/stocks/indicator?symbol=AAPL&resolution=D&from=1776149874&to=1778741874&indicator=rsi&timeperiod=14:0
[  193890ms] [ERROR] Failed to load resource: the server responded with a status of 500 (Internal Server Error) @ http://localhost:3000/api/stocks/indicator?symbol=AAPL&resolution=D&from=1776149874&to=1778741874&indicator=sma&timeperiod=50:0
[  193898ms] [ERROR] Failed to load resource: the server responded with a status of 500 (Internal Server Error) @ http://localhost:3000/api/stocks/indicator?symbol=AAPL&resolution=D&from=1776149874&to=1778741874&indicator=sma&timeperiod=20:0
[  194971ms] [ERROR] Failed to load resource: the server responded with a status of 500 (Internal Server Error) @ http://localhost:3000/api/stocks/candle?symbol=AAPL&resolution=D&from=1776149874&to=1778741874:0
[  195185ms] [ERROR] Failed to load resource: the server responded with a status of 500 (Internal Server Error) @ http://localhost:3000/api/stocks/indicator?symbol=AAPL&resolution=D&from=1776149874&to=1778741874&indicator=sma&timeperiod=50:0
[  195191ms] [ERROR] Failed to load resource: the server responded with a status of 500 (Internal Server Error) @ http://localhost:3000/api/stocks/indicator?symbol=AAPL&resolution=D&from=1776149874&to=1778741874&indicator=rsi&timeperiod=14:0
[  195214ms] [ERROR] Failed to load resource: the server responded with a status of 500 (Internal Server Error) @ http://localhost:3000/api/stocks/indicator?symbol=AAPL&resolution=D&from=1776149874&to=1778741874&indicator=sma&timeperiod=20:0
[  195330ms] [ERROR] Failed to load resource: the server responded with a status of 500 (Internal Server Error) @ http://localhost:3000/api/stocks/candle?symbol=AAPL&resolution=D&from=1776149875&to=1778741875:0
[  195498ms] [ERROR] Failed to load resource: the server responded with a status of 500 (Internal Server Error) @ http://localhost:3000/api/stocks/indicator?symbol=AAPL&resolution=D&from=1776149875&to=1778741875&indicator=sma&timeperiod=20:0
[  195500ms] [ERROR] Failed to load resource: the server responded with a status of 500 (Internal Server Error) @ http://localhost:3000/api/stocks/indicator?symbol=AAPL&resolution=D&from=1776149875&to=1778741875&indicator=rsi&timeperiod=14:0
[  195507ms] [ERROR] Failed to load resource: the server responded with a status of 500 (Internal Server Error) @ http://localhost:3000/api/stocks/indicator?symbol=AAPL&resolution=D&from=1776149875&to=1778741875&indicator=sma&timeperiod=50:0
[  196635ms] [ERROR] Failed to load resource: the server responded with a status of 500 (Internal Server Error) @ http://localhost:3000/api/stocks/candle?symbol=AAPL&resolution=D&from=1776149875&to=1778741875:0
[  196808ms] [ERROR] Failed to load resource: the server responded with a status of 500 (Internal Server Error) @ http://localhost:3000/api/stocks/indicator?symbol=AAPL&resolution=D&from=1776149875&to=1778741875&indicator=rsi&timeperiod=14:0
[  196812ms] [ERROR] Failed to load resource: the server responded with a status of 500 (Internal Server Error) @ http://localhost:3000/api/stocks/indicator?symbol=AAPL&resolution=D&from=1776149875&to=1778741875&indicator=sma&timeperiod=20:0
[  196832ms] [ERROR] Failed to load resource: the server responded with a status of 500 (Internal Server Error) @ http://localhost:3000/api/stocks/indicator?symbol=AAPL&resolution=D&from=1776149875&to=1778741875&indicator=sma&timeperiod=50:0
[  196925ms] [ERROR] Failed to load resource: the server responded with a status of 500 (Internal Server Error) @ http://localhost:3000/api/stocks/candle?symbol=AAPL&resolution=D&from=1776149877&to=1778741877:0
[  197102ms] [ERROR] Failed to load resource: the server responded with a status of 500 (Internal Server Error) @ http://localhost:3000/api/stocks/indicator?symbol=AAPL&resolution=D&from=1776149877&to=1778741877&indicator=sma&timeperiod=20:0
[  197113ms] [ERROR] Failed to load resource: the server responded with a status of 500 (Internal Server Error) @ http://localhost:3000/api/stocks/indicator?symbol=AAPL&resolution=D&from=1776149877&to=1778741877&indicator=rsi&timeperiod=14:0
[  197127ms] [ERROR] Failed to load resource: the server responded with a status of 500 (Internal Server Error) @ http://localhost:3000/api/stocks/indicator?symbol=AAPL&resolution=D&from=1776149877&to=1778741877&indicator=sma&timeperiod=50:0
[  198234ms] [ERROR] Failed to load resource: the server responded with a status of 500 (Internal Server Error) @ http://localhost:3000/api/stocks/candle?symbol=AAPL&resolution=D&from=1776149877&to=1778741877:0
[  198422ms] [ERROR] Failed to load resource: the server responded with a status of 500 (Internal Server Error) @ http://localhost:3000/api/stocks/indicator?symbol=AAPL&resolution=D&from=1776149877&to=1778741877&indicator=rsi&timeperiod=14:0
[  198426ms] [ERROR] Failed to load resource: the server responded with a status of 500 (Internal Server Error) @ http://localhost:3000/api/stocks/indicator?symbol=AAPL&resolution=D&from=1776149877&to=1778741877&indicator=sma&timeperiod=20:0
[  198455ms] [ERROR] Failed to load resource: the server responded with a status of 500 (Internal Server Error) @ http://localhost:3000/api/stocks/indicator?symbol=AAPL&resolution=D&from=1776149877&to=1778741877&indicator=sma&timeperiod=50:0
[  198522ms] [ERROR] Failed to load resource: the server responded with a status of 500 (Internal Server Error) @ http://localhost:3000/api/stocks/candle?symbol=AAPL&resolution=D&from=1776149879&to=1778741879:0
[  198724ms] [ERROR] Failed to load resource: the server responded with a status of 500 (Internal Server Error) @ http://localhost:3000/api/stocks/indicator?symbol=AAPL&resolution=D&from=1776149879&to=1778741879&indicator=sma&timeperiod=20:0
[  198741ms] [ERROR] Failed to load resource: the server responded with a status of 500 (Internal Server Error) @ http://localhost:3000/api/stocks/indicator?symbol=AAPL&resolution=D&from=1776149879&to=1778741879&indicator=rsi&timeperiod=14:0
[  198758ms] [ERROR] Failed to load resource: the server responded with a status of 500 (Internal Server Error) @ http://localhost:3000/api/stocks/indicator?symbol=AAPL&resolution=D&from=1776149879&to=1778741879&indicator=sma&timeperiod=50:0
[  199825ms] [ERROR] Failed to load resource: the server responded with a status of 500 (Internal Server Error) @ http://localhost:3000/api/stocks/candle?symbol=AAPL&resolution=D&from=1776149879&to=1778741879:0
[  200040ms] [ERROR] Failed to load resource: the server responded with a status of 500 (Internal Server Error) @ http://localhost:3000/api/stocks/indicator?symbol=AAPL&resolution=D&from=1776149879&to=1778741879&indicator=sma&timeperiod=20:0
[  200072ms] [ERROR] Failed to load resource: the server responded with a status of 500 (Internal Server Error) @ http://localhost:3000/api/stocks/indicator?symbol=AAPL&resolution=D&from=1776149879&to=1778741879&indicator=rsi&timeperiod=14:0
[  200089ms] [ERROR] Failed to load resource: the server responded with a status of 500 (Internal Server Error) @ http://localhost:3000/api/stocks/indicator?symbol=AAPL&resolution=D&from=1776149879&to=1778741879&indicator=sma&timeperiod=50:0
[  200110ms] [ERROR] Failed to load resource: the server responded with a status of 500 (Internal Server Error) @ http://localhost:3000/api/stocks/candle?symbol=AAPL&resolution=D&from=1776149880&to=1778741880:0
[  200160ms] [LOG] [Fast Refresh] rebuilding @ http://localhost:3000/_next/static/chunks/node_modules_next_dist_115brz8._.js:2431
[  200160ms] [LOG] [Fast Refresh] done in 114ms @ http://localhost:3000/_next/static/chunks/node_modules_next_dist_115brz8._.js:2431
[  200330ms] [ERROR] Failed to load resource: the server responded with a status of 500 (Internal Server Error) @ http://localhost:3000/api/stocks/indicator?symbol=AAPL&resolution=D&from=1776149880&to=1778741880&indicator=sma&timeperiod=20:0
[  200336ms] [ERROR] Failed to load resource: the server responded with a status of 500 (Internal Server Error) @ http://localhost:3000/api/stocks/indicator?symbol=AAPL&resolution=D&from=1776149880&to=1778741880&indicator=rsi&timeperiod=14:0
[  200427ms] [ERROR] Failed to load resource: the server responded with a status of 500 (Internal Server Error) @ http://localhost:3000/api/stocks/indicator?symbol=AAPL&resolution=D&from=1776149880&to=1778741880&indicator=sma&timeperiod=50:0
[  201425ms] [ERROR] Failed to load resource: the server responded with a status of 500 (Internal Server Error) @ http://localhost:3000/api/stocks/candle?symbol=AAPL&resolution=D&from=1776149880&to=1778741880:0
[  201740ms] [ERROR] Failed to load resource: the server responded with a status of 500 (Internal Server Error) @ http://localhost:3000/api/stocks/candle?symbol=AAPL&resolution=D&from=1776149882&to=1778741882:0
[  201792ms] [ERROR] Failed to load resource: the server responded with a status of 500 (Internal Server Error) @ http://localhost:3000/api/stocks/indicator?symbol=AAPL&resolution=D&from=1776149880&to=1778741880&indicator=rsi&timeperiod=14:0
[  201814ms] [ERROR] Failed to load resource: the server responded with a status of 500 (Internal Server Error) @ http://localhost:3000/api/stocks/indicator?symbol=AAPL&resolution=D&from=1776149880&to=1778741880&indicator=sma&timeperiod=20:0
[  201854ms] [ERROR] Failed to load resource: the server responded with a status of 500 (Internal Server Error) @ http://localhost:3000/api/stocks/indicator?symbol=AAPL&resolution=D&from=1776149880&to=1778741880&indicator=sma&timeperiod=50:0
[  201903ms] [LOG] [Fast Refresh] rebuilding @ http://localhost:3000/_next/static/chunks/node_modules_next_dist_115brz8._.js:2431
[  201903ms] [LOG] [Fast Refresh] done in 105ms @ http://localhost:3000/_next/static/chunks/node_modules_next_dist_115brz8._.js:2431
[  202153ms] [ERROR] Failed to load resource: the server responded with a status of 500 (Internal Server Error) @ http://localhost:3000/api/stocks/indicator?symbol=AAPL&resolution=D&from=1776149882&to=1778741882&indicator=sma&timeperiod=20:0
[  202155ms] [ERROR] Failed to load resource: the server responded with a status of 500 (Internal Server Error) @ http://localhost:3000/api/stocks/indicator?symbol=AAPL&resolution=D&from=1776149882&to=1778741882&indicator=rsi&timeperiod=14:0
[  202158ms] [ERROR] Failed to load resource: the server responded with a status of 500 (Internal Server Error) @ http://localhost:3000/api/stocks/indicator?symbol=AAPL&resolution=D&from=1776149882&to=1778741882&indicator=sma&timeperiod=50:0
[  203038ms] [ERROR] Failed to load resource: the server responded with a status of 500 (Internal Server Error) @ http://localhost:3000/api/stocks/candle?symbol=AAPL&resolution=D&from=1776149882&to=1778741882:0
[  203329ms] [ERROR] Failed to load resource: the server responded with a status of 500 (Internal Server Error) @ http://localhost:3000/api/stocks/candle?symbol=AAPL&resolution=D&from=1776149883&to=1778741883:0
[  203451ms] [ERROR] Failed to load resource: the server responded with a status of 500 (Internal Server Error) @ http://localhost:3000/api/stocks/indicator?symbol=AAPL&resolution=D&from=1776149882&to=1778741882&indicator=sma&timeperiod=20:0
[  203474ms] [ERROR] Failed to load resource: the server responded with a status of 500 (Internal Server Error) @ http://localhost:3000/api/stocks/indicator?symbol=AAPL&resolution=D&from=1776149882&to=1778741882&indicator=rsi&timeperiod=14:0
[  203476ms] [ERROR] Failed to load resource: the server responded with a status of 500 (Internal Server Error) @ http://localhost:3000/api/stocks/indicator?symbol=AAPL&resolution=D&from=1776149882&to=1778741882&indicator=sma&timeperiod=50:0
[  203745ms] [ERROR] Failed to load resource: the server responded with a status of 500 (Internal Server Error) @ http://localhost:3000/api/stocks/indicator?symbol=AAPL&resolution=D&from=1776149884&to=1778741884&indicator=rsi&timeperiod=14:0
[  203748ms] [ERROR] Failed to load resource: the server responded with a status of 500 (Internal Server Error) @ http://localhost:3000/api/stocks/indicator?symbol=AAPL&resolution=D&from=1776149884&to=1778741884&indicator=sma&timeperiod=20:0
[  203782ms] [ERROR] Failed to load resource: the server responded with a status of 500 (Internal Server Error) @ http://localhost:3000/api/stocks/indicator?symbol=AAPL&resolution=D&from=1776149884&to=1778741884&indicator=sma&timeperiod=50:0
[  204654ms] [ERROR] Failed to load resource: the server responded with a status of 500 (Internal Server Error) @ http://localhost:3000/api/stocks/candle?symbol=AAPL&resolution=D&from=1776149883&to=1778741883:0
[  204977ms] [ERROR] Failed to load resource: the server responded with a status of 500 (Internal Server Error) @ http://localhost:3000/api/stocks/candle?symbol=AAPL&resolution=D&from=1776149885&to=1778741885:0
[  205158ms] [ERROR] Failed to load resource: the server responded with a status of 500 (Internal Server Error) @ http://localhost:3000/api/stocks/indicator?symbol=AAPL&resolution=D&from=1776149884&to=1778741884&indicator=rsi&timeperiod=14:0
[  205175ms] [ERROR] Failed to load resource: the server responded with a status of 500 (Internal Server Error) @ http://localhost:3000/api/stocks/indicator?symbol=AAPL&resolution=D&from=1776149884&to=1778741884&indicator=sma&timeperiod=50:0
[  205199ms] [ERROR] Failed to load resource: the server responded with a status of 500 (Internal Server Error) @ http://localhost:3000/api/stocks/indicator?symbol=AAPL&resolution=D&from=1776149884&to=1778741884&indicator=sma&timeperiod=20:0
[  205453ms] [ERROR] Failed to load resource: the server responded with a status of 500 (Internal Server Error) @ http://localhost:3000/api/stocks/indicator?symbol=AAPL&resolution=D&from=1776149885&to=1778741885&indicator=rsi&timeperiod=14:0
[  205461ms] [ERROR] Failed to load resource: the server responded with a status of 500 (Internal Server Error) @ http://localhost:3000/api/stocks/indicator?symbol=AAPL&resolution=D&from=1776149885&to=1778741885&indicator=sma&timeperiod=20:0
[  205469ms] [ERROR] Failed to load resource: the server responded with a status of 500 (Internal Server Error) @ http://localhost:3000/api/stocks/indicator?symbol=AAPL&resolution=D&from=1776149885&to=1778741885&indicator=sma&timeperiod=50:0
[  206288ms] [ERROR] Failed to load resource: the server responded with a status of 500 (Internal Server Error) @ http://localhost:3000/api/stocks/candle?symbol=AAPL&resolution=D&from=1776149885&to=1778741885:0
[  206577ms] [ERROR] Failed to load resource: the server responded with a status of 500 (Internal Server Error) @ http://localhost:3000/api/stocks/candle?symbol=AAPL&resolution=D&from=1776149887&to=1778741887:0
[  206743ms] [ERROR] Failed to load resource: the server responded with a status of 500 (Internal Server Error) @ http://localhost:3000/api/stocks/indicator?symbol=AAPL&resolution=D&from=1776149885&to=1778741885&indicator=rsi&timeperiod=14:0
[  206768ms] [ERROR] Failed to load resource: the server responded with a status of 500 (Internal Server Error) @ http://localhost:3000/api/stocks/indicator?symbol=AAPL&resolution=D&from=1776149885&to=1778741885&indicator=sma&timeperiod=20:0
[  206791ms] [ERROR] Failed to load resource: the server responded with a status of 500 (Internal Server Error) @ http://localhost:3000/api/stocks/indicator?symbol=AAPL&resolution=D&from=1776149885&to=1778741885&indicator=sma&timeperiod=50:0
[  206851ms] [LOG] [Fast Refresh] rebuilding @ http://localhost:3000/_next/static/chunks/node_modules_next_dist_115brz8._.js:2431
[  206852ms] [LOG] [Fast Refresh] done in 103ms @ http://localhost:3000/_next/static/chunks/node_modules_next_dist_115brz8._.js:2431
[  207039ms] [ERROR] Failed to load resource: the server responded with a status of 500 (Internal Server Error) @ http://localhost:3000/api/stocks/indicator?symbol=AAPL&resolution=D&from=1776149887&to=1778741887&indicator=sma&timeperiod=50:0
[  207041ms] [ERROR] Failed to load resource: the server responded with a status of 500 (Internal Server Error) @ http://localhost:3000/api/stocks/indicator?symbol=AAPL&resolution=D&from=1776149887&to=1778741887&indicator=sma&timeperiod=20:0
[  207044ms] [ERROR] Failed to load resource: the server responded with a status of 500 (Internal Server Error) @ http://localhost:3000/api/stocks/indicator?symbol=AAPL&resolution=D&from=1776149887&to=1778741887&indicator=rsi&timeperiod=14:0
[  207872ms] [ERROR] Failed to load resource: the server responded with a status of 500 (Internal Server Error) @ http://localhost:3000/api/stocks/candle?symbol=AAPL&resolution=D&from=1776149887&to=1778741887:0
[  208159ms] [ERROR] Failed to load resource: the server responded with a status of 500 (Internal Server Error) @ http://localhost:3000/api/stocks/candle?symbol=AAPL&resolution=D&from=1776149888&to=1778741888:0
[  208346ms] [ERROR] Failed to load resource: the server responded with a status of 500 (Internal Server Error) @ http://localhost:3000/api/stocks/indicator?symbol=AAPL&resolution=D&from=1776149887&to=1778741887&indicator=sma&timeperiod=20:0
[  208362ms] [ERROR] Failed to load resource: the server responded with a status of 500 (Internal Server Error) @ http://localhost:3000/api/stocks/indicator?symbol=AAPL&resolution=D&from=1776149887&to=1778741887&indicator=sma&timeperiod=50:0
[  208376ms] [ERROR] Failed to load resource: the server responded with a status of 500 (Internal Server Error) @ http://localhost:3000/api/stocks/indicator?symbol=AAPL&resolution=D&from=1776149887&to=1778741887&indicator=rsi&timeperiod=14:0
[  208641ms] [ERROR] Failed to load resource: the server responded with a status of 500 (Internal Server Error) @ http://localhost:3000/api/stocks/indicator?symbol=AAPL&resolution=D&from=1776149889&to=1778741889&indicator=sma&timeperiod=50:0
[  208644ms] [ERROR] Failed to load resource: the server responded with a status of 500 (Internal Server Error) @ http://localhost:3000/api/stocks/indicator?symbol=AAPL&resolution=D&from=1776149889&to=1778741889&indicator=sma&timeperiod=20:0
[  208647ms] [ERROR] Failed to load resource: the server responded with a status of 500 (Internal Server Error) @ http://localhost:3000/api/stocks/indicator?symbol=AAPL&resolution=D&from=1776149889&to=1778741889&indicator=rsi&timeperiod=14:0
[  209466ms] [ERROR] Failed to load resource: the server responded with a status of 500 (Internal Server Error) @ http://localhost:3000/api/stocks/candle?symbol=AAPL&resolution=D&from=1776149888&to=1778741888:0
[  209763ms] [ERROR] Failed to load resource: the server responded with a status of 500 (Internal Server Error) @ http://localhost:3000/api/stocks/candle?symbol=AAPL&resolution=D&from=1776149890&to=1778741890:0
[  209977ms] [ERROR] Failed to load resource: the server responded with a status of 500 (Internal Server Error) @ http://localhost:3000/api/stocks/indicator?symbol=AAPL&resolution=D&from=1776149889&to=1778741889&indicator=sma&timeperiod=50:0
[  209993ms] [ERROR] Failed to load resource: the server responded with a status of 500 (Internal Server Error) @ http://localhost:3000/api/stocks/indicator?symbol=AAPL&resolution=D&from=1776149889&to=1778741889&indicator=sma&timeperiod=20:0
[  210001ms] [ERROR] Failed to load resource: the server responded with a status of 500 (Internal Server Error) @ http://localhost:3000/api/stocks/indicator?symbol=AAPL&resolution=D&from=1776149889&to=1778741889&indicator=rsi&timeperiod=14:0
[  210272ms] [ERROR] Failed to load resource: the server responded with a status of 500 (Internal Server Error) @ http://localhost:3000/api/stocks/indicator?symbol=AAPL&resolution=D&from=1776149890&to=1778741890&indicator=rsi&timeperiod=14:0
[  210373ms] [ERROR] Failed to load resource: the server responded with a status of 500 (Internal Server Error) @ http://localhost:3000/api/stocks/indicator?symbol=AAPL&resolution=D&from=1776149890&to=1778741890&indicator=sma&timeperiod=50:0
[  210404ms] [ERROR] Failed to load resource: the server responded with a status of 500 (Internal Server Error) @ http://localhost:3000/api/stocks/indicator?symbol=AAPL&resolution=D&from=1776149890&to=1778741890&indicator=sma&timeperiod=20:0
[  211064ms] [ERROR] Failed to load resource: the server responded with a status of 500 (Internal Server Error) @ http://localhost:3000/api/stocks/candle?symbol=AAPL&resolution=D&from=1776149890&to=1778741890:0
[  211352ms] [ERROR] Failed to load resource: the server responded with a status of 500 (Internal Server Error) @ http://localhost:3000/api/stocks/candle?symbol=AAPL&resolution=D&from=1776149891&to=1778741891:0
[  211463ms] [LOG] [Fast Refresh] rebuilding @ http://localhost:3000/_next/static/chunks/node_modules_next_dist_115brz8._.js:2431
[  211463ms] [LOG] [Fast Refresh] done in 105ms @ http://localhost:3000/_next/static/chunks/node_modules_next_dist_115brz8._.js:2431
[  211569ms] [ERROR] Failed to load resource: the server responded with a status of 500 (Internal Server Error) @ http://localhost:3000/api/stocks/indicator?symbol=AAPL&resolution=D&from=1776149890&to=1778741890&indicator=rsi&timeperiod=14:0
[  211680ms] [ERROR] Failed to load resource: the server responded with a status of 500 (Internal Server Error) @ http://localhost:3000/api/stocks/indicator?symbol=AAPL&resolution=D&from=1776149890&to=1778741890&indicator=sma&timeperiod=50:0
[  211701ms] [ERROR] Failed to load resource: the server responded with a status of 500 (Internal Server Error) @ http://localhost:3000/api/stocks/indicator?symbol=AAPL&resolution=D&from=1776149890&to=1778741890&indicator=sma&timeperiod=20:0
[  211869ms] [ERROR] Failed to load resource: the server responded with a status of 500 (Internal Server Error) @ http://localhost:3000/api/stocks/indicator?symbol=AAPL&resolution=D&from=1776149892&to=1778741892&indicator=rsi&timeperiod=14:0
[  211884ms] [ERROR] Failed to load resource: the server responded with a status of 500 (Internal Server Error) @ http://localhost:3000/api/stocks/indicator?symbol=AAPL&resolution=D&from=1776149892&to=1778741892&indicator=sma&timeperiod=20:0
[  211959ms] [ERROR] Failed to load resource: the server responded with a status of 500 (Internal Server Error) @ http://localhost:3000/api/stocks/indicator?symbol=AAPL&resolution=D&from=1776149892&to=1778741892&indicator=sma&timeperiod=50:0
[  212644ms] [ERROR] Failed to load resource: the server responded with a status of 500 (Internal Server Error) @ http://localhost:3000/api/stocks/candle?symbol=AAPL&resolution=D&from=1776149891&to=1778741891:0
[  212937ms] [ERROR] Failed to load resource: the server responded with a status of 500 (Internal Server Error) @ http://localhost:3000/api/stocks/candle?symbol=AAPL&resolution=D&from=1776149893&to=1778741893:0
[  213181ms] [ERROR] Failed to load resource: the server responded with a status of 500 (Internal Server Error) @ http://localhost:3000/api/stocks/indicator?symbol=AAPL&resolution=D&from=1776149892&to=1778741892&indicator=sma&timeperiod=20:0
[  213193ms] [ERROR] Failed to load resource: the server responded with a status of 500 (Internal Server Error) @ http://localhost:3000/api/stocks/indicator?symbol=AAPL&resolution=D&from=1776149892&to=1778741892&indicator=rsi&timeperiod=14:0
[  213251ms] [ERROR] Failed to load resource: the server responded with a status of 500 (Internal Server Error) @ http://localhost:3000/api/stocks/indicator?symbol=AAPL&resolution=D&from=1776149892&to=1778741892&indicator=sma&timeperiod=50:0
[  213480ms] [ERROR] Failed to load resource: the server responded with a status of 500 (Internal Server Error) @ http://localhost:3000/api/stocks/indicator?symbol=AAPL&resolution=D&from=1776149893&to=1778741893&indicator=rsi&timeperiod=14:0
[  213492ms] [ERROR] Failed to load resource: the server responded with a status of 500 (Internal Server Error) @ http://localhost:3000/api/stocks/indicator?symbol=AAPL&resolution=D&from=1776149893&to=1778741893&indicator=sma&timeperiod=20:0
[  213521ms] [ERROR] Failed to load resource: the server responded with a status of 500 (Internal Server Error) @ http://localhost:3000/api/stocks/indicator?symbol=AAPL&resolution=D&from=1776149893&to=1778741893&indicator=sma&timeperiod=50:0
[  214233ms] [ERROR] Failed to load resource: the server responded with a status of 500 (Internal Server Error) @ http://localhost:3000/api/stocks/candle?symbol=AAPL&resolution=D&from=1776149893&to=1778741893:0
[  214536ms] [ERROR] Failed to load resource: the server responded with a status of 500 (Internal Server Error) @ http://localhost:3000/api/stocks/candle?symbol=AAPL&resolution=D&from=1776149895&to=1778741895:0
[  214781ms] [ERROR] Failed to load resource: the server responded with a status of 500 (Internal Server Error) @ http://localhost:3000/api/stocks/indicator?symbol=AAPL&resolution=D&from=1776149893&to=1778741893&indicator=rsi&timeperiod=14:0
[  214806ms] [ERROR] Failed to load resource: the server responded with a status of 500 (Internal Server Error) @ http://localhost:3000/api/stocks/indicator?symbol=AAPL&resolution=D&from=1776149893&to=1778741893&indicator=sma&timeperiod=20:0
[  214817ms] [ERROR] Failed to load resource: the server responded with a status of 500 (Internal Server Error) @ http://localhost:3000/api/stocks/indicator?symbol=AAPL&resolution=D&from=1776149893&to=1778741893&indicator=sma&timeperiod=50:0
[  215076ms] [ERROR] Failed to load resource: the server responded with a status of 500 (Internal Server Error) @ http://localhost:3000/api/stocks/indicator?symbol=AAPL&resolution=D&from=1776149895&to=1778741895&indicator=rsi&timeperiod=14:0
[  215078ms] [ERROR] Failed to load resource: the server responded with a status of 500 (Internal Server Error) @ http://localhost:3000/api/stocks/indicator?symbol=AAPL&resolution=D&from=1776149895&to=1778741895&indicator=sma&timeperiod=20:0
[  215081ms] [ERROR] Failed to load resource: the server responded with a status of 500 (Internal Server Error) @ http://localhost:3000/api/stocks/indicator?symbol=AAPL&resolution=D&from=1776149895&to=1778741895&indicator=sma&timeperiod=50:0
[  215823ms] [ERROR] Failed to load resource: the server responded with a status of 500 (Internal Server Error) @ http://localhost:3000/api/stocks/candle?symbol=AAPL&resolution=D&from=1776149895&to=1778741895:0
[  216214ms] [ERROR] Failed to load resource: the server responded with a status of 500 (Internal Server Error) @ http://localhost:3000/api/stocks/candle?symbol=AAPL&resolution=D&from=1776149896&to=1778741896:0
[  216413ms] [ERROR] Failed to load resource: the server responded with a status of 500 (Internal Server Error) @ http://localhost:3000/api/stocks/indicator?symbol=AAPL&resolution=D&from=1776149895&to=1778741895&indicator=sma&timeperiod=20:0
[  216419ms] [ERROR] Failed to load resource: the server responded with a status of 500 (Internal Server Error) @ http://localhost:3000/api/stocks/indicator?symbol=AAPL&resolution=D&from=1776149895&to=1778741895&indicator=rsi&timeperiod=14:0
[  216455ms] [ERROR] Failed to load resource: the server responded with a status of 500 (Internal Server Error) @ http://localhost:3000/api/stocks/indicator?symbol=AAPL&resolution=D&from=1776149895&to=1778741895&indicator=sma&timeperiod=50:0
[  216732ms] [ERROR] Failed to load resource: the server responded with a status of 500 (Internal Server Error) @ http://localhost:3000/api/stocks/indicator?symbol=AAPL&resolution=D&from=1776149897&to=1778741897&indicator=sma&timeperiod=20:0
[  216746ms] [ERROR] Failed to load resource: the server responded with a status of 500 (Internal Server Error) @ http://localhost:3000/api/stocks/indicator?symbol=AAPL&resolution=D&from=1776149897&to=1778741897&indicator=sma&timeperiod=50:0
[  216749ms] [ERROR] Failed to load resource: the server responded with a status of 500 (Internal Server Error) @ http://localhost:3000/api/stocks/indicator?symbol=AAPL&resolution=D&from=1776149897&to=1778741897&indicator=rsi&timeperiod=14:0
[  217615ms] [ERROR] Failed to load resource: the server responded with a status of 500 (Internal Server Error) @ http://localhost:3000/api/stocks/candle?symbol=AAPL&resolution=D&from=1776149896&to=1778741896:0
[  217897ms] [ERROR] Failed to load resource: the server responded with a status of 500 (Internal Server Error) @ http://localhost:3000/api/stocks/candle?symbol=AAPL&resolution=D&from=1776149898&to=1778741898:0
[  218043ms] [ERROR] Failed to load resource: the server responded with a status of 500 (Internal Server Error) @ http://localhost:3000/api/stocks/indicator?symbol=AAPL&resolution=D&from=1776149897&to=1778741897&indicator=sma&timeperiod=50:0
[  218066ms] [ERROR] Failed to load resource: the server responded with a status of 500 (Internal Server Error) @ http://localhost:3000/api/stocks/indicator?symbol=AAPL&resolution=D&from=1776149897&to=1778741897&indicator=rsi&timeperiod=14:0
[  218070ms] [ERROR] Failed to load resource: the server responded with a status of 500 (Internal Server Error) @ http://localhost:3000/api/stocks/indicator?symbol=AAPL&resolution=D&from=1776149897&to=1778741897&indicator=sma&timeperiod=20:0
[  218345ms] [ERROR] Failed to load resource: the server responded with a status of 500 (Internal Server Error) @ http://localhost:3000/api/stocks/indicator?symbol=AAPL&resolution=D&from=1776149898&to=1778741898&indicator=rsi&timeperiod=14:0
[  218367ms] [ERROR] Failed to load resource: the server responded with a status of 500 (Internal Server Error) @ http://localhost:3000/api/stocks/indicator?symbol=AAPL&resolution=D&from=1776149898&to=1778741898&indicator=sma&timeperiod=20:0
[  218375ms] [ERROR] Failed to load resource: the server responded with a status of 500 (Internal Server Error) @ http://localhost:3000/api/stocks/indicator?symbol=AAPL&resolution=D&from=1776149898&to=1778741898&indicator=sma&timeperiod=50:0
[  219279ms] [ERROR] Failed to load resource: the server responded with a status of 500 (Internal Server Error) @ http://localhost:3000/api/stocks/candle?symbol=AAPL&resolution=D&from=1776149898&to=1778741898:0
[  219587ms] [ERROR] Failed to load resource: the server responded with a status of 500 (Internal Server Error) @ http://localhost:3000/api/stocks/candle?symbol=AAPL&resolution=D&from=1776149900&to=1778741900:0
[  219655ms] [ERROR] Failed to load resource: the server responded with a status of 500 (Internal Server Error) @ http://localhost:3000/api/stocks/indicator?symbol=AAPL&resolution=D&from=1776149898&to=1778741898&indicator=rsi&timeperiod=14:0
[  219709ms] [ERROR] Failed to load resource: the server responded with a status of 500 (Internal Server Error) @ http://localhost:3000/api/stocks/indicator?symbol=AAPL&resolution=D&from=1776149898&to=1778741898&indicator=sma&timeperiod=20:0
[  219724ms] [ERROR] Failed to load resource: the server responded with a status of 500 (Internal Server Error) @ http://localhost:3000/api/stocks/indicator?symbol=AAPL&resolution=D&from=1776149898&to=1778741898&indicator=sma&timeperiod=50:0
[  220025ms] [ERROR] Failed to load resource: the server responded with a status of 500 (Internal Server Error) @ http://localhost:3000/api/stocks/indicator?symbol=AAPL&resolution=D&from=1776149900&to=1778741900&indicator=sma&timeperiod=50:0
[  220028ms] [ERROR] Failed to load resource: the server responded with a status of 500 (Internal Server Error) @ http://localhost:3000/api/stocks/indicator?symbol=AAPL&resolution=D&from=1776149900&to=1778741900&indicator=rsi&timeperiod=14:0
[  220032ms] [ERROR] Failed to load resource: the server responded with a status of 500 (Internal Server Error) @ http://localhost:3000/api/stocks/indicator?symbol=AAPL&resolution=D&from=1776149900&to=1778741900&indicator=sma&timeperiod=20:0
[  221321ms] [ERROR] Failed to load resource: the server responded with a status of 500 (Internal Server Error) @ http://localhost:3000/api/stocks/indicator?symbol=AAPL&resolution=D&from=1776149900&to=1778741900&indicator=sma&timeperiod=20:0
[  221325ms] [ERROR] Failed to load resource: the server responded with a status of 500 (Internal Server Error) @ http://localhost:3000/api/stocks/indicator?symbol=AAPL&resolution=D&from=1776149900&to=1778741900&indicator=sma&timeperiod=50:0
[  221339ms] [ERROR] Failed to load resource: the server responded with a status of 500 (Internal Server Error) @ http://localhost:3000/api/stocks/indicator?symbol=AAPL&resolution=D&from=1776149900&to=1778741900&indicator=rsi&timeperiod=14:0
[  221347ms] [ERROR] Failed to load resource: the server responded with a status of 500 (Internal Server Error) @ http://localhost:3000/api/stocks/candle?symbol=AAPL&resolution=D&from=1776149900&to=1778741900:0
[  221616ms] [ERROR] Failed to load resource: the server responded with a status of 500 (Internal Server Error) @ http://localhost:3000/api/stocks/indicator?symbol=AAPL&resolution=D&from=1776149902&to=1778741902&indicator=rsi&timeperiod=14:0
[  221626ms] [ERROR] Failed to load resource: the server responded with a status of 500 (Internal Server Error) @ http://localhost:3000/api/stocks/indicator?symbol=AAPL&resolution=D&from=1776149902&to=1778741902&indicator=sma&timeperiod=20:0
[  221628ms] [ERROR] Failed to load resource: the server responded with a status of 500 (Internal Server Error) @ http://localhost:3000/api/stocks/indicator?symbol=AAPL&resolution=D&from=1776149902&to=1778741902&indicator=sma&timeperiod=50:0
[  221661ms] [ERROR] Failed to load resource: the server responded with a status of 500 (Internal Server Error) @ http://localhost:3000/api/stocks/candle?symbol=AAPL&resolution=D&from=1776149902&to=1778741902:0
[  221784ms] [LOG] [Fast Refresh] rebuilding @ http://localhost:3000/_next/static/chunks/node_modules_next_dist_115brz8._.js:2431
[  221784ms] [LOG] [Fast Refresh] done in 103ms @ http://localhost:3000/_next/static/chunks/node_modules_next_dist_115brz8._.js:2431
[  222947ms] [ERROR] Failed to load resource: the server responded with a status of 500 (Internal Server Error) @ http://localhost:3000/api/stocks/indicator?symbol=AAPL&resolution=D&from=1776149902&to=1778741902&indicator=sma&timeperiod=20:0
[  222995ms] [ERROR] Failed to load resource: the server responded with a status of 500 (Internal Server Error) @ http://localhost:3000/api/stocks/candle?symbol=AAPL&resolution=D&from=1776149902&to=1778741902:0
[  222998ms] [ERROR] Failed to load resource: the server responded with a status of 500 (Internal Server Error) @ http://localhost:3000/api/stocks/indicator?symbol=AAPL&resolution=D&from=1776149902&to=1778741902&indicator=sma&timeperiod=50:0
[  223003ms] [ERROR] Failed to load resource: the server responded with a status of 500 (Internal Server Error) @ http://localhost:3000/api/stocks/indicator?symbol=AAPL&resolution=D&from=1776149902&to=1778741902&indicator=rsi&timeperiod=14:0
[  223238ms] [ERROR] Failed to load resource: the server responded with a status of 500 (Internal Server Error) @ http://localhost:3000/api/stocks/indicator?symbol=AAPL&resolution=D&from=1776149903&to=1778741903&indicator=rsi&timeperiod=14:0
[  223241ms] [ERROR] Failed to load resource: the server responded with a status of 500 (Internal Server Error) @ http://localhost:3000/api/stocks/indicator?symbol=AAPL&resolution=D&from=1776149903&to=1778741903&indicator=sma&timeperiod=20:0
[  223273ms] [ERROR] Failed to load resource: the server responded with a status of 500 (Internal Server Error) @ http://localhost:3000/api/stocks/indicator?symbol=AAPL&resolution=D&from=1776149903&to=1778741903&indicator=sma&timeperiod=50:0
[  223295ms] [ERROR] Failed to load resource: the server responded with a status of 500 (Internal Server Error) @ http://localhost:3000/api/stocks/candle?symbol=AAPL&resolution=D&from=1776149903&to=1778741903:0
[  224550ms] [ERROR] Failed to load resource: the server responded with a status of 500 (Internal Server Error) @ http://localhost:3000/api/stocks/indicator?symbol=AAPL&resolution=D&from=1776149903&to=1778741903&indicator=rsi&timeperiod=14:0
[  224559ms] [ERROR] Failed to load resource: the server responded with a status of 500 (Internal Server Error) @ http://localhost:3000/api/stocks/indicator?symbol=AAPL&resolution=D&from=1776149903&to=1778741903&indicator=sma&timeperiod=20:0
[  224583ms] [ERROR] Failed to load resource: the server responded with a status of 500 (Internal Server Error) @ http://localhost:3000/api/stocks/indicator?symbol=AAPL&resolution=D&from=1776149903&to=1778741903&indicator=sma&timeperiod=50:0
[  224616ms] [ERROR] Failed to load resource: the server responded with a status of 500 (Internal Server Error) @ http://localhost:3000/api/stocks/candle?symbol=AAPL&resolution=D&from=1776149903&to=1778741903:0
[  224674ms] [LOG] [Fast Refresh] rebuilding @ http://localhost:3000/_next/static/chunks/node_modules_next_dist_115brz8._.js:2431
[  224675ms] [LOG] [Fast Refresh] done in 114ms @ http://localhost:3000/_next/static/chunks/node_modules_next_dist_115brz8._.js:2431
[  224854ms] [ERROR] Failed to load resource: the server responded with a status of 500 (Internal Server Error) @ http://localhost:3000/api/stocks/indicator?symbol=AAPL&resolution=D&from=1776149905&to=1778741905&indicator=rsi&timeperiod=14:0
[  224860ms] [ERROR] Failed to load resource: the server responded with a status of 500 (Internal Server Error) @ http://localhost:3000/api/stocks/indicator?symbol=AAPL&resolution=D&from=1776149905&to=1778741905&indicator=sma&timeperiod=50:0
[  224862ms] [ERROR] Failed to load resource: the server responded with a status of 500 (Internal Server Error) @ http://localhost:3000/api/stocks/indicator?symbol=AAPL&resolution=D&from=1776149905&to=1778741905&indicator=sma&timeperiod=20:0
[  224902ms] [ERROR] Failed to load resource: the server responded with a status of 500 (Internal Server Error) @ http://localhost:3000/api/stocks/candle?symbol=AAPL&resolution=D&from=1776149905&to=1778741905:0
[  226145ms] [ERROR] Failed to load resource: the server responded with a status of 500 (Internal Server Error) @ http://localhost:3000/api/stocks/indicator?symbol=AAPL&resolution=D&from=1776149905&to=1778741905&indicator=rsi&timeperiod=14:0
[  226159ms] [ERROR] Failed to load resource: the server responded with a status of 500 (Internal Server Error) @ http://localhost:3000/api/stocks/indicator?symbol=AAPL&resolution=D&from=1776149905&to=1778741905&indicator=sma&timeperiod=50:0
[  226172ms] [ERROR] Failed to load resource: the server responded with a status of 500 (Internal Server Error) @ http://localhost:3000/api/stocks/indicator?symbol=AAPL&resolution=D&from=1776149905&to=1778741905&indicator=sma&timeperiod=20:0
[  226213ms] [ERROR] Failed to load resource: the server responded with a status of 500 (Internal Server Error) @ http://localhost:3000/api/stocks/candle?symbol=AAPL&resolution=D&from=1776149905&to=1778741905:0
[  226440ms] [ERROR] Failed to load resource: the server responded with a status of 500 (Internal Server Error) @ http://localhost:3000/api/stocks/indicator?symbol=AAPL&resolution=D&from=1776149906&to=1778741906&indicator=rsi&timeperiod=14:0
[  226451ms] [ERROR] Failed to load resource: the server responded with a status of 500 (Internal Server Error) @ http://localhost:3000/api/stocks/indicator?symbol=AAPL&resolution=D&from=1776149906&to=1778741906&indicator=sma&timeperiod=50:0
[  226456ms] [ERROR] Failed to load resource: the server responded with a status of 500 (Internal Server Error) @ http://localhost:3000/api/stocks/indicator?symbol=AAPL&resolution=D&from=1776149906&to=1778741906&indicator=sma&timeperiod=20:0
[  226512ms] [ERROR] Failed to load resource: the server responded with a status of 500 (Internal Server Error) @ http://localhost:3000/api/stocks/candle?symbol=AAPL&resolution=D&from=1776149907&to=1778741907:0
[  227730ms] [ERROR] Failed to load resource: the server responded with a status of 500 (Internal Server Error) @ http://localhost:3000/api/stocks/indicator?symbol=AAPL&resolution=D&from=1776149906&to=1778741906&indicator=rsi&timeperiod=14:0
[  227744ms] [ERROR] Failed to load resource: the server responded with a status of 500 (Internal Server Error) @ http://localhost:3000/api/stocks/indicator?symbol=AAPL&resolution=D&from=1776149906&to=1778741906&indicator=sma&timeperiod=20:0
[  227751ms] [ERROR] Failed to load resource: the server responded with a status of 500 (Internal Server Error) @ http://localhost:3000/api/stocks/indicator?symbol=AAPL&resolution=D&from=1776149906&to=1778741906&indicator=sma&timeperiod=50:0
[  227829ms] [ERROR] Failed to load resource: the server responded with a status of 500 (Internal Server Error) @ http://localhost:3000/api/stocks/candle?symbol=AAPL&resolution=D&from=1776149907&to=1778741907:0
[  228052ms] [ERROR] Failed to load resource: the server responded with a status of 500 (Internal Server Error) @ http://localhost:3000/api/stocks/indicator?symbol=AAPL&resolution=D&from=1776149908&to=1778741908&indicator=sma&timeperiod=20:0
[  228060ms] [ERROR] Failed to load resource: the server responded with a status of 500 (Internal Server Error) @ http://localhost:3000/api/stocks/indicator?symbol=AAPL&resolution=D&from=1776149908&to=1778741908&indicator=rsi&timeperiod=14:0
[  228078ms] [ERROR] Failed to load resource: the server responded with a status of 500 (Internal Server Error) @ http://localhost:3000/api/stocks/indicator?symbol=AAPL&resolution=D&from=1776149908&to=1778741908&indicator=sma&timeperiod=50:0
[  228160ms] [ERROR] Failed to load resource: the server responded with a status of 500 (Internal Server Error) @ http://localhost:3000/api/stocks/candle?symbol=AAPL&resolution=D&from=1776149908&to=1778741908:0
[  229350ms] [ERROR] Failed to load resource: the server responded with a status of 500 (Internal Server Error) @ http://localhost:3000/api/stocks/indicator?symbol=AAPL&resolution=D&from=1776149908&to=1778741908&indicator=sma&timeperiod=20:0
[  229394ms] [ERROR] Failed to load resource: the server responded with a status of 500 (Internal Server Error) @ http://localhost:3000/api/stocks/indicator?symbol=AAPL&resolution=D&from=1776149908&to=1778741908&indicator=rsi&timeperiod=14:0
[  229394ms] [ERROR] Failed to load resource: the server responded with a status of 500 (Internal Server Error) @ http://localhost:3000/api/stocks/indicator?symbol=AAPL&resolution=D&from=1776149908&to=1778741908&indicator=sma&timeperiod=50:0
[  229486ms] [ERROR] Failed to load resource: the server responded with a status of 500 (Internal Server Error) @ http://localhost:3000/api/stocks/candle?symbol=AAPL&resolution=D&from=1776149908&to=1778741908:0
[  229691ms] [ERROR] Failed to load resource: the server responded with a status of 500 (Internal Server Error) @ http://localhost:3000/api/stocks/indicator?symbol=AAPL&resolution=D&from=1776149910&to=1778741910&indicator=rsi&timeperiod=14:0
[  229695ms] [ERROR] Failed to load resource: the server responded with a status of 500 (Internal Server Error) @ http://localhost:3000/api/stocks/indicator?symbol=AAPL&resolution=D&from=1776149910&to=1778741910&indicator=sma&timeperiod=50:0
[  229700ms] [ERROR] Failed to load resource: the server responded with a status of 500 (Internal Server Error) @ http://localhost:3000/api/stocks/indicator?symbol=AAPL&resolution=D&from=1776149910&to=1778741910&indicator=sma&timeperiod=20:0
[  229792ms] [LOG] [Fast Refresh] rebuilding @ http://localhost:3000/_next/static/chunks/node_modules_next_dist_115brz8._.js:2431
[  229806ms] [ERROR] Failed to load resource: the server responded with a status of 500 (Internal Server Error) @ http://localhost:3000/api/stocks/candle?symbol=AAPL&resolution=D&from=1776149910&to=1778741910:0
[  229808ms] [LOG] [Fast Refresh] done in 129ms @ http://localhost:3000/_next/static/chunks/node_modules_next_dist_115brz8._.js:2431
[  231052ms] [ERROR] Failed to load resource: the server responded with a status of 500 (Internal Server Error) @ http://localhost:3000/api/stocks/indicator?symbol=AAPL&resolution=D&from=1776149910&to=1778741910&indicator=rsi&timeperiod=14:0
[  231057ms] [ERROR] Failed to load resource: the server responded with a status of 500 (Internal Server Error) @ http://localhost:3000/api/stocks/indicator?symbol=AAPL&resolution=D&from=1776149910&to=1778741910&indicator=sma&timeperiod=20:0
[  231058ms] [ERROR] Failed to load resource: the server responded with a status of 500 (Internal Server Error) @ http://localhost:3000/api/stocks/indicator?symbol=AAPL&resolution=D&from=1776149910&to=1778741910&indicator=sma&timeperiod=50:0
[  231140ms] [ERROR] Failed to load resource: the server responded with a status of 500 (Internal Server Error) @ http://localhost:3000/api/stocks/candle?symbol=AAPL&resolution=D&from=1776149910&to=1778741910:0
[  231379ms] [ERROR] Failed to load resource: the server responded with a status of 500 (Internal Server Error) @ http://localhost:3000/api/stocks/indicator?symbol=AAPL&resolution=D&from=1776149911&to=1778741911&indicator=sma&timeperiod=20:0
[  231380ms] [ERROR] Failed to load resource: the server responded with a status of 500 (Internal Server Error) @ http://localhost:3000/api/stocks/indicator?symbol=AAPL&resolution=D&from=1776149911&to=1778741911&indicator=rsi&timeperiod=14:0
[  231389ms] [ERROR] Failed to load resource: the server responded with a status of 500 (Internal Server Error) @ http://localhost:3000/api/stocks/indicator?symbol=AAPL&resolution=D&from=1776149911&to=1778741911&indicator=sma&timeperiod=50:0
[  231474ms] [ERROR] Failed to load resource: the server responded with a status of 500 (Internal Server Error) @ http://localhost:3000/api/stocks/candle?symbol=AAPL&resolution=D&from=1776149911&to=1778741911:0
[  232665ms] [ERROR] Failed to load resource: the server responded with a status of 500 (Internal Server Error) @ http://localhost:3000/api/stocks/indicator?symbol=AAPL&resolution=D&from=1776149911&to=1778741911&indicator=sma&timeperiod=20:0
[  232682ms] [ERROR] Failed to load resource: the server responded with a status of 500 (Internal Server Error) @ http://localhost:3000/api/stocks/indicator?symbol=AAPL&resolution=D&from=1776149911&to=1778741911&indicator=sma&timeperiod=50:0
[  232685ms] [ERROR] Failed to load resource: the server responded with a status of 500 (Internal Server Error) @ http://localhost:3000/api/stocks/indicator?symbol=AAPL&resolution=D&from=1776149911&to=1778741911&indicator=rsi&timeperiod=14:0
[  232799ms] [ERROR] Failed to load resource: the server responded with a status of 500 (Internal Server Error) @ http://localhost:3000/api/stocks/candle?symbol=AAPL&resolution=D&from=1776149911&to=1778741911:0
[  232957ms] [ERROR] Failed to load resource: the server responded with a status of 500 (Internal Server Error) @ http://localhost:3000/api/stocks/indicator?symbol=AAPL&resolution=D&from=1776149913&to=1778741913&indicator=rsi&timeperiod=14:0
[  232969ms] [ERROR] Failed to load resource: the server responded with a status of 500 (Internal Server Error) @ http://localhost:3000/api/stocks/indicator?symbol=AAPL&resolution=D&from=1776149913&to=1778741913&indicator=sma&timeperiod=20:0
[  232984ms] [ERROR] Failed to load resource: the server responded with a status of 500 (Internal Server Error) @ http://localhost:3000/api/stocks/indicator?symbol=AAPL&resolution=D&from=1776149913&to=1778741913&indicator=sma&timeperiod=50:0
[  233119ms] [ERROR] Failed to load resource: the server responded with a status of 500 (Internal Server Error) @ http://localhost:3000/api/stocks/candle?symbol=AAPL&resolution=D&from=1776149913&to=1778741913:0
[  234299ms] [ERROR] Failed to load resource: the server responded with a status of 500 (Internal Server Error) @ http://localhost:3000/api/stocks/indicator?symbol=AAPL&resolution=D&from=1776149913&to=1778741913&indicator=sma&timeperiod=50:0
[  234307ms] [ERROR] Failed to load resource: the server responded with a status of 500 (Internal Server Error) @ http://localhost:3000/api/stocks/indicator?symbol=AAPL&resolution=D&from=1776149913&to=1778741913&indicator=sma&timeperiod=20:0
[  234329ms] [ERROR] Failed to load resource: the server responded with a status of 500 (Internal Server Error) @ http://localhost:3000/api/stocks/indicator?symbol=AAPL&resolution=D&from=1776149913&to=1778741913&indicator=rsi&timeperiod=14:0
[  234458ms] [ERROR] Failed to load resource: the server responded with a status of 500 (Internal Server Error) @ http://localhost:3000/api/stocks/candle?symbol=AAPL&resolution=D&from=1776149913&to=1778741913:0
[  234628ms] [ERROR] Failed to load resource: the server responded with a status of 500 (Internal Server Error) @ http://localhost:3000/api/stocks/indicator?symbol=AAPL&resolution=D&from=1776149915&to=1778741915&indicator=sma&timeperiod=50:0
[  234631ms] [ERROR] Failed to load resource: the server responded with a status of 500 (Internal Server Error) @ http://localhost:3000/api/stocks/indicator?symbol=AAPL&resolution=D&from=1776149915&to=1778741915&indicator=sma&timeperiod=20:0
[  234636ms] [ERROR] Failed to load resource: the server responded with a status of 500 (Internal Server Error) @ http://localhost:3000/api/stocks/indicator?symbol=AAPL&resolution=D&from=1776149915&to=1778741915&indicator=rsi&timeperiod=14:0
[  234795ms] [ERROR] Failed to load resource: the server responded with a status of 500 (Internal Server Error) @ http://localhost:3000/api/stocks/candle?symbol=AAPL&resolution=D&from=1776149915&to=1778741915:0
[  235929ms] [ERROR] Failed to load resource: the server responded with a status of 500 (Internal Server Error) @ http://localhost:3000/api/stocks/indicator?symbol=AAPL&resolution=D&from=1776149915&to=1778741915&indicator=rsi&timeperiod=14:0
[  235943ms] [ERROR] Failed to load resource: the server responded with a status of 500 (Internal Server Error) @ http://localhost:3000/api/stocks/indicator?symbol=AAPL&resolution=D&from=1776149915&to=1778741915&indicator=sma&timeperiod=20:0
[  235947ms] [ERROR] Failed to load resource: the server responded with a status of 500 (Internal Server Error) @ http://localhost:3000/api/stocks/indicator?symbol=AAPL&resolution=D&from=1776149915&to=1778741915&indicator=sma&timeperiod=50:0
[  236114ms] [ERROR] Failed to load resource: the server responded with a status of 500 (Internal Server Error) @ http://localhost:3000/api/stocks/candle?symbol=AAPL&resolution=D&from=1776149915&to=1778741915:0
[  236221ms] [ERROR] Failed to load resource: the server responded with a status of 500 (Internal Server Error) @ http://localhost:3000/api/stocks/indicator?symbol=AAPL&resolution=D&from=1776149916&to=1778741916&indicator=rsi&timeperiod=14:0
[  236243ms] [ERROR] Failed to load resource: the server responded with a status of 500 (Internal Server Error) @ http://localhost:3000/api/stocks/indicator?symbol=AAPL&resolution=D&from=1776149916&to=1778741916&indicator=sma&timeperiod=20:0
[  236251ms] [ERROR] Failed to load resource: the server responded with a status of 500 (Internal Server Error) @ http://localhost:3000/api/stocks/indicator?symbol=AAPL&resolution=D&from=1776149916&to=1778741916&indicator=sma&timeperiod=50:0
[  236334ms] [LOG] [Fast Refresh] rebuilding @ http://localhost:3000/_next/static/chunks/node_modules_next_dist_115brz8._.js:2431
[  236350ms] [LOG] [Fast Refresh] done in 118ms @ http://localhost:3000/_next/static/chunks/node_modules_next_dist_115brz8._.js:2431
[  236425ms] [ERROR] Failed to load resource: the server responded with a status of 500 (Internal Server Error) @ http://localhost:3000/api/stocks/candle?symbol=AAPL&resolution=D&from=1776149916&to=1778741916:0
[  237532ms] [ERROR] Failed to load resource: the server responded with a status of 500 (Internal Server Error) @ http://localhost:3000/api/stocks/indicator?symbol=AAPL&resolution=D&from=1776149916&to=1778741916&indicator=rsi&timeperiod=14:0
[  237570ms] [ERROR] Failed to load resource: the server responded with a status of 500 (Internal Server Error) @ http://localhost:3000/api/stocks/indicator?symbol=AAPL&resolution=D&from=1776149916&to=1778741916&indicator=sma&timeperiod=50:0
[  237572ms] [ERROR] Failed to load resource: the server responded with a status of 500 (Internal Server Error) @ http://localhost:3000/api/stocks/indicator?symbol=AAPL&resolution=D&from=1776149916&to=1778741916&indicator=sma&timeperiod=20:0
[  237793ms] [ERROR] Failed to load resource: the server responded with a status of 500 (Internal Server Error) @ http://localhost:3000/api/stocks/candle?symbol=AAPL&resolution=D&from=1776149916&to=1778741916:0
[  237921ms] [ERROR] Failed to load resource: the server responded with a status of 500 (Internal Server Error) @ http://localhost:3000/api/stocks/indicator?symbol=AAPL&resolution=D&from=1776149918&to=1778741918&indicator=sma&timeperiod=20:0
[  237937ms] [ERROR] Failed to load resource: the server responded with a status of 500 (Internal Server Error) @ http://localhost:3000/api/stocks/indicator?symbol=AAPL&resolution=D&from=1776149918&to=1778741918&indicator=rsi&timeperiod=14:0
[  237955ms] [ERROR] Failed to load resource: the server responded with a status of 500 (Internal Server Error) @ http://localhost:3000/api/stocks/indicator?symbol=AAPL&resolution=D&from=1776149918&to=1778741918&indicator=sma&timeperiod=50:0
[  238099ms] [ERROR] Failed to load resource: the server responded with a status of 500 (Internal Server Error) @ http://localhost:3000/api/stocks/candle?symbol=AAPL&resolution=D&from=1776149918&to=1778741918:0
[  239227ms] [ERROR] Failed to load resource: the server responded with a status of 500 (Internal Server Error) @ http://localhost:3000/api/stocks/indicator?symbol=AAPL&resolution=D&from=1776149918&to=1778741918&indicator=sma&timeperiod=20:0
[  239329ms] [ERROR] Failed to load resource: the server responded with a status of 500 (Internal Server Error) @ http://localhost:3000/api/stocks/indicator?symbol=AAPL&resolution=D&from=1776149918&to=1778741918&indicator=rsi&timeperiod=14:0
[  239329ms] [ERROR] Failed to load resource: the server responded with a status of 500 (Internal Server Error) @ http://localhost:3000/api/stocks/indicator?symbol=AAPL&resolution=D&from=1776149918&to=1778741918&indicator=sma&timeperiod=50:0
[  239428ms] [ERROR] Failed to load resource: the server responded with a status of 500 (Internal Server Error) @ http://localhost:3000/api/stocks/candle?symbol=AAPL&resolution=D&from=1776149918&to=1778741918:0
[  239620ms] [ERROR] Failed to load resource: the server responded with a status of 500 (Internal Server Error) @ http://localhost:3000/api/stocks/indicator?symbol=AAPL&resolution=D&from=1776149920&to=1778741920&indicator=sma&timeperiod=50:0
[  239625ms] [ERROR] Failed to load resource: the server responded with a status of 500 (Internal Server Error) @ http://localhost:3000/api/stocks/indicator?symbol=AAPL&resolution=D&from=1776149920&to=1778741920&indicator=sma&timeperiod=20:0
[  239628ms] [ERROR] Failed to load resource: the server responded with a status of 500 (Internal Server Error) @ http://localhost:3000/api/stocks/indicator?symbol=AAPL&resolution=D&from=1776149920&to=1778741920&indicator=rsi&timeperiod=14:0
[  239737ms] [ERROR] Failed to load resource: the server responded with a status of 500 (Internal Server Error) @ http://localhost:3000/api/stocks/candle?symbol=AAPL&resolution=D&from=1776149920&to=1778741920:0
[  240972ms] [ERROR] Failed to load resource: the server responded with a status of 500 (Internal Server Error) @ http://localhost:3000/api/stocks/indicator?symbol=AAPL&resolution=D&from=1776149920&to=1778741920&indicator=sma&timeperiod=50:0
[  240995ms] [ERROR] Failed to load resource: the server responded with a status of 500 (Internal Server Error) @ http://localhost:3000/api/stocks/indicator?symbol=AAPL&resolution=D&from=1776149920&to=1778741920&indicator=sma&timeperiod=20:0
[  241006ms] [ERROR] Failed to load resource: the server responded with a status of 500 (Internal Server Error) @ http://localhost:3000/api/stocks/indicator?symbol=AAPL&resolution=D&from=1776149920&to=1778741920&indicator=rsi&timeperiod=14:0
[  241090ms] [ERROR] Failed to load resource: the server responded with a status of 500 (Internal Server Error) @ http://localhost:3000/api/stocks/candle?symbol=AAPL&resolution=D&from=1776149920&to=1778741920:0
[  241264ms] [ERROR] Failed to load resource: the server responded with a status of 500 (Internal Server Error) @ http://localhost:3000/api/stocks/indicator?symbol=AAPL&resolution=D&from=1776149921&to=1778741921&indicator=rsi&timeperiod=14:0
[  241271ms] [ERROR] Failed to load resource: the server responded with a status of 500 (Internal Server Error) @ http://localhost:3000/api/stocks/indicator?symbol=AAPL&resolution=D&from=1776149921&to=1778741921&indicator=sma&timeperiod=50:0
[  241282ms] [ERROR] Failed to load resource: the server responded with a status of 500 (Internal Server Error) @ http://localhost:3000/api/stocks/indicator?symbol=AAPL&resolution=D&from=1776149921&to=1778741921&indicator=sma&timeperiod=20:0
[  241379ms] [ERROR] Failed to load resource: the server responded with a status of 500 (Internal Server Error) @ http://localhost:3000/api/stocks/candle?symbol=AAPL&resolution=D&from=1776149921&to=1778741921:0
[  242548ms] [ERROR] Failed to load resource: the server responded with a status of 500 (Internal Server Error) @ http://localhost:3000/api/stocks/indicator?symbol=AAPL&resolution=D&from=1776149921&to=1778741921&indicator=rsi&timeperiod=14:0
[  242685ms] [ERROR] Failed to load resource: the server responded with a status of 500 (Internal Server Error) @ http://localhost:3000/api/stocks/indicator?symbol=AAPL&resolution=D&from=1776149921&to=1778741921&indicator=sma&timeperiod=50:0
[  242686ms] [ERROR] Failed to load resource: the server responded with a status of 500 (Internal Server Error) @ http://localhost:3000/api/stocks/indicator?symbol=AAPL&resolution=D&from=1776149921&to=1778741921&indicator=sma&timeperiod=20:0
[  242903ms] [ERROR] Failed to load resource: the server responded with a status of 500 (Internal Server Error) @ http://localhost:3000/api/stocks/candle?symbol=AAPL&resolution=D&from=1776149921&to=1778741921:0
[  243167ms] [ERROR] Failed to load resource: the server responded with a status of 500 (Internal Server Error) @ http://localhost:3000/api/stocks/indicator?symbol=AAPL&resolution=D&from=1776149923&to=1778741923&indicator=rsi&timeperiod=14:0
[  243168ms] [ERROR] Failed to load resource: the server responded with a status of 500 (Internal Server Error) @ http://localhost:3000/api/stocks/indicator?symbol=AAPL&resolution=D&from=1776149923&to=1778741923&indicator=sma&timeperiod=20:0
[  243168ms] [ERROR] Failed to load resource: the server responded with a status of 500 (Internal Server Error) @ http://localhost:3000/api/stocks/indicator?symbol=AAPL&resolution=D&from=1776149923&to=1778741923&indicator=sma&timeperiod=50:0
[  243513ms] [ERROR] Failed to load resource: the server responded with a status of 500 (Internal Server Error) @ http://localhost:3000/api/stocks/candle?symbol=AAPL&resolution=D&from=1776149923&to=1778741923:0
[  244485ms] [ERROR] Failed to load resource: the server responded with a status of 500 (Internal Server Error) @ http://localhost:3000/api/stocks/indicator?symbol=AAPL&resolution=D&from=1776149923&to=1778741923&indicator=sma&timeperiod=20:0
[  244490ms] [ERROR] Failed to load resource: the server responded with a status of 500 (Internal Server Error) @ http://localhost:3000/api/stocks/indicator?symbol=AAPL&resolution=D&from=1776149923&to=1778741923&indicator=rsi&timeperiod=14:0
[  244509ms] [ERROR] Failed to load resource: the server responded with a status of 500 (Internal Server Error) @ http://localhost:3000/api/stocks/indicator?symbol=AAPL&resolution=D&from=1776149923&to=1778741923&indicator=sma&timeperiod=50:0
[  244781ms] [ERROR] Failed to load resource: the server responded with a status of 500 (Internal Server Error) @ http://localhost:3000/api/stocks/indicator?symbol=AAPL&resolution=D&from=1776149925&to=1778741925&indicator=rsi&timeperiod=14:0
[  244802ms] [ERROR] Failed to load resource: the server responded with a status of 500 (Internal Server Error) @ http://localhost:3000/api/stocks/indicator?symbol=AAPL&resolution=D&from=1776149925&to=1778741925&indicator=sma&timeperiod=20:0
[  244834ms] [ERROR] Failed to load resource: the server responded with a status of 500 (Internal Server Error) @ http://localhost:3000/api/stocks/indicator?symbol=AAPL&resolution=D&from=1776149925&to=1778741925&indicator=sma&timeperiod=50:0
[  244890ms] [ERROR] Failed to load resource: the server responded with a status of 500 (Internal Server Error) @ http://localhost:3000/api/stocks/candle?symbol=AAPL&resolution=D&from=1776149923&to=1778741923:0
[  245190ms] [ERROR] Failed to load resource: the server responded with a status of 500 (Internal Server Error) @ http://localhost:3000/api/stocks/candle?symbol=AAPL&resolution=D&from=1776149925&to=1778741925:0
[  246030ms] [LOG] [Fast Refresh] rebuilding @ http://localhost:3000/_next/static/chunks/node_modules_next_dist_115brz8._.js:2431
[  246031ms] [LOG] [Fast Refresh] done in 103ms @ http://localhost:3000/_next/static/chunks/node_modules_next_dist_115brz8._.js:2431
[  246086ms] [ERROR] Failed to load resource: the server responded with a status of 500 (Internal Server Error) @ http://localhost:3000/api/stocks/indicator?symbol=AAPL&resolution=D&from=1776149925&to=1778741925&indicator=rsi&timeperiod=14:0
[  246100ms] [ERROR] Failed to load resource: the server responded with a status of 500 (Internal Server Error) @ http://localhost:3000/api/stocks/indicator?symbol=AAPL&resolution=D&from=1776149925&to=1778741925&indicator=sma&timeperiod=20:0
[  246167ms] [ERROR] Failed to load resource: the server responded with a status of 500 (Internal Server Error) @ http://localhost:3000/api/stocks/indicator?symbol=AAPL&resolution=D&from=1776149925&to=1778741925&indicator=sma&timeperiod=50:0
[  246373ms] [ERROR] Failed to load resource: the server responded with a status of 500 (Internal Server Error) @ http://localhost:3000/api/stocks/indicator?symbol=AAPL&resolution=D&from=1776149926&to=1778741926&indicator=rsi&timeperiod=14:0
[  246390ms] [ERROR] Failed to load resource: the server responded with a status of 500 (Internal Server Error) @ http://localhost:3000/api/stocks/indicator?symbol=AAPL&resolution=D&from=1776149926&to=1778741926&indicator=sma&timeperiod=20:0
[  246417ms] [ERROR] Failed to load resource: the server responded with a status of 500 (Internal Server Error) @ http://localhost:3000/api/stocks/indicator?symbol=AAPL&resolution=D&from=1776149926&to=1778741926&indicator=sma&timeperiod=50:0
[  246513ms] [ERROR] Failed to load resource: the server responded with a status of 500 (Internal Server Error) @ http://localhost:3000/api/stocks/candle?symbol=AAPL&resolution=D&from=1776149925&to=1778741925:0
[  246810ms] [ERROR] Failed to load resource: the server responded with a status of 500 (Internal Server Error) @ http://localhost:3000/api/stocks/candle?symbol=AAPL&resolution=D&from=1776149927&to=1778741927:0
[  247676ms] [ERROR] Failed to load resource: the server responded with a status of 500 (Internal Server Error) @ http://localhost:3000/api/stocks/indicator?symbol=AAPL&resolution=D&from=1776149926&to=1778741926&indicator=rsi&timeperiod=14:0
[  247698ms] [ERROR] Failed to load resource: the server responded with a status of 500 (Internal Server Error) @ http://localhost:3000/api/stocks/indicator?symbol=AAPL&resolution=D&from=1776149926&to=1778741926&indicator=sma&timeperiod=20:0
[  247715ms] [ERROR] Failed to load resource: the server responded with a status of 500 (Internal Server Error) @ http://localhost:3000/api/stocks/indicator?symbol=AAPL&resolution=D&from=1776149926&to=1778741926&indicator=sma&timeperiod=50:0
[  247964ms] [ERROR] Failed to load resource: the server responded with a status of 500 (Internal Server Error) @ http://localhost:3000/api/stocks/indicator?symbol=AAPL&resolution=D&from=1776149928&to=1778741928&indicator=rsi&timeperiod=14:0
[  247974ms] [ERROR] Failed to load resource: the server responded with a status of 500 (Internal Server Error) @ http://localhost:3000/api/stocks/indicator?symbol=AAPL&resolution=D&from=1776149928&to=1778741928&indicator=sma&timeperiod=20:0
[  247996ms] [ERROR] Failed to load resource: the server responded with a status of 500 (Internal Server Error) @ http://localhost:3000/api/stocks/indicator?symbol=AAPL&resolution=D&from=1776149928&to=1778741928&indicator=sma&timeperiod=50:0
[  248112ms] [ERROR] Failed to load resource: the server responded with a status of 500 (Internal Server Error) @ http://localhost:3000/api/stocks/candle?symbol=AAPL&resolution=D&from=1776149927&to=1778741927:0
[  248405ms] [ERROR] Failed to load resource: the server responded with a status of 500 (Internal Server Error) @ http://localhost:3000/api/stocks/candle?symbol=AAPL&resolution=D&from=1776149928&to=1778741928:0
[  249274ms] [ERROR] Failed to load resource: the server responded with a status of 500 (Internal Server Error) @ http://localhost:3000/api/stocks/indicator?symbol=AAPL&resolution=D&from=1776149928&to=1778741928&indicator=rsi&timeperiod=14:0
[  249278ms] [ERROR] Failed to load resource: the server responded with a status of 500 (Internal Server Error) @ http://localhost:3000/api/stocks/indicator?symbol=AAPL&resolution=D&from=1776149928&to=1778741928&indicator=sma&timeperiod=20:0
[  249315ms] [ERROR] Failed to load resource: the server responded with a status of 500 (Internal Server Error) @ http://localhost:3000/api/stocks/indicator?symbol=AAPL&resolution=D&from=1776149928&to=1778741928&indicator=sma&timeperiod=50:0
[  249575ms] [ERROR] Failed to load resource: the server responded with a status of 500 (Internal Server Error) @ http://localhost:3000/api/stocks/indicator?symbol=AAPL&resolution=D&from=1776149930&to=1778741930&indicator=rsi&timeperiod=14:0
[  249586ms] [ERROR] Failed to load resource: the server responded with a status of 500 (Internal Server Error) @ http://localhost:3000/api/stocks/indicator?symbol=AAPL&resolution=D&from=1776149930&to=1778741930&indicator=sma&timeperiod=20:0
[  249603ms] [ERROR] Failed to load resource: the server responded with a status of 500 (Internal Server Error) @ http://localhost:3000/api/stocks/indicator?symbol=AAPL&resolution=D&from=1776149930&to=1778741930&indicator=sma&timeperiod=50:0
[  249742ms] [ERROR] Failed to load resource: the server responded with a status of 500 (Internal Server Error) @ http://localhost:3000/api/stocks/candle?symbol=AAPL&resolution=D&from=1776149928&to=1778741928:0
[  250082ms] [ERROR] Failed to load resource: the server responded with a status of 500 (Internal Server Error) @ http://localhost:3000/api/stocks/candle?symbol=AAPL&resolution=D&from=1776149930&to=1778741930:0
[  250880ms] [ERROR] Failed to load resource: the server responded with a status of 500 (Internal Server Error) @ http://localhost:3000/api/stocks/indicator?symbol=AAPL&resolution=D&from=1776149930&to=1778741930&indicator=sma&timeperiod=20:0
[  250902ms] [ERROR] Failed to load resource: the server responded with a status of 500 (Internal Server Error) @ http://localhost:3000/api/stocks/indicator?symbol=AAPL&resolution=D&from=1776149930&to=1778741930&indicator=rsi&timeperiod=14:0
[  250919ms] [ERROR] Failed to load resource: the server responded with a status of 500 (Internal Server Error) @ http://localhost:3000/api/stocks/indicator?symbol=AAPL&resolution=D&from=1776149930&to=1778741930&indicator=sma&timeperiod=50:0
[  251173ms] [ERROR] Failed to load resource: the server responded with a status of 500 (Internal Server Error) @ http://localhost:3000/api/stocks/indicator?symbol=AAPL&resolution=D&from=1776149931&to=1778741931&indicator=sma&timeperiod=50:0
[  251187ms] [ERROR] Failed to load resource: the server responded with a status of 500 (Internal Server Error) @ http://localhost:3000/api/stocks/indicator?symbol=AAPL&resolution=D&from=1776149931&to=1778741931&indicator=rsi&timeperiod=14:0
[  251206ms] [ERROR] Failed to load resource: the server responded with a status of 500 (Internal Server Error) @ http://localhost:3000/api/stocks/indicator?symbol=AAPL&resolution=D&from=1776149931&to=1778741931&indicator=sma&timeperiod=20:0
[  251387ms] [ERROR] Failed to load resource: the server responded with a status of 500 (Internal Server Error) @ http://localhost:3000/api/stocks/candle?symbol=AAPL&resolution=D&from=1776149930&to=1778741930:0
[  251686ms] [ERROR] Failed to load resource: the server responded with a status of 500 (Internal Server Error) @ http://localhost:3000/api/stocks/candle?symbol=AAPL&resolution=D&from=1776149932&to=1778741932:0
[  252474ms] [ERROR] Failed to load resource: the server responded with a status of 500 (Internal Server Error) @ http://localhost:3000/api/stocks/indicator?symbol=AAPL&resolution=D&from=1776149931&to=1778741931&indicator=sma&timeperiod=50:0
[  252480ms] [ERROR] Failed to load resource: the server responded with a status of 500 (Internal Server Error) @ http://localhost:3000/api/stocks/indicator?symbol=AAPL&resolution=D&from=1776149931&to=1778741931&indicator=rsi&timeperiod=14:0
[  252506ms] [ERROR] Failed to load resource: the server responded with a status of 500 (Internal Server Error) @ http://localhost:3000/api/stocks/indicator?symbol=AAPL&resolution=D&from=1776149931&to=1778741931&indicator=sma&timeperiod=20:0
[  252771ms] [ERROR] Failed to load resource: the server responded with a status of 500 (Internal Server Error) @ http://localhost:3000/api/stocks/indicator?symbol=AAPL&resolution=D&from=1776149933&to=1778741933&indicator=rsi&timeperiod=14:0
[  252787ms] [ERROR] Failed to load resource: the server responded with a status of 500 (Internal Server Error) @ http://localhost:3000/api/stocks/indicator?symbol=AAPL&resolution=D&from=1776149933&to=1778741933&indicator=sma&timeperiod=50:0
[  252809ms] [ERROR] Failed to load resource: the server responded with a status of 500 (Internal Server Error) @ http://localhost:3000/api/stocks/indicator?symbol=AAPL&resolution=D&from=1776149933&to=1778741933&indicator=sma&timeperiod=20:0
[  252998ms] [ERROR] Failed to load resource: the server responded with a status of 500 (Internal Server Error) @ http://localhost:3000/api/stocks/candle?symbol=AAPL&resolution=D&from=1776149932&to=1778741932:0
[  253344ms] [ERROR] Failed to load resource: the server responded with a status of 500 (Internal Server Error) @ http://localhost:3000/api/stocks/candle?symbol=AAPL&resolution=D&from=1776149933&to=1778741933:0
[  254077ms] [ERROR] Failed to load resource: the server responded with a status of 500 (Internal Server Error) @ http://localhost:3000/api/stocks/indicator?symbol=AAPL&resolution=D&from=1776149933&to=1778741933&indicator=rsi&timeperiod=14:0
[  254094ms] [ERROR] Failed to load resource: the server responded with a status of 500 (Internal Server Error) @ http://localhost:3000/api/stocks/indicator?symbol=AAPL&resolution=D&from=1776149933&to=1778741933&indicator=sma&timeperiod=50:0
[  254113ms] [ERROR] Failed to load resource: the server responded with a status of 500 (Internal Server Error) @ http://localhost:3000/api/stocks/indicator?symbol=AAPL&resolution=D&from=1776149933&to=1778741933&indicator=sma&timeperiod=20:0
[  254367ms] [ERROR] Failed to load resource: the server responded with a status of 500 (Internal Server Error) @ http://localhost:3000/api/stocks/indicator?symbol=AAPL&resolution=D&from=1776149934&to=1778741934&indicator=rsi&timeperiod=14:0
[  254376ms] [ERROR] Failed to load resource: the server responded with a status of 500 (Internal Server Error) @ http://localhost:3000/api/stocks/indicator?symbol=AAPL&resolution=D&from=1776149934&to=1778741934&indicator=sma&timeperiod=20:0
[  254381ms] [ERROR] Failed to load resource: the server responded with a status of 500 (Internal Server Error) @ http://localhost:3000/api/stocks/indicator?symbol=AAPL&resolution=D&from=1776149934&to=1778741934&indicator=sma&timeperiod=50:0
[  254678ms] [ERROR] Failed to load resource: the server responded with a status of 500 (Internal Server Error) @ http://localhost:3000/api/stocks/candle?symbol=AAPL&resolution=D&from=1776149933&to=1778741933:0
[  254973ms] [ERROR] Failed to load resource: the server responded with a status of 500 (Internal Server Error) @ http://localhost:3000/api/stocks/candle?symbol=AAPL&resolution=D&from=1776149935&to=1778741935:0
[  255687ms] [ERROR] Failed to load resource: the server responded with a status of 500 (Internal Server Error) @ http://localhost:3000/api/stocks/indicator?symbol=AAPL&resolution=D&from=1776149934&to=1778741934&indicator=rsi&timeperiod=14:0
[  255709ms] [ERROR] Failed to load resource: the server responded with a status of 500 (Internal Server Error) @ http://localhost:3000/api/stocks/indicator?symbol=AAPL&resolution=D&from=1776149934&to=1778741934&indicator=sma&timeperiod=50:0
[  255712ms] [ERROR] Failed to load resource: the server responded with a status of 500 (Internal Server Error) @ http://localhost:3000/api/stocks/indicator?symbol=AAPL&resolution=D&from=1776149934&to=1778741934&indicator=sma&timeperiod=20:0
[  255991ms] [ERROR] Failed to load resource: the server responded with a status of 500 (Internal Server Error) @ http://localhost:3000/api/stocks/indicator?symbol=AAPL&resolution=D&from=1776149936&to=1778741936&indicator=rsi&timeperiod=14:0
[  255997ms] [ERROR] Failed to load resource: the server responded with a status of 500 (Internal Server Error) @ http://localhost:3000/api/stocks/indicator?symbol=AAPL&resolution=D&from=1776149936&to=1778741936&indicator=sma&timeperiod=50:0
[  256008ms] [ERROR] Failed to load resource: the server responded with a status of 500 (Internal Server Error) @ http://localhost:3000/api/stocks/indicator?symbol=AAPL&resolution=D&from=1776149936&to=1778741936&indicator=sma&timeperiod=20:0
[  256086ms] [LOG] [Fast Refresh] rebuilding @ http://localhost:3000/_next/static/chunks/node_modules_next_dist_115brz8._.js:2431
[  256087ms] [LOG] [Fast Refresh] done in 103ms @ http://localhost:3000/_next/static/chunks/node_modules_next_dist_115brz8._.js:2431
[  256361ms] [ERROR] Failed to load resource: the server responded with a status of 500 (Internal Server Error) @ http://localhost:3000/api/stocks/candle?symbol=AAPL&resolution=D&from=1776149935&to=1778741935:0
[  256666ms] [ERROR] Failed to load resource: the server responded with a status of 500 (Internal Server Error) @ http://localhost:3000/api/stocks/candle?symbol=AAPL&resolution=D&from=1776149937&to=1778741937:0
[  257280ms] [ERROR] Failed to load resource: the server responded with a status of 500 (Internal Server Error) @ http://localhost:3000/api/stocks/indicator?symbol=AAPL&resolution=D&from=1776149936&to=1778741936&indicator=rsi&timeperiod=14:0
[  257308ms] [ERROR] Failed to load resource: the server responded with a status of 500 (Internal Server Error) @ http://localhost:3000/api/stocks/indicator?symbol=AAPL&resolution=D&from=1776149936&to=1778741936&indicator=sma&timeperiod=50:0
[  257312ms] [ERROR] Failed to load resource: the server responded with a status of 500 (Internal Server Error) @ http://localhost:3000/api/stocks/indicator?symbol=AAPL&resolution=D&from=1776149936&to=1778741936&indicator=sma&timeperiod=20:0
[  257582ms] [ERROR] Failed to load resource: the server responded with a status of 500 (Internal Server Error) @ http://localhost:3000/api/stocks/indicator?symbol=AAPL&resolution=D&from=1776149938&to=1778741938&indicator=rsi&timeperiod=14:0
[  257586ms] [ERROR] Failed to load resource: the server responded with a status of 500 (Internal Server Error) @ http://localhost:3000/api/stocks/indicator?symbol=AAPL&resolution=D&from=1776149938&to=1778741938&indicator=sma&timeperiod=20:0
[  257604ms] [ERROR] Failed to load resource: the server responded with a status of 500 (Internal Server Error) @ http://localhost:3000/api/stocks/indicator?symbol=AAPL&resolution=D&from=1776149938&to=1778741938&indicator=sma&timeperiod=50:0
[  257986ms] [ERROR] Failed to load resource: the server responded with a status of 500 (Internal Server Error) @ http://localhost:3000/api/stocks/candle?symbol=AAPL&resolution=D&from=1776149937&to=1778741937:0
[  258282ms] [ERROR] Failed to load resource: the server responded with a status of 500 (Internal Server Error) @ http://localhost:3000/api/stocks/candle?symbol=AAPL&resolution=D&from=1776149938&to=1778741938:0
[  258907ms] [ERROR] Failed to load resource: the server responded with a status of 500 (Internal Server Error) @ http://localhost:3000/api/stocks/indicator?symbol=AAPL&resolution=D&from=1776149938&to=1778741938&indicator=rsi&timeperiod=14:0
[  258925ms] [ERROR] Failed to load resource: the server responded with a status of 500 (Internal Server Error) @ http://localhost:3000/api/stocks/indicator?symbol=AAPL&resolution=D&from=1776149938&to=1778741938&indicator=sma&timeperiod=50:0
[  258927ms] [ERROR] Failed to load resource: the server responded with a status of 500 (Internal Server Error) @ http://localhost:3000/api/stocks/indicator?symbol=AAPL&resolution=D&from=1776149938&to=1778741938&indicator=sma&timeperiod=20:0
[  259243ms] [ERROR] Failed to load resource: the server responded with a status of 500 (Internal Server Error) @ http://localhost:3000/api/stocks/indicator?symbol=AAPL&resolution=D&from=1776149939&to=1778741939&indicator=rsi&timeperiod=14:0
[  259255ms] [ERROR] Failed to load resource: the server responded with a status of 500 (Internal Server Error) @ http://localhost:3000/api/stocks/indicator?symbol=AAPL&resolution=D&from=1776149939&to=1778741939&indicator=sma&timeperiod=20:0
[  259262ms] [ERROR] Failed to load resource: the server responded with a status of 500 (Internal Server Error) @ http://localhost:3000/api/stocks/indicator?symbol=AAPL&resolution=D&from=1776149939&to=1778741939&indicator=sma&timeperiod=50:0
[  259652ms] [ERROR] Failed to load resource: the server responded with a status of 500 (Internal Server Error) @ http://localhost:3000/api/stocks/candle?symbol=AAPL&resolution=D&from=1776149938&to=1778741938:0
[  259961ms] [ERROR] Failed to load resource: the server responded with a status of 500 (Internal Server Error) @ http://localhost:3000/api/stocks/candle?symbol=AAPL&resolution=D&from=1776149940&to=1778741940:0
[  260537ms] [ERROR] Failed to load resource: the server responded with a status of 500 (Internal Server Error) @ http://localhost:3000/api/stocks/indicator?symbol=AAPL&resolution=D&from=1776149939&to=1778741939&indicator=rsi&timeperiod=14:0
[  260562ms] [ERROR] Failed to load resource: the server responded with a status of 500 (Internal Server Error) @ http://localhost:3000/api/stocks/indicator?symbol=AAPL&resolution=D&from=1776149939&to=1778741939&indicator=sma&timeperiod=20:0
[  260565ms] [ERROR] Failed to load resource: the server responded with a status of 500 (Internal Server Error) @ http://localhost:3000/api/stocks/indicator?symbol=AAPL&resolution=D&from=1776149939&to=1778741939&indicator=sma&timeperiod=50:0
[  260610ms] [LOG] [Fast Refresh] rebuilding @ http://localhost:3000/_next/static/chunks/node_modules_next_dist_115brz8._.js:2431
[  260626ms] [LOG] [Fast Refresh] done in 121ms @ http://localhost:3000/_next/static/chunks/node_modules_next_dist_115brz8._.js:2431
[  260844ms] [ERROR] Failed to load resource: the server responded with a status of 500 (Internal Server Error) @ http://localhost:3000/api/stocks/indicator?symbol=AAPL&resolution=D&from=1776149941&to=1778741941&indicator=rsi&timeperiod=14:0
[  260852ms] [ERROR] Failed to load resource: the server responded with a status of 500 (Internal Server Error) @ http://localhost:3000/api/stocks/indicator?symbol=AAPL&resolution=D&from=1776149941&to=1778741941&indicator=sma&timeperiod=20:0
[  260856ms] [ERROR] Failed to load resource: the server responded with a status of 500 (Internal Server Error) @ http://localhost:3000/api/stocks/indicator?symbol=AAPL&resolution=D&from=1776149941&to=1778741941&indicator=sma&timeperiod=50:0
[  261266ms] [ERROR] Failed to load resource: the server responded with a status of 500 (Internal Server Error) @ http://localhost:3000/api/stocks/candle?symbol=AAPL&resolution=D&from=1776149940&to=1778741940:0
[  261561ms] [ERROR] Failed to load resource: the server responded with a status of 500 (Internal Server Error) @ http://localhost:3000/api/stocks/candle?symbol=AAPL&resolution=D&from=1776149942&to=1778741942:0
[  262159ms] [ERROR] Failed to load resource: the server responded with a status of 500 (Internal Server Error) @ http://localhost:3000/api/stocks/indicator?symbol=AAPL&resolution=D&from=1776149941&to=1778741941&indicator=rsi&timeperiod=14:0
[  262165ms] [ERROR] Failed to load resource: the server responded with a status of 500 (Internal Server Error) @ http://localhost:3000/api/stocks/indicator?symbol=AAPL&resolution=D&from=1776149941&to=1778741941&indicator=sma&timeperiod=50:0
[  262198ms] [ERROR] Failed to load resource: the server responded with a status of 500 (Internal Server Error) @ http://localhost:3000/api/stocks/indicator?symbol=AAPL&resolution=D&from=1776149941&to=1778741941&indicator=sma&timeperiod=20:0
[  262465ms] [ERROR] Failed to load resource: the server responded with a status of 500 (Internal Server Error) @ http://localhost:3000/api/stocks/indicator?symbol=AAPL&resolution=D&from=1776149942&to=1778741942&indicator=rsi&timeperiod=14:0
[  262468ms] [ERROR] Failed to load resource: the server responded with a status of 500 (Internal Server Error) @ http://localhost:3000/api/stocks/indicator?symbol=AAPL&resolution=D&from=1776149942&to=1778741942&indicator=sma&timeperiod=20:0
[  262510ms] [ERROR] Failed to load resource: the server responded with a status of 500 (Internal Server Error) @ http://localhost:3000/api/stocks/indicator?symbol=AAPL&resolution=D&from=1776149942&to=1778741942&indicator=sma&timeperiod=50:0
[  262842ms] [ERROR] Failed to load resource: the server responded with a status of 500 (Internal Server Error) @ http://localhost:3000/api/stocks/candle?symbol=AAPL&resolution=D&from=1776149942&to=1778741942:0
[  263144ms] [ERROR] Failed to load resource: the server responded with a status of 500 (Internal Server Error) @ http://localhost:3000/api/stocks/candle?symbol=AAPL&resolution=D&from=1776149943&to=1778741943:0
[  263758ms] [ERROR] Failed to load resource: the server responded with a status of 500 (Internal Server Error) @ http://localhost:3000/api/stocks/indicator?symbol=AAPL&resolution=D&from=1776149942&to=1778741942&indicator=rsi&timeperiod=14:0
[  263762ms] [ERROR] Failed to load resource: the server responded with a status of 500 (Internal Server Error) @ http://localhost:3000/api/stocks/indicator?symbol=AAPL&resolution=D&from=1776149942&to=1778741942&indicator=sma&timeperiod=20:0
[  263803ms] [ERROR] Failed to load resource: the server responded with a status of 500 (Internal Server Error) @ http://localhost:3000/api/stocks/indicator?symbol=AAPL&resolution=D&from=1776149942&to=1778741942&indicator=sma&timeperiod=50:0
[  264081ms] [ERROR] Failed to load resource: the server responded with a status of 500 (Internal Server Error) @ http://localhost:3000/api/stocks/indicator?symbol=AAPL&resolution=D&from=1776149944&to=1778741944&indicator=sma&timeperiod=50:0
[  264085ms] [ERROR] Failed to load resource: the server responded with a status of 500 (Internal Server Error) @ http://localhost:3000/api/stocks/indicator?symbol=AAPL&resolution=D&from=1776149944&to=1778741944&indicator=rsi&timeperiod=14:0
[  264088ms] [ERROR] Failed to load resource: the server responded with a status of 500 (Internal Server Error) @ http://localhost:3000/api/stocks/indicator?symbol=AAPL&resolution=D&from=1776149944&to=1778741944&indicator=sma&timeperiod=20:0
[  264442ms] [ERROR] Failed to load resource: the server responded with a status of 500 (Internal Server Error) @ http://localhost:3000/api/stocks/candle?symbol=AAPL&resolution=D&from=1776149943&to=1778741943:0
[  264740ms] [ERROR] Failed to load resource: the server responded with a status of 500 (Internal Server Error) @ http://localhost:3000/api/stocks/candle?symbol=AAPL&resolution=D&from=1776149945&to=1778741945:0
[  265392ms] [ERROR] Failed to load resource: the server responded with a status of 500 (Internal Server Error) @ http://localhost:3000/api/stocks/indicator?symbol=AAPL&resolution=D&from=1776149944&to=1778741944&indicator=sma&timeperiod=50:0
[  265397ms] [ERROR] Failed to load resource: the server responded with a status of 500 (Internal Server Error) @ http://localhost:3000/api/stocks/indicator?symbol=AAPL&resolution=D&from=1776149944&to=1778741944&indicator=rsi&timeperiod=14:0
[  265399ms] [ERROR] Failed to load resource: the server responded with a status of 500 (Internal Server Error) @ http://localhost:3000/api/stocks/indicator?symbol=AAPL&resolution=D&from=1776149944&to=1778741944&indicator=sma&timeperiod=20:0
[  265713ms] [ERROR] Failed to load resource: the server responded with a status of 500 (Internal Server Error) @ http://localhost:3000/api/stocks/indicator?symbol=AAPL&resolution=D&from=1776149946&to=1778741946&indicator=sma&timeperiod=20:0
[  265725ms] [ERROR] Failed to load resource: the server responded with a status of 500 (Internal Server Error) @ http://localhost:3000/api/stocks/indicator?symbol=AAPL&resolution=D&from=1776149946&to=1778741946&indicator=rsi&timeperiod=14:0
[  265732ms] [ERROR] Failed to load resource: the server responded with a status of 500 (Internal Server Error) @ http://localhost:3000/api/stocks/indicator?symbol=AAPL&resolution=D&from=1776149946&to=1778741946&indicator=sma&timeperiod=50:0
[  265773ms] [LOG] [Fast Refresh] rebuilding @ http://localhost:3000/_next/static/chunks/node_modules_next_dist_115brz8._.js:2431
[  265818ms] [LOG] [Fast Refresh] done in 149ms @ http://localhost:3000/_next/static/chunks/node_modules_next_dist_115brz8._.js:2431
[  266107ms] [ERROR] Failed to load resource: the server responded with a status of 500 (Internal Server Error) @ http://localhost:3000/api/stocks/candle?symbol=AAPL&resolution=D&from=1776149945&to=1778741945:0
[  266405ms] [ERROR] Failed to load resource: the server responded with a status of 500 (Internal Server Error) @ http://localhost:3000/api/stocks/candle?symbol=AAPL&resolution=D&from=1776149946&to=1778741946:0
[  267009ms] [ERROR] Failed to load resource: the server responded with a status of 500 (Internal Server Error) @ http://localhost:3000/api/stocks/indicator?symbol=AAPL&resolution=D&from=1776149946&to=1778741946&indicator=sma&timeperiod=20:0
[  267026ms] [ERROR] Failed to load resource: the server responded with a status of 500 (Internal Server Error) @ http://localhost:3000/api/stocks/indicator?symbol=AAPL&resolution=D&from=1776149946&to=1778741946&indicator=rsi&timeperiod=14:0
[  267028ms] [ERROR] Failed to load resource: the server responded with a status of 500 (Internal Server Error) @ http://localhost:3000/api/stocks/indicator?symbol=AAPL&resolution=D&from=1776149946&to=1778741946&indicator=sma&timeperiod=50:0
[  267317ms] [ERROR] Failed to load resource: the server responded with a status of 500 (Internal Server Error) @ http://localhost:3000/api/stocks/indicator?symbol=AAPL&resolution=D&from=1776149947&to=1778741947&indicator=rsi&timeperiod=14:0
[  267330ms] [ERROR] Failed to load resource: the server responded with a status of 500 (Internal Server Error) @ http://localhost:3000/api/stocks/indicator?symbol=AAPL&resolution=D&from=1776149947&to=1778741947&indicator=sma&timeperiod=20:0
[  267344ms] [ERROR] Failed to load resource: the server responded with a status of 500 (Internal Server Error) @ http://localhost:3000/api/stocks/indicator?symbol=AAPL&resolution=D&from=1776149947&to=1778741947&indicator=sma&timeperiod=50:0
[  267696ms] [ERROR] Failed to load resource: the server responded with a status of 500 (Internal Server Error) @ http://localhost:3000/api/stocks/candle?symbol=AAPL&resolution=D&from=1776149946&to=1778741946:0
[  267997ms] [ERROR] Failed to load resource: the server responded with a status of 500 (Internal Server Error) @ http://localhost:3000/api/stocks/candle?symbol=AAPL&resolution=D&from=1776149948&to=1778741948:0
[  268609ms] [ERROR] Failed to load resource: the server responded with a status of 500 (Internal Server Error) @ http://localhost:3000/api/stocks/indicator?symbol=AAPL&resolution=D&from=1776149947&to=1778741947&indicator=rsi&timeperiod=14:0
[  268643ms] [ERROR] Failed to load resource: the server responded with a status of 500 (Internal Server Error) @ http://localhost:3000/api/stocks/indicator?symbol=AAPL&resolution=D&from=1776149947&to=1778741947&indicator=sma&timeperiod=20:0
[  268651ms] [ERROR] Failed to load resource: the server responded with a status of 500 (Internal Server Error) @ http://localhost:3000/api/stocks/indicator?symbol=AAPL&resolution=D&from=1776149947&to=1778741947&indicator=sma&timeperiod=50:0
[  268914ms] [ERROR] Failed to load resource: the server responded with a status of 500 (Internal Server Error) @ http://localhost:3000/api/stocks/indicator?symbol=AAPL&resolution=D&from=1776149949&to=1778741949&indicator=sma&timeperiod=50:0
[  268918ms] [ERROR] Failed to load resource: the server responded with a status of 500 (Internal Server Error) @ http://localhost:3000/api/stocks/indicator?symbol=AAPL&resolution=D&from=1776149949&to=1778741949&indicator=rsi&timeperiod=14:0
[  268979ms] [ERROR] Failed to load resource: the server responded with a status of 500 (Internal Server Error) @ http://localhost:3000/api/stocks/indicator?symbol=AAPL&resolution=D&from=1776149949&to=1778741949&indicator=sma&timeperiod=20:0
[  269035ms] [LOG] [Fast Refresh] rebuilding @ http://localhost:3000/_next/static/chunks/node_modules_next_dist_115brz8._.js:2431
[  269051ms] [LOG] [Fast Refresh] done in 118ms @ http://localhost:3000/_next/static/chunks/node_modules_next_dist_115brz8._.js:2431
[  269317ms] [ERROR] Failed to load resource: the server responded with a status of 500 (Internal Server Error) @ http://localhost:3000/api/stocks/candle?symbol=AAPL&resolution=D&from=1776149948&to=1778741948:0
[  269621ms] [ERROR] Failed to load resource: the server responded with a status of 500 (Internal Server Error) @ http://localhost:3000/api/stocks/candle?symbol=AAPL&resolution=D&from=1776149950&to=1778741950:0
[  270222ms] [ERROR] Failed to load resource: the server responded with a status of 500 (Internal Server Error) @ http://localhost:3000/api/stocks/indicator?symbol=AAPL&resolution=D&from=1776149949&to=1778741949&indicator=sma&timeperiod=50:0
[  270236ms] [ERROR] Failed to load resource: the server responded with a status of 500 (Internal Server Error) @ http://localhost:3000/api/stocks/indicator?symbol=AAPL&resolution=D&from=1776149949&to=1778741949&indicator=rsi&timeperiod=14:0
[  270275ms] [ERROR] Failed to load resource: the server responded with a status of 500 (Internal Server Error) @ http://localhost:3000/api/stocks/indicator?symbol=AAPL&resolution=D&from=1776149949&to=1778741949&indicator=sma&timeperiod=20:0
[  270511ms] [ERROR] Failed to load resource: the server responded with a status of 500 (Internal Server Error) @ http://localhost:3000/api/stocks/indicator?symbol=AAPL&resolution=D&from=1776149951&to=1778741951&indicator=rsi&timeperiod=14:0
[  270536ms] [ERROR] Failed to load resource: the server responded with a status of 500 (Internal Server Error) @ http://localhost:3000/api/stocks/indicator?symbol=AAPL&resolution=D&from=1776149951&to=1778741951&indicator=sma&timeperiod=20:0
[  270550ms] [ERROR] Failed to load resource: the server responded with a status of 500 (Internal Server Error) @ http://localhost:3000/api/stocks/indicator?symbol=AAPL&resolution=D&from=1776149951&to=1778741951&indicator=sma&timeperiod=50:0
[  270633ms] [LOG] [Fast Refresh] rebuilding @ http://localhost:3000/_next/static/chunks/node_modules_next_dist_115brz8._.js:2431
[  270693ms] [LOG] [Fast Refresh] done in 163ms @ http://localhost:3000/_next/static/chunks/node_modules_next_dist_115brz8._.js:2431
[  270918ms] [ERROR] Failed to load resource: the server responded with a status of 500 (Internal Server Error) @ http://localhost:3000/api/stocks/candle?symbol=AAPL&resolution=D&from=1776149950&to=1778741950:0
[  271223ms] [ERROR] Failed to load resource: the server responded with a status of 500 (Internal Server Error) @ http://localhost:3000/api/stocks/candle?symbol=AAPL&resolution=D&from=1776149951&to=1778741951:0
[  271859ms] [ERROR] Failed to load resource: the server responded with a status of 500 (Internal Server Error) @ http://localhost:3000/api/stocks/indicator?symbol=AAPL&resolution=D&from=1776149951&to=1778741951&indicator=sma&timeperiod=20:0
[  271865ms] [ERROR] Failed to load resource: the server responded with a status of 500 (Internal Server Error) @ http://localhost:3000/api/stocks/indicator?symbol=AAPL&resolution=D&from=1776149951&to=1778741951&indicator=rsi&timeperiod=14:0
[  271885ms] [ERROR] Failed to load resource: the server responded with a status of 500 (Internal Server Error) @ http://localhost:3000/api/stocks/indicator?symbol=AAPL&resolution=D&from=1776149951&to=1778741951&indicator=sma&timeperiod=50:0
[  272177ms] [ERROR] Failed to load resource: the server responded with a status of 500 (Internal Server Error) @ http://localhost:3000/api/stocks/indicator?symbol=AAPL&resolution=D&from=1776149952&to=1778741952&indicator=rsi&timeperiod=14:0
[  272186ms] [ERROR] Failed to load resource: the server responded with a status of 500 (Internal Server Error) @ http://localhost:3000/api/stocks/indicator?symbol=AAPL&resolution=D&from=1776149952&to=1778741952&indicator=sma&timeperiod=20:0
[  272232ms] [ERROR] Failed to load resource: the server responded with a status of 500 (Internal Server Error) @ http://localhost:3000/api/stocks/indicator?symbol=AAPL&resolution=D&from=1776149952&to=1778741952&indicator=sma&timeperiod=50:0
[  272550ms] [ERROR] Failed to load resource: the server responded with a status of 500 (Internal Server Error) @ http://localhost:3000/api/stocks/candle?symbol=AAPL&resolution=D&from=1776149951&to=1778741951:0
[  272870ms] [ERROR] Failed to load resource: the server responded with a status of 500 (Internal Server Error) @ http://localhost:3000/api/stocks/candle?symbol=AAPL&resolution=D&from=1776149953&to=1778741953:0
[  273485ms] [ERROR] Failed to load resource: the server responded with a status of 500 (Internal Server Error) @ http://localhost:3000/api/stocks/indicator?symbol=AAPL&resolution=D&from=1776149952&to=1778741952&indicator=sma&timeperiod=20:0
[  273489ms] [ERROR] Failed to load resource: the server responded with a status of 500 (Internal Server Error) @ http://localhost:3000/api/stocks/indicator?symbol=AAPL&resolution=D&from=1776149952&to=1778741952&indicator=rsi&timeperiod=14:0
[  273520ms] [ERROR] Failed to load resource: the server responded with a status of 500 (Internal Server Error) @ http://localhost:3000/api/stocks/indicator?symbol=AAPL&resolution=D&from=1776149952&to=1778741952&indicator=sma&timeperiod=50:0
[  273596ms] [LOG] [Fast Refresh] rebuilding @ http://localhost:3000/_next/static/chunks/node_modules_next_dist_115brz8._.js:2431
[  273657ms] [LOG] [Fast Refresh] done in 165ms @ http://localhost:3000/_next/static/chunks/node_modules_next_dist_115brz8._.js:2431
[  273773ms] [ERROR] Failed to load resource: the server responded with a status of 500 (Internal Server Error) @ http://localhost:3000/api/stocks/indicator?symbol=AAPL&resolution=D&from=1776149954&to=1778741954&indicator=rsi&timeperiod=14:0
[  273804ms] [ERROR] Failed to load resource: the server responded with a status of 500 (Internal Server Error) @ http://localhost:3000/api/stocks/indicator?symbol=AAPL&resolution=D&from=1776149954&to=1778741954&indicator=sma&timeperiod=20:0
[  273822ms] [ERROR] Failed to load resource: the server responded with a status of 500 (Internal Server Error) @ http://localhost:3000/api/stocks/indicator?symbol=AAPL&resolution=D&from=1776149954&to=1778741954&indicator=sma&timeperiod=50:0
[  273928ms] [LOG] [Fast Refresh] rebuilding @ http://localhost:3000/_next/static/chunks/node_modules_next_dist_115brz8._.js:2431
[  273929ms] [LOG] [Fast Refresh] done in 103ms @ http://localhost:3000/_next/static/chunks/node_modules_next_dist_115brz8._.js:2431
[  274175ms] [ERROR] Failed to load resource: the server responded with a status of 500 (Internal Server Error) @ http://localhost:3000/api/stocks/candle?symbol=AAPL&resolution=D&from=1776149953&to=1778741953:0
[  274464ms] [ERROR] Failed to load resource: the server responded with a status of 500 (Internal Server Error) @ http://localhost:3000/api/stocks/candle?symbol=AAPL&resolution=D&from=1776149954&to=1778741954:0
[  275072ms] [ERROR] Failed to load resource: the server responded with a status of 500 (Internal Server Error) @ http://localhost:3000/api/stocks/indicator?symbol=AAPL&resolution=D&from=1776149954&to=1778741954&indicator=rsi&timeperiod=14:0
[  275108ms] [ERROR] Failed to load resource: the server responded with a status of 500 (Internal Server Error) @ http://localhost:3000/api/stocks/indicator?symbol=AAPL&resolution=D&from=1776149954&to=1778741954&indicator=sma&timeperiod=50:0
[  275114ms] [ERROR] Failed to load resource: the server responded with a status of 500 (Internal Server Error) @ http://localhost:3000/api/stocks/indicator?symbol=AAPL&resolution=D&from=1776149954&to=1778741954&indicator=sma&timeperiod=20:0
[  275187ms] [LOG] [Fast Refresh] rebuilding @ http://localhost:3000/_next/static/chunks/node_modules_next_dist_115brz8._.js:2431
[  275188ms] [LOG] [Fast Refresh] done in 110ms @ http://localhost:3000/_next/static/chunks/node_modules_next_dist_115brz8._.js:2431
[  275369ms] [ERROR] Failed to load resource: the server responded with a status of 500 (Internal Server Error) @ http://localhost:3000/api/stocks/indicator?symbol=AAPL&resolution=D&from=1776149955&to=1778741955&indicator=rsi&timeperiod=14:0
[  275379ms] [ERROR] Failed to load resource: the server responded with a status of 500 (Internal Server Error) @ http://localhost:3000/api/stocks/indicator?symbol=AAPL&resolution=D&from=1776149955&to=1778741955&indicator=sma&timeperiod=50:0
[  275391ms] [ERROR] Failed to load resource: the server responded with a status of 500 (Internal Server Error) @ http://localhost:3000/api/stocks/indicator?symbol=AAPL&resolution=D&from=1776149955&to=1778741955&indicator=sma&timeperiod=20:0
[  275791ms] [ERROR] Failed to load resource: the server responded with a status of 500 (Internal Server Error) @ http://localhost:3000/api/stocks/candle?symbol=AAPL&resolution=D&from=1776149954&to=1778741954:0
[  276082ms] [ERROR] Failed to load resource: the server responded with a status of 500 (Internal Server Error) @ http://localhost:3000/api/stocks/candle?symbol=AAPL&resolution=D&from=1776149956&to=1778741956:0
[  276679ms] [ERROR] Failed to load resource: the server responded with a status of 500 (Internal Server Error) @ http://localhost:3000/api/stocks/indicator?symbol=AAPL&resolution=D&from=1776149955&to=1778741955&indicator=rsi&timeperiod=14:0
[  276686ms] [ERROR] Failed to load resource: the server responded with a status of 500 (Internal Server Error) @ http://localhost:3000/api/stocks/indicator?symbol=AAPL&resolution=D&from=1776149955&to=1778741955&indicator=sma&timeperiod=50:0
[  276690ms] [ERROR] Failed to load resource: the server responded with a status of 500 (Internal Server Error) @ http://localhost:3000/api/stocks/indicator?symbol=AAPL&resolution=D&from=1776149955&to=1778741955&indicator=sma&timeperiod=20:0
[  276987ms] [ERROR] Failed to load resource: the server responded with a status of 500 (Internal Server Error) @ http://localhost:3000/api/stocks/indicator?symbol=AAPL&resolution=D&from=1776149957&to=1778741957&indicator=rsi&timeperiod=14:0
[  276990ms] [ERROR] Failed to load resource: the server responded with a status of 500 (Internal Server Error) @ http://localhost:3000/api/stocks/indicator?symbol=AAPL&resolution=D&from=1776149957&to=1778741957&indicator=sma&timeperiod=50:0
[  276992ms] [ERROR] Failed to load resource: the server responded with a status of 500 (Internal Server Error) @ http://localhost:3000/api/stocks/indicator?symbol=AAPL&resolution=D&from=1776149957&to=1778741957&indicator=sma&timeperiod=20:0
[  277387ms] [ERROR] Failed to load resource: the server responded with a status of 500 (Internal Server Error) @ http://localhost:3000/api/stocks/candle?symbol=AAPL&resolution=D&from=1776149956&to=1778741956:0
[  277684ms] [ERROR] Failed to load resource: the server responded with a status of 500 (Internal Server Error) @ http://localhost:3000/api/stocks/candle?symbol=AAPL&resolution=D&from=1776149958&to=1778741958:0
[  278290ms] [ERROR] Failed to load resource: the server responded with a status of 500 (Internal Server Error) @ http://localhost:3000/api/stocks/indicator?symbol=AAPL&resolution=D&from=1776149957&to=1778741957&indicator=sma&timeperiod=20:0
[  278304ms] [ERROR] Failed to load resource: the server responded with a status of 500 (Internal Server Error) @ http://localhost:3000/api/stocks/indicator?symbol=AAPL&resolution=D&from=1776149957&to=1778741957&indicator=rsi&timeperiod=14:0
[  278317ms] [ERROR] Failed to load resource: the server responded with a status of 500 (Internal Server Error) @ http://localhost:3000/api/stocks/indicator?symbol=AAPL&resolution=D&from=1776149957&to=1778741957&indicator=sma&timeperiod=50:0
[  278403ms] [LOG] [Fast Refresh] rebuilding @ http://localhost:3000/_next/static/chunks/node_modules_next_dist_115brz8._.js:2431
[  278403ms] [LOG] [Fast Refresh] done in 109ms @ http://localhost:3000/_next/static/chunks/node_modules_next_dist_115brz8._.js:2431
[  278625ms] [ERROR] Failed to load resource: the server responded with a status of 500 (Internal Server Error) @ http://localhost:3000/api/stocks/indicator?symbol=AAPL&resolution=D&from=1776149959&to=1778741959&indicator=rsi&timeperiod=14:0
[  278645ms] [ERROR] Failed to load resource: the server responded with a status of 500 (Internal Server Error) @ http://localhost:3000/api/stocks/indicator?symbol=AAPL&resolution=D&from=1776149959&to=1778741959&indicator=sma&timeperiod=20:0
[  278671ms] [ERROR] Failed to load resource: the server responded with a status of 500 (Internal Server Error) @ http://localhost:3000/api/stocks/indicator?symbol=AAPL&resolution=D&from=1776149959&to=1778741959&indicator=sma&timeperiod=50:0
[  278735ms] [LOG] [Fast Refresh] rebuilding @ http://localhost:3000/_next/static/chunks/node_modules_next_dist_115brz8._.js:2431
[  278752ms] [LOG] [Fast Refresh] done in 117ms @ http://localhost:3000/_next/static/chunks/node_modules_next_dist_115brz8._.js:2431
[  279035ms] [ERROR] Failed to load resource: the server responded with a status of 500 (Internal Server Error) @ http://localhost:3000/api/stocks/candle?symbol=AAPL&resolution=D&from=1776149958&to=1778741958:0
[  279369ms] [ERROR] Failed to load resource: the server responded with a status of 500 (Internal Server Error) @ http://localhost:3000/api/stocks/candle?symbol=AAPL&resolution=D&from=1776149959&to=1778741959:0
[  279925ms] [ERROR] Failed to load resource: the server responded with a status of 500 (Internal Server Error) @ http://localhost:3000/api/stocks/indicator?symbol=AAPL&resolution=D&from=1776149959&to=1778741959&indicator=rsi&timeperiod=14:0
[  279948ms] [ERROR] Failed to load resource: the server responded with a status of 500 (Internal Server Error) @ http://localhost:3000/api/stocks/indicator?symbol=AAPL&resolution=D&from=1776149959&to=1778741959&indicator=sma&timeperiod=20:0
[  279970ms] [ERROR] Failed to load resource: the server responded with a status of 500 (Internal Server Error) @ http://localhost:3000/api/stocks/indicator?symbol=AAPL&resolution=D&from=1776149959&to=1778741959&indicator=sma&timeperiod=50:0
[  280214ms] [ERROR] Failed to load resource: the server responded with a status of 500 (Internal Server Error) @ http://localhost:3000/api/stocks/indicator?symbol=AAPL&resolution=D&from=1776149960&to=1778741960&indicator=rsi&timeperiod=14:0
[  280238ms] [ERROR] Failed to load resource: the server responded with a status of 500 (Internal Server Error) @ http://localhost:3000/api/stocks/indicator?symbol=AAPL&resolution=D&from=1776149960&to=1778741960&indicator=sma&timeperiod=50:0
[  280247ms] [ERROR] Failed to load resource: the server responded with a status of 500 (Internal Server Error) @ http://localhost:3000/api/stocks/indicator?symbol=AAPL&resolution=D&from=1776149960&to=1778741960&indicator=sma&timeperiod=20:0
[  280666ms] [ERROR] Failed to load resource: the server responded with a status of 500 (Internal Server Error) @ http://localhost:3000/api/stocks/candle?symbol=AAPL&resolution=D&from=1776149959&to=1778741959:0
[  280966ms] [ERROR] Failed to load resource: the server responded with a status of 500 (Internal Server Error) @ http://localhost:3000/api/stocks/candle?symbol=AAPL&resolution=D&from=1776149961&to=1778741961:0
[  281506ms] [ERROR] Failed to load resource: the server responded with a status of 500 (Internal Server Error) @ http://localhost:3000/api/stocks/indicator?symbol=AAPL&resolution=D&from=1776149960&to=1778741960&indicator=rsi&timeperiod=14:0
[  281547ms] [ERROR] Failed to load resource: the server responded with a status of 500 (Internal Server Error) @ http://localhost:3000/api/stocks/indicator?symbol=AAPL&resolution=D&from=1776149960&to=1778741960&indicator=sma&timeperiod=50:0
[  281549ms] [ERROR] Failed to load resource: the server responded with a status of 500 (Internal Server Error) @ http://localhost:3000/api/stocks/indicator?symbol=AAPL&resolution=D&from=1776149960&to=1778741960&indicator=sma&timeperiod=20:0
[  281799ms] [ERROR] Failed to load resource: the server responded with a status of 500 (Internal Server Error) @ http://localhost:3000/api/stocks/indicator?symbol=AAPL&resolution=D&from=1776149962&to=1778741962&indicator=sma&timeperiod=50:0
[  281808ms] [ERROR] Failed to load resource: the server responded with a status of 500 (Internal Server Error) @ http://localhost:3000/api/stocks/indicator?symbol=AAPL&resolution=D&from=1776149962&to=1778741962&indicator=rsi&timeperiod=14:0
[  281826ms] [ERROR] Failed to load resource: the server responded with a status of 500 (Internal Server Error) @ http://localhost:3000/api/stocks/indicator?symbol=AAPL&resolution=D&from=1776149962&to=1778741962&indicator=sma&timeperiod=20:0
[  282293ms] [ERROR] Failed to load resource: the server responded with a status of 500 (Internal Server Error) @ http://localhost:3000/api/stocks/candle?symbol=AAPL&resolution=D&from=1776149961&to=1778741961:0
[  282590ms] [ERROR] Failed to load resource: the server responded with a status of 500 (Internal Server Error) @ http://localhost:3000/api/stocks/candle?symbol=AAPL&resolution=D&from=1776149963&to=1778741963:0
[  283096ms] [ERROR] Failed to load resource: the server responded with a status of 500 (Internal Server Error) @ http://localhost:3000/api/stocks/indicator?symbol=AAPL&resolution=D&from=1776149962&to=1778741962&indicator=sma&timeperiod=50:0
[  283103ms] [ERROR] Failed to load resource: the server responded with a status of 500 (Internal Server Error) @ http://localhost:3000/api/stocks/indicator?symbol=AAPL&resolution=D&from=1776149962&to=1778741962&indicator=rsi&timeperiod=14:0
[  283127ms] [ERROR] Failed to load resource: the server responded with a status of 500 (Internal Server Error) @ http://localhost:3000/api/stocks/indicator?symbol=AAPL&resolution=D&from=1776149962&to=1778741962&indicator=sma&timeperiod=20:0
[  283407ms] [ERROR] Failed to load resource: the server responded with a status of 500 (Internal Server Error) @ http://localhost:3000/api/stocks/indicator?symbol=AAPL&resolution=D&from=1776149963&to=1778741963&indicator=sma&timeperiod=20:0
[  283410ms] [ERROR] Failed to load resource: the server responded with a status of 500 (Internal Server Error) @ http://localhost:3000/api/stocks/indicator?symbol=AAPL&resolution=D&from=1776149963&to=1778741963&indicator=rsi&timeperiod=14:0
[  283427ms] [ERROR] Failed to load resource: the server responded with a status of 500 (Internal Server Error) @ http://localhost:3000/api/stocks/indicator?symbol=AAPL&resolution=D&from=1776149963&to=1778741963&indicator=sma&timeperiod=50:0
[  283887ms] [ERROR] Failed to load resource: the server responded with a status of 500 (Internal Server Error) @ http://localhost:3000/api/stocks/candle?symbol=AAPL&resolution=D&from=1776149963&to=1778741963:0
[  284180ms] [ERROR] Failed to load resource: the server responded with a status of 500 (Internal Server Error) @ http://localhost:3000/api/stocks/candle?symbol=AAPL&resolution=D&from=1776149964&to=1778741964:0
[  284712ms] [ERROR] Failed to load resource: the server responded with a status of 500 (Internal Server Error) @ http://localhost:3000/api/stocks/indicator?symbol=AAPL&resolution=D&from=1776149963&to=1778741963&indicator=rsi&timeperiod=14:0
[  284717ms] [ERROR] Failed to load resource: the server responded with a status of 500 (Internal Server Error) @ http://localhost:3000/api/stocks/indicator?symbol=AAPL&resolution=D&from=1776149963&to=1778741963&indicator=sma&timeperiod=20:0
[  284735ms] [ERROR] Failed to load resource: the server responded with a status of 500 (Internal Server Error) @ http://localhost:3000/api/stocks/indicator?symbol=AAPL&resolution=D&from=1776149963&to=1778741963&indicator=sma&timeperiod=50:0
[  285041ms] [ERROR] Failed to load resource: the server responded with a status of 500 (Internal Server Error) @ http://localhost:3000/api/stocks/indicator?symbol=AAPL&resolution=D&from=1776149965&to=1778741965&indicator=sma&timeperiod=50:0
[  285047ms] [ERROR] Failed to load resource: the server responded with a status of 500 (Internal Server Error) @ http://localhost:3000/api/stocks/indicator?symbol=AAPL&resolution=D&from=1776149965&to=1778741965&indicator=rsi&timeperiod=14:0
[  285070ms] [ERROR] Failed to load resource: the server responded with a status of 500 (Internal Server Error) @ http://localhost:3000/api/stocks/indicator?symbol=AAPL&resolution=D&from=1776149965&to=1778741965&indicator=sma&timeperiod=20:0
[  285504ms] [ERROR] Failed to load resource: the server responded with a status of 500 (Internal Server Error) @ http://localhost:3000/api/stocks/candle?symbol=AAPL&resolution=D&from=1776149964&to=1778741964:0
[  285800ms] [ERROR] Failed to load resource: the server responded with a status of 500 (Internal Server Error) @ http://localhost:3000/api/stocks/candle?symbol=AAPL&resolution=D&from=1776149966&to=1778741966:0
[  286337ms] [ERROR] Failed to load resource: the server responded with a status of 500 (Internal Server Error) @ http://localhost:3000/api/stocks/indicator?symbol=AAPL&resolution=D&from=1776149965&to=1778741965&indicator=sma&timeperiod=50:0
[  286353ms] [ERROR] Failed to load resource: the server responded with a status of 500 (Internal Server Error) @ http://localhost:3000/api/stocks/indicator?symbol=AAPL&resolution=D&from=1776149965&to=1778741965&indicator=rsi&timeperiod=14:0
[  286364ms] [ERROR] Failed to load resource: the server responded with a status of 500 (Internal Server Error) @ http://localhost:3000/api/stocks/indicator?symbol=AAPL&resolution=D&from=1776149965&to=1778741965&indicator=sma&timeperiod=20:0
[  286630ms] [ERROR] Failed to load resource: the server responded with a status of 500 (Internal Server Error) @ http://localhost:3000/api/stocks/indicator?symbol=AAPL&resolution=D&from=1776149967&to=1778741967&indicator=rsi&timeperiod=14:0
[  286645ms] [ERROR] Failed to load resource: the server responded with a status of 500 (Internal Server Error) @ http://localhost:3000/api/stocks/indicator?symbol=AAPL&resolution=D&from=1776149967&to=1778741967&indicator=sma&timeperiod=20:0
[  286658ms] [ERROR] Failed to load resource: the server responded with a status of 500 (Internal Server Error) @ http://localhost:3000/api/stocks/indicator?symbol=AAPL&resolution=D&from=1776149967&to=1778741967&indicator=sma&timeperiod=50:0
[  287094ms] [ERROR] Failed to load resource: the server responded with a status of 500 (Internal Server Error) @ http://localhost:3000/api/stocks/candle?symbol=AAPL&resolution=D&from=1776149966&to=1778741966:0
[  288233ms] [ERROR] Failed to load resource: the server responded with a status of 500 (Internal Server Error) @ http://localhost:3000/api/stocks/candle?symbol=AAPL&resolution=D&from=1776149967&to=1778741967:0
[  288503ms] [ERROR] Failed to load resource: the server responded with a status of 500 (Internal Server Error) @ http://localhost:3000/api/stocks/indicator?symbol=AAPL&resolution=D&from=1776149967&to=1778741967&indicator=rsi&timeperiod=14:0
[  288522ms] [ERROR] Failed to load resource: the server responded with a status of 500 (Internal Server Error) @ http://localhost:3000/api/stocks/indicator?symbol=AAPL&resolution=D&from=1776149967&to=1778741967&indicator=sma&timeperiod=20:0
[  288586ms] [ERROR] Failed to load resource: the server responded with a status of 500 (Internal Server Error) @ http://localhost:3000/api/stocks/indicator?symbol=AAPL&resolution=D&from=1776149967&to=1778741967&indicator=sma&timeperiod=50:0
[  288806ms] [ERROR] Failed to load resource: the server responded with a status of 500 (Internal Server Error) @ http://localhost:3000/api/stocks/indicator?symbol=AAPL&resolution=D&from=1776149969&to=1778741969&indicator=sma&timeperiod=20:0
[  288822ms] [ERROR] Failed to load resource: the server responded with a status of 500 (Internal Server Error) @ http://localhost:3000/api/stocks/indicator?symbol=AAPL&resolution=D&from=1776149969&to=1778741969&indicator=sma&timeperiod=50:0
[  289258ms] [ERROR] Failed to load resource: the server responded with a status of 500 (Internal Server Error) @ http://localhost:3000/api/stocks/indicator?symbol=AAPL&resolution=D&from=1776149969&to=1778741969&indicator=rsi&timeperiod=14:0
[  289552ms] [ERROR] Failed to load resource: the server responded with a status of 500 (Internal Server Error) @ http://localhost:3000/api/stocks/candle?symbol=AAPL&resolution=D&from=1776149967&to=1778741967:0
[  289867ms] [ERROR] Failed to load resource: the server responded with a status of 500 (Internal Server Error) @ http://localhost:3000/api/stocks/candle?symbol=AAPL&resolution=D&from=1776149970&to=1778741970:0
[  290096ms] [ERROR] Failed to load resource: the server responded with a status of 500 (Internal Server Error) @ http://localhost:3000/api/stocks/indicator?symbol=AAPL&resolution=D&from=1776149969&to=1778741969&indicator=sma&timeperiod=20:0
[  290126ms] [ERROR] Failed to load resource: the server responded with a status of 500 (Internal Server Error) @ http://localhost:3000/api/stocks/indicator?symbol=AAPL&resolution=D&from=1776149969&to=1778741969&indicator=sma&timeperiod=50:0
[  290403ms] [ERROR] Failed to load resource: the server responded with a status of 500 (Internal Server Error) @ http://localhost:3000/api/stocks/indicator?symbol=AAPL&resolution=D&from=1776149970&to=1778741970&indicator=rsi&timeperiod=14:0
[  290451ms] [ERROR] Failed to load resource: the server responded with a status of 500 (Internal Server Error) @ http://localhost:3000/api/stocks/indicator?symbol=AAPL&resolution=D&from=1776149970&to=1778741970&indicator=sma&timeperiod=50:0
[  290839ms] [ERROR] Failed to load resource: the server responded with a status of 500 (Internal Server Error) @ http://localhost:3000/api/stocks/indicator?symbol=AAPL&resolution=D&from=1776149970&to=1778741970&indicator=sma&timeperiod=20:0
[  291701ms] [ERROR] Failed to load resource: the server responded with a status of 500 (Internal Server Error) @ http://localhost:3000/api/stocks/indicator?symbol=AAPL&resolution=D&from=1776149970&to=1778741970&indicator=rsi&timeperiod=14:0
[  291753ms] [ERROR] Failed to load resource: the server responded with a status of 500 (Internal Server Error) @ http://localhost:3000/api/stocks/indicator?symbol=AAPL&resolution=D&from=1776149970&to=1778741970&indicator=sma&timeperiod=50:0
[  292008ms] [ERROR] Failed to load resource: the server responded with a status of 500 (Internal Server Error) @ http://localhost:3000/api/stocks/indicator?symbol=AAPL&resolution=D&from=1776149972&to=1778741972&indicator=sma&timeperiod=20:0
[  292012ms] [ERROR] Failed to load resource: the server responded with a status of 500 (Internal Server Error) @ http://localhost:3000/api/stocks/indicator?symbol=AAPL&resolution=D&from=1776149972&to=1778741972&indicator=sma&timeperiod=50:0
[  292015ms] [ERROR] Failed to load resource: the server responded with a status of 500 (Internal Server Error) @ http://localhost:3000/api/stocks/indicator?symbol=AAPL&resolution=D&from=1776149972&to=1778741972&indicator=rsi&timeperiod=14:0
[  293326ms] [ERROR] Failed to load resource: the server responded with a status of 500 (Internal Server Error) @ http://localhost:3000/api/stocks/indicator?symbol=AAPL&resolution=D&from=1776149972&to=1778741972&indicator=sma&timeperiod=20:0
[  293330ms] [ERROR] Failed to load resource: the server responded with a status of 500 (Internal Server Error) @ http://localhost:3000/api/stocks/indicator?symbol=AAPL&resolution=D&from=1776149972&to=1778741972&indicator=sma&timeperiod=50:0
[  293347ms] [ERROR] Failed to load resource: the server responded with a status of 500 (Internal Server Error) @ http://localhost:3000/api/stocks/indicator?symbol=AAPL&resolution=D&from=1776149972&to=1778741972&indicator=rsi&timeperiod=14:0
[  293632ms] [ERROR] Failed to load resource: the server responded with a status of 500 (Internal Server Error) @ http://localhost:3000/api/stocks/indicator?symbol=AAPL&resolution=D&from=1776149974&to=1778741974&indicator=rsi&timeperiod=14:0
[  293645ms] [ERROR] Failed to load resource: the server responded with a status of 500 (Internal Server Error) @ http://localhost:3000/api/stocks/indicator?symbol=AAPL&resolution=D&from=1776149974&to=1778741974&indicator=sma&timeperiod=50:0
[  293666ms] [ERROR] Failed to load resource: the server responded with a status of 500 (Internal Server Error) @ http://localhost:3000/api/stocks/indicator?symbol=AAPL&resolution=D&from=1776149974&to=1778741974&indicator=sma&timeperiod=20:0
[  294934ms] [ERROR] Failed to load resource: the server responded with a status of 500 (Internal Server Error) @ http://localhost:3000/api/stocks/indicator?symbol=AAPL&resolution=D&from=1776149974&to=1778741974&indicator=sma&timeperiod=50:0
[  294953ms] [ERROR] Failed to load resource: the server responded with a status of 500 (Internal Server Error) @ http://localhost:3000/api/stocks/indicator?symbol=AAPL&resolution=D&from=1776149974&to=1778741974&indicator=rsi&timeperiod=14:0
[  294960ms] [ERROR] Failed to load resource: the server responded with a status of 500 (Internal Server Error) @ http://localhost:3000/api/stocks/indicator?symbol=AAPL&resolution=D&from=1776149974&to=1778741974&indicator=sma&timeperiod=20:0
[  295232ms] [ERROR] Failed to load resource: the server responded with a status of 500 (Internal Server Error) @ http://localhost:3000/api/stocks/indicator?symbol=AAPL&resolution=D&from=1776149975&to=1778741975&indicator=rsi&timeperiod=14:0
[  295245ms] [ERROR] Failed to load resource: the server responded with a status of 500 (Internal Server Error) @ http://localhost:3000/api/stocks/indicator?symbol=AAPL&resolution=D&from=1776149975&to=1778741975&indicator=sma&timeperiod=20:0
[  295269ms] [ERROR] Failed to load resource: the server responded with a status of 500 (Internal Server Error) @ http://localhost:3000/api/stocks/indicator?symbol=AAPL&resolution=D&from=1776149975&to=1778741975&indicator=sma&timeperiod=50:0
[  296550ms] [ERROR] Failed to load resource: the server responded with a status of 500 (Internal Server Error) @ http://localhost:3000/api/stocks/indicator?symbol=AAPL&resolution=D&from=1776149975&to=1778741975&indicator=rsi&timeperiod=14:0
[  296573ms] [ERROR] Failed to load resource: the server responded with a status of 500 (Internal Server Error) @ http://localhost:3000/api/stocks/indicator?symbol=AAPL&resolution=D&from=1776149975&to=1778741975&indicator=sma&timeperiod=20:0
[  296606ms] [ERROR] Failed to load resource: the server responded with a status of 500 (Internal Server Error) @ http://localhost:3000/api/stocks/indicator?symbol=AAPL&resolution=D&from=1776149975&to=1778741975&indicator=sma&timeperiod=50:0
[  296840ms] [ERROR] Failed to load resource: the server responded with a status of 500 (Internal Server Error) @ http://localhost:3000/api/stocks/indicator?symbol=AAPL&resolution=D&from=1776149977&to=1778741977&indicator=rsi&timeperiod=14:0
[  296855ms] [ERROR] Failed to load resource: the server responded with a status of 500 (Internal Server Error) @ http://localhost:3000/api/stocks/indicator?symbol=AAPL&resolution=D&from=1776149977&to=1778741977&indicator=sma&timeperiod=50:0
[  296885ms] [ERROR] Failed to load resource: the server responded with a status of 500 (Internal Server Error) @ http://localhost:3000/api/stocks/indicator?symbol=AAPL&resolution=D&from=1776149977&to=1778741977&indicator=sma&timeperiod=20:0
[  297939ms] [LOG] [Fast Refresh] rebuilding @ http://localhost:3000/_next/static/chunks/node_modules_next_dist_115brz8._.js:2431
[  297955ms] [LOG] [Fast Refresh] done in 120ms @ http://localhost:3000/_next/static/chunks/node_modules_next_dist_115brz8._.js:2431
[  298129ms] [ERROR] Failed to load resource: the server responded with a status of 500 (Internal Server Error) @ http://localhost:3000/api/stocks/indicator?symbol=AAPL&resolution=D&from=1776149977&to=1778741977&indicator=rsi&timeperiod=14:0
[  298167ms] [ERROR] Failed to load resource: the server responded with a status of 500 (Internal Server Error) @ http://localhost:3000/api/stocks/indicator?symbol=AAPL&resolution=D&from=1776149977&to=1778741977&indicator=sma&timeperiod=50:0
[  298203ms] [ERROR] Failed to load resource: the server responded with a status of 500 (Internal Server Error) @ http://localhost:3000/api/stocks/indicator?symbol=AAPL&resolution=D&from=1776149977&to=1778741977&indicator=sma&timeperiod=20:0
[  298442ms] [ERROR] Failed to load resource: the server responded with a status of 500 (Internal Server Error) @ http://localhost:3000/api/stocks/indicator?symbol=AAPL&resolution=D&from=1776149978&to=1778741978&indicator=sma&timeperiod=20:0
[  298466ms] [ERROR] Failed to load resource: the server responded with a status of 500 (Internal Server Error) @ http://localhost:3000/api/stocks/indicator?symbol=AAPL&resolution=D&from=1776149978&to=1778741978&indicator=sma&timeperiod=50:0
[  298466ms] [ERROR] Failed to load resource: the server responded with a status of 500 (Internal Server Error) @ http://localhost:3000/api/stocks/indicator?symbol=AAPL&resolution=D&from=1776149978&to=1778741978&indicator=rsi&timeperiod=14:0
[  299887ms] [ERROR] Failed to load resource: the server responded with a status of 500 (Internal Server Error) @ http://localhost:3000/api/stocks/indicator?symbol=AAPL&resolution=D&from=1776149978&to=1778741978&indicator=sma&timeperiod=20:0
[  299939ms] [ERROR] Failed to load resource: the server responded with a status of 500 (Internal Server Error) @ http://localhost:3000/api/stocks/indicator?symbol=AAPL&resolution=D&from=1776149978&to=1778741978&indicator=sma&timeperiod=50:0
[  299943ms] [ERROR] Failed to load resource: the server responded with a status of 500 (Internal Server Error) @ http://localhost:3000/api/stocks/indicator?symbol=AAPL&resolution=D&from=1776149978&to=1778741978&indicator=rsi&timeperiod=14:0
[  300218ms] [ERROR] Failed to load resource: the server responded with a status of 500 (Internal Server Error) @ http://localhost:3000/api/stocks/indicator?symbol=AAPL&resolution=D&from=1776149980&to=1778741980&indicator=rsi&timeperiod=14:0
[  300233ms] [ERROR] Failed to load resource: the server responded with a status of 500 (Internal Server Error) @ http://localhost:3000/api/stocks/indicator?symbol=AAPL&resolution=D&from=1776149980&to=1778741980&indicator=sma&timeperiod=50:0
[  300247ms] [ERROR] Failed to load resource: the server responded with a status of 500 (Internal Server Error) @ http://localhost:3000/api/stocks/indicator?symbol=AAPL&resolution=D&from=1776149980&to=1778741980&indicator=sma&timeperiod=20:0
[  301516ms] [ERROR] Failed to load resource: the server responded with a status of 500 (Internal Server Error) @ http://localhost:3000/api/stocks/indicator?symbol=AAPL&resolution=D&from=1776149980&to=1778741980&indicator=rsi&timeperiod=14:0
[  301537ms] [ERROR] Failed to load resource: the server responded with a status of 500 (Internal Server Error) @ http://localhost:3000/api/stocks/indicator?symbol=AAPL&resolution=D&from=1776149980&to=1778741980&indicator=sma&timeperiod=50:0
[  301581ms] [ERROR] Failed to load resource: the server responded with a status of 500 (Internal Server Error) @ http://localhost:3000/api/stocks/indicator?symbol=AAPL&resolution=D&from=1776149980&to=1778741980&indicator=sma&timeperiod=20:0
[  301846ms] [ERROR] Failed to load resource: the server responded with a status of 500 (Internal Server Error) @ http://localhost:3000/api/stocks/indicator?symbol=AAPL&resolution=D&from=1776149982&to=1778741982&indicator=sma&timeperiod=50:0
[  301879ms] [ERROR] Failed to load resource: the server responded with a status of 500 (Internal Server Error) @ http://localhost:3000/api/stocks/indicator?symbol=AAPL&resolution=D&from=1776149982&to=1778741982&indicator=sma&timeperiod=20:0
[  301905ms] [ERROR] Failed to load resource: the server responded with a status of 500 (Internal Server Error) @ http://localhost:3000/api/stocks/indicator?symbol=AAPL&resolution=D&from=1776149982&to=1778741982&indicator=rsi&timeperiod=14:0
[  301957ms] [LOG] [Fast Refresh] rebuilding @ http://localhost:3000/_next/static/chunks/node_modules_next_dist_115brz8._.js:2431
[  301958ms] [LOG] [Fast Refresh] done in 101ms @ http://localhost:3000/_next/static/chunks/node_modules_next_dist_115brz8._.js:2431
[  302958ms] [LOG] [Fast Refresh] rebuilding @ http://localhost:3000/_next/static/chunks/node_modules_next_dist_115brz8._.js:2431
[  302959ms] [LOG] [Fast Refresh] done in 108ms @ http://localhost:3000/_next/static/chunks/node_modules_next_dist_115brz8._.js:2431
[  303150ms] [ERROR] Failed to load resource: the server responded with a status of 500 (Internal Server Error) @ http://localhost:3000/api/stocks/indicator?symbol=AAPL&resolution=D&from=1776149982&to=1778741982&indicator=sma&timeperiod=50:0
[  303205ms] [ERROR] Failed to load resource: the server responded with a status of 500 (Internal Server Error) @ http://localhost:3000/api/stocks/indicator?symbol=AAPL&resolution=D&from=1776149982&to=1778741982&indicator=rsi&timeperiod=14:0
[  303208ms] [ERROR] Failed to load resource: the server responded with a status of 500 (Internal Server Error) @ http://localhost:3000/api/stocks/indicator?symbol=AAPL&resolution=D&from=1776149982&to=1778741982&indicator=sma&timeperiod=20:0
[  303473ms] [ERROR] Failed to load resource: the server responded with a status of 500 (Internal Server Error) @ http://localhost:3000/api/stocks/indicator?symbol=AAPL&resolution=D&from=1776149983&to=1778741983&indicator=sma&timeperiod=20:0
[  303492ms] [ERROR] Failed to load resource: the server responded with a status of 500 (Internal Server Error) @ http://localhost:3000/api/stocks/indicator?symbol=AAPL&resolution=D&from=1776149983&to=1778741983&indicator=rsi&timeperiod=14:0
[  303517ms] [ERROR] Failed to load resource: the server responded with a status of 500 (Internal Server Error) @ http://localhost:3000/api/stocks/indicator?symbol=AAPL&resolution=D&from=1776149983&to=1778741983&indicator=sma&timeperiod=50:0
[  304784ms] [ERROR] Failed to load resource: the server responded with a status of 500 (Internal Server Error) @ http://localhost:3000/api/stocks/indicator?symbol=AAPL&resolution=D&from=1776149983&to=1778741983&indicator=rsi&timeperiod=14:0
[  304796ms] [ERROR] Failed to load resource: the server responded with a status of 500 (Internal Server Error) @ http://localhost:3000/api/stocks/indicator?symbol=AAPL&resolution=D&from=1776149983&to=1778741983&indicator=sma&timeperiod=20:0
[  304894ms] [ERROR] Failed to load resource: the server responded with a status of 500 (Internal Server Error) @ http://localhost:3000/api/stocks/indicator?symbol=AAPL&resolution=D&from=1776149983&to=1778741983&indicator=sma&timeperiod=50:0
[  305072ms] [ERROR] Failed to load resource: the server responded with a status of 500 (Internal Server Error) @ http://localhost:3000/api/stocks/indicator?symbol=AAPL&resolution=D&from=1776149985&to=1778741985&indicator=rsi&timeperiod=14:0
[  305152ms] [ERROR] Failed to load resource: the server responded with a status of 500 (Internal Server Error) @ http://localhost:3000/api/stocks/indicator?symbol=AAPL&resolution=D&from=1776149985&to=1778741985&indicator=sma&timeperiod=20:0
[  305193ms] [ERROR] Failed to load resource: the server responded with a status of 500 (Internal Server Error) @ http://localhost:3000/api/stocks/indicator?symbol=AAPL&resolution=D&from=1776149985&to=1778741985&indicator=sma&timeperiod=50:0
[  306120ms] [LOG] [Fast Refresh] rebuilding @ http://localhost:3000/_next/static/chunks/node_modules_next_dist_115brz8._.js:2431
[  306121ms] [LOG] [Fast Refresh] done in 102ms @ http://localhost:3000/_next/static/chunks/node_modules_next_dist_115brz8._.js:2431
[  306241ms] [LOG] [Fast Refresh] rebuilding @ http://localhost:3000/_next/static/chunks/node_modules_next_dist_115brz8._.js:2431
[  306242ms] [LOG] [Fast Refresh] done in 102ms @ http://localhost:3000/_next/static/chunks/node_modules_next_dist_115brz8._.js:2431
[  306363ms] [ERROR] Failed to load resource: the server responded with a status of 500 (Internal Server Error) @ http://localhost:3000/api/stocks/indicator?symbol=AAPL&resolution=D&from=1776149985&to=1778741985&indicator=rsi&timeperiod=14:0
[  306473ms] [ERROR] Failed to load resource: the server responded with a status of 500 (Internal Server Error) @ http://localhost:3000/api/stocks/indicator?symbol=AAPL&resolution=D&from=1776149985&to=1778741985&indicator=sma&timeperiod=20:0
[  306481ms] [ERROR] Failed to load resource: the server responded with a status of 500 (Internal Server Error) @ http://localhost:3000/api/stocks/indicator?symbol=AAPL&resolution=D&from=1776149985&to=1778741985&indicator=sma&timeperiod=50:0
[  306665ms] [ERROR] Failed to load resource: the server responded with a status of 500 (Internal Server Error) @ http://localhost:3000/api/stocks/indicator?symbol=AAPL&resolution=D&from=1776149987&to=1778741987&indicator=sma&timeperiod=20:0
[  306684ms] [ERROR] Failed to load resource: the server responded with a status of 500 (Internal Server Error) @ http://localhost:3000/api/stocks/indicator?symbol=AAPL&resolution=D&from=1776149987&to=1778741987&indicator=rsi&timeperiod=14:0
[  306702ms] [ERROR] Failed to load resource: the server responded with a status of 500 (Internal Server Error) @ http://localhost:3000/api/stocks/indicator?symbol=AAPL&resolution=D&from=1776149987&to=1778741987&indicator=sma&timeperiod=50:0
[  307774ms] [LOG] [Fast Refresh] rebuilding @ http://localhost:3000/_next/static/chunks/node_modules_next_dist_115brz8._.js:2431
[  307775ms] [LOG] [Fast Refresh] done in 104ms @ http://localhost:3000/_next/static/chunks/node_modules_next_dist_115brz8._.js:2431
[  307993ms] [ERROR] Failed to load resource: the server responded with a status of 500 (Internal Server Error) @ http://localhost:3000/api/stocks/indicator?symbol=AAPL&resolution=D&from=1776149987&to=1778741987&indicator=rsi&timeperiod=14:0
[  308010ms] [ERROR] Failed to load resource: the server responded with a status of 500 (Internal Server Error) @ http://localhost:3000/api/stocks/indicator?symbol=AAPL&resolution=D&from=1776149987&to=1778741987&indicator=sma&timeperiod=20:0
[  308042ms] [ERROR] Failed to load resource: the server responded with a status of 500 (Internal Server Error) @ http://localhost:3000/api/stocks/indicator?symbol=AAPL&resolution=D&from=1776149987&to=1778741987&indicator=sma&timeperiod=50:0
[  308311ms] [ERROR] Failed to load resource: the server responded with a status of 500 (Internal Server Error) @ http://localhost:3000/api/stocks/indicator?symbol=AAPL&resolution=D&from=1776149988&to=1778741988&indicator=sma&timeperiod=20:0
[  308331ms] [ERROR] Failed to load resource: the server responded with a status of 500 (Internal Server Error) @ http://localhost:3000/api/stocks/indicator?symbol=AAPL&resolution=D&from=1776149988&to=1778741988&indicator=sma&timeperiod=50:0
[  308350ms] [ERROR] Failed to load resource: the server responded with a status of 500 (Internal Server Error) @ http://localhost:3000/api/stocks/indicator?symbol=AAPL&resolution=D&from=1776149988&to=1778741988&indicator=rsi&timeperiod=14:0
[  309593ms] [ERROR] Failed to load resource: the server responded with a status of 500 (Internal Server Error) @ http://localhost:3000/api/stocks/indicator?symbol=AAPL&resolution=D&from=1776149988&to=1778741988&indicator=sma&timeperiod=20:0
[  309643ms] [ERROR] Failed to load resource: the server responded with a status of 500 (Internal Server Error) @ http://localhost:3000/api/stocks/indicator?symbol=AAPL&resolution=D&from=1776149988&to=1778741988&indicator=rsi&timeperiod=14:0
[  309651ms] [ERROR] Failed to load resource: the server responded with a status of 500 (Internal Server Error) @ http://localhost:3000/api/stocks/indicator?symbol=AAPL&resolution=D&from=1776149988&to=1778741988&indicator=sma&timeperiod=50:0
[  309708ms] [LOG] [Fast Refresh] rebuilding @ http://localhost:3000/_next/static/chunks/node_modules_next_dist_115brz8._.js:2431
[  309709ms] [LOG] [Fast Refresh] done in 111ms @ http://localhost:3000/_next/static/chunks/node_modules_next_dist_115brz8._.js:2431
[  309903ms] [ERROR] Failed to load resource: the server responded with a status of 500 (Internal Server Error) @ http://localhost:3000/api/stocks/indicator?symbol=AAPL&resolution=D&from=1776149990&to=1778741990&indicator=sma&timeperiod=20:0
[  309912ms] [ERROR] Failed to load resource: the server responded with a status of 500 (Internal Server Error) @ http://localhost:3000/api/stocks/indicator?symbol=AAPL&resolution=D&from=1776149990&to=1778741990&indicator=rsi&timeperiod=14:0
[  309926ms] [ERROR] Failed to load resource: the server responded with a status of 500 (Internal Server Error) @ http://localhost:3000/api/stocks/indicator?symbol=AAPL&resolution=D&from=1776149990&to=1778741990&indicator=sma&timeperiod=50:0
[  311209ms] [ERROR] Failed to load resource: the server responded with a status of 500 (Internal Server Error) @ http://localhost:3000/api/stocks/indicator?symbol=AAPL&resolution=D&from=1776149990&to=1778741990&indicator=sma&timeperiod=20:0
[  311257ms] [ERROR] Failed to load resource: the server responded with a status of 500 (Internal Server Error) @ http://localhost:3000/api/stocks/indicator?symbol=AAPL&resolution=D&from=1776149990&to=1778741990&indicator=rsi&timeperiod=14:0
[  311283ms] [ERROR] Failed to load resource: the server responded with a status of 500 (Internal Server Error) @ http://localhost:3000/api/stocks/indicator?symbol=AAPL&resolution=D&from=1776149990&to=1778741990&indicator=sma&timeperiod=50:0
[  311521ms] [ERROR] Failed to load resource: the server responded with a status of 500 (Internal Server Error) @ http://localhost:3000/api/stocks/indicator?symbol=AAPL&resolution=D&from=1776149992&to=1778741992&indicator=sma&timeperiod=20:0
[  311524ms] [ERROR] Failed to load resource: the server responded with a status of 500 (Internal Server Error) @ http://localhost:3000/api/stocks/indicator?symbol=AAPL&resolution=D&from=1776149992&to=1778741992&indicator=rsi&timeperiod=14:0
[  311572ms] [ERROR] Failed to load resource: the server responded with a status of 500 (Internal Server Error) @ http://localhost:3000/api/stocks/indicator?symbol=AAPL&resolution=D&from=1776149992&to=1778741992&indicator=sma&timeperiod=50:0
[  312633ms] [LOG] [Fast Refresh] rebuilding @ http://localhost:3000/_next/static/chunks/node_modules_next_dist_115brz8._.js:2431
[  312634ms] [LOG] [Fast Refresh] done in 103ms @ http://localhost:3000/_next/static/chunks/node_modules_next_dist_115brz8._.js:2431
[  312818ms] [ERROR] Failed to load resource: the server responded with a status of 500 (Internal Server Error) @ http://localhost:3000/api/stocks/indicator?symbol=AAPL&resolution=D&from=1776149992&to=1778741992&indicator=sma&timeperiod=20:0
[  312834ms] [ERROR] Failed to load resource: the server responded with a status of 500 (Internal Server Error) @ http://localhost:3000/api/stocks/indicator?symbol=AAPL&resolution=D&from=1776149992&to=1778741992&indicator=rsi&timeperiod=14:0
[  312885ms] [ERROR] Failed to load resource: the server responded with a status of 500 (Internal Server Error) @ http://localhost:3000/api/stocks/indicator?symbol=AAPL&resolution=D&from=1776149992&to=1778741992&indicator=sma&timeperiod=50:0
[  312934ms] [LOG] [Fast Refresh] rebuilding @ http://localhost:3000/_next/static/chunks/node_modules_next_dist_115brz8._.js:2431
[  312935ms] [LOG] [Fast Refresh] done in 112ms @ http://localhost:3000/_next/static/chunks/node_modules_next_dist_115brz8._.js:2431
[  313116ms] [ERROR] Failed to load resource: the server responded with a status of 500 (Internal Server Error) @ http://localhost:3000/api/stocks/indicator?symbol=AAPL&resolution=D&from=1776149993&to=1778741993&indicator=sma&timeperiod=20:0
[  313119ms] [ERROR] Failed to load resource: the server responded with a status of 500 (Internal Server Error) @ http://localhost:3000/api/stocks/indicator?symbol=AAPL&resolution=D&from=1776149993&to=1778741993&indicator=rsi&timeperiod=14:0
[  313129ms] [ERROR] Failed to load resource: the server responded with a status of 500 (Internal Server Error) @ http://localhost:3000/api/stocks/indicator?symbol=AAPL&resolution=D&from=1776149993&to=1778741993&indicator=sma&timeperiod=50:0
[  314436ms] [ERROR] Failed to load resource: the server responded with a status of 500 (Internal Server Error) @ http://localhost:3000/api/stocks/indicator?symbol=AAPL&resolution=D&from=1776149993&to=1778741993&indicator=rsi&timeperiod=14:0
[  314453ms] [ERROR] Failed to load resource: the server responded with a status of 500 (Internal Server Error) @ http://localhost:3000/api/stocks/indicator?symbol=AAPL&resolution=D&from=1776149993&to=1778741993&indicator=sma&timeperiod=20:0
[  314475ms] [ERROR] Failed to load resource: the server responded with a status of 500 (Internal Server Error) @ http://localhost:3000/api/stocks/indicator?symbol=AAPL&resolution=D&from=1776149993&to=1778741993&indicator=sma&timeperiod=50:0
[  314743ms] [ERROR] Failed to load resource: the server responded with a status of 500 (Internal Server Error) @ http://localhost:3000/api/stocks/indicator?symbol=AAPL&resolution=D&from=1776149995&to=1778741995&indicator=sma&timeperiod=20:0
[  314745ms] [ERROR] Failed to load resource: the server responded with a status of 500 (Internal Server Error) @ http://localhost:3000/api/stocks/indicator?symbol=AAPL&resolution=D&from=1776149995&to=1778741995&indicator=rsi&timeperiod=14:0
[  314747ms] [ERROR] Failed to load resource: the server responded with a status of 500 (Internal Server Error) @ http://localhost:3000/api/stocks/indicator?symbol=AAPL&resolution=D&from=1776149995&to=1778741995&indicator=sma&timeperiod=50:0
[  315870ms] [LOG] [Fast Refresh] rebuilding @ http://localhost:3000/_next/static/chunks/node_modules_next_dist_115brz8._.js:2431
[  315885ms] [LOG] [Fast Refresh] done in 131ms @ http://localhost:3000/_next/static/chunks/node_modules_next_dist_115brz8._.js:2431
[  316049ms] [ERROR] Failed to load resource: the server responded with a status of 500 (Internal Server Error) @ http://localhost:3000/api/stocks/indicator?symbol=AAPL&resolution=D&from=1776149995&to=1778741995&indicator=sma&timeperiod=20:0
[  316055ms] [ERROR] Failed to load resource: the server responded with a status of 500 (Internal Server Error) @ http://localhost:3000/api/stocks/indicator?symbol=AAPL&resolution=D&from=1776149995&to=1778741995&indicator=rsi&timeperiod=14:0
[  316073ms] [ERROR] Failed to load resource: the server responded with a status of 500 (Internal Server Error) @ http://localhost:3000/api/stocks/indicator?symbol=AAPL&resolution=D&from=1776149995&to=1778741995&indicator=sma&timeperiod=50:0
[  316157ms] [LOG] [Fast Refresh] rebuilding @ http://localhost:3000/_next/static/chunks/node_modules_next_dist_115brz8._.js:2431
[  316158ms] [LOG] [Fast Refresh] done in 100ms @ http://localhost:3000/_next/static/chunks/node_modules_next_dist_115brz8._.js:2431
[  316343ms] [ERROR] Failed to load resource: the server responded with a status of 500 (Internal Server Error) @ http://localhost:3000/api/stocks/indicator?symbol=AAPL&resolution=D&from=1776149996&to=1778741996&indicator=rsi&timeperiod=14:0
[  316345ms] [ERROR] Failed to load resource: the server responded with a status of 500 (Internal Server Error) @ http://localhost:3000/api/stocks/indicator?symbol=AAPL&resolution=D&from=1776149996&to=1778741996&indicator=sma&timeperiod=20:0
[  316385ms] [ERROR] Failed to load resource: the server responded with a status of 500 (Internal Server Error) @ http://localhost:3000/api/stocks/indicator?symbol=AAPL&resolution=D&from=1776149996&to=1778741996&indicator=sma&timeperiod=50:0
[  317464ms] [LOG] [Fast Refresh] rebuilding @ http://localhost:3000/_next/static/chunks/node_modules_next_dist_115brz8._.js:2431
[  317465ms] [LOG] [Fast Refresh] done in 102ms @ http://localhost:3000/_next/static/chunks/node_modules_next_dist_115brz8._.js:2431
[  317651ms] [ERROR] Failed to load resource: the server responded with a status of 500 (Internal Server Error) @ http://localhost:3000/api/stocks/indicator?symbol=AAPL&resolution=D&from=1776149996&to=1778741996&indicator=sma&timeperiod=20:0
[  317663ms] [ERROR] Failed to load resource: the server responded with a status of 500 (Internal Server Error) @ http://localhost:3000/api/stocks/indicator?symbol=AAPL&resolution=D&from=1776149996&to=1778741996&indicator=rsi&timeperiod=14:0
[  317689ms] [ERROR] Failed to load resource: the server responded with a status of 500 (Internal Server Error) @ http://localhost:3000/api/stocks/indicator?symbol=AAPL&resolution=D&from=1776149996&to=1778741996&indicator=sma&timeperiod=50:0
[  317945ms] [ERROR] Failed to load resource: the server responded with a status of 500 (Internal Server Error) @ http://localhost:3000/api/stocks/indicator?symbol=AAPL&resolution=D&from=1776149998&to=1778741998&indicator=rsi&timeperiod=14:0
[  317971ms] [ERROR] Failed to load resource: the server responded with a status of 500 (Internal Server Error) @ http://localhost:3000/api/stocks/indicator?symbol=AAPL&resolution=D&from=1776149998&to=1778741998&indicator=sma&timeperiod=20:0
[  317973ms] [ERROR] Failed to load resource: the server responded with a status of 500 (Internal Server Error) @ http://localhost:3000/api/stocks/indicator?symbol=AAPL&resolution=D&from=1776149998&to=1778741998&indicator=sma&timeperiod=50:0
[  319067ms] [LOG] [Fast Refresh] rebuilding @ http://localhost:3000/_next/static/chunks/node_modules_next_dist_115brz8._.js:2431
[  319117ms] [LOG] [Fast Refresh] done in 162ms @ http://localhost:3000/_next/static/chunks/node_modules_next_dist_115brz8._.js:2431
[  319235ms] [ERROR] Failed to load resource: the server responded with a status of 500 (Internal Server Error) @ http://localhost:3000/api/stocks/indicator?symbol=AAPL&resolution=D&from=1776149998&to=1778741998&indicator=rsi&timeperiod=14:0
[  319274ms] [ERROR] Failed to load resource: the server responded with a status of 500 (Internal Server Error) @ http://localhost:3000/api/stocks/indicator?symbol=AAPL&resolution=D&from=1776149998&to=1778741998&indicator=sma&timeperiod=20:0
[  319295ms] [ERROR] Failed to load resource: the server responded with a status of 500 (Internal Server Error) @ http://localhost:3000/api/stocks/indicator?symbol=AAPL&resolution=D&from=1776149998&to=1778741998&indicator=sma&timeperiod=50:0
[  319354ms] [LOG] [Fast Refresh] rebuilding @ http://localhost:3000/_next/static/chunks/node_modules_next_dist_115brz8._.js:2431
[  319354ms] [LOG] [Fast Refresh] done in 115ms @ http://localhost:3000/_next/static/chunks/node_modules_next_dist_115brz8._.js:2431
[  319539ms] [ERROR] Failed to load resource: the server responded with a status of 500 (Internal Server Error) @ http://localhost:3000/api/stocks/indicator?symbol=AAPL&resolution=D&from=1776150000&to=1778742000&indicator=rsi&timeperiod=14:0
[  319547ms] [ERROR] Failed to load resource: the server responded with a status of 500 (Internal Server Error) @ http://localhost:3000/api/stocks/indicator?symbol=AAPL&resolution=D&from=1776150000&to=1778742000&indicator=sma&timeperiod=20:0
[  319577ms] [ERROR] Failed to load resource: the server responded with a status of 500 (Internal Server Error) @ http://localhost:3000/api/stocks/indicator?symbol=AAPL&resolution=D&from=1776150000&to=1778742000&indicator=sma&timeperiod=50:0
[  320886ms] [ERROR] Failed to load resource: the server responded with a status of 500 (Internal Server Error) @ http://localhost:3000/api/stocks/indicator?symbol=AAPL&resolution=D&from=1776150000&to=1778742000&indicator=rsi&timeperiod=14:0
[  320960ms] [ERROR] Failed to load resource: the server responded with a status of 500 (Internal Server Error) @ http://localhost:3000/api/stocks/indicator?symbol=AAPL&resolution=D&from=1776150000&to=1778742000&indicator=sma&timeperiod=20:0
[  321090ms] [ERROR] Failed to load resource: the server responded with a status of 500 (Internal Server Error) @ http://localhost:3000/api/stocks/indicator?symbol=AAPL&resolution=D&from=1776150000&to=1778742000&indicator=sma&timeperiod=50:0
[  321212ms] [ERROR] Failed to load resource: the server responded with a status of 500 (Internal Server Error) @ http://localhost:3000/api/stocks/candle?symbol=AAPL&resolution=D&from=1776149970&to=1778741970:0
[  321216ms] [ERROR] Failed to load resource: the server responded with a status of 500 (Internal Server Error) @ http://localhost:3000/api/stocks/indicator?symbol=AAPL&resolution=D&from=1776150001&to=1778742001&indicator=sma&timeperiod=20:0
[  321234ms] [ERROR] Failed to load resource: the server responded with a status of 500 (Internal Server Error) @ http://localhost:3000/api/stocks/indicator?symbol=AAPL&resolution=D&from=1776150001&to=1778742001&indicator=rsi&timeperiod=14:0
[  321257ms] [ERROR] Failed to load resource: the server responded with a status of 500 (Internal Server Error) @ http://localhost:3000/api/stocks/indicator?symbol=AAPL&resolution=D&from=1776150001&to=1778742001&indicator=sma&timeperiod=50:0
[  321621ms] [ERROR] Failed to load resource: the server responded with a status of 500 (Internal Server Error) @ http://localhost:3000/api/stocks/candle?symbol=AAPL&resolution=D&from=1776150002&to=1778742002:0
[  322526ms] [ERROR] Failed to load resource: the server responded with a status of 500 (Internal Server Error) @ http://localhost:3000/api/stocks/indicator?symbol=AAPL&resolution=D&from=1776150001&to=1778742001&indicator=sma&timeperiod=20:0
[  322596ms] [ERROR] Failed to load resource: the server responded with a status of 500 (Internal Server Error) @ http://localhost:3000/api/stocks/indicator?symbol=AAPL&resolution=D&from=1776150001&to=1778742001&indicator=rsi&timeperiod=14:0
[  322619ms] [ERROR] Failed to load resource: the server responded with a status of 500 (Internal Server Error) @ http://localhost:3000/api/stocks/indicator?symbol=AAPL&resolution=D&from=1776150001&to=1778742001&indicator=sma&timeperiod=50:0
[  322883ms] [ERROR] Failed to load resource: the server responded with a status of 500 (Internal Server Error) @ http://localhost:3000/api/stocks/indicator?symbol=AAPL&resolution=D&from=1776150003&to=1778742003&indicator=sma&timeperiod=50:0
[  322922ms] [ERROR] Failed to load resource: the server responded with a status of 500 (Internal Server Error) @ http://localhost:3000/api/stocks/indicator?symbol=AAPL&resolution=D&from=1776150003&to=1778742003&indicator=sma&timeperiod=20:0
[  322927ms] [ERROR] Failed to load resource: the server responded with a status of 500 (Internal Server Error) @ http://localhost:3000/api/stocks/indicator?symbol=AAPL&resolution=D&from=1776150003&to=1778742003&indicator=rsi&timeperiod=14:0
[  322975ms] [ERROR] Failed to load resource: the server responded with a status of 500 (Internal Server Error) @ http://localhost:3000/api/stocks/candle?symbol=AAPL&resolution=D&from=1776150002&to=1778742002:0
[  323481ms] [ERROR] Failed to load resource: the server responded with a status of 500 (Internal Server Error) @ http://localhost:3000/api/stocks/candle?symbol=AAPL&resolution=D&from=1776150003&to=1778742003:0
[  324183ms] [ERROR] Failed to load resource: the server responded with a status of 500 (Internal Server Error) @ http://localhost:3000/api/stocks/indicator?symbol=AAPL&resolution=D&from=1776150003&to=1778742003&indicator=sma&timeperiod=50:0
[  324237ms] [ERROR] Failed to load resource: the server responded with a status of 500 (Internal Server Error) @ http://localhost:3000/api/stocks/indicator?symbol=AAPL&resolution=D&from=1776150003&to=1778742003&indicator=sma&timeperiod=20:0
[  324250ms] [ERROR] Failed to load resource: the server responded with a status of 500 (Internal Server Error) @ http://localhost:3000/api/stocks/indicator?symbol=AAPL&resolution=D&from=1776150003&to=1778742003&indicator=rsi&timeperiod=14:0
[  324495ms] [ERROR] Failed to load resource: the server responded with a status of 500 (Internal Server Error) @ http://localhost:3000/api/stocks/indicator?symbol=AAPL&resolution=D&from=1776150004&to=1778742004&indicator=rsi&timeperiod=14:0
[  324553ms] [ERROR] Failed to load resource: the server responded with a status of 500 (Internal Server Error) @ http://localhost:3000/api/stocks/indicator?symbol=AAPL&resolution=D&from=1776150004&to=1778742004&indicator=sma&timeperiod=50:0
[  324801ms] [ERROR] Failed to load resource: the server responded with a status of 500 (Internal Server Error) @ http://localhost:3000/api/stocks/candle?symbol=AAPL&resolution=D&from=1776150003&to=1778742003:0
[  324940ms] [ERROR] Failed to load resource: the server responded with a status of 500 (Internal Server Error) @ http://localhost:3000/api/stocks/indicator?symbol=AAPL&resolution=D&from=1776150004&to=1778742004&indicator=sma&timeperiod=20:0
[  325150ms] [ERROR] Failed to load resource: the server responded with a status of 500 (Internal Server Error) @ http://localhost:3000/api/stocks/candle?symbol=AAPL&resolution=D&from=1776150005&to=1778742005:0
[  325800ms] [ERROR] Failed to load resource: the server responded with a status of 500 (Internal Server Error) @ http://localhost:3000/api/stocks/indicator?symbol=AAPL&resolution=D&from=1776150004&to=1778742004&indicator=rsi&timeperiod=14:0
[  325867ms] [ERROR] Failed to load resource: the server responded with a status of 500 (Internal Server Error) @ http://localhost:3000/api/stocks/indicator?symbol=AAPL&resolution=D&from=1776150004&to=1778742004&indicator=sma&timeperiod=50:0
[  326127ms] [ERROR] Failed to load resource: the server responded with a status of 500 (Internal Server Error) @ http://localhost:3000/api/stocks/indicator?symbol=AAPL&resolution=D&from=1776150006&to=1778742006&indicator=sma&timeperiod=50:0
[  326148ms] [ERROR] Failed to load resource: the server responded with a status of 500 (Internal Server Error) @ http://localhost:3000/api/stocks/indicator?symbol=AAPL&resolution=D&from=1776150006&to=1778742006&indicator=rsi&timeperiod=14:0
[  326217ms] [ERROR] Failed to load resource: the server responded with a status of 500 (Internal Server Error) @ http://localhost:3000/api/stocks/indicator?symbol=AAPL&resolution=D&from=1776150006&to=1778742006&indicator=sma&timeperiod=20:0
[  326553ms] [ERROR] Failed to load resource: the server responded with a status of 500 (Internal Server Error) @ http://localhost:3000/api/stocks/candle?symbol=AAPL&resolution=D&from=1776150005&to=1778742005:0
[  327117ms] [ERROR] Failed to load resource: the server responded with a status of 500 (Internal Server Error) @ http://localhost:3000/api/stocks/candle?symbol=AAPL&resolution=D&from=1776150007&to=1778742007:0
[  327503ms] [ERROR] Failed to load resource: the server responded with a status of 500 (Internal Server Error) @ http://localhost:3000/api/stocks/indicator?symbol=AAPL&resolution=D&from=1776150006&to=1778742006&indicator=sma&timeperiod=50:0
[  327563ms] [LOG] [Fast Refresh] rebuilding @ http://localhost:3000/_next/static/chunks/node_modules_next_dist_115brz8._.js:2431
[  327579ms] [LOG] [Fast Refresh] done in 117ms @ http://localhost:3000/_next/static/chunks/node_modules_next_dist_115brz8._.js:2431
[  327627ms] [ERROR] Failed to load resource: the server responded with a status of 500 (Internal Server Error) @ http://localhost:3000/api/stocks/indicator?symbol=AAPL&resolution=D&from=1776150006&to=1778742006&indicator=sma&timeperiod=20:0
[  327650ms] [ERROR] Failed to load resource: the server responded with a status of 500 (Internal Server Error) @ http://localhost:3000/api/stocks/indicator?symbol=AAPL&resolution=D&from=1776150006&to=1778742006&indicator=rsi&timeperiod=14:0
[  327829ms] [ERROR] Failed to load resource: the server responded with a status of 500 (Internal Server Error) @ http://localhost:3000/api/stocks/indicator?symbol=AAPL&resolution=D&from=1776150008&to=1778742008&indicator=sma&timeperiod=50:0
[  327836ms] [ERROR] Failed to load resource: the server responded with a status of 500 (Internal Server Error) @ http://localhost:3000/api/stocks/indicator?symbol=AAPL&resolution=D&from=1776150008&to=1778742008&indicator=rsi&timeperiod=14:0
[  327839ms] [ERROR] Failed to load resource: the server responded with a status of 500 (Internal Server Error) @ http://localhost:3000/api/stocks/indicator?symbol=AAPL&resolution=D&from=1776150008&to=1778742008&indicator=sma&timeperiod=20:0
[  328452ms] [ERROR] Failed to load resource: the server responded with a status of 500 (Internal Server Error) @ http://localhost:3000/api/stocks/candle?symbol=AAPL&resolution=D&from=1776150007&to=1778742007:0
[  328750ms] [ERROR] Failed to load resource: the server responded with a status of 500 (Internal Server Error) @ http://localhost:3000/api/stocks/candle?symbol=AAPL&resolution=D&from=1776150009&to=1778742009:0
[  329127ms] [ERROR] Failed to load resource: the server responded with a status of 500 (Internal Server Error) @ http://localhost:3000/api/stocks/indicator?symbol=AAPL&resolution=D&from=1776150008&to=1778742008&indicator=sma&timeperiod=50:0
[  329133ms] [ERROR] Failed to load resource: the server responded with a status of 500 (Internal Server Error) @ http://localhost:3000/api/stocks/indicator?symbol=AAPL&resolution=D&from=1776150008&to=1778742008&indicator=rsi&timeperiod=14:0
[  329143ms] [ERROR] Failed to load resource: the server responded with a status of 500 (Internal Server Error) @ http://localhost:3000/api/stocks/indicator?symbol=AAPL&resolution=D&from=1776150008&to=1778742008&indicator=sma&timeperiod=20:0
[  329438ms] [ERROR] Failed to load resource: the server responded with a status of 500 (Internal Server Error) @ http://localhost:3000/api/stocks/indicator?symbol=AAPL&resolution=D&from=1776150009&to=1778742009&indicator=rsi&timeperiod=14:0
[  329441ms] [ERROR] Failed to load resource: the server responded with a status of 500 (Internal Server Error) @ http://localhost:3000/api/stocks/indicator?symbol=AAPL&resolution=D&from=1776150009&to=1778742009&indicator=sma&timeperiod=50:0
[  329443ms] [ERROR] Failed to load resource: the server responded with a status of 500 (Internal Server Error) @ http://localhost:3000/api/stocks/indicator?symbol=AAPL&resolution=D&from=1776150009&to=1778742009&indicator=sma&timeperiod=20:0
[  330063ms] [ERROR] Failed to load resource: the server responded with a status of 500 (Internal Server Error) @ http://localhost:3000/api/stocks/candle?symbol=AAPL&resolution=D&from=1776150009&to=1778742009:0
[  330447ms] [ERROR] Failed to load resource: the server responded with a status of 500 (Internal Server Error) @ http://localhost:3000/api/stocks/candle?symbol=AAPL&resolution=D&from=1776150010&to=1778742010:0
[  330757ms] [ERROR] Failed to load resource: the server responded with a status of 500 (Internal Server Error) @ http://localhost:3000/api/stocks/indicator?symbol=AAPL&resolution=D&from=1776150009&to=1778742009&indicator=sma&timeperiod=20:0
[  330763ms] [ERROR] Failed to load resource: the server responded with a status of 500 (Internal Server Error) @ http://localhost:3000/api/stocks/indicator?symbol=AAPL&resolution=D&from=1776150009&to=1778742009&indicator=rsi&timeperiod=14:0
[  330764ms] [ERROR] Failed to load resource: the server responded with a status of 500 (Internal Server Error) @ http://localhost:3000/api/stocks/indicator?symbol=AAPL&resolution=D&from=1776150009&to=1778742009&indicator=sma&timeperiod=50:0
[  331093ms] [ERROR] Failed to load resource: the server responded with a status of 500 (Internal Server Error) @ http://localhost:3000/api/stocks/indicator?symbol=AAPL&resolution=D&from=1776150011&to=1778742011&indicator=rsi&timeperiod=14:0
[  331101ms] [ERROR] Failed to load resource: the server responded with a status of 500 (Internal Server Error) @ http://localhost:3000/api/stocks/indicator?symbol=AAPL&resolution=D&from=1776150011&to=1778742011&indicator=sma&timeperiod=20:0
[  331110ms] [ERROR] Failed to load resource: the server responded with a status of 500 (Internal Server Error) @ http://localhost:3000/api/stocks/indicator?symbol=AAPL&resolution=D&from=1776150011&to=1778742011&indicator=sma&timeperiod=50:0
[  331839ms] [ERROR] Failed to load resource: the server responded with a status of 500 (Internal Server Error) @ http://localhost:3000/api/stocks/candle?symbol=AAPL&resolution=D&from=1776150010&to=1778742010:0
[  332171ms] [ERROR] Failed to load resource: the server responded with a status of 500 (Internal Server Error) @ http://localhost:3000/api/stocks/candle?symbol=AAPL&resolution=D&from=1776150012&to=1778742012:0
[  332397ms] [ERROR] Failed to load resource: the server responded with a status of 500 (Internal Server Error) @ http://localhost:3000/api/stocks/indicator?symbol=AAPL&resolution=D&from=1776150011&to=1778742011&indicator=sma&timeperiod=20:0
[  332414ms] [ERROR] Failed to load resource: the server responded with a status of 500 (Internal Server Error) @ http://localhost:3000/api/stocks/indicator?symbol=AAPL&resolution=D&from=1776150011&to=1778742011&indicator=rsi&timeperiod=14:0
[  332439ms] [ERROR] Failed to load resource: the server responded with a status of 500 (Internal Server Error) @ http://localhost:3000/api/stocks/indicator?symbol=AAPL&resolution=D&from=1776150011&to=1778742011&indicator=sma&timeperiod=50:0
[  332507ms] [LOG] [Fast Refresh] rebuilding @ http://localhost:3000/_next/static/chunks/node_modules_next_dist_115brz8._.js:2431
[  332568ms] [LOG] [Fast Refresh] done in 164ms @ http://localhost:3000/_next/static/chunks/node_modules_next_dist_115brz8._.js:2431
[  332693ms] [ERROR] Failed to load resource: the server responded with a status of 500 (Internal Server Error) @ http://localhost:3000/api/stocks/indicator?symbol=AAPL&resolution=D&from=1776150013&to=1778742013&indicator=rsi&timeperiod=14:0
[  332695ms] [ERROR] Failed to load resource: the server responded with a status of 500 (Internal Server Error) @ http://localhost:3000/api/stocks/indicator?symbol=AAPL&resolution=D&from=1776150013&to=1778742013&indicator=sma&timeperiod=20:0
[  332707ms] [ERROR] Failed to load resource: the server responded with a status of 500 (Internal Server Error) @ http://localhost:3000/api/stocks/indicator?symbol=AAPL&resolution=D&from=1776150013&to=1778742013&indicator=sma&timeperiod=50:0
[  333478ms] [ERROR] Failed to load resource: the server responded with a status of 500 (Internal Server Error) @ http://localhost:3000/api/stocks/candle?symbol=AAPL&resolution=D&from=1776150012&to=1778742012:0
[  333811ms] [ERROR] Failed to load resource: the server responded with a status of 500 (Internal Server Error) @ http://localhost:3000/api/stocks/candle?symbol=AAPL&resolution=D&from=1776150014&to=1778742014:0
[  334020ms] [ERROR] Failed to load resource: the server responded with a status of 500 (Internal Server Error) @ http://localhost:3000/api/stocks/indicator?symbol=AAPL&resolution=D&from=1776150013&to=1778742013&indicator=sma&timeperiod=20:0
[  334046ms] [ERROR] Failed to load resource: the server responded with a status of 500 (Internal Server Error) @ http://localhost:3000/api/stocks/indicator?symbol=AAPL&resolution=D&from=1776150013&to=1778742013&indicator=rsi&timeperiod=14:0
[  334069ms] [ERROR] Failed to load resource: the server responded with a status of 500 (Internal Server Error) @ http://localhost:3000/api/stocks/indicator?symbol=AAPL&resolution=D&from=1776150013&to=1778742013&indicator=sma&timeperiod=50:0
[  334139ms] [LOG] [Fast Refresh] rebuilding @ http://localhost:3000/_next/static/chunks/node_modules_next_dist_115brz8._.js:2431
[  334139ms] [LOG] [Fast Refresh] done in 113ms @ http://localhost:3000/_next/static/chunks/node_modules_next_dist_115brz8._.js:2431
[  334485ms] [ERROR] Failed to load resource: the server responded with a status of 500 (Internal Server Error) @ http://localhost:3000/api/stocks/indicator?symbol=AAPL&resolution=D&from=1776150014&to=1778742014&indicator=rsi&timeperiod=14:0
[  334496ms] [ERROR] Failed to load resource: the server responded with a status of 500 (Internal Server Error) @ http://localhost:3000/api/stocks/indicator?symbol=AAPL&resolution=D&from=1776150014&to=1778742014&indicator=sma&timeperiod=50:0
[  334499ms] [ERROR] Failed to load resource: the server responded with a status of 500 (Internal Server Error) @ http://localhost:3000/api/stocks/indicator?symbol=AAPL&resolution=D&from=1776150014&to=1778742014&indicator=sma&timeperiod=20:0
[  335251ms] [ERROR] Failed to load resource: the server responded with a status of 500 (Internal Server Error) @ http://localhost:3000/api/stocks/candle?symbol=AAPL&resolution=D&from=1776150014&to=1778742014:0
[  335562ms] [ERROR] Failed to load resource: the server responded with a status of 500 (Internal Server Error) @ http://localhost:3000/api/stocks/candle?symbol=AAPL&resolution=D&from=1776150016&to=1778742016:0
[  335981ms] [ERROR] Failed to load resource: the server responded with a status of 500 (Internal Server Error) @ http://localhost:3000/api/stocks/indicator?symbol=AAPL&resolution=D&from=1776150014&to=1778742014&indicator=rsi&timeperiod=14:0
[  335985ms] [ERROR] Failed to load resource: the server responded with a status of 500 (Internal Server Error) @ http://localhost:3000/api/stocks/indicator?symbol=AAPL&resolution=D&from=1776150014&to=1778742014&indicator=sma&timeperiod=50:0
[  336027ms] [ERROR] Failed to load resource: the server responded with a status of 500 (Internal Server Error) @ http://localhost:3000/api/stocks/indicator?symbol=AAPL&resolution=D&from=1776150014&to=1778742014&indicator=sma&timeperiod=20:0
[  336088ms] [LOG] [Fast Refresh] rebuilding @ http://localhost:3000/_next/static/chunks/node_modules_next_dist_115brz8._.js:2431
[  336104ms] [LOG] [Fast Refresh] done in 116ms @ http://localhost:3000/_next/static/chunks/node_modules_next_dist_115brz8._.js:2431
[  336296ms] [ERROR] Failed to load resource: the server responded with a status of 500 (Internal Server Error) @ http://localhost:3000/api/stocks/indicator?symbol=AAPL&resolution=D&from=1776150016&to=1778742016&indicator=sma&timeperiod=50:0
[  336300ms] [ERROR] Failed to load resource: the server responded with a status of 500 (Internal Server Error) @ http://localhost:3000/api/stocks/indicator?symbol=AAPL&resolution=D&from=1776150016&to=1778742016&indicator=sma&timeperiod=20:0
[  336303ms] [ERROR] Failed to load resource: the server responded with a status of 500 (Internal Server Error) @ http://localhost:3000/api/stocks/indicator?symbol=AAPL&resolution=D&from=1776150016&to=1778742016&indicator=rsi&timeperiod=14:0
[  336901ms] [ERROR] Failed to load resource: the server responded with a status of 500 (Internal Server Error) @ http://localhost:3000/api/stocks/candle?symbol=AAPL&resolution=D&from=1776150016&to=1778742016:0
[  337204ms] [ERROR] Failed to load resource: the server responded with a status of 500 (Internal Server Error) @ http://localhost:3000/api/stocks/candle?symbol=AAPL&resolution=D&from=1776150017&to=1778742017:0
[  337656ms] [ERROR] Failed to load resource: the server responded with a status of 500 (Internal Server Error) @ http://localhost:3000/api/stocks/indicator?symbol=AAPL&resolution=D&from=1776150016&to=1778742016&indicator=sma&timeperiod=20:0
[  337661ms] [ERROR] Failed to load resource: the server responded with a status of 500 (Internal Server Error) @ http://localhost:3000/api/stocks/indicator?symbol=AAPL&resolution=D&from=1776150016&to=1778742016&indicator=sma&timeperiod=50:0
[  337681ms] [ERROR] Failed to load resource: the server responded with a status of 500 (Internal Server Error) @ http://localhost:3000/api/stocks/indicator?symbol=AAPL&resolution=D&from=1776150016&to=1778742016&indicator=rsi&timeperiod=14:0
[  337743ms] [LOG] [Fast Refresh] rebuilding @ http://localhost:3000/_next/static/chunks/node_modules_next_dist_115brz8._.js:2431
[  337744ms] [LOG] [Fast Refresh] done in 106ms @ http://localhost:3000/_next/static/chunks/node_modules_next_dist_115brz8._.js:2431
[  337994ms] [ERROR] Failed to load resource: the server responded with a status of 500 (Internal Server Error) @ http://localhost:3000/api/stocks/indicator?symbol=AAPL&resolution=D&from=1776150018&to=1778742018&indicator=sma&timeperiod=50:0
[  338029ms] [ERROR] Failed to load resource: the server responded with a status of 500 (Internal Server Error) @ http://localhost:3000/api/stocks/indicator?symbol=AAPL&resolution=D&from=1776150018&to=1778742018&indicator=sma&timeperiod=20:0
[  338039ms] [ERROR] Failed to load resource: the server responded with a status of 500 (Internal Server Error) @ http://localhost:3000/api/stocks/indicator?symbol=AAPL&resolution=D&from=1776150018&to=1778742018&indicator=rsi&timeperiod=14:0
[  338540ms] [ERROR] Failed to load resource: the server responded with a status of 500 (Internal Server Error) @ http://localhost:3000/api/stocks/candle?symbol=AAPL&resolution=D&from=1776150017&to=1778742017:0
[  338866ms] [ERROR] Failed to load resource: the server responded with a status of 500 (Internal Server Error) @ http://localhost:3000/api/stocks/candle?symbol=AAPL&resolution=D&from=1776150019&to=1778742019:0
[  339377ms] [ERROR] Failed to load resource: the server responded with a status of 500 (Internal Server Error) @ http://localhost:3000/api/stocks/indicator?symbol=AAPL&resolution=D&from=1776150018&to=1778742018&indicator=sma&timeperiod=50:0
[  339386ms] [ERROR] Failed to load resource: the server responded with a status of 500 (Internal Server Error) @ http://localhost:3000/api/stocks/indicator?symbol=AAPL&resolution=D&from=1776150018&to=1778742018&indicator=sma&timeperiod=20:0
[  339389ms] [ERROR] Failed to load resource: the server responded with a status of 500 (Internal Server Error) @ http://localhost:3000/api/stocks/indicator?symbol=AAPL&resolution=D&from=1776150018&to=1778742018&indicator=rsi&timeperiod=14:0
[  339705ms] [ERROR] Failed to load resource: the server responded with a status of 500 (Internal Server Error) @ http://localhost:3000/api/stocks/indicator?symbol=AAPL&resolution=D&from=1776150020&to=1778742020&indicator=sma&timeperiod=20:0
[  339709ms] [ERROR] Failed to load resource: the server responded with a status of 500 (Internal Server Error) @ http://localhost:3000/api/stocks/indicator?symbol=AAPL&resolution=D&from=1776150020&to=1778742020&indicator=rsi&timeperiod=14:0
[  339736ms] [ERROR] Failed to load resource: the server responded with a status of 500 (Internal Server Error) @ http://localhost:3000/api/stocks/indicator?symbol=AAPL&resolution=D&from=1776150020&to=1778742020&indicator=sma&timeperiod=50:0
[  340202ms] [ERROR] Failed to load resource: the server responded with a status of 500 (Internal Server Error) @ http://localhost:3000/api/stocks/candle?symbol=AAPL&resolution=D&from=1776150019&to=1778742019:0
[  340495ms] [ERROR] Failed to load resource: the server responded with a status of 500 (Internal Server Error) @ http://localhost:3000/api/stocks/candle?symbol=AAPL&resolution=D&from=1776150021&to=1778742021:0
[  341010ms] [ERROR] Failed to load resource: the server responded with a status of 500 (Internal Server Error) @ http://localhost:3000/api/stocks/indicator?symbol=AAPL&resolution=D&from=1776150020&to=1778742020&indicator=sma&timeperiod=20:0
[  341017ms] [ERROR] Failed to load resource: the server responded with a status of 500 (Internal Server Error) @ http://localhost:3000/api/stocks/indicator?symbol=AAPL&resolution=D&from=1776150020&to=1778742020&indicator=rsi&timeperiod=14:0
[  341036ms] [ERROR] Failed to load resource: the server responded with a status of 500 (Internal Server Error) @ http://localhost:3000/api/stocks/indicator?symbol=AAPL&resolution=D&from=1776150020&to=1778742020&indicator=sma&timeperiod=50:0
[  341312ms] [ERROR] Failed to load resource: the server responded with a status of 500 (Internal Server Error) @ http://localhost:3000/api/stocks/indicator?symbol=AAPL&resolution=D&from=1776150021&to=1778742021&indicator=sma&timeperiod=50:0
[  341318ms] [ERROR] Failed to load resource: the server responded with a status of 500 (Internal Server Error) @ http://localhost:3000/api/stocks/indicator?symbol=AAPL&resolution=D&from=1776150021&to=1778742021&indicator=rsi&timeperiod=14:0
[  341325ms] [ERROR] Failed to load resource: the server responded with a status of 500 (Internal Server Error) @ http://localhost:3000/api/stocks/indicator?symbol=AAPL&resolution=D&from=1776150021&to=1778742021&indicator=sma&timeperiod=20:0
[  341812ms] [ERROR] Failed to load resource: the server responded with a status of 500 (Internal Server Error) @ http://localhost:3000/api/stocks/candle?symbol=AAPL&resolution=D&from=1776150021&to=1778742021:0
[  342098ms] [ERROR] Failed to load resource: the server responded with a status of 500 (Internal Server Error) @ http://localhost:3000/api/stocks/candle?symbol=AAPL&resolution=D&from=1776150022&to=1778742022:0
[  342626ms] [ERROR] Failed to load resource: the server responded with a status of 500 (Internal Server Error) @ http://localhost:3000/api/stocks/indicator?symbol=AAPL&resolution=D&from=1776150021&to=1778742021&indicator=rsi&timeperiod=14:0
[  342631ms] [ERROR] Failed to load resource: the server responded with a status of 500 (Internal Server Error) @ http://localhost:3000/api/stocks/indicator?symbol=AAPL&resolution=D&from=1776150021&to=1778742021&indicator=sma&timeperiod=50:0
[  342651ms] [ERROR] Failed to load resource: the server responded with a status of 500 (Internal Server Error) @ http://localhost:3000/api/stocks/indicator?symbol=AAPL&resolution=D&from=1776150021&to=1778742021&indicator=sma&timeperiod=20:0
[  342931ms] [ERROR] Failed to load resource: the server responded with a status of 500 (Internal Server Error) @ http://localhost:3000/api/stocks/indicator?symbol=AAPL&resolution=D&from=1776150023&to=1778742023&indicator=rsi&timeperiod=14:0
[  342934ms] [ERROR] Failed to load resource: the server responded with a status of 500 (Internal Server Error) @ http://localhost:3000/api/stocks/indicator?symbol=AAPL&resolution=D&from=1776150023&to=1778742023&indicator=sma&timeperiod=20:0
[  342939ms] [ERROR] Failed to load resource: the server responded with a status of 500 (Internal Server Error) @ http://localhost:3000/api/stocks/indicator?symbol=AAPL&resolution=D&from=1776150023&to=1778742023&indicator=sma&timeperiod=50:0
[  343513ms] [ERROR] Failed to load resource: the server responded with a status of 500 (Internal Server Error) @ http://localhost:3000/api/stocks/candle?symbol=AAPL&resolution=D&from=1776150022&to=1778742022:0
[  343813ms] [ERROR] Failed to load resource: the server responded with a status of 500 (Internal Server Error) @ http://localhost:3000/api/stocks/candle?symbol=AAPL&resolution=D&from=1776150024&to=1778742024:0
[  344217ms] [ERROR] Failed to load resource: the server responded with a status of 500 (Internal Server Error) @ http://localhost:3000/api/stocks/indicator?symbol=AAPL&resolution=D&from=1776150023&to=1778742023&indicator=rsi&timeperiod=14:0
[  344242ms] [ERROR] Failed to load resource: the server responded with a status of 500 (Internal Server Error) @ http://localhost:3000/api/stocks/indicator?symbol=AAPL&resolution=D&from=1776150023&to=1778742023&indicator=sma&timeperiod=50:0
[  344244ms] [ERROR] Failed to load resource: the server responded with a status of 500 (Internal Server Error) @ http://localhost:3000/api/stocks/indicator?symbol=AAPL&resolution=D&from=1776150023&to=1778742023&indicator=sma&timeperiod=20:0
[  344516ms] [ERROR] Failed to load resource: the server responded with a status of 500 (Internal Server Error) @ http://localhost:3000/api/stocks/indicator?symbol=AAPL&resolution=D&from=1776150025&to=1778742025&indicator=rsi&timeperiod=14:0
[  344520ms] [ERROR] Failed to load resource: the server responded with a status of 500 (Internal Server Error) @ http://localhost:3000/api/stocks/indicator?symbol=AAPL&resolution=D&from=1776150025&to=1778742025&indicator=sma&timeperiod=50:0
[  344540ms] [ERROR] Failed to load resource: the server responded with a status of 500 (Internal Server Error) @ http://localhost:3000/api/stocks/indicator?symbol=AAPL&resolution=D&from=1776150025&to=1778742025&indicator=sma&timeperiod=20:0
[  345109ms] [ERROR] Failed to load resource: the server responded with a status of 500 (Internal Server Error) @ http://localhost:3000/api/stocks/candle?symbol=AAPL&resolution=D&from=1776150024&to=1778742024:0
[  345405ms] [ERROR] Failed to load resource: the server responded with a status of 500 (Internal Server Error) @ http://localhost:3000/api/stocks/candle?symbol=AAPL&resolution=D&from=1776150025&to=1778742025:0
[  345811ms] [ERROR] Failed to load resource: the server responded with a status of 500 (Internal Server Error) @ http://localhost:3000/api/stocks/indicator?symbol=AAPL&resolution=D&from=1776150025&to=1778742025&indicator=rsi&timeperiod=14:0
[  345817ms] [ERROR] Failed to load resource: the server responded with a status of 500 (Internal Server Error) @ http://localhost:3000/api/stocks/indicator?symbol=AAPL&resolution=D&from=1776150025&to=1778742025&indicator=sma&timeperiod=50:0
[  345838ms] [ERROR] Failed to load resource: the server responded with a status of 500 (Internal Server Error) @ http://localhost:3000/api/stocks/indicator?symbol=AAPL&resolution=D&from=1776150025&to=1778742025&indicator=sma&timeperiod=20:0
[  346107ms] [ERROR] Failed to load resource: the server responded with a status of 500 (Internal Server Error) @ http://localhost:3000/api/stocks/indicator?symbol=AAPL&resolution=D&from=1776150026&to=1778742026&indicator=rsi&timeperiod=14:0
[  346125ms] [ERROR] Failed to load resource: the server responded with a status of 500 (Internal Server Error) @ http://localhost:3000/api/stocks/indicator?symbol=AAPL&resolution=D&from=1776150026&to=1778742026&indicator=sma&timeperiod=20:0
[  346141ms] [ERROR] Failed to load resource: the server responded with a status of 500 (Internal Server Error) @ http://localhost:3000/api/stocks/indicator?symbol=AAPL&resolution=D&from=1776150026&to=1778742026&indicator=sma&timeperiod=50:0
[  346728ms] [ERROR] Failed to load resource: the server responded with a status of 500 (Internal Server Error) @ http://localhost:3000/api/stocks/candle?symbol=AAPL&resolution=D&from=1776150025&to=1778742025:0
[  347025ms] [ERROR] Failed to load resource: the server responded with a status of 500 (Internal Server Error) @ http://localhost:3000/api/stocks/candle?symbol=AAPL&resolution=D&from=1776150027&to=1778742027:0
[  347483ms] [ERROR] Failed to load resource: the server responded with a status of 500 (Internal Server Error) @ http://localhost:3000/api/stocks/indicator?symbol=AAPL&resolution=D&from=1776150026&to=1778742026&indicator=rsi&timeperiod=14:0
[  347504ms] [ERROR] Failed to load resource: the server responded with a status of 500 (Internal Server Error) @ http://localhost:3000/api/stocks/indicator?symbol=AAPL&resolution=D&from=1776150026&to=1778742026&indicator=sma&timeperiod=50:0
[  347508ms] [ERROR] Failed to load resource: the server responded with a status of 500 (Internal Server Error) @ http://localhost:3000/api/stocks/indicator?symbol=AAPL&resolution=D&from=1776150026&to=1778742026&indicator=sma&timeperiod=20:0
[  347783ms] [ERROR] Failed to load resource: the server responded with a status of 500 (Internal Server Error) @ http://localhost:3000/api/stocks/indicator?symbol=AAPL&resolution=D&from=1776150028&to=1778742028&indicator=rsi&timeperiod=14:0
[  347785ms] [ERROR] Failed to load resource: the server responded with a status of 500 (Internal Server Error) @ http://localhost:3000/api/stocks/indicator?symbol=AAPL&resolution=D&from=1776150028&to=1778742028&indicator=sma&timeperiod=50:0
[  347805ms] [ERROR] Failed to load resource: the server responded with a status of 500 (Internal Server Error) @ http://localhost:3000/api/stocks/indicator?symbol=AAPL&resolution=D&from=1776150028&to=1778742028&indicator=sma&timeperiod=20:0
[  348356ms] [ERROR] Failed to load resource: the server responded with a status of 500 (Internal Server Error) @ http://localhost:3000/api/stocks/candle?symbol=AAPL&resolution=D&from=1776150027&to=1778742027:0
[  348649ms] [ERROR] Failed to load resource: the server responded with a status of 500 (Internal Server Error) @ http://localhost:3000/api/stocks/candle?symbol=AAPL&resolution=D&from=1776150029&to=1778742029:0
[  349078ms] [ERROR] Failed to load resource: the server responded with a status of 500 (Internal Server Error) @ http://localhost:3000/api/stocks/indicator?symbol=AAPL&resolution=D&from=1776150028&to=1778742028&indicator=sma&timeperiod=50:0
[  349083ms] [ERROR] Failed to load resource: the server responded with a status of 500 (Internal Server Error) @ http://localhost:3000/api/stocks/indicator?symbol=AAPL&resolution=D&from=1776150028&to=1778742028&indicator=rsi&timeperiod=14:0
[  349104ms] [ERROR] Failed to load resource: the server responded with a status of 500 (Internal Server Error) @ http://localhost:3000/api/stocks/indicator?symbol=AAPL&resolution=D&from=1776150028&to=1778742028&indicator=sma&timeperiod=20:0
[  349381ms] [ERROR] Failed to load resource: the server responded with a status of 500 (Internal Server Error) @ http://localhost:3000/api/stocks/indicator?symbol=AAPL&resolution=D&from=1776150029&to=1778742029&indicator=rsi&timeperiod=14:0
[  349389ms] [ERROR] Failed to load resource: the server responded with a status of 500 (Internal Server Error) @ http://localhost:3000/api/stocks/indicator?symbol=AAPL&resolution=D&from=1776150029&to=1778742029&indicator=sma&timeperiod=20:0
[  349421ms] [ERROR] Failed to load resource: the server responded with a status of 500 (Internal Server Error) @ http://localhost:3000/api/stocks/indicator?symbol=AAPL&resolution=D&from=1776150029&to=1778742029&indicator=sma&timeperiod=50:0
[  349943ms] [ERROR] Failed to load resource: the server responded with a status of 500 (Internal Server Error) @ http://localhost:3000/api/stocks/candle?symbol=AAPL&resolution=D&from=1776150029&to=1778742029:0
[  350246ms] [ERROR] Failed to load resource: the server responded with a status of 500 (Internal Server Error) @ http://localhost:3000/api/stocks/candle?symbol=AAPL&resolution=D&from=1776150030&to=1778742030:0
[  350728ms] [ERROR] Failed to load resource: the server responded with a status of 500 (Internal Server Error) @ http://localhost:3000/api/stocks/indicator?symbol=AAPL&resolution=D&from=1776150029&to=1778742029&indicator=rsi&timeperiod=14:0
[  350750ms] [ERROR] Failed to load resource: the server responded with a status of 500 (Internal Server Error) @ http://localhost:3000/api/stocks/indicator?symbol=AAPL&resolution=D&from=1776150029&to=1778742029&indicator=sma&timeperiod=20:0
[  350759ms] [ERROR] Failed to load resource: the server responded with a status of 500 (Internal Server Error) @ http://localhost:3000/api/stocks/indicator?symbol=AAPL&resolution=D&from=1776150029&to=1778742029&indicator=sma&timeperiod=50:0
[  351022ms] [ERROR] Failed to load resource: the server responded with a status of 500 (Internal Server Error) @ http://localhost:3000/api/stocks/indicator?symbol=AAPL&resolution=D&from=1776150031&to=1778742031&indicator=rsi&timeperiod=14:0
[  351028ms] [ERROR] Failed to load resource: the server responded with a status of 500 (Internal Server Error) @ http://localhost:3000/api/stocks/indicator?symbol=AAPL&resolution=D&from=1776150031&to=1778742031&indicator=sma&timeperiod=50:0
[  351051ms] [ERROR] Failed to load resource: the server responded with a status of 500 (Internal Server Error) @ http://localhost:3000/api/stocks/indicator?symbol=AAPL&resolution=D&from=1776150031&to=1778742031&indicator=sma&timeperiod=20:0
[  351101ms] [LOG] [Fast Refresh] rebuilding @ http://localhost:3000/_next/static/chunks/node_modules_next_dist_115brz8._.js:2431
[  351102ms] [LOG] [Fast Refresh] done in 103ms @ http://localhost:3000/_next/static/chunks/node_modules_next_dist_115brz8._.js:2431
[  351575ms] [ERROR] Failed to load resource: the server responded with a status of 500 (Internal Server Error) @ http://localhost:3000/api/stocks/candle?symbol=AAPL&resolution=D&from=1776150030&to=1778742030:0
[  351871ms] [ERROR] Failed to load resource: the server responded with a status of 500 (Internal Server Error) @ http://localhost:3000/api/stocks/candle?symbol=AAPL&resolution=D&from=1776150032&to=1778742032:0
[  352318ms] [ERROR] Failed to load resource: the server responded with a status of 500 (Internal Server Error) @ http://localhost:3000/api/stocks/indicator?symbol=AAPL&resolution=D&from=1776150031&to=1778742031&indicator=sma&timeperiod=50:0
[  352323ms] [ERROR] Failed to load resource: the server responded with a status of 500 (Internal Server Error) @ http://localhost:3000/api/stocks/indicator?symbol=AAPL&resolution=D&from=1776150031&to=1778742031&indicator=rsi&timeperiod=14:0
[  352341ms] [ERROR] Failed to load resource: the server responded with a status of 500 (Internal Server Error) @ http://localhost:3000/api/stocks/indicator?symbol=AAPL&resolution=D&from=1776150031&to=1778742031&indicator=sma&timeperiod=20:0
[  352611ms] [ERROR] Failed to load resource: the server responded with a status of 500 (Internal Server Error) @ http://localhost:3000/api/stocks/indicator?symbol=AAPL&resolution=D&from=1776150033&to=1778742033&indicator=rsi&timeperiod=14:0
[  352623ms] [ERROR] Failed to load resource: the server responded with a status of 500 (Internal Server Error) @ http://localhost:3000/api/stocks/indicator?symbol=AAPL&resolution=D&from=1776150033&to=1778742033&indicator=sma&timeperiod=20:0
[  352626ms] [ERROR] Failed to load resource: the server responded with a status of 500 (Internal Server Error) @ http://localhost:3000/api/stocks/indicator?symbol=AAPL&resolution=D&from=1776150033&to=1778742033&indicator=sma&timeperiod=50:0
[  353632ms] [ERROR] Failed to load resource: the server responded with a status of 500 (Internal Server Error) @ http://localhost:3000/api/stocks/candle?symbol=AAPL&resolution=D&from=1776150032&to=1778742032:0
[  353927ms] [ERROR] Failed to load resource: the server responded with a status of 500 (Internal Server Error) @ http://localhost:3000/api/stocks/indicator?symbol=AAPL&resolution=D&from=1776150033&to=1778742033&indicator=sma&timeperiod=20:0
[  353934ms] [ERROR] Failed to load resource: the server responded with a status of 500 (Internal Server Error) @ http://localhost:3000/api/stocks/indicator?symbol=AAPL&resolution=D&from=1776150033&to=1778742033&indicator=rsi&timeperiod=14:0
[  353935ms] [ERROR] Failed to load resource: the server responded with a status of 500 (Internal Server Error) @ http://localhost:3000/api/stocks/indicator?symbol=AAPL&resolution=D&from=1776150033&to=1778742033&indicator=sma&timeperiod=50:0
[  353955ms] [ERROR] Failed to load resource: the server responded with a status of 500 (Internal Server Error) @ http://localhost:3000/api/stocks/candle?symbol=AAPL&resolution=D&from=1776150034&to=1778742034:0
[  354225ms] [ERROR] Failed to load resource: the server responded with a status of 500 (Internal Server Error) @ http://localhost:3000/api/stocks/indicator?symbol=AAPL&resolution=D&from=1776150034&to=1778742034&indicator=rsi&timeperiod=14:0
[  354257ms] [ERROR] Failed to load resource: the server responded with a status of 500 (Internal Server Error) @ http://localhost:3000/api/stocks/indicator?symbol=AAPL&resolution=D&from=1776150034&to=1778742034&indicator=sma&timeperiod=50:0
[  354258ms] [ERROR] Failed to load resource: the server responded with a status of 500 (Internal Server Error) @ http://localhost:3000/api/stocks/indicator?symbol=AAPL&resolution=D&from=1776150034&to=1778742034&indicator=sma&timeperiod=20:0
[  355257ms] [ERROR] Failed to load resource: the server responded with a status of 500 (Internal Server Error) @ http://localhost:3000/api/stocks/candle?symbol=AAPL&resolution=D&from=1776150034&to=1778742034:0
[  355534ms] [ERROR] Failed to load resource: the server responded with a status of 500 (Internal Server Error) @ http://localhost:3000/api/stocks/indicator?symbol=AAPL&resolution=D&from=1776150034&to=1778742034&indicator=rsi&timeperiod=14:0
[  355558ms] [ERROR] Failed to load resource: the server responded with a status of 500 (Internal Server Error) @ http://localhost:3000/api/stocks/candle?symbol=AAPL&resolution=D&from=1776150036&to=1778742036:0
[  355561ms] [ERROR] Failed to load resource: the server responded with a status of 500 (Internal Server Error) @ http://localhost:3000/api/stocks/indicator?symbol=AAPL&resolution=D&from=1776150034&to=1778742034&indicator=sma&timeperiod=50:0
[  355583ms] [ERROR] Failed to load resource: the server responded with a status of 500 (Internal Server Error) @ http://localhost:3000/api/stocks/indicator?symbol=AAPL&resolution=D&from=1776150034&to=1778742034&indicator=sma&timeperiod=20:0
[  355833ms] [ERROR] Failed to load resource: the server responded with a status of 500 (Internal Server Error) @ http://localhost:3000/api/stocks/indicator?symbol=AAPL&resolution=D&from=1776150036&to=1778742036&indicator=rsi&timeperiod=14:0
[  355839ms] [ERROR] Failed to load resource: the server responded with a status of 500 (Internal Server Error) @ http://localhost:3000/api/stocks/indicator?symbol=AAPL&resolution=D&from=1776150036&to=1778742036&indicator=sma&timeperiod=50:0
[  355841ms] [ERROR] Failed to load resource: the server responded with a status of 500 (Internal Server Error) @ http://localhost:3000/api/stocks/indicator?symbol=AAPL&resolution=D&from=1776150036&to=1778742036&indicator=sma&timeperiod=20:0
[  356865ms] [ERROR] Failed to load resource: the server responded with a status of 500 (Internal Server Error) @ http://localhost:3000/api/stocks/candle?symbol=AAPL&resolution=D&from=1776150036&to=1778742036:0
[  357173ms] [ERROR] Failed to load resource: the server responded with a status of 500 (Internal Server Error) @ http://localhost:3000/api/stocks/candle?symbol=AAPL&resolution=D&from=1776150037&to=1778742037:0
[  357176ms] [ERROR] Failed to load resource: the server responded with a status of 500 (Internal Server Error) @ http://localhost:3000/api/stocks/indicator?symbol=AAPL&resolution=D&from=1776150036&to=1778742036&indicator=rsi&timeperiod=14:0
[  357183ms] [ERROR] Failed to load resource: the server responded with a status of 500 (Internal Server Error) @ http://localhost:3000/api/stocks/indicator?symbol=AAPL&resolution=D&from=1776150036&to=1778742036&indicator=sma&timeperiod=50:0
[  357197ms] [ERROR] Failed to load resource: the server responded with a status of 500 (Internal Server Error) @ http://localhost:3000/api/stocks/indicator?symbol=AAPL&resolution=D&from=1776150036&to=1778742036&indicator=sma&timeperiod=20:0
[  357485ms] [ERROR] Failed to load resource: the server responded with a status of 500 (Internal Server Error) @ http://localhost:3000/api/stocks/indicator?symbol=AAPL&resolution=D&from=1776150037&to=1778742037&indicator=rsi&timeperiod=14:0
[  357487ms] [ERROR] Failed to load resource: the server responded with a status of 500 (Internal Server Error) @ http://localhost:3000/api/stocks/indicator?symbol=AAPL&resolution=D&from=1776150037&to=1778742037&indicator=sma&timeperiod=50:0
[  357512ms] [ERROR] Failed to load resource: the server responded with a status of 500 (Internal Server Error) @ http://localhost:3000/api/stocks/indicator?symbol=AAPL&resolution=D&from=1776150037&to=1778742037&indicator=sma&timeperiod=20:0
[  358484ms] [ERROR] Failed to load resource: the server responded with a status of 500 (Internal Server Error) @ http://localhost:3000/api/stocks/candle?symbol=AAPL&resolution=D&from=1776150037&to=1778742037:0
[  358779ms] [ERROR] Failed to load resource: the server responded with a status of 500 (Internal Server Error) @ http://localhost:3000/api/stocks/candle?symbol=AAPL&resolution=D&from=1776150039&to=1778742039:0
[  358782ms] [ERROR] Failed to load resource: the server responded with a status of 500 (Internal Server Error) @ http://localhost:3000/api/stocks/indicator?symbol=AAPL&resolution=D&from=1776150037&to=1778742037&indicator=rsi&timeperiod=14:0
[  358787ms] [ERROR] Failed to load resource: the server responded with a status of 500 (Internal Server Error) @ http://localhost:3000/api/stocks/indicator?symbol=AAPL&resolution=D&from=1776150037&to=1778742037&indicator=sma&timeperiod=50:0
[  358832ms] [ERROR] Failed to load resource: the server responded with a status of 500 (Internal Server Error) @ http://localhost:3000/api/stocks/indicator?symbol=AAPL&resolution=D&from=1776150037&to=1778742037&indicator=sma&timeperiod=20:0
[  359072ms] [ERROR] Failed to load resource: the server responded with a status of 500 (Internal Server Error) @ http://localhost:3000/api/stocks/indicator?symbol=AAPL&resolution=D&from=1776150039&to=1778742039&indicator=rsi&timeperiod=14:0
[  359084ms] [ERROR] Failed to load resource: the server responded with a status of 500 (Internal Server Error) @ http://localhost:3000/api/stocks/indicator?symbol=AAPL&resolution=D&from=1776150039&to=1778742039&indicator=sma&timeperiod=50:0
[  359087ms] [ERROR] Failed to load resource: the server responded with a status of 500 (Internal Server Error) @ http://localhost:3000/api/stocks/indicator?symbol=AAPL&resolution=D&from=1776150039&to=1778742039&indicator=sma&timeperiod=20:0
[  360123ms] [ERROR] Failed to load resource: the server responded with a status of 500 (Internal Server Error) @ http://localhost:3000/api/stocks/candle?symbol=AAPL&resolution=D&from=1776150039&to=1778742039:0
[  360185ms] [LOG] [Fast Refresh] rebuilding @ http://localhost:3000/_next/static/chunks/node_modules_next_dist_115brz8._.js:2431
[  360186ms] [LOG] [Fast Refresh] done in 103ms @ http://localhost:3000/_next/static/chunks/node_modules_next_dist_115brz8._.js:2431
[  360459ms] [ERROR] Failed to load resource: the server responded with a status of 500 (Internal Server Error) @ http://localhost:3000/api/stocks/indicator?symbol=AAPL&resolution=D&from=1776150039&to=1778742039&indicator=rsi&timeperiod=14:0
[  360480ms] [ERROR] Failed to load resource: the server responded with a status of 500 (Internal Server Error) @ http://localhost:3000/api/stocks/indicator?symbol=AAPL&resolution=D&from=1776150039&to=1778742039&indicator=sma&timeperiod=50:0
[  360494ms] [ERROR] Failed to load resource: the server responded with a status of 500 (Internal Server Error) @ http://localhost:3000/api/stocks/indicator?symbol=AAPL&resolution=D&from=1776150039&to=1778742039&indicator=sma&timeperiod=20:0
[  360523ms] [ERROR] Failed to load resource: the server responded with a status of 500 (Internal Server Error) @ http://localhost:3000/api/stocks/candle?symbol=AAPL&resolution=D&from=1776150040&to=1778742040:0
[  360578ms] [LOG] [Fast Refresh] rebuilding @ http://localhost:3000/_next/static/chunks/node_modules_next_dist_115brz8._.js:2431
[  360579ms] [LOG] [Fast Refresh] done in 112ms @ http://localhost:3000/_next/static/chunks/node_modules_next_dist_115brz8._.js:2431
[  360802ms] [ERROR] Failed to load resource: the server responded with a status of 500 (Internal Server Error) @ http://localhost:3000/api/stocks/indicator?symbol=AAPL&resolution=D&from=1776150041&to=1778742041&indicator=rsi&timeperiod=14:0
[  360877ms] [ERROR] Failed to load resource: the server responded with a status of 500 (Internal Server Error) @ http://localhost:3000/api/stocks/indicator?symbol=AAPL&resolution=D&from=1776150041&to=1778742041&indicator=sma&timeperiod=50:0
[  360884ms] [ERROR] Failed to load resource: the server responded with a status of 500 (Internal Server Error) @ http://localhost:3000/api/stocks/indicator?symbol=AAPL&resolution=D&from=1776150041&to=1778742041&indicator=sma&timeperiod=20:0
[  361826ms] [ERROR] Failed to load resource: the server responded with a status of 500 (Internal Server Error) @ http://localhost:3000/api/stocks/candle?symbol=AAPL&resolution=D&from=1776150040&to=1778742040:0
[  362096ms] [ERROR] Failed to load resource: the server responded with a status of 500 (Internal Server Error) @ http://localhost:3000/api/stocks/indicator?symbol=AAPL&resolution=D&from=1776150041&to=1778742041&indicator=rsi&timeperiod=14:0
[  362122ms] [ERROR] Failed to load resource: the server responded with a status of 500 (Internal Server Error) @ http://localhost:3000/api/stocks/candle?symbol=AAPL&resolution=D&from=1776150042&to=1778742042:0
[  362174ms] [ERROR] Failed to load resource: the server responded with a status of 500 (Internal Server Error) @ http://localhost:3000/api/stocks/indicator?symbol=AAPL&resolution=D&from=1776150041&to=1778742041&indicator=sma&timeperiod=50:0
[  362196ms] [ERROR] Failed to load resource: the server responded with a status of 500 (Internal Server Error) @ http://localhost:3000/api/stocks/indicator?symbol=AAPL&resolution=D&from=1776150041&to=1778742041&indicator=sma&timeperiod=20:0
[  362408ms] [ERROR] Failed to load resource: the server responded with a status of 500 (Internal Server Error) @ http://localhost:3000/api/stocks/indicator?symbol=AAPL&resolution=D&from=1776150042&to=1778742042&indicator=rsi&timeperiod=14:0
[  362410ms] [ERROR] Failed to load resource: the server responded with a status of 500 (Internal Server Error) @ http://localhost:3000/api/stocks/indicator?symbol=AAPL&resolution=D&from=1776150042&to=1778742042&indicator=sma&timeperiod=20:0
[  362416ms] [ERROR] Failed to load resource: the server responded with a status of 500 (Internal Server Error) @ http://localhost:3000/api/stocks/indicator?symbol=AAPL&resolution=D&from=1776150042&to=1778742042&indicator=sma&timeperiod=50:0
[  363451ms] [ERROR] Failed to load resource: the server responded with a status of 500 (Internal Server Error) @ http://localhost:3000/api/stocks/candle?symbol=AAPL&resolution=D&from=1776150042&to=1778742042:0
[  363713ms] [ERROR] Failed to load resource: the server responded with a status of 500 (Internal Server Error) @ http://localhost:3000/api/stocks/indicator?symbol=AAPL&resolution=D&from=1776150042&to=1778742042&indicator=rsi&timeperiod=14:0
[  363718ms] [ERROR] Failed to load resource: the server responded with a status of 500 (Internal Server Error) @ http://localhost:3000/api/stocks/indicator?symbol=AAPL&resolution=D&from=1776150042&to=1778742042&indicator=sma&timeperiod=20:0
[  363739ms] [ERROR] Failed to load resource: the server responded with a status of 500 (Internal Server Error) @ http://localhost:3000/api/stocks/indicator?symbol=AAPL&resolution=D&from=1776150042&to=1778742042&indicator=sma&timeperiod=50:0
[  363745ms] [ERROR] Failed to load resource: the server responded with a status of 500 (Internal Server Error) @ http://localhost:3000/api/stocks/candle?symbol=AAPL&resolution=D&from=1776150044&to=1778742044:0
[  364015ms] [ERROR] Failed to load resource: the server responded with a status of 500 (Internal Server Error) @ http://localhost:3000/api/stocks/indicator?symbol=AAPL&resolution=D&from=1776150044&to=1778742044&indicator=sma&timeperiod=20:0
[  364018ms] [ERROR] Failed to load resource: the server responded with a status of 500 (Internal Server Error) @ http://localhost:3000/api/stocks/indicator?symbol=AAPL&resolution=D&from=1776150044&to=1778742044&indicator=sma&timeperiod=50:0
[  364021ms] [ERROR] Failed to load resource: the server responded with a status of 500 (Internal Server Error) @ http://localhost:3000/api/stocks/indicator?symbol=AAPL&resolution=D&from=1776150044&to=1778742044&indicator=rsi&timeperiod=14:0
[  365045ms] [ERROR] Failed to load resource: the server responded with a status of 500 (Internal Server Error) @ http://localhost:3000/api/stocks/candle?symbol=AAPL&resolution=D&from=1776150044&to=1778742044:0
[  365323ms] [ERROR] Failed to load resource: the server responded with a status of 500 (Internal Server Error) @ http://localhost:3000/api/stocks/indicator?symbol=AAPL&resolution=D&from=1776150044&to=1778742044&indicator=rsi&timeperiod=14:0
[  365327ms] [ERROR] Failed to load resource: the server responded with a status of 500 (Internal Server Error) @ http://localhost:3000/api/stocks/indicator?symbol=AAPL&resolution=D&from=1776150044&to=1778742044&indicator=sma&timeperiod=50:0
[  365328ms] [ERROR] Failed to load resource: the server responded with a status of 500 (Internal Server Error) @ http://localhost:3000/api/stocks/indicator?symbol=AAPL&resolution=D&from=1776150044&to=1778742044&indicator=sma&timeperiod=20:0
[  365353ms] [ERROR] Failed to load resource: the server responded with a status of 500 (Internal Server Error) @ http://localhost:3000/api/stocks/candle?symbol=AAPL&resolution=D&from=1776150045&to=1778742045:0
[  365624ms] [ERROR] Failed to load resource: the server responded with a status of 500 (Internal Server Error) @ http://localhost:3000/api/stocks/indicator?symbol=AAPL&resolution=D&from=1776150046&to=1778742046&indicator=sma&timeperiod=50:0
[  365626ms] [ERROR] Failed to load resource: the server responded with a status of 500 (Internal Server Error) @ http://localhost:3000/api/stocks/indicator?symbol=AAPL&resolution=D&from=1776150046&to=1778742046&indicator=rsi&timeperiod=14:0
[  365632ms] [ERROR] Failed to load resource: the server responded with a status of 500 (Internal Server Error) @ http://localhost:3000/api/stocks/indicator?symbol=AAPL&resolution=D&from=1776150046&to=1778742046&indicator=sma&timeperiod=20:0
[  366680ms] [ERROR] Failed to load resource: the server responded with a status of 500 (Internal Server Error) @ http://localhost:3000/api/stocks/candle?symbol=AAPL&resolution=D&from=1776150045&to=1778742045:0
[  366731ms] [LOG] [Fast Refresh] rebuilding @ http://localhost:3000/_next/static/chunks/node_modules_next_dist_115brz8._.js:2431
[  366732ms] [LOG] [Fast Refresh] done in 108ms @ http://localhost:3000/_next/static/chunks/node_modules_next_dist_115brz8._.js:2431
[  366943ms] [ERROR] Failed to load resource: the server responded with a status of 500 (Internal Server Error) @ http://localhost:3000/api/stocks/indicator?symbol=AAPL&resolution=D&from=1776150046&to=1778742046&indicator=sma&timeperiod=50:0
[  366990ms] [ERROR] Failed to load resource: the server responded with a status of 500 (Internal Server Error) @ http://localhost:3000/api/stocks/indicator?symbol=AAPL&resolution=D&from=1776150046&to=1778742046&indicator=rsi&timeperiod=14:0
[  367141ms] [ERROR] Failed to load resource: the server responded with a status of 500 (Internal Server Error) @ http://localhost:3000/api/stocks/indicator?symbol=AAPL&resolution=D&from=1776150046&to=1778742046&indicator=sma&timeperiod=20:0
[  367143ms] [ERROR] Failed to load resource: the server responded with a status of 500 (Internal Server Error) @ http://localhost:3000/api/stocks/candle?symbol=AAPL&resolution=D&from=1776150047&to=1778742047:0
[  367265ms] [ERROR] Failed to load resource: the server responded with a status of 500 (Internal Server Error) @ http://localhost:3000/api/stocks/indicator?symbol=AAPL&resolution=D&from=1776150047&to=1778742047&indicator=rsi&timeperiod=14:0
[  367267ms] [ERROR] Failed to load resource: the server responded with a status of 500 (Internal Server Error) @ http://localhost:3000/api/stocks/indicator?symbol=AAPL&resolution=D&from=1776150047&to=1778742047&indicator=sma&timeperiod=50:0
[  367272ms] [ERROR] Failed to load resource: the server responded with a status of 500 (Internal Server Error) @ http://localhost:3000/api/stocks/indicator?symbol=AAPL&resolution=D&from=1776150047&to=1778742047&indicator=sma&timeperiod=20:0
[  368433ms] [ERROR] Failed to load resource: the server responded with a status of 500 (Internal Server Error) @ http://localhost:3000/api/stocks/candle?symbol=AAPL&resolution=D&from=1776150047&to=1778742047:0
[  368560ms] [ERROR] Failed to load resource: the server responded with a status of 500 (Internal Server Error) @ http://localhost:3000/api/stocks/indicator?symbol=AAPL&resolution=D&from=1776150047&to=1778742047&indicator=rsi&timeperiod=14:0
[  368573ms] [ERROR] Failed to load resource: the server responded with a status of 500 (Internal Server Error) @ http://localhost:3000/api/stocks/indicator?symbol=AAPL&resolution=D&from=1776150047&to=1778742047&indicator=sma&timeperiod=50:0
[  368592ms] [ERROR] Failed to load resource: the server responded with a status of 500 (Internal Server Error) @ http://localhost:3000/api/stocks/indicator?symbol=AAPL&resolution=D&from=1776150047&to=1778742047&indicator=sma&timeperiod=20:0
[  368716ms] [ERROR] Failed to load resource: the server responded with a status of 500 (Internal Server Error) @ http://localhost:3000/api/stocks/candle?symbol=AAPL&resolution=D&from=1776150049&to=1778742049:0
[  368854ms] [ERROR] Failed to load resource: the server responded with a status of 500 (Internal Server Error) @ http://localhost:3000/api/stocks/indicator?symbol=AAPL&resolution=D&from=1776150049&to=1778742049&indicator=rsi&timeperiod=14:0
[  368860ms] [ERROR] Failed to load resource: the server responded with a status of 500 (Internal Server Error) @ http://localhost:3000/api/stocks/indicator?symbol=AAPL&resolution=D&from=1776150049&to=1778742049&indicator=sma&timeperiod=20:0
[  368893ms] [ERROR] Failed to load resource: the server responded with a status of 500 (Internal Server Error) @ http://localhost:3000/api/stocks/indicator?symbol=AAPL&resolution=D&from=1776150049&to=1778742049&indicator=sma&timeperiod=50:0
[  370016ms] [ERROR] Failed to load resource: the server responded with a status of 500 (Internal Server Error) @ http://localhost:3000/api/stocks/candle?symbol=AAPL&resolution=D&from=1776150049&to=1778742049:0
[  370174ms] [ERROR] Failed to load resource: the server responded with a status of 500 (Internal Server Error) @ http://localhost:3000/api/stocks/indicator?symbol=AAPL&resolution=D&from=1776150049&to=1778742049&indicator=sma&timeperiod=20:0
[  370179ms] [ERROR] Failed to load resource: the server responded with a status of 500 (Internal Server Error) @ http://localhost:3000/api/stocks/indicator?symbol=AAPL&resolution=D&from=1776150049&to=1778742049&indicator=rsi&timeperiod=14:0
[  370193ms] [ERROR] Failed to load resource: the server responded with a status of 500 (Internal Server Error) @ http://localhost:3000/api/stocks/indicator?symbol=AAPL&resolution=D&from=1776150049&to=1778742049&indicator=sma&timeperiod=50:0
[  370309ms] [ERROR] Failed to load resource: the server responded with a status of 500 (Internal Server Error) @ http://localhost:3000/api/stocks/candle?symbol=AAPL&resolution=D&from=1776150050&to=1778742050:0
[  370473ms] [ERROR] Failed to load resource: the server responded with a status of 500 (Internal Server Error) @ http://localhost:3000/api/stocks/indicator?symbol=AAPL&resolution=D&from=1776150050&to=1778742050&indicator=rsi&timeperiod=14:0
[  370475ms] [ERROR] Failed to load resource: the server responded with a status of 500 (Internal Server Error) @ http://localhost:3000/api/stocks/indicator?symbol=AAPL&resolution=D&from=1776150050&to=1778742050&indicator=sma&timeperiod=20:0
[  370506ms] [ERROR] Failed to load resource: the server responded with a status of 500 (Internal Server Error) @ http://localhost:3000/api/stocks/indicator?symbol=AAPL&resolution=D&from=1776150050&to=1778742050&indicator=sma&timeperiod=50:0
[  371604ms] [ERROR] Failed to load resource: the server responded with a status of 500 (Internal Server Error) @ http://localhost:3000/api/stocks/candle?symbol=AAPL&resolution=D&from=1776150050&to=1778742050:0
[  371805ms] [ERROR] Failed to load resource: the server responded with a status of 500 (Internal Server Error) @ http://localhost:3000/api/stocks/indicator?symbol=AAPL&resolution=D&from=1776150050&to=1778742050&indicator=rsi&timeperiod=14:0
[  371813ms] [ERROR] Failed to load resource: the server responded with a status of 500 (Internal Server Error) @ http://localhost:3000/api/stocks/indicator?symbol=AAPL&resolution=D&from=1776150050&to=1778742050&indicator=sma&timeperiod=20:0
[  371842ms] [ERROR] Failed to load resource: the server responded with a status of 500 (Internal Server Error) @ http://localhost:3000/api/stocks/indicator?symbol=AAPL&resolution=D&from=1776150050&to=1778742050&indicator=sma&timeperiod=50:0
[  371916ms] [ERROR] Failed to load resource: the server responded with a status of 500 (Internal Server Error) @ http://localhost:3000/api/stocks/candle?symbol=AAPL&resolution=D&from=1776150052&to=1778742052:0
[  372106ms] [ERROR] Failed to load resource: the server responded with a status of 500 (Internal Server Error) @ http://localhost:3000/api/stocks/indicator?symbol=AAPL&resolution=D&from=1776150052&to=1778742052&indicator=sma&timeperiod=20:0
[  372118ms] [ERROR] Failed to load resource: the server responded with a status of 500 (Internal Server Error) @ http://localhost:3000/api/stocks/indicator?symbol=AAPL&resolution=D&from=1776150052&to=1778742052&indicator=sma&timeperiod=50:0
[  372149ms] [ERROR] Failed to load resource: the server responded with a status of 500 (Internal Server Error) @ http://localhost:3000/api/stocks/indicator?symbol=AAPL&resolution=D&from=1776150052&to=1778742052&indicator=rsi&timeperiod=14:0
[  373286ms] [ERROR] Failed to load resource: the server responded with a status of 500 (Internal Server Error) @ http://localhost:3000/api/stocks/candle?symbol=AAPL&resolution=D&from=1776150052&to=1778742052:0
[  373425ms] [ERROR] Failed to load resource: the server responded with a status of 500 (Internal Server Error) @ http://localhost:3000/api/stocks/indicator?symbol=AAPL&resolution=D&from=1776150052&to=1778742052&indicator=sma&timeperiod=50:0
[  373436ms] [ERROR] Failed to load resource: the server responded with a status of 500 (Internal Server Error) @ http://localhost:3000/api/stocks/indicator?symbol=AAPL&resolution=D&from=1776150052&to=1778742052&indicator=sma&timeperiod=20:0
[  373470ms] [ERROR] Failed to load resource: the server responded with a status of 500 (Internal Server Error) @ http://localhost:3000/api/stocks/indicator?symbol=AAPL&resolution=D&from=1776150052&to=1778742052&indicator=rsi&timeperiod=14:0
[  373530ms] [LOG] [Fast Refresh] rebuilding @ http://localhost:3000/_next/static/chunks/node_modules_next_dist_115brz8._.js:2431
[  373530ms] [LOG] [Fast Refresh] done in 101ms @ http://localhost:3000/_next/static/chunks/node_modules_next_dist_115brz8._.js:2431
[  373581ms] [ERROR] Failed to load resource: the server responded with a status of 500 (Internal Server Error) @ http://localhost:3000/api/stocks/candle?symbol=AAPL&resolution=D&from=1776150054&to=1778742054:0
[  373718ms] [ERROR] Failed to load resource: the server responded with a status of 500 (Internal Server Error) @ http://localhost:3000/api/stocks/indicator?symbol=AAPL&resolution=D&from=1776150054&to=1778742054&indicator=rsi&timeperiod=14:0
[  373730ms] [ERROR] Failed to load resource: the server responded with a status of 500 (Internal Server Error) @ http://localhost:3000/api/stocks/indicator?symbol=AAPL&resolution=D&from=1776150054&to=1778742054&indicator=sma&timeperiod=50:0
[  373752ms] [ERROR] Failed to load resource: the server responded with a status of 500 (Internal Server Error) @ http://localhost:3000/api/stocks/indicator?symbol=AAPL&resolution=D&from=1776150054&to=1778742054&indicator=sma&timeperiod=20:0
[  374881ms] [ERROR] Failed to load resource: the server responded with a status of 500 (Internal Server Error) @ http://localhost:3000/api/stocks/candle?symbol=AAPL&resolution=D&from=1776150054&to=1778742054:0
[  375020ms] [ERROR] Failed to load resource: the server responded with a status of 500 (Internal Server Error) @ http://localhost:3000/api/stocks/indicator?symbol=AAPL&resolution=D&from=1776150054&to=1778742054&indicator=rsi&timeperiod=14:0
[  375024ms] [ERROR] Failed to load resource: the server responded with a status of 500 (Internal Server Error) @ http://localhost:3000/api/stocks/indicator?symbol=AAPL&resolution=D&from=1776150054&to=1778742054&indicator=sma&timeperiod=50:0
[  375064ms] [ERROR] Failed to load resource: the server responded with a status of 500 (Internal Server Error) @ http://localhost:3000/api/stocks/indicator?symbol=AAPL&resolution=D&from=1776150054&to=1778742054&indicator=sma&timeperiod=20:0
[  375176ms] [ERROR] Failed to load resource: the server responded with a status of 500 (Internal Server Error) @ http://localhost:3000/api/stocks/candle?symbol=AAPL&resolution=D&from=1776150055&to=1778742055:0
[  375333ms] [ERROR] Failed to load resource: the server responded with a status of 500 (Internal Server Error) @ http://localhost:3000/api/stocks/indicator?symbol=AAPL&resolution=D&from=1776150055&to=1778742055&indicator=sma&timeperiod=50:0
[  375335ms] [ERROR] Failed to load resource: the server responded with a status of 500 (Internal Server Error) @ http://localhost:3000/api/stocks/indicator?symbol=AAPL&resolution=D&from=1776150055&to=1778742055&indicator=rsi&timeperiod=14:0
[  375339ms] [ERROR] Failed to load resource: the server responded with a status of 500 (Internal Server Error) @ http://localhost:3000/api/stocks/indicator?symbol=AAPL&resolution=D&from=1776150055&to=1778742055&indicator=sma&timeperiod=20:0
[  376494ms] [ERROR] Failed to load resource: the server responded with a status of 500 (Internal Server Error) @ http://localhost:3000/api/stocks/candle?symbol=AAPL&resolution=D&from=1776150055&to=1778742055:0
[  376629ms] [ERROR] Failed to load resource: the server responded with a status of 500 (Internal Server Error) @ http://localhost:3000/api/stocks/indicator?symbol=AAPL&resolution=D&from=1776150055&to=1778742055&indicator=sma&timeperiod=50:0
[  376633ms] [ERROR] Failed to load resource: the server responded with a status of 500 (Internal Server Error) @ http://localhost:3000/api/stocks/indicator?symbol=AAPL&resolution=D&from=1776150055&to=1778742055&indicator=rsi&timeperiod=14:0
[  376662ms] [ERROR] Failed to load resource: the server responded with a status of 500 (Internal Server Error) @ http://localhost:3000/api/stocks/indicator?symbol=AAPL&resolution=D&from=1776150055&to=1778742055&indicator=sma&timeperiod=20:0
[  376792ms] [ERROR] Failed to load resource: the server responded with a status of 500 (Internal Server Error) @ http://localhost:3000/api/stocks/candle?symbol=AAPL&resolution=D&from=1776150057&to=1778742057:0
[  376927ms] [ERROR] Failed to load resource: the server responded with a status of 500 (Internal Server Error) @ http://localhost:3000/api/stocks/indicator?symbol=AAPL&resolution=D&from=1776150057&to=1778742057&indicator=sma&timeperiod=20:0
[  376932ms] [ERROR] Failed to load resource: the server responded with a status of 500 (Internal Server Error) @ http://localhost:3000/api/stocks/indicator?symbol=AAPL&resolution=D&from=1776150057&to=1778742057&indicator=sma&timeperiod=50:0
[  376939ms] [ERROR] Failed to load resource: the server responded with a status of 500 (Internal Server Error) @ http://localhost:3000/api/stocks/indicator?symbol=AAPL&resolution=D&from=1776150057&to=1778742057&indicator=rsi&timeperiod=14:0
[  378088ms] [ERROR] Failed to load resource: the server responded with a status of 500 (Internal Server Error) @ http://localhost:3000/api/stocks/candle?symbol=AAPL&resolution=D&from=1776150057&to=1778742057:0
[  378244ms] [ERROR] Failed to load resource: the server responded with a status of 500 (Internal Server Error) @ http://localhost:3000/api/stocks/indicator?symbol=AAPL&resolution=D&from=1776150057&to=1778742057&indicator=sma&timeperiod=50:0
[  378249ms] [ERROR] Failed to load resource: the server responded with a status of 500 (Internal Server Error) @ http://localhost:3000/api/stocks/indicator?symbol=AAPL&resolution=D&from=1776150057&to=1778742057&indicator=sma&timeperiod=20:0
[  378270ms] [ERROR] Failed to load resource: the server responded with a status of 500 (Internal Server Error) @ http://localhost:3000/api/stocks/indicator?symbol=AAPL&resolution=D&from=1776150057&to=1778742057&indicator=rsi&timeperiod=14:0
[  378453ms] [ERROR] Failed to load resource: the server responded with a status of 500 (Internal Server Error) @ http://localhost:3000/api/stocks/candle?symbol=AAPL&resolution=D&from=1776150058&to=1778742058:0
[  378618ms] [ERROR] Failed to load resource: the server responded with a status of 500 (Internal Server Error) @ http://localhost:3000/api/stocks/indicator?symbol=AAPL&resolution=D&from=1776150059&to=1778742059&indicator=sma&timeperiod=20:0
[  378621ms] [ERROR] Failed to load resource: the server responded with a status of 500 (Internal Server Error) @ http://localhost:3000/api/stocks/indicator?symbol=AAPL&resolution=D&from=1776150059&to=1778742059&indicator=rsi&timeperiod=14:0
[  378652ms] [ERROR] Failed to load resource: the server responded with a status of 500 (Internal Server Error) @ http://localhost:3000/api/stocks/indicator?symbol=AAPL&resolution=D&from=1776150059&to=1778742059&indicator=sma&timeperiod=50:0
[  379812ms] [ERROR] Failed to load resource: the server responded with a status of 500 (Internal Server Error) @ http://localhost:3000/api/stocks/candle?symbol=AAPL&resolution=D&from=1776150058&to=1778742058:0
[  379929ms] [ERROR] Failed to load resource: the server responded with a status of 500 (Internal Server Error) @ http://localhost:3000/api/stocks/indicator?symbol=AAPL&resolution=D&from=1776150059&to=1778742059&indicator=rsi&timeperiod=14:0
[  379951ms] [ERROR] Failed to load resource: the server responded with a status of 500 (Internal Server Error) @ http://localhost:3000/api/stocks/indicator?symbol=AAPL&resolution=D&from=1776150059&to=1778742059&indicator=sma&timeperiod=20:0
[  380008ms] [ERROR] Failed to load resource: the server responded with a status of 500 (Internal Server Error) @ http://localhost:3000/api/stocks/indicator?symbol=AAPL&resolution=D&from=1776150059&to=1778742059&indicator=sma&timeperiod=50:0
[  380107ms] [ERROR] Failed to load resource: the server responded with a status of 500 (Internal Server Error) @ http://localhost:3000/api/stocks/candle?symbol=AAPL&resolution=D&from=1776150060&to=1778742060:0
[  380222ms] [ERROR] Failed to load resource: the server responded with a status of 500 (Internal Server Error) @ http://localhost:3000/api/stocks/indicator?symbol=AAPL&resolution=D&from=1776150060&to=1778742060&indicator=rsi&timeperiod=14:0
[  380224ms] [ERROR] Failed to load resource: the server responded with a status of 500 (Internal Server Error) @ http://localhost:3000/api/stocks/indicator?symbol=AAPL&resolution=D&from=1776150060&to=1778742060&indicator=sma&timeperiod=20:0
[  380237ms] [ERROR] Failed to load resource: the server responded with a status of 500 (Internal Server Error) @ http://localhost:3000/api/stocks/indicator?symbol=AAPL&resolution=D&from=1776150060&to=1778742060&indicator=sma&timeperiod=50:0
[  381465ms] [ERROR] Failed to load resource: the server responded with a status of 500 (Internal Server Error) @ http://localhost:3000/api/stocks/candle?symbol=AAPL&resolution=D&from=1776150060&to=1778742060:0
[  381549ms] [ERROR] Failed to load resource: the server responded with a status of 500 (Internal Server Error) @ http://localhost:3000/api/stocks/indicator?symbol=AAPL&resolution=D&from=1776150060&to=1778742060&indicator=sma&timeperiod=20:0
[  381575ms] [ERROR] Failed to load resource: the server responded with a status of 500 (Internal Server Error) @ http://localhost:3000/api/stocks/indicator?symbol=AAPL&resolution=D&from=1776150060&to=1778742060&indicator=rsi&timeperiod=14:0
[  381645ms] [ERROR] Failed to load resource: the server responded with a status of 500 (Internal Server Error) @ http://localhost:3000/api/stocks/indicator?symbol=AAPL&resolution=D&from=1776150060&to=1778742060&indicator=sma&timeperiod=50:0
[  381841ms] [ERROR] Failed to load resource: the server responded with a status of 500 (Internal Server Error) @ http://localhost:3000/api/stocks/candle?symbol=AAPL&resolution=D&from=1776150062&to=1778742062:0
[  381944ms] [ERROR] Failed to load resource: the server responded with a status of 500 (Internal Server Error) @ http://localhost:3000/api/stocks/indicator?symbol=AAPL&resolution=D&from=1776150062&to=1778742062&indicator=sma&timeperiod=20:0
[  381972ms] [ERROR] Failed to load resource: the server responded with a status of 500 (Internal Server Error) @ http://localhost:3000/api/stocks/indicator?symbol=AAPL&resolution=D&from=1776150062&to=1778742062&indicator=rsi&timeperiod=14:0
[  382042ms] [ERROR] Failed to load resource: the server responded with a status of 500 (Internal Server Error) @ http://localhost:3000/api/stocks/indicator?symbol=AAPL&resolution=D&from=1776150062&to=1778742062&indicator=sma&timeperiod=50:0
[  383134ms] [ERROR] Failed to load resource: the server responded with a status of 500 (Internal Server Error) @ http://localhost:3000/api/stocks/candle?symbol=AAPL&resolution=D&from=1776150062&to=1778742062:0
[  383254ms] [ERROR] Failed to load resource: the server responded with a status of 500 (Internal Server Error) @ http://localhost:3000/api/stocks/indicator?symbol=AAPL&resolution=D&from=1776150062&to=1778742062&indicator=sma&timeperiod=20:0
[  383276ms] [ERROR] Failed to load resource: the server responded with a status of 500 (Internal Server Error) @ http://localhost:3000/api/stocks/indicator?symbol=AAPL&resolution=D&from=1776150062&to=1778742062&indicator=rsi&timeperiod=14:0
[  383357ms] [ERROR] Failed to load resource: the server responded with a status of 500 (Internal Server Error) @ http://localhost:3000/api/stocks/indicator?symbol=AAPL&resolution=D&from=1776150062&to=1778742062&indicator=sma&timeperiod=50:0
[  383418ms] [ERROR] Failed to load resource: the server responded with a status of 500 (Internal Server Error) @ http://localhost:3000/api/stocks/candle?symbol=AAPL&resolution=D&from=1776150063&to=1778742063:0
[  383554ms] [ERROR] Failed to load resource: the server responded with a status of 500 (Internal Server Error) @ http://localhost:3000/api/stocks/indicator?symbol=AAPL&resolution=D&from=1776150064&to=1778742064&indicator=sma&timeperiod=20:0
[  383560ms] [ERROR] Failed to load resource: the server responded with a status of 500 (Internal Server Error) @ http://localhost:3000/api/stocks/indicator?symbol=AAPL&resolution=D&from=1776150064&to=1778742064&indicator=sma&timeperiod=50:0
[  383569ms] [ERROR] Failed to load resource: the server responded with a status of 500 (Internal Server Error) @ http://localhost:3000/api/stocks/indicator?symbol=AAPL&resolution=D&from=1776150064&to=1778742064&indicator=rsi&timeperiod=14:0
[  384770ms] [ERROR] Failed to load resource: the server responded with a status of 500 (Internal Server Error) @ http://localhost:3000/api/stocks/candle?symbol=AAPL&resolution=D&from=1776150063&to=1778742063:0
[  384911ms] [ERROR] Failed to load resource: the server responded with a status of 500 (Internal Server Error) @ http://localhost:3000/api/stocks/indicator?symbol=AAPL&resolution=D&from=1776150064&to=1778742064&indicator=sma&timeperiod=20:0
[  384940ms] [ERROR] Failed to load resource: the server responded with a status of 500 (Internal Server Error) @ http://localhost:3000/api/stocks/indicator?symbol=AAPL&resolution=D&from=1776150064&to=1778742064&indicator=sma&timeperiod=50:0
[  384973ms] [ERROR] Failed to load resource: the server responded with a status of 500 (Internal Server Error) @ http://localhost:3000/api/stocks/indicator?symbol=AAPL&resolution=D&from=1776150064&to=1778742064&indicator=rsi&timeperiod=14:0
[  385058ms] [ERROR] Failed to load resource: the server responded with a status of 500 (Internal Server Error) @ http://localhost:3000/api/stocks/candle?symbol=AAPL&resolution=D&from=1776150065&to=1778742065:0
[  385290ms] [ERROR] Failed to load resource: the server responded with a status of 500 (Internal Server Error) @ http://localhost:3000/api/stocks/indicator?symbol=AAPL&resolution=D&from=1776150065&to=1778742065&indicator=rsi&timeperiod=14:0
[  385291ms] [ERROR] Failed to load resource: the server responded with a status of 500 (Internal Server Error) @ http://localhost:3000/api/stocks/indicator?symbol=AAPL&resolution=D&from=1776150065&to=1778742065&indicator=sma&timeperiod=50:0
[  385302ms] [ERROR] Failed to load resource: the server responded with a status of 500 (Internal Server Error) @ http://localhost:3000/api/stocks/indicator?symbol=AAPL&resolution=D&from=1776150065&to=1778742065&indicator=sma&timeperiod=20:0
[  386355ms] [ERROR] Failed to load resource: the server responded with a status of 500 (Internal Server Error) @ http://localhost:3000/api/stocks/candle?symbol=AAPL&resolution=D&from=1776150065&to=1778742065:0
[  386580ms] [ERROR] Failed to load resource: the server responded with a status of 500 (Internal Server Error) @ http://localhost:3000/api/stocks/indicator?symbol=AAPL&resolution=D&from=1776150065&to=1778742065&indicator=sma&timeperiod=50:0
[  386584ms] [ERROR] Failed to load resource: the server responded with a status of 500 (Internal Server Error) @ http://localhost:3000/api/stocks/indicator?symbol=AAPL&resolution=D&from=1776150065&to=1778742065&indicator=rsi&timeperiod=14:0
[  386620ms] [ERROR] Failed to load resource: the server responded with a status of 500 (Internal Server Error) @ http://localhost:3000/api/stocks/indicator?symbol=AAPL&resolution=D&from=1776150065&to=1778742065&indicator=sma&timeperiod=20:0
[  386643ms] [ERROR] Failed to load resource: the server responded with a status of 500 (Internal Server Error) @ http://localhost:3000/api/stocks/candle?symbol=AAPL&resolution=D&from=1776150067&to=1778742067:0
[  386690ms] [LOG] [Fast Refresh] rebuilding @ http://localhost:3000/_next/static/chunks/node_modules_next_dist_115brz8._.js:2431
[  386706ms] [LOG] [Fast Refresh] done in 118ms @ http://localhost:3000/_next/static/chunks/node_modules_next_dist_115brz8._.js:2431
[  386878ms] [ERROR] Failed to load resource: the server responded with a status of 500 (Internal Server Error) @ http://localhost:3000/api/stocks/indicator?symbol=AAPL&resolution=D&from=1776150067&to=1778742067&indicator=rsi&timeperiod=14:0
[  386884ms] [ERROR] Failed to load resource: the server responded with a status of 500 (Internal Server Error) @ http://localhost:3000/api/stocks/indicator?symbol=AAPL&resolution=D&from=1776150067&to=1778742067&indicator=sma&timeperiod=20:0
[  386887ms] [ERROR] Failed to load resource: the server responded with a status of 500 (Internal Server Error) @ http://localhost:3000/api/stocks/indicator?symbol=AAPL&resolution=D&from=1776150067&to=1778742067&indicator=sma&timeperiod=50:0
[  387967ms] [ERROR] Failed to load resource: the server responded with a status of 500 (Internal Server Error) @ http://localhost:3000/api/stocks/candle?symbol=AAPL&resolution=D&from=1776150067&to=1778742067:0
[  388229ms] [ERROR] Failed to load resource: the server responded with a status of 500 (Internal Server Error) @ http://localhost:3000/api/stocks/indicator?symbol=AAPL&resolution=D&from=1776150067&to=1778742067&indicator=sma&timeperiod=50:0
[  388246ms] [ERROR] Failed to load resource: the server responded with a status of 500 (Internal Server Error) @ http://localhost:3000/api/stocks/indicator?symbol=AAPL&resolution=D&from=1776150067&to=1778742067&indicator=sma&timeperiod=20:0
[  388252ms] [ERROR] Failed to load resource: the server responded with a status of 500 (Internal Server Error) @ http://localhost:3000/api/stocks/indicator?symbol=AAPL&resolution=D&from=1776150067&to=1778742067&indicator=rsi&timeperiod=14:0
[  388313ms] [ERROR] Failed to load resource: the server responded with a status of 500 (Internal Server Error) @ http://localhost:3000/api/stocks/candle?symbol=AAPL&resolution=D&from=1776150068&to=1778742068:0
[  388578ms] [ERROR] Failed to load resource: the server responded with a status of 500 (Internal Server Error) @ http://localhost:3000/api/stocks/indicator?symbol=AAPL&resolution=D&from=1776150069&to=1778742069&indicator=rsi&timeperiod=14:0
[  388611ms] [ERROR] Failed to load resource: the server responded with a status of 500 (Internal Server Error) @ http://localhost:3000/api/stocks/indicator?symbol=AAPL&resolution=D&from=1776150069&to=1778742069&indicator=sma&timeperiod=50:0
[  388665ms] [ERROR] Failed to load resource: the server responded with a status of 500 (Internal Server Error) @ http://localhost:3000/api/stocks/indicator?symbol=AAPL&resolution=D&from=1776150069&to=1778742069&indicator=sma&timeperiod=20:0
[  389901ms] [ERROR] Failed to load resource: the server responded with a status of 500 (Internal Server Error) @ http://localhost:3000/api/stocks/indicator?symbol=AAPL&resolution=D&from=1776150069&to=1778742069&indicator=rsi&timeperiod=14:0
[  389917ms] [ERROR] Failed to load resource: the server responded with a status of 500 (Internal Server Error) @ http://localhost:3000/api/stocks/indicator?symbol=AAPL&resolution=D&from=1776150069&to=1778742069&indicator=sma&timeperiod=50:0
[  389980ms] [ERROR] Failed to load resource: the server responded with a status of 500 (Internal Server Error) @ http://localhost:3000/api/stocks/indicator?symbol=AAPL&resolution=D&from=1776150069&to=1778742069&indicator=sma&timeperiod=20:0
[  390065ms] [ERROR] Failed to load resource: the server responded with a status of 500 (Internal Server Error) @ http://localhost:3000/api/stocks/candle?symbol=AAPL&resolution=D&from=1776150068&to=1778742068:0
[  390205ms] [ERROR] Failed to load resource: the server responded with a status of 500 (Internal Server Error) @ http://localhost:3000/api/stocks/indicator?symbol=AAPL&resolution=D&from=1776150070&to=1778742070&indicator=sma&timeperiod=50:0
[  390207ms] [ERROR] Failed to load resource: the server responded with a status of 500 (Internal Server Error) @ http://localhost:3000/api/stocks/indicator?symbol=AAPL&resolution=D&from=1776150070&to=1778742070&indicator=sma&timeperiod=20:0
[  390210ms] [ERROR] Failed to load resource: the server responded with a status of 500 (Internal Server Error) @ http://localhost:3000/api/stocks/indicator?symbol=AAPL&resolution=D&from=1776150070&to=1778742070&indicator=rsi&timeperiod=14:0
[  390352ms] [ERROR] Failed to load resource: the server responded with a status of 500 (Internal Server Error) @ http://localhost:3000/api/stocks/candle?symbol=AAPL&resolution=D&from=1776150070&to=1778742070:0
[  391515ms] [ERROR] Failed to load resource: the server responded with a status of 500 (Internal Server Error) @ http://localhost:3000/api/stocks/indicator?symbol=AAPL&resolution=D&from=1776150070&to=1778742070&indicator=rsi&timeperiod=14:0
[  391533ms] [ERROR] Failed to load resource: the server responded with a status of 500 (Internal Server Error) @ http://localhost:3000/api/stocks/indicator?symbol=AAPL&resolution=D&from=1776150070&to=1778742070&indicator=sma&timeperiod=20:0
[  391539ms] [ERROR] Failed to load resource: the server responded with a status of 500 (Internal Server Error) @ http://localhost:3000/api/stocks/indicator?symbol=AAPL&resolution=D&from=1776150070&to=1778742070&indicator=sma&timeperiod=50:0
[  391718ms] [ERROR] Failed to load resource: the server responded with a status of 500 (Internal Server Error) @ http://localhost:3000/api/stocks/candle?symbol=AAPL&resolution=D&from=1776150070&to=1778742070:0
[  391853ms] [ERROR] Failed to load resource: the server responded with a status of 500 (Internal Server Error) @ http://localhost:3000/api/stocks/indicator?symbol=AAPL&resolution=D&from=1776150072&to=1778742072&indicator=sma&timeperiod=50:0
[  391884ms] [ERROR] Failed to load resource: the server responded with a status of 500 (Internal Server Error) @ http://localhost:3000/api/stocks/indicator?symbol=AAPL&resolution=D&from=1776150072&to=1778742072&indicator=rsi&timeperiod=14:0
[  391886ms] [ERROR] Failed to load resource: the server responded with a status of 500 (Internal Server Error) @ http://localhost:3000/api/stocks/indicator?symbol=AAPL&resolution=D&from=1776150072&to=1778742072&indicator=sma&timeperiod=20:0
[  392059ms] [ERROR] Failed to load resource: the server responded with a status of 500 (Internal Server Error) @ http://localhost:3000/api/stocks/candle?symbol=AAPL&resolution=D&from=1776150072&to=1778742072:0
[  393158ms] [ERROR] Failed to load resource: the server responded with a status of 500 (Internal Server Error) @ http://localhost:3000/api/stocks/indicator?symbol=AAPL&resolution=D&from=1776150072&to=1778742072&indicator=sma&timeperiod=50:0
[  393186ms] [ERROR] Failed to load resource: the server responded with a status of 500 (Internal Server Error) @ http://localhost:3000/api/stocks/indicator?symbol=AAPL&resolution=D&from=1776150072&to=1778742072&indicator=sma&timeperiod=20:0
[  393193ms] [ERROR] Failed to load resource: the server responded with a status of 500 (Internal Server Error) @ http://localhost:3000/api/stocks/indicator?symbol=AAPL&resolution=D&from=1776150072&to=1778742072&indicator=rsi&timeperiod=14:0
[  393370ms] [ERROR] Failed to load resource: the server responded with a status of 500 (Internal Server Error) @ http://localhost:3000/api/stocks/candle?symbol=AAPL&resolution=D&from=1776150072&to=1778742072:0
[  393456ms] [ERROR] Failed to load resource: the server responded with a status of 500 (Internal Server Error) @ http://localhost:3000/api/stocks/indicator?symbol=AAPL&resolution=D&from=1776150073&to=1778742073&indicator=rsi&timeperiod=14:0
[  393463ms] [ERROR] Failed to load resource: the server responded with a status of 500 (Internal Server Error) @ http://localhost:3000/api/stocks/indicator?symbol=AAPL&resolution=D&from=1776150073&to=1778742073&indicator=sma&timeperiod=20:0
[  393544ms] [ERROR] Failed to load resource: the server responded with a status of 500 (Internal Server Error) @ http://localhost:3000/api/stocks/indicator?symbol=AAPL&resolution=D&from=1776150073&to=1778742073&indicator=sma&timeperiod=50:0
[  393670ms] [ERROR] Failed to load resource: the server responded with a status of 500 (Internal Server Error) @ http://localhost:3000/api/stocks/candle?symbol=AAPL&resolution=D&from=1776150074&to=1778742074:0
[  394807ms] [ERROR] Failed to load resource: the server responded with a status of 500 (Internal Server Error) @ http://localhost:3000/api/stocks/indicator?symbol=AAPL&resolution=D&from=1776150073&to=1778742073&indicator=sma&timeperiod=20:0
[  394825ms] [ERROR] Failed to load resource: the server responded with a status of 500 (Internal Server Error) @ http://localhost:3000/api/stocks/indicator?symbol=AAPL&resolution=D&from=1776150073&to=1778742073&indicator=rsi&timeperiod=14:0
[  394885ms] [ERROR] Failed to load resource: the server responded with a status of 500 (Internal Server Error) @ http://localhost:3000/api/stocks/indicator?symbol=AAPL&resolution=D&from=1776150073&to=1778742073&indicator=sma&timeperiod=50:0
[  395061ms] [ERROR] Failed to load resource: the server responded with a status of 500 (Internal Server Error) @ http://localhost:3000/api/stocks/candle?symbol=AAPL&resolution=D&from=1776150074&to=1778742074:0
[  395102ms] [ERROR] Failed to load resource: the server responded with a status of 500 (Internal Server Error) @ http://localhost:3000/api/stocks/indicator?symbol=AAPL&resolution=D&from=1776150075&to=1778742075&indicator=rsi&timeperiod=14:0
[  395196ms] [ERROR] Failed to load resource: the server responded with a status of 500 (Internal Server Error) @ http://localhost:3000/api/stocks/indicator?symbol=AAPL&resolution=D&from=1776150075&to=1778742075&indicator=sma&timeperiod=50:0
[  395209ms] [ERROR] Failed to load resource: the server responded with a status of 500 (Internal Server Error) @ http://localhost:3000/api/stocks/indicator?symbol=AAPL&resolution=D&from=1776150075&to=1778742075&indicator=sma&timeperiod=20:0
[  395378ms] [ERROR] Failed to load resource: the server responded with a status of 500 (Internal Server Error) @ http://localhost:3000/api/stocks/candle?symbol=AAPL&resolution=D&from=1776150075&to=1778742075:0
[  396409ms] [ERROR] Failed to load resource: the server responded with a status of 500 (Internal Server Error) @ http://localhost:3000/api/stocks/indicator?symbol=AAPL&resolution=D&from=1776150075&to=1778742075&indicator=rsi&timeperiod=14:0
[  396499ms] [ERROR] Failed to load resource: the server responded with a status of 500 (Internal Server Error) @ http://localhost:3000/api/stocks/indicator?symbol=AAPL&resolution=D&from=1776150075&to=1778742075&indicator=sma&timeperiod=50:0
[  396507ms] [ERROR] Failed to load resource: the server responded with a status of 500 (Internal Server Error) @ http://localhost:3000/api/stocks/indicator?symbol=AAPL&resolution=D&from=1776150075&to=1778742075&indicator=sma&timeperiod=20:0
[  396701ms] [ERROR] Failed to load resource: the server responded with a status of 500 (Internal Server Error) @ http://localhost:3000/api/stocks/candle?symbol=AAPL&resolution=D&from=1776150075&to=1778742075:0
[  396711ms] [ERROR] Failed to load resource: the server responded with a status of 500 (Internal Server Error) @ http://localhost:3000/api/stocks/indicator?symbol=AAPL&resolution=D&from=1776150077&to=1778742077&indicator=rsi&timeperiod=14:0
[  396714ms] [ERROR] Failed to load resource: the server responded with a status of 500 (Internal Server Error) @ http://localhost:3000/api/stocks/indicator?symbol=AAPL&resolution=D&from=1776150077&to=1778742077&indicator=sma&timeperiod=20:0
[  396717ms] [ERROR] Failed to load resource: the server responded with a status of 500 (Internal Server Error) @ http://localhost:3000/api/stocks/indicator?symbol=AAPL&resolution=D&from=1776150077&to=1778742077&indicator=sma&timeperiod=50:0
[  397015ms] [ERROR] Failed to load resource: the server responded with a status of 500 (Internal Server Error) @ http://localhost:3000/api/stocks/candle?symbol=AAPL&resolution=D&from=1776150077&to=1778742077:0
[  398111ms] [ERROR] Failed to load resource: the server responded with a status of 500 (Internal Server Error) @ http://localhost:3000/api/stocks/indicator?symbol=AAPL&resolution=D&from=1776150077&to=1778742077&indicator=rsi&timeperiod=14:0
[  398115ms] [ERROR] Failed to load resource: the server responded with a status of 500 (Internal Server Error) @ http://localhost:3000/api/stocks/indicator?symbol=AAPL&resolution=D&from=1776150077&to=1778742077&indicator=sma&timeperiod=50:0
[  398192ms] [ERROR] Failed to load resource: the server responded with a status of 500 (Internal Server Error) @ http://localhost:3000/api/stocks/indicator?symbol=AAPL&resolution=D&from=1776150077&to=1778742077&indicator=sma&timeperiod=20:0
[  398421ms] [ERROR] Failed to load resource: the server responded with a status of 500 (Internal Server Error) @ http://localhost:3000/api/stocks/indicator?symbol=AAPL&resolution=D&from=1776150078&to=1778742078&indicator=sma&timeperiod=20:0
[  398424ms] [ERROR] Failed to load resource: the server responded with a status of 500 (Internal Server Error) @ http://localhost:3000/api/stocks/indicator?symbol=AAPL&resolution=D&from=1776150078&to=1778742078&indicator=sma&timeperiod=50:0
[  398450ms] [ERROR] Failed to load resource: the server responded with a status of 500 (Internal Server Error) @ http://localhost:3000/api/stocks/indicator?symbol=AAPL&resolution=D&from=1776150078&to=1778742078&indicator=rsi&timeperiod=14:0
[  398522ms] [ERROR] Failed to load resource: the server responded with a status of 500 (Internal Server Error) @ http://localhost:3000/api/stocks/candle?symbol=AAPL&resolution=D&from=1776150077&to=1778742077:0
[  398807ms] [ERROR] Failed to load resource: the server responded with a status of 500 (Internal Server Error) @ http://localhost:3000/api/stocks/candle?symbol=AAPL&resolution=D&from=1776150079&to=1778742079:0
[  399726ms] [ERROR] Failed to load resource: the server responded with a status of 500 (Internal Server Error) @ http://localhost:3000/api/stocks/indicator?symbol=AAPL&resolution=D&from=1776150078&to=1778742078&indicator=sma&timeperiod=20:0
[  399731ms] [ERROR] Failed to load resource: the server responded with a status of 500 (Internal Server Error) @ http://localhost:3000/api/stocks/indicator?symbol=AAPL&resolution=D&from=1776150078&to=1778742078&indicator=sma&timeperiod=50:0
[  399752ms] [ERROR] Failed to load resource: the server responded with a status of 500 (Internal Server Error) @ http://localhost:3000/api/stocks/indicator?symbol=AAPL&resolution=D&from=1776150078&to=1778742078&indicator=rsi&timeperiod=14:0
[  400013ms] [ERROR] Failed to load resource: the server responded with a status of 500 (Internal Server Error) @ http://localhost:3000/api/stocks/indicator?symbol=AAPL&resolution=D&from=1776150080&to=1778742080&indicator=rsi&timeperiod=14:0
[  400030ms] [ERROR] Failed to load resource: the server responded with a status of 500 (Internal Server Error) @ http://localhost:3000/api/stocks/indicator?symbol=AAPL&resolution=D&from=1776150080&to=1778742080&indicator=sma&timeperiod=20:0
[  400046ms] [ERROR] Failed to load resource: the server responded with a status of 500 (Internal Server Error) @ http://localhost:3000/api/stocks/indicator?symbol=AAPL&resolution=D&from=1776150080&to=1778742080&indicator=sma&timeperiod=50:0
[  400093ms] [ERROR] Failed to load resource: the server responded with a status of 500 (Internal Server Error) @ http://localhost:3000/api/stocks/candle?symbol=AAPL&resolution=D&from=1776150079&to=1778742079:0
[  400384ms] [ERROR] Failed to load resource: the server responded with a status of 500 (Internal Server Error) @ http://localhost:3000/api/stocks/candle?symbol=AAPL&resolution=D&from=1776150080&to=1778742080:0
[  401347ms] [ERROR] Failed to load resource: the server responded with a status of 500 (Internal Server Error) @ http://localhost:3000/api/stocks/indicator?symbol=AAPL&resolution=D&from=1776150080&to=1778742080&indicator=rsi&timeperiod=14:0
[  401429ms] [ERROR] Failed to load resource: the server responded with a status of 500 (Internal Server Error) @ http://localhost:3000/api/stocks/indicator?symbol=AAPL&resolution=D&from=1776150080&to=1778742080&indicator=sma&timeperiod=20:0
[  401605ms] [ERROR] Failed to load resource: the server responded with a status of 500 (Internal Server Error) @ http://localhost:3000/api/stocks/indicator?symbol=AAPL&resolution=D&from=1776150080&to=1778742080&indicator=sma&timeperiod=50:0
[  401651ms] [ERROR] Failed to load resource: the server responded with a status of 500 (Internal Server Error) @ http://localhost:3000/api/stocks/indicator?symbol=AAPL&resolution=D&from=1776150082&to=1778742082&indicator=sma&timeperiod=50:0
[  401671ms] [ERROR] Failed to load resource: the server responded with a status of 500 (Internal Server Error) @ http://localhost:3000/api/stocks/indicator?symbol=AAPL&resolution=D&from=1776150082&to=1778742082&indicator=rsi&timeperiod=14:0
[  401674ms] [ERROR] Failed to load resource: the server responded with a status of 500 (Internal Server Error) @ http://localhost:3000/api/stocks/indicator?symbol=AAPL&resolution=D&from=1776150082&to=1778742082&indicator=sma&timeperiod=20:0
[  401743ms] [ERROR] Failed to load resource: the server responded with a status of 500 (Internal Server Error) @ http://localhost:3000/api/stocks/candle?symbol=AAPL&resolution=D&from=1776150080&to=1778742080:0
[  402037ms] [ERROR] Failed to load resource: the server responded with a status of 500 (Internal Server Error) @ http://localhost:3000/api/stocks/candle?symbol=AAPL&resolution=D&from=1776150082&to=1778742082:0
[  402948ms] [ERROR] Failed to load resource: the server responded with a status of 500 (Internal Server Error) @ http://localhost:3000/api/stocks/indicator?symbol=AAPL&resolution=D&from=1776150082&to=1778742082&indicator=sma&timeperiod=50:0
[  402970ms] [ERROR] Failed to load resource: the server responded with a status of 500 (Internal Server Error) @ http://localhost:3000/api/stocks/indicator?symbol=AAPL&resolution=D&from=1776150082&to=1778742082&indicator=sma&timeperiod=20:0
[  402971ms] [ERROR] Failed to load resource: the server responded with a status of 500 (Internal Server Error) @ http://localhost:3000/api/stocks/indicator?symbol=AAPL&resolution=D&from=1776150082&to=1778742082&indicator=rsi&timeperiod=14:0
[  403247ms] [ERROR] Failed to load resource: the server responded with a status of 500 (Internal Server Error) @ http://localhost:3000/api/stocks/indicator?symbol=AAPL&resolution=D&from=1776150083&to=1778742083&indicator=rsi&timeperiod=14:0
[  403257ms] [ERROR] Failed to load resource: the server responded with a status of 500 (Internal Server Error) @ http://localhost:3000/api/stocks/indicator?symbol=AAPL&resolution=D&from=1776150083&to=1778742083&indicator=sma&timeperiod=50:0
[  403260ms] [ERROR] Failed to load resource: the server responded with a status of 500 (Internal Server Error) @ http://localhost:3000/api/stocks/indicator?symbol=AAPL&resolution=D&from=1776150083&to=1778742083&indicator=sma&timeperiod=20:0
[  403316ms] [ERROR] Failed to load resource: the server responded with a status of 500 (Internal Server Error) @ http://localhost:3000/api/stocks/candle?symbol=AAPL&resolution=D&from=1776150082&to=1778742082:0
[  403631ms] [ERROR] Failed to load resource: the server responded with a status of 500 (Internal Server Error) @ http://localhost:3000/api/stocks/candle?symbol=AAPL&resolution=D&from=1776150084&to=1778742084:0
[  404565ms] [ERROR] Failed to load resource: the server responded with a status of 500 (Internal Server Error) @ http://localhost:3000/api/stocks/indicator?symbol=AAPL&resolution=D&from=1776150083&to=1778742083&indicator=sma&timeperiod=20:0
[  404600ms] [ERROR] Failed to load resource: the server responded with a status of 500 (Internal Server Error) @ http://localhost:3000/api/stocks/indicator?symbol=AAPL&resolution=D&from=1776150083&to=1778742083&indicator=rsi&timeperiod=14:0
[  404624ms] [ERROR] Failed to load resource: the server responded with a status of 500 (Internal Server Error) @ http://localhost:3000/api/stocks/indicator?symbol=AAPL&resolution=D&from=1776150083&to=1778742083&indicator=sma&timeperiod=50:0
[  404673ms] [LOG] [Fast Refresh] rebuilding @ http://localhost:3000/_next/static/chunks/node_modules_next_dist_115brz8._.js:2431
[  404688ms] [LOG] [Fast Refresh] done in 118ms @ http://localhost:3000/_next/static/chunks/node_modules_next_dist_115brz8._.js:2431
[  404861ms] [ERROR] Failed to load resource: the server responded with a status of 500 (Internal Server Error) @ http://localhost:3000/api/stocks/indicator?symbol=AAPL&resolution=D&from=1776150085&to=1778742085&indicator=rsi&timeperiod=14:0
[  404871ms] [ERROR] Failed to load resource: the server responded with a status of 500 (Internal Server Error) @ http://localhost:3000/api/stocks/indicator?symbol=AAPL&resolution=D&from=1776150085&to=1778742085&indicator=sma&timeperiod=50:0
[  404887ms] [ERROR] Failed to load resource: the server responded with a status of 500 (Internal Server Error) @ http://localhost:3000/api/stocks/indicator?symbol=AAPL&resolution=D&from=1776150085&to=1778742085&indicator=sma&timeperiod=20:0
[  404934ms] [ERROR] Failed to load resource: the server responded with a status of 500 (Internal Server Error) @ http://localhost:3000/api/stocks/candle?symbol=AAPL&resolution=D&from=1776150084&to=1778742084:0
[  405233ms] [ERROR] Failed to load resource: the server responded with a status of 500 (Internal Server Error) @ http://localhost:3000/api/stocks/candle?symbol=AAPL&resolution=D&from=1776150085&to=1778742085:0
[  406162ms] [ERROR] Failed to load resource: the server responded with a status of 500 (Internal Server Error) @ http://localhost:3000/api/stocks/indicator?symbol=AAPL&resolution=D&from=1776150085&to=1778742085&indicator=sma&timeperiod=50:0
[  406170ms] [ERROR] Failed to load resource: the server responded with a status of 500 (Internal Server Error) @ http://localhost:3000/api/stocks/indicator?symbol=AAPL&resolution=D&from=1776150085&to=1778742085&indicator=sma&timeperiod=20:0
[  406182ms] [ERROR] Failed to load resource: the server responded with a status of 500 (Internal Server Error) @ http://localhost:3000/api/stocks/indicator?symbol=AAPL&resolution=D&from=1776150085&to=1778742085&indicator=rsi&timeperiod=14:0
[  406462ms] [ERROR] Failed to load resource: the server responded with a status of 500 (Internal Server Error) @ http://localhost:3000/api/stocks/indicator?symbol=AAPL&resolution=D&from=1776150086&to=1778742086&indicator=rsi&timeperiod=14:0
[  406480ms] [ERROR] Failed to load resource: the server responded with a status of 500 (Internal Server Error) @ http://localhost:3000/api/stocks/indicator?symbol=AAPL&resolution=D&from=1776150086&to=1778742086&indicator=sma&timeperiod=20:0
[  406482ms] [ERROR] Failed to load resource: the server responded with a status of 500 (Internal Server Error) @ http://localhost:3000/api/stocks/indicator?symbol=AAPL&resolution=D&from=1776150086&to=1778742086&indicator=sma&timeperiod=50:0
[  406554ms] [ERROR] Failed to load resource: the server responded with a status of 500 (Internal Server Error) @ http://localhost:3000/api/stocks/candle?symbol=AAPL&resolution=D&from=1776150085&to=1778742085:0
[  406856ms] [ERROR] Failed to load resource: the server responded with a status of 500 (Internal Server Error) @ http://localhost:3000/api/stocks/candle?symbol=AAPL&resolution=D&from=1776150087&to=1778742087:0
[  407780ms] [ERROR] Failed to load resource: the server responded with a status of 500 (Internal Server Error) @ http://localhost:3000/api/stocks/indicator?symbol=AAPL&resolution=D&from=1776150086&to=1778742086&indicator=rsi&timeperiod=14:0
[  407834ms] [ERROR] Failed to load resource: the server responded with a status of 500 (Internal Server Error) @ http://localhost:3000/api/stocks/indicator?symbol=AAPL&resolution=D&from=1776150086&to=1778742086&indicator=sma&timeperiod=50:0
[  407860ms] [ERROR] Failed to load resource: the server responded with a status of 500 (Internal Server Error) @ http://localhost:3000/api/stocks/indicator?symbol=AAPL&resolution=D&from=1776150086&to=1778742086&indicator=sma&timeperiod=20:0
[  408105ms] [ERROR] Failed to load resource: the server responded with a status of 500 (Internal Server Error) @ http://localhost:3000/api/stocks/indicator?symbol=AAPL&resolution=D&from=1776150088&to=1778742088&indicator=sma&timeperiod=50:0
[  408130ms] [ERROR] Failed to load resource: the server responded with a status of 500 (Internal Server Error) @ http://localhost:3000/api/stocks/indicator?symbol=AAPL&resolution=D&from=1776150088&to=1778742088&indicator=rsi&timeperiod=14:0
[  408149ms] [ERROR] Failed to load resource: the server responded with a status of 500 (Internal Server Error) @ http://localhost:3000/api/stocks/indicator?symbol=AAPL&resolution=D&from=1776150088&to=1778742088&indicator=sma&timeperiod=20:0
[  408154ms] [ERROR] Failed to load resource: the server responded with a status of 500 (Internal Server Error) @ http://localhost:3000/api/stocks/candle?symbol=AAPL&resolution=D&from=1776150087&to=1778742087:0
[  408450ms] [ERROR] Failed to load resource: the server responded with a status of 500 (Internal Server Error) @ http://localhost:3000/api/stocks/candle?symbol=AAPL&resolution=D&from=1776150088&to=1778742088:0
[  409451ms] [ERROR] Failed to load resource: the server responded with a status of 500 (Internal Server Error) @ http://localhost:3000/api/stocks/indicator?symbol=AAPL&resolution=D&from=1776150088&to=1778742088&indicator=rsi&timeperiod=14:0
[  409464ms] [ERROR] Failed to load resource: the server responded with a status of 500 (Internal Server Error) @ http://localhost:3000/api/stocks/indicator?symbol=AAPL&resolution=D&from=1776150088&to=1778742088&indicator=sma&timeperiod=20:0
[  409511ms] [ERROR] Failed to load resource: the server responded with a status of 500 (Internal Server Error) @ http://localhost:3000/api/stocks/indicator?symbol=AAPL&resolution=D&from=1776150088&to=1778742088&indicator=sma&timeperiod=50:0
[  409765ms] [ERROR] Failed to load resource: the server responded with a status of 500 (Internal Server Error) @ http://localhost:3000/api/stocks/candle?symbol=AAPL&resolution=D&from=1776150088&to=1778742088:0
[  409781ms] [ERROR] Failed to load resource: the server responded with a status of 500 (Internal Server Error) @ http://localhost:3000/api/stocks/indicator?symbol=AAPL&resolution=D&from=1776150090&to=1778742090&indicator=rsi&timeperiod=14:0
[  409784ms] [ERROR] Failed to load resource: the server responded with a status of 500 (Internal Server Error) @ http://localhost:3000/api/stocks/indicator?symbol=AAPL&resolution=D&from=1776150090&to=1778742090&indicator=sma&timeperiod=50:0
[  409796ms] [ERROR] Failed to load resource: the server responded with a status of 500 (Internal Server Error) @ http://localhost:3000/api/stocks/indicator?symbol=AAPL&resolution=D&from=1776150090&to=1778742090&indicator=sma&timeperiod=20:0
[  410072ms] [ERROR] Failed to load resource: the server responded with a status of 500 (Internal Server Error) @ http://localhost:3000/api/stocks/candle?symbol=AAPL&resolution=D&from=1776150090&to=1778742090:0
[  411107ms] [ERROR] Failed to load resource: the server responded with a status of 500 (Internal Server Error) @ http://localhost:3000/api/stocks/indicator?symbol=AAPL&resolution=D&from=1776150090&to=1778742090&indicator=rsi&timeperiod=14:0
[  411112ms] [ERROR] Failed to load resource: the server responded with a status of 500 (Internal Server Error) @ http://localhost:3000/api/stocks/indicator?symbol=AAPL&resolution=D&from=1776150090&to=1778742090&indicator=sma&timeperiod=50:0
[  411156ms] [ERROR] Failed to load resource: the server responded with a status of 500 (Internal Server Error) @ http://localhost:3000/api/stocks/indicator?symbol=AAPL&resolution=D&from=1776150090&to=1778742090&indicator=sma&timeperiod=20:0
[  411206ms] [LOG] [Fast Refresh] rebuilding @ http://localhost:3000/_next/static/chunks/node_modules_next_dist_115brz8._.js:2431
[  411207ms] [LOG] [Fast Refresh] done in 113ms @ http://localhost:3000/_next/static/chunks/node_modules_next_dist_115brz8._.js:2431
[  411505ms] [ERROR] Failed to load resource: the server responded with a status of 500 (Internal Server Error) @ http://localhost:3000/api/stocks/indicator?symbol=AAPL&resolution=D&from=1776150091&to=1778742091&indicator=sma&timeperiod=50:0
[  411507ms] [ERROR] Failed to load resource: the server responded with a status of 500 (Internal Server Error) @ http://localhost:3000/api/stocks/indicator?symbol=AAPL&resolution=D&from=1776150091&to=1778742091&indicator=rsi&timeperiod=14:0
[  411511ms] [ERROR] Failed to load resource: the server responded with a status of 500 (Internal Server Error) @ http://localhost:3000/api/stocks/indicator?symbol=AAPL&resolution=D&from=1776150091&to=1778742091&indicator=sma&timeperiod=20:0
[  411593ms] [ERROR] Failed to load resource: the server responded with a status of 500 (Internal Server Error) @ http://localhost:3000/api/stocks/candle?symbol=AAPL&resolution=D&from=1776150090&to=1778742090:0
[  411899ms] [ERROR] Failed to load resource: the server responded with a status of 500 (Internal Server Error) @ http://localhost:3000/api/stocks/candle?symbol=AAPL&resolution=D&from=1776150092&to=1778742092:0
[  412825ms] [ERROR] Failed to load resource: the server responded with a status of 500 (Internal Server Error) @ http://localhost:3000/api/stocks/indicator?symbol=AAPL&resolution=D&from=1776150091&to=1778742091&indicator=sma&timeperiod=20:0
[  412829ms] [ERROR] Failed to load resource: the server responded with a status of 500 (Internal Server Error) @ http://localhost:3000/api/stocks/indicator?symbol=AAPL&resolution=D&from=1776150091&to=1778742091&indicator=rsi&timeperiod=14:0
[  412830ms] [ERROR] Failed to load resource: the server responded with a status of 500 (Internal Server Error) @ http://localhost:3000/api/stocks/indicator?symbol=AAPL&resolution=D&from=1776150091&to=1778742091&indicator=sma&timeperiod=50:0
[  413137ms] [ERROR] Failed to load resource: the server responded with a status of 500 (Internal Server Error) @ http://localhost:3000/api/stocks/indicator?symbol=AAPL&resolution=D&from=1776150093&to=1778742093&indicator=sma&timeperiod=20:0
[  413140ms] [ERROR] Failed to load resource: the server responded with a status of 500 (Internal Server Error) @ http://localhost:3000/api/stocks/indicator?symbol=AAPL&resolution=D&from=1776150093&to=1778742093&indicator=rsi&timeperiod=14:0
[  413142ms] [ERROR] Failed to load resource: the server responded with a status of 500 (Internal Server Error) @ http://localhost:3000/api/stocks/indicator?symbol=AAPL&resolution=D&from=1776150093&to=1778742093&indicator=sma&timeperiod=50:0
[  413223ms] [ERROR] Failed to load resource: the server responded with a status of 500 (Internal Server Error) @ http://localhost:3000/api/stocks/candle?symbol=AAPL&resolution=D&from=1776150092&to=1778742092:0
[  413526ms] [ERROR] Failed to load resource: the server responded with a status of 500 (Internal Server Error) @ http://localhost:3000/api/stocks/candle?symbol=AAPL&resolution=D&from=1776150094&to=1778742094:0
[  414478ms] [ERROR] Failed to load resource: the server responded with a status of 500 (Internal Server Error) @ http://localhost:3000/api/stocks/indicator?symbol=AAPL&resolution=D&from=1776150093&to=1778742093&indicator=rsi&timeperiod=14:0
[  414483ms] [ERROR] Failed to load resource: the server responded with a status of 500 (Internal Server Error) @ http://localhost:3000/api/stocks/indicator?symbol=AAPL&resolution=D&from=1776150093&to=1778742093&indicator=sma&timeperiod=50:0
[  414484ms] [ERROR] Failed to load resource: the server responded with a status of 500 (Internal Server Error) @ http://localhost:3000/api/stocks/indicator?symbol=AAPL&resolution=D&from=1776150093&to=1778742093&indicator=sma&timeperiod=20:0
[  414800ms] [ERROR] Failed to load resource: the server responded with a status of 500 (Internal Server Error) @ http://localhost:3000/api/stocks/indicator?symbol=AAPL&resolution=D&from=1776150095&to=1778742095&indicator=sma&timeperiod=20:0
[  414802ms] [ERROR] Failed to load resource: the server responded with a status of 500 (Internal Server Error) @ http://localhost:3000/api/stocks/indicator?symbol=AAPL&resolution=D&from=1776150095&to=1778742095&indicator=sma&timeperiod=50:0
[  414806ms] [ERROR] Failed to load resource: the server responded with a status of 500 (Internal Server Error) @ http://localhost:3000/api/stocks/indicator?symbol=AAPL&resolution=D&from=1776150095&to=1778742095&indicator=rsi&timeperiod=14:0
[  414866ms] [ERROR] Failed to load resource: the server responded with a status of 500 (Internal Server Error) @ http://localhost:3000/api/stocks/candle?symbol=AAPL&resolution=D&from=1776150094&to=1778742094:0
[  415162ms] [ERROR] Failed to load resource: the server responded with a status of 500 (Internal Server Error) @ http://localhost:3000/api/stocks/candle?symbol=AAPL&resolution=D&from=1776150095&to=1778742095:0
[  416091ms] [ERROR] Failed to load resource: the server responded with a status of 500 (Internal Server Error) @ http://localhost:3000/api/stocks/indicator?symbol=AAPL&resolution=D&from=1776150095&to=1778742095&indicator=sma&timeperiod=20:0
[  416096ms] [ERROR] Failed to load resource: the server responded with a status of 500 (Internal Server Error) @ http://localhost:3000/api/stocks/indicator?symbol=AAPL&resolution=D&from=1776150095&to=1778742095&indicator=sma&timeperiod=50:0
[  416114ms] [ERROR] Failed to load resource: the server responded with a status of 500 (Internal Server Error) @ http://localhost:3000/api/stocks/indicator?symbol=AAPL&resolution=D&from=1776150095&to=1778742095&indicator=rsi&timeperiod=14:0
[  416387ms] [ERROR] Failed to load resource: the server responded with a status of 500 (Internal Server Error) @ http://localhost:3000/api/stocks/indicator?symbol=AAPL&resolution=D&from=1776150096&to=1778742096&indicator=rsi&timeperiod=14:0
[  416398ms] [ERROR] Failed to load resource: the server responded with a status of 500 (Internal Server Error) @ http://localhost:3000/api/stocks/indicator?symbol=AAPL&resolution=D&from=1776150096&to=1778742096&indicator=sma&timeperiod=20:0
[  416402ms] [ERROR] Failed to load resource: the server responded with a status of 500 (Internal Server Error) @ http://localhost:3000/api/stocks/indicator?symbol=AAPL&resolution=D&from=1776150096&to=1778742096&indicator=sma&timeperiod=50:0
[  416479ms] [ERROR] Failed to load resource: the server responded with a status of 500 (Internal Server Error) @ http://localhost:3000/api/stocks/candle?symbol=AAPL&resolution=D&from=1776150095&to=1778742095:0
[  416769ms] [ERROR] Failed to load resource: the server responded with a status of 500 (Internal Server Error) @ http://localhost:3000/api/stocks/candle?symbol=AAPL&resolution=D&from=1776150097&to=1778742097:0
[  417736ms] [ERROR] Failed to load resource: the server responded with a status of 500 (Internal Server Error) @ http://localhost:3000/api/stocks/indicator?symbol=AAPL&resolution=D&from=1776150096&to=1778742096&indicator=sma&timeperiod=20:0
[  417755ms] [ERROR] Failed to load resource: the server responded with a status of 500 (Internal Server Error) @ http://localhost:3000/api/stocks/indicator?symbol=AAPL&resolution=D&from=1776150096&to=1778742096&indicator=rsi&timeperiod=14:0
[  417775ms] [ERROR] Failed to load resource: the server responded with a status of 500 (Internal Server Error) @ http://localhost:3000/api/stocks/indicator?symbol=AAPL&resolution=D&from=1776150096&to=1778742096&indicator=sma&timeperiod=50:0
[  418031ms] [ERROR] Failed to load resource: the server responded with a status of 500 (Internal Server Error) @ http://localhost:3000/api/stocks/indicator?symbol=AAPL&resolution=D&from=1776150098&to=1778742098&indicator=sma&timeperiod=20:0
[  418041ms] [ERROR] Failed to load resource: the server responded with a status of 500 (Internal Server Error) @ http://localhost:3000/api/stocks/indicator?symbol=AAPL&resolution=D&from=1776150098&to=1778742098&indicator=rsi&timeperiod=14:0
[  418057ms] [ERROR] Failed to load resource: the server responded with a status of 500 (Internal Server Error) @ http://localhost:3000/api/stocks/candle?symbol=AAPL&resolution=D&from=1776150097&to=1778742097:0
[  418061ms] [ERROR] Failed to load resource: the server responded with a status of 500 (Internal Server Error) @ http://localhost:3000/api/stocks/indicator?symbol=AAPL&resolution=D&from=1776150098&to=1778742098&indicator=sma&timeperiod=50:0
[  418355ms] [ERROR] Failed to load resource: the server responded with a status of 500 (Internal Server Error) @ http://localhost:3000/api/stocks/candle?symbol=AAPL&resolution=D&from=1776150098&to=1778742098:0
[  419340ms] [ERROR] Failed to load resource: the server responded with a status of 500 (Internal Server Error) @ http://localhost:3000/api/stocks/indicator?symbol=AAPL&resolution=D&from=1776150098&to=1778742098&indicator=sma&timeperiod=20:0
[  419344ms] [ERROR] Failed to load resource: the server responded with a status of 500 (Internal Server Error) @ http://localhost:3000/api/stocks/indicator?symbol=AAPL&resolution=D&from=1776150098&to=1778742098&indicator=rsi&timeperiod=14:0
[  419362ms] [ERROR] Failed to load resource: the server responded with a status of 500 (Internal Server Error) @ http://localhost:3000/api/stocks/indicator?symbol=AAPL&resolution=D&from=1776150098&to=1778742098&indicator=sma&timeperiod=50:0
[  419635ms] [ERROR] Failed to load resource: the server responded with a status of 500 (Internal Server Error) @ http://localhost:3000/api/stocks/indicator?symbol=AAPL&resolution=D&from=1776150100&to=1778742100&indicator=sma&timeperiod=20:0
[  419637ms] [ERROR] Failed to load resource: the server responded with a status of 500 (Internal Server Error) @ http://localhost:3000/api/stocks/indicator?symbol=AAPL&resolution=D&from=1776150100&to=1778742100&indicator=sma&timeperiod=50:0
[  419640ms] [ERROR] Failed to load resource: the server responded with a status of 500 (Internal Server Error) @ http://localhost:3000/api/stocks/indicator?symbol=AAPL&resolution=D&from=1776150100&to=1778742100&indicator=rsi&timeperiod=14:0
[  419668ms] [ERROR] Failed to load resource: the server responded with a status of 500 (Internal Server Error) @ http://localhost:3000/api/stocks/candle?symbol=AAPL&resolution=D&from=1776150098&to=1778742098:0
[  419957ms] [ERROR] Failed to load resource: the server responded with a status of 500 (Internal Server Error) @ http://localhost:3000/api/stocks/candle?symbol=AAPL&resolution=D&from=1776150100&to=1778742100:0
[  420926ms] [ERROR] Failed to load resource: the server responded with a status of 500 (Internal Server Error) @ http://localhost:3000/api/stocks/indicator?symbol=AAPL&resolution=D&from=1776150100&to=1778742100&indicator=sma&timeperiod=20:0
[  420941ms] [ERROR] Failed to load resource: the server responded with a status of 500 (Internal Server Error) @ http://localhost:3000/api/stocks/indicator?symbol=AAPL&resolution=D&from=1776150100&to=1778742100&indicator=rsi&timeperiod=14:0
[  420950ms] [ERROR] Failed to load resource: the server responded with a status of 500 (Internal Server Error) @ http://localhost:3000/api/stocks/indicator?symbol=AAPL&resolution=D&from=1776150100&to=1778742100&indicator=sma&timeperiod=50:0
[  421218ms] [ERROR] Failed to load resource: the server responded with a status of 500 (Internal Server Error) @ http://localhost:3000/api/stocks/indicator?symbol=AAPL&resolution=D&from=1776150101&to=1778742101&indicator=sma&timeperiod=20:0
[  421224ms] [ERROR] Failed to load resource: the server responded with a status of 500 (Internal Server Error) @ http://localhost:3000/api/stocks/indicator?symbol=AAPL&resolution=D&from=1776150101&to=1778742101&indicator=rsi&timeperiod=14:0
[  421232ms] [ERROR] Failed to load resource: the server responded with a status of 500 (Internal Server Error) @ http://localhost:3000/api/stocks/indicator?symbol=AAPL&resolution=D&from=1776150101&to=1778742101&indicator=sma&timeperiod=50:0
[  421281ms] [ERROR] Failed to load resource: the server responded with a status of 500 (Internal Server Error) @ http://localhost:3000/api/stocks/candle?symbol=AAPL&resolution=D&from=1776150100&to=1778742100:0
[  421566ms] [ERROR] Failed to load resource: the server responded with a status of 500 (Internal Server Error) @ http://localhost:3000/api/stocks/candle?symbol=AAPL&resolution=D&from=1776150102&to=1778742102:0
[  422522ms] [ERROR] Failed to load resource: the server responded with a status of 500 (Internal Server Error) @ http://localhost:3000/api/stocks/indicator?symbol=AAPL&resolution=D&from=1776150101&to=1778742101&indicator=rsi&timeperiod=14:0
[  422539ms] [ERROR] Failed to load resource: the server responded with a status of 500 (Internal Server Error) @ http://localhost:3000/api/stocks/indicator?symbol=AAPL&resolution=D&from=1776150101&to=1778742101&indicator=sma&timeperiod=20:0
[  422541ms] [ERROR] Failed to load resource: the server responded with a status of 500 (Internal Server Error) @ http://localhost:3000/api/stocks/indicator?symbol=AAPL&resolution=D&from=1776150101&to=1778742101&indicator=sma&timeperiod=50:0
[  422826ms] [ERROR] Failed to load resource: the server responded with a status of 500 (Internal Server Error) @ http://localhost:3000/api/stocks/indicator?symbol=AAPL&resolution=D&from=1776150103&to=1778742103&indicator=rsi&timeperiod=14:0
[  422828ms] [ERROR] Failed to load resource: the server responded with a status of 500 (Internal Server Error) @ http://localhost:3000/api/stocks/indicator?symbol=AAPL&resolution=D&from=1776150103&to=1778742103&indicator=sma&timeperiod=20:0
[  422834ms] [ERROR] Failed to load resource: the server responded with a status of 500 (Internal Server Error) @ http://localhost:3000/api/stocks/indicator?symbol=AAPL&resolution=D&from=1776150103&to=1778742103&indicator=sma&timeperiod=50:0
[  422901ms] [ERROR] Failed to load resource: the server responded with a status of 500 (Internal Server Error) @ http://localhost:3000/api/stocks/candle?symbol=AAPL&resolution=D&from=1776150102&to=1778742102:0
[  423207ms] [ERROR] Failed to load resource: the server responded with a status of 500 (Internal Server Error) @ http://localhost:3000/api/stocks/candle?symbol=AAPL&resolution=D&from=1776150103&to=1778742103:0
[  424128ms] [ERROR] Failed to load resource: the server responded with a status of 500 (Internal Server Error) @ http://localhost:3000/api/stocks/indicator?symbol=AAPL&resolution=D&from=1776150103&to=1778742103&indicator=sma&timeperiod=50:0
[  424135ms] [ERROR] Failed to load resource: the server responded with a status of 500 (Internal Server Error) @ http://localhost:3000/api/stocks/indicator?symbol=AAPL&resolution=D&from=1776150103&to=1778742103&indicator=rsi&timeperiod=14:0
[  424148ms] [ERROR] Failed to load resource: the server responded with a status of 500 (Internal Server Error) @ http://localhost:3000/api/stocks/indicator?symbol=AAPL&resolution=D&from=1776150103&to=1778742103&indicator=sma&timeperiod=20:0
[  424421ms] [ERROR] Failed to load resource: the server responded with a status of 500 (Internal Server Error) @ http://localhost:3000/api/stocks/indicator?symbol=AAPL&resolution=D&from=1776150104&to=1778742104&indicator=sma&timeperiod=20:0
[  424428ms] [ERROR] Failed to load resource: the server responded with a status of 500 (Internal Server Error) @ http://localhost:3000/api/stocks/indicator?symbol=AAPL&resolution=D&from=1776150104&to=1778742104&indicator=rsi&timeperiod=14:0
[  424435ms] [ERROR] Failed to load resource: the server responded with a status of 500 (Internal Server Error) @ http://localhost:3000/api/stocks/indicator?symbol=AAPL&resolution=D&from=1776150104&to=1778742104&indicator=sma&timeperiod=50:0
[  424529ms] [ERROR] Failed to load resource: the server responded with a status of 500 (Internal Server Error) @ http://localhost:3000/api/stocks/candle?symbol=AAPL&resolution=D&from=1776150103&to=1778742103:0
[  424823ms] [ERROR] Failed to load resource: the server responded with a status of 500 (Internal Server Error) @ http://localhost:3000/api/stocks/candle?symbol=AAPL&resolution=D&from=1776150105&to=1778742105:0
[  425731ms] [ERROR] Failed to load resource: the server responded with a status of 500 (Internal Server Error) @ http://localhost:3000/api/stocks/indicator?symbol=AAPL&resolution=D&from=1776150104&to=1778742104&indicator=sma&timeperiod=50:0
[  425736ms] [ERROR] Failed to load resource: the server responded with a status of 500 (Internal Server Error) @ http://localhost:3000/api/stocks/indicator?symbol=AAPL&resolution=D&from=1776150104&to=1778742104&indicator=rsi&timeperiod=14:0
[  425740ms] [ERROR] Failed to load resource: the server responded with a status of 500 (Internal Server Error) @ http://localhost:3000/api/stocks/indicator?symbol=AAPL&resolution=D&from=1776150104&to=1778742104&indicator=sma&timeperiod=20:0
[  426042ms] [ERROR] Failed to load resource: the server responded with a status of 500 (Internal Server Error) @ http://localhost:3000/api/stocks/indicator?symbol=AAPL&resolution=D&from=1776150106&to=1778742106&indicator=sma&timeperiod=20:0
[  426045ms] [ERROR] Failed to load resource: the server responded with a status of 500 (Internal Server Error) @ http://localhost:3000/api/stocks/indicator?symbol=AAPL&resolution=D&from=1776150106&to=1778742106&indicator=rsi&timeperiod=14:0
[  426047ms] [ERROR] Failed to load resource: the server responded with a status of 500 (Internal Server Error) @ http://localhost:3000/api/stocks/indicator?symbol=AAPL&resolution=D&from=1776150106&to=1778742106&indicator=sma&timeperiod=50:0
[  426172ms] [ERROR] Failed to load resource: the server responded with a status of 500 (Internal Server Error) @ http://localhost:3000/api/stocks/candle?symbol=AAPL&resolution=D&from=1776150105&to=1778742105:0
[  426521ms] [ERROR] Failed to load resource: the server responded with a status of 500 (Internal Server Error) @ http://localhost:3000/api/stocks/candle?symbol=AAPL&resolution=D&from=1776150106&to=1778742106:0
[  427345ms] [ERROR] Failed to load resource: the server responded with a status of 500 (Internal Server Error) @ http://localhost:3000/api/stocks/indicator?symbol=AAPL&resolution=D&from=1776150106&to=1778742106&indicator=sma&timeperiod=20:0
[  427354ms] [ERROR] Failed to load resource: the server responded with a status of 500 (Internal Server Error) @ http://localhost:3000/api/stocks/indicator?symbol=AAPL&resolution=D&from=1776150106&to=1778742106&indicator=sma&timeperiod=50:0
[  427357ms] [ERROR] Failed to load resource: the server responded with a status of 500 (Internal Server Error) @ http://localhost:3000/api/stocks/indicator?symbol=AAPL&resolution=D&from=1776150106&to=1778742106&indicator=rsi&timeperiod=14:0
[  427648ms] [ERROR] Failed to load resource: the server responded with a status of 500 (Internal Server Error) @ http://localhost:3000/api/stocks/indicator?symbol=AAPL&resolution=D&from=1776150108&to=1778742108&indicator=sma&timeperiod=20:0
[  427652ms] [ERROR] Failed to load resource: the server responded with a status of 500 (Internal Server Error) @ http://localhost:3000/api/stocks/indicator?symbol=AAPL&resolution=D&from=1776150108&to=1778742108&indicator=rsi&timeperiod=14:0
[  427654ms] [ERROR] Failed to load resource: the server responded with a status of 500 (Internal Server Error) @ http://localhost:3000/api/stocks/indicator?symbol=AAPL&resolution=D&from=1776150108&to=1778742108&indicator=sma&timeperiod=50:0
[  427837ms] [ERROR] Failed to load resource: the server responded with a status of 500 (Internal Server Error) @ http://localhost:3000/api/stocks/candle?symbol=AAPL&resolution=D&from=1776150106&to=1778742106:0
[  428131ms] [ERROR] Failed to load resource: the server responded with a status of 500 (Internal Server Error) @ http://localhost:3000/api/stocks/candle?symbol=AAPL&resolution=D&from=1776150108&to=1778742108:0
[  428947ms] [ERROR] Failed to load resource: the server responded with a status of 500 (Internal Server Error) @ http://localhost:3000/api/stocks/indicator?symbol=AAPL&resolution=D&from=1776150108&to=1778742108&indicator=sma&timeperiod=20:0
[  428959ms] [ERROR] Failed to load resource: the server responded with a status of 500 (Internal Server Error) @ http://localhost:3000/api/stocks/indicator?symbol=AAPL&resolution=D&from=1776150108&to=1778742108&indicator=rsi&timeperiod=14:0
[  428972ms] [ERROR] Failed to load resource: the server responded with a status of 500 (Internal Server Error) @ http://localhost:3000/api/stocks/indicator?symbol=AAPL&resolution=D&from=1776150108&to=1778742108&indicator=sma&timeperiod=50:0
[  429247ms] [ERROR] Failed to load resource: the server responded with a status of 500 (Internal Server Error) @ http://localhost:3000/api/stocks/indicator?symbol=AAPL&resolution=D&from=1776150109&to=1778742109&indicator=rsi&timeperiod=14:0
[  429308ms] [ERROR] Failed to load resource: the server responded with a status of 500 (Internal Server Error) @ http://localhost:3000/api/stocks/indicator?symbol=AAPL&resolution=D&from=1776150109&to=1778742109&indicator=sma&timeperiod=20:0
[  429325ms] [ERROR] Failed to load resource: the server responded with a status of 500 (Internal Server Error) @ http://localhost:3000/api/stocks/indicator?symbol=AAPL&resolution=D&from=1776150109&to=1778742109&indicator=sma&timeperiod=50:0
[  429460ms] [ERROR] Failed to load resource: the server responded with a status of 500 (Internal Server Error) @ http://localhost:3000/api/stocks/candle?symbol=AAPL&resolution=D&from=1776150108&to=1778742108:0
[  429777ms] [ERROR] Failed to load resource: the server responded with a status of 500 (Internal Server Error) @ http://localhost:3000/api/stocks/candle?symbol=AAPL&resolution=D&from=1776150110&to=1778742110:0
[  430546ms] [ERROR] Failed to load resource: the server responded with a status of 500 (Internal Server Error) @ http://localhost:3000/api/stocks/indicator?symbol=AAPL&resolution=D&from=1776150109&to=1778742109&indicator=rsi&timeperiod=14:0
[  430623ms] [ERROR] Failed to load resource: the server responded with a status of 500 (Internal Server Error) @ http://localhost:3000/api/stocks/indicator?symbol=AAPL&resolution=D&from=1776150109&to=1778742109&indicator=sma&timeperiod=20:0
[  430626ms] [ERROR] Failed to load resource: the server responded with a status of 500 (Internal Server Error) @ http://localhost:3000/api/stocks/indicator?symbol=AAPL&resolution=D&from=1776150109&to=1778742109&indicator=sma&timeperiod=50:0
[  430837ms] [ERROR] Failed to load resource: the server responded with a status of 500 (Internal Server Error) @ http://localhost:3000/api/stocks/indicator?symbol=AAPL&resolution=D&from=1776150111&to=1778742111&indicator=rsi&timeperiod=14:0
[  430871ms] [ERROR] Failed to load resource: the server responded with a status of 500 (Internal Server Error) @ http://localhost:3000/api/stocks/indicator?symbol=AAPL&resolution=D&from=1776150111&to=1778742111&indicator=sma&timeperiod=20:0
[  430935ms] [ERROR] Failed to load resource: the server responded with a status of 500 (Internal Server Error) @ http://localhost:3000/api/stocks/indicator?symbol=AAPL&resolution=D&from=1776150111&to=1778742111&indicator=sma&timeperiod=50:0
[  431113ms] [ERROR] Failed to load resource: the server responded with a status of 500 (Internal Server Error) @ http://localhost:3000/api/stocks/candle?symbol=AAPL&resolution=D&from=1776150110&to=1778742110:0
[  431403ms] [ERROR] Failed to load resource: the server responded with a status of 500 (Internal Server Error) @ http://localhost:3000/api/stocks/candle?symbol=AAPL&resolution=D&from=1776150111&to=1778742111:0
[  432148ms] [ERROR] Failed to load resource: the server responded with a status of 500 (Internal Server Error) @ http://localhost:3000/api/stocks/indicator?symbol=AAPL&resolution=D&from=1776150111&to=1778742111&indicator=rsi&timeperiod=14:0
[  432204ms] [ERROR] Failed to load resource: the server responded with a status of 500 (Internal Server Error) @ http://localhost:3000/api/stocks/indicator?symbol=AAPL&resolution=D&from=1776150111&to=1778742111&indicator=sma&timeperiod=20:0
[  432260ms] [ERROR] Failed to load resource: the server responded with a status of 500 (Internal Server Error) @ http://localhost:3000/api/stocks/indicator?symbol=AAPL&resolution=D&from=1776150111&to=1778742111&indicator=sma&timeperiod=50:0
[  432481ms] [ERROR] Failed to load resource: the server responded with a status of 500 (Internal Server Error) @ http://localhost:3000/api/stocks/indicator?symbol=AAPL&resolution=D&from=1776150112&to=1778742112&indicator=rsi&timeperiod=14:0
[  432495ms] [ERROR] Failed to load resource: the server responded with a status of 500 (Internal Server Error) @ http://localhost:3000/api/stocks/indicator?symbol=AAPL&resolution=D&from=1776150112&to=1778742112&indicator=sma&timeperiod=50:0
[  432730ms] [ERROR] Failed to load resource: the server responded with a status of 500 (Internal Server Error) @ http://localhost:3000/api/stocks/candle?symbol=AAPL&resolution=D&from=1776150111&to=1778742111:0
[  432961ms] [ERROR] Failed to load resource: the server responded with a status of 500 (Internal Server Error) @ http://localhost:3000/api/stocks/indicator?symbol=AAPL&resolution=D&from=1776150112&to=1778742112&indicator=sma&timeperiod=20:0
[  433036ms] [ERROR] Failed to load resource: the server responded with a status of 500 (Internal Server Error) @ http://localhost:3000/api/stocks/candle?symbol=AAPL&resolution=D&from=1776150113&to=1778742113:0
[  433772ms] [ERROR] Failed to load resource: the server responded with a status of 500 (Internal Server Error) @ http://localhost:3000/api/stocks/indicator?symbol=AAPL&resolution=D&from=1776150112&to=1778742112&indicator=rsi&timeperiod=14:0
[  433788ms] [ERROR] Failed to load resource: the server responded with a status of 500 (Internal Server Error) @ http://localhost:3000/api/stocks/indicator?symbol=AAPL&resolution=D&from=1776150112&to=1778742112&indicator=sma&timeperiod=50:0
[  434069ms] [ERROR] Failed to load resource: the server responded with a status of 500 (Internal Server Error) @ http://localhost:3000/api/stocks/indicator?symbol=AAPL&resolution=D&from=1776150114&to=1778742114&indicator=rsi&timeperiod=14:0
[  434071ms] [ERROR] Failed to load resource: the server responded with a status of 500 (Internal Server Error) @ http://localhost:3000/api/stocks/indicator?symbol=AAPL&resolution=D&from=1776150114&to=1778742114&indicator=sma&timeperiod=20:0
[  434080ms] [ERROR] Failed to load resource: the server responded with a status of 500 (Internal Server Error) @ http://localhost:3000/api/stocks/indicator?symbol=AAPL&resolution=D&from=1776150114&to=1778742114&indicator=sma&timeperiod=50:0
[  434363ms] [ERROR] Failed to load resource: the server responded with a status of 500 (Internal Server Error) @ http://localhost:3000/api/stocks/candle?symbol=AAPL&resolution=D&from=1776150113&to=1778742113:0
[  434644ms] [ERROR] Failed to load resource: the server responded with a status of 500 (Internal Server Error) @ http://localhost:3000/api/stocks/candle?symbol=AAPL&resolution=D&from=1776150115&to=1778742115:0
[  435423ms] [ERROR] Failed to load resource: the server responded with a status of 500 (Internal Server Error) @ http://localhost:3000/api/stocks/indicator?symbol=AAPL&resolution=D&from=1776150114&to=1778742114&indicator=sma&timeperiod=50:0
[  435455ms] [ERROR] Failed to load resource: the server responded with a status of 500 (Internal Server Error) @ http://localhost:3000/api/stocks/indicator?symbol=AAPL&resolution=D&from=1776150114&to=1778742114&indicator=rsi&timeperiod=14:0
[  435458ms] [ERROR] Failed to load resource: the server responded with a status of 500 (Internal Server Error) @ http://localhost:3000/api/stocks/indicator?symbol=AAPL&resolution=D&from=1776150114&to=1778742114&indicator=sma&timeperiod=20:0
[  435767ms] [ERROR] Failed to load resource: the server responded with a status of 500 (Internal Server Error) @ http://localhost:3000/api/stocks/indicator?symbol=AAPL&resolution=D&from=1776150116&to=1778742116&indicator=sma&timeperiod=50:0
[  435770ms] [ERROR] Failed to load resource: the server responded with a status of 500 (Internal Server Error) @ http://localhost:3000/api/stocks/indicator?symbol=AAPL&resolution=D&from=1776150116&to=1778742116&indicator=rsi&timeperiod=14:0
[  435795ms] [ERROR] Failed to load resource: the server responded with a status of 500 (Internal Server Error) @ http://localhost:3000/api/stocks/indicator?symbol=AAPL&resolution=D&from=1776150116&to=1778742116&indicator=sma&timeperiod=20:0
[  435990ms] [ERROR] Failed to load resource: the server responded with a status of 500 (Internal Server Error) @ http://localhost:3000/api/stocks/candle?symbol=AAPL&resolution=D&from=1776150115&to=1778742115:0
[  436290ms] [ERROR] Failed to load resource: the server responded with a status of 500 (Internal Server Error) @ http://localhost:3000/api/stocks/candle?symbol=AAPL&resolution=D&from=1776150116&to=1778742116:0
[  437058ms] [ERROR] Failed to load resource: the server responded with a status of 500 (Internal Server Error) @ http://localhost:3000/api/stocks/indicator?symbol=AAPL&resolution=D&from=1776150116&to=1778742116&indicator=sma&timeperiod=50:0
[  437072ms] [ERROR] Failed to load resource: the server responded with a status of 500 (Internal Server Error) @ http://localhost:3000/api/stocks/indicator?symbol=AAPL&resolution=D&from=1776150116&to=1778742116&indicator=rsi&timeperiod=14:0
[  437085ms] [ERROR] Failed to load resource: the server responded with a status of 500 (Internal Server Error) @ http://localhost:3000/api/stocks/indicator?symbol=AAPL&resolution=D&from=1776150116&to=1778742116&indicator=sma&timeperiod=20:0
[  437353ms] [ERROR] Failed to load resource: the server responded with a status of 500 (Internal Server Error) @ http://localhost:3000/api/stocks/indicator?symbol=AAPL&resolution=D&from=1776150117&to=1778742117&indicator=rsi&timeperiod=14:0
[  437361ms] [ERROR] Failed to load resource: the server responded with a status of 500 (Internal Server Error) @ http://localhost:3000/api/stocks/indicator?symbol=AAPL&resolution=D&from=1776150117&to=1778742117&indicator=sma&timeperiod=20:0
[  437368ms] [ERROR] Failed to load resource: the server responded with a status of 500 (Internal Server Error) @ http://localhost:3000/api/stocks/indicator?symbol=AAPL&resolution=D&from=1776150117&to=1778742117&indicator=sma&timeperiod=50:0
[  437619ms] [ERROR] Failed to load resource: the server responded with a status of 500 (Internal Server Error) @ http://localhost:3000/api/stocks/candle?symbol=AAPL&resolution=D&from=1776150116&to=1778742116:0
[  437918ms] [ERROR] Failed to load resource: the server responded with a status of 500 (Internal Server Error) @ http://localhost:3000/api/stocks/candle?symbol=AAPL&resolution=D&from=1776150118&to=1778742118:0
[  438695ms] [ERROR] Failed to load resource: the server responded with a status of 500 (Internal Server Error) @ http://localhost:3000/api/stocks/indicator?symbol=AAPL&resolution=D&from=1776150117&to=1778742117&indicator=sma&timeperiod=50:0
[  438700ms] [ERROR] Failed to load resource: the server responded with a status of 500 (Internal Server Error) @ http://localhost:3000/api/stocks/indicator?symbol=AAPL&resolution=D&from=1776150117&to=1778742117&indicator=sma&timeperiod=20:0
[  438701ms] [ERROR] Failed to load resource: the server responded with a status of 500 (Internal Server Error) @ http://localhost:3000/api/stocks/indicator?symbol=AAPL&resolution=D&from=1776150117&to=1778742117&indicator=rsi&timeperiod=14:0
[  438996ms] [ERROR] Failed to load resource: the server responded with a status of 500 (Internal Server Error) @ http://localhost:3000/api/stocks/indicator?symbol=AAPL&resolution=D&from=1776150119&to=1778742119&indicator=sma&timeperiod=50:0
[  438999ms] [ERROR] Failed to load resource: the server responded with a status of 500 (Internal Server Error) @ http://localhost:3000/api/stocks/indicator?symbol=AAPL&resolution=D&from=1776150119&to=1778742119&indicator=sma&timeperiod=20:0
[  439027ms] [ERROR] Failed to load resource: the server responded with a status of 500 (Internal Server Error) @ http://localhost:3000/api/stocks/indicator?symbol=AAPL&resolution=D&from=1776150119&to=1778742119&indicator=rsi&timeperiod=14:0
[  439240ms] [ERROR] Failed to load resource: the server responded with a status of 500 (Internal Server Error) @ http://localhost:3000/api/stocks/candle?symbol=AAPL&resolution=D&from=1776150118&to=1778742118:0
[  439548ms] [ERROR] Failed to load resource: the server responded with a status of 500 (Internal Server Error) @ http://localhost:3000/api/stocks/candle?symbol=AAPL&resolution=D&from=1776150120&to=1778742120:0
[  440296ms] [ERROR] Failed to load resource: the server responded with a status of 500 (Internal Server Error) @ http://localhost:3000/api/stocks/indicator?symbol=AAPL&resolution=D&from=1776150119&to=1778742119&indicator=sma&timeperiod=20:0
[  440301ms] [ERROR] Failed to load resource: the server responded with a status of 500 (Internal Server Error) @ http://localhost:3000/api/stocks/indicator?symbol=AAPL&resolution=D&from=1776150119&to=1778742119&indicator=sma&timeperiod=50:0
[  440323ms] [ERROR] Failed to load resource: the server responded with a status of 500 (Internal Server Error) @ http://localhost:3000/api/stocks/indicator?symbol=AAPL&resolution=D&from=1776150119&to=1778742119&indicator=rsi&timeperiod=14:0
[  440595ms] [ERROR] Failed to load resource: the server responded with a status of 500 (Internal Server Error) @ http://localhost:3000/api/stocks/indicator?symbol=AAPL&resolution=D&from=1776150121&to=1778742121&indicator=rsi&timeperiod=14:0
[  440603ms] [ERROR] Failed to load resource: the server responded with a status of 500 (Internal Server Error) @ http://localhost:3000/api/stocks/indicator?symbol=AAPL&resolution=D&from=1776150121&to=1778742121&indicator=sma&timeperiod=20:0
[  440631ms] [ERROR] Failed to load resource: the server responded with a status of 500 (Internal Server Error) @ http://localhost:3000/api/stocks/indicator?symbol=AAPL&resolution=D&from=1776150121&to=1778742121&indicator=sma&timeperiod=50:0
[  440837ms] [ERROR] Failed to load resource: the server responded with a status of 500 (Internal Server Error) @ http://localhost:3000/api/stocks/candle?symbol=AAPL&resolution=D&from=1776150120&to=1778742120:0
[  441138ms] [ERROR] Failed to load resource: the server responded with a status of 500 (Internal Server Error) @ http://localhost:3000/api/stocks/candle?symbol=AAPL&resolution=D&from=1776150121&to=1778742121:0
[  441916ms] [ERROR] Failed to load resource: the server responded with a status of 500 (Internal Server Error) @ http://localhost:3000/api/stocks/indicator?symbol=AAPL&resolution=D&from=1776150121&to=1778742121&indicator=sma&timeperiod=20:0
[  441921ms] [ERROR] Failed to load resource: the server responded with a status of 500 (Internal Server Error) @ http://localhost:3000/api/stocks/indicator?symbol=AAPL&resolution=D&from=1776150121&to=1778742121&indicator=rsi&timeperiod=14:0
[  441957ms] [ERROR] Failed to load resource: the server responded with a status of 500 (Internal Server Error) @ http://localhost:3000/api/stocks/indicator?symbol=AAPL&resolution=D&from=1776150121&to=1778742121&indicator=sma&timeperiod=50:0
[  442216ms] [ERROR] Failed to load resource: the server responded with a status of 500 (Internal Server Error) @ http://localhost:3000/api/stocks/indicator?symbol=AAPL&resolution=D&from=1776150122&to=1778742122&indicator=rsi&timeperiod=14:0
[  442226ms] [ERROR] Failed to load resource: the server responded with a status of 500 (Internal Server Error) @ http://localhost:3000/api/stocks/indicator?symbol=AAPL&resolution=D&from=1776150122&to=1778742122&indicator=sma&timeperiod=20:0
[  442244ms] [ERROR] Failed to load resource: the server responded with a status of 500 (Internal Server Error) @ http://localhost:3000/api/stocks/indicator?symbol=AAPL&resolution=D&from=1776150122&to=1778742122&indicator=sma&timeperiod=50:0
[  442421ms] [ERROR] Failed to load resource: the server responded with a status of 500 (Internal Server Error) @ http://localhost:3000/api/stocks/candle?symbol=AAPL&resolution=D&from=1776150121&to=1778742121:0
[  442710ms] [ERROR] Failed to load resource: the server responded with a status of 500 (Internal Server Error) @ http://localhost:3000/api/stocks/candle?symbol=AAPL&resolution=D&from=1776150123&to=1778742123:0
[  443512ms] [ERROR] Failed to load resource: the server responded with a status of 500 (Internal Server Error) @ http://localhost:3000/api/stocks/indicator?symbol=AAPL&resolution=D&from=1776150122&to=1778742122&indicator=rsi&timeperiod=14:0
[  443529ms] [ERROR] Failed to load resource: the server responded with a status of 500 (Internal Server Error) @ http://localhost:3000/api/stocks/indicator?symbol=AAPL&resolution=D&from=1776150122&to=1778742122&indicator=sma&timeperiod=20:0
[  443532ms] [ERROR] Failed to load resource: the server responded with a status of 500 (Internal Server Error) @ http://localhost:3000/api/stocks/indicator?symbol=AAPL&resolution=D&from=1776150122&to=1778742122&indicator=sma&timeperiod=50:0
[  443803ms] [ERROR] Failed to load resource: the server responded with a status of 500 (Internal Server Error) @ http://localhost:3000/api/stocks/indicator?symbol=AAPL&resolution=D&from=1776150124&to=1778742124&indicator=rsi&timeperiod=14:0
[  443810ms] [ERROR] Failed to load resource: the server responded with a status of 500 (Internal Server Error) @ http://localhost:3000/api/stocks/indicator?symbol=AAPL&resolution=D&from=1776150124&to=1778742124&indicator=sma&timeperiod=20:0
[  443819ms] [ERROR] Failed to load resource: the server responded with a status of 500 (Internal Server Error) @ http://localhost:3000/api/stocks/indicator?symbol=AAPL&resolution=D&from=1776150124&to=1778742124&indicator=sma&timeperiod=50:0
[  444069ms] [ERROR] Failed to load resource: the server responded with a status of 500 (Internal Server Error) @ http://localhost:3000/api/stocks/candle?symbol=AAPL&resolution=D&from=1776150123&to=1778742123:0
[  444393ms] [ERROR] Failed to load resource: the server responded with a status of 500 (Internal Server Error) @ http://localhost:3000/api/stocks/candle?symbol=AAPL&resolution=D&from=1776150124&to=1778742124:0
[  445108ms] [ERROR] Failed to load resource: the server responded with a status of 500 (Internal Server Error) @ http://localhost:3000/api/stocks/indicator?symbol=AAPL&resolution=D&from=1776150124&to=1778742124&indicator=rsi&timeperiod=14:0
[  445113ms] [ERROR] Failed to load resource: the server responded with a status of 500 (Internal Server Error) @ http://localhost:3000/api/stocks/indicator?symbol=AAPL&resolution=D&from=1776150124&to=1778742124&indicator=sma&timeperiod=20:0
[  445133ms] [ERROR] Failed to load resource: the server responded with a status of 500 (Internal Server Error) @ http://localhost:3000/api/stocks/indicator?symbol=AAPL&resolution=D&from=1776150124&to=1778742124&indicator=sma&timeperiod=50:0
[  445408ms] [ERROR] Failed to load resource: the server responded with a status of 500 (Internal Server Error) @ http://localhost:3000/api/stocks/indicator?symbol=AAPL&resolution=D&from=1776150125&to=1778742125&indicator=sma&timeperiod=20:0
[  445411ms] [ERROR] Failed to load resource: the server responded with a status of 500 (Internal Server Error) @ http://localhost:3000/api/stocks/indicator?symbol=AAPL&resolution=D&from=1776150125&to=1778742125&indicator=rsi&timeperiod=14:0
[  445445ms] [ERROR] Failed to load resource: the server responded with a status of 500 (Internal Server Error) @ http://localhost:3000/api/stocks/indicator?symbol=AAPL&resolution=D&from=1776150125&to=1778742125&indicator=sma&timeperiod=50:0
[  445504ms] [LOG] [Fast Refresh] rebuilding @ http://localhost:3000/_next/static/chunks/node_modules_next_dist_115brz8._.js:2431
[  445505ms] [LOG] [Fast Refresh] done in 103ms @ http://localhost:3000/_next/static/chunks/node_modules_next_dist_115brz8._.js:2431
[  445694ms] [ERROR] Failed to load resource: the server responded with a status of 500 (Internal Server Error) @ http://localhost:3000/api/stocks/candle?symbol=AAPL&resolution=D&from=1776150124&to=1778742124:0
[  445988ms] [ERROR] Failed to load resource: the server responded with a status of 500 (Internal Server Error) @ http://localhost:3000/api/stocks/candle?symbol=AAPL&resolution=D&from=1776150126&to=1778742126:0
[  446700ms] [ERROR] Failed to load resource: the server responded with a status of 500 (Internal Server Error) @ http://localhost:3000/api/stocks/indicator?symbol=AAPL&resolution=D&from=1776150125&to=1778742125&indicator=sma&timeperiod=20:0
[  446704ms] [ERROR] Failed to load resource: the server responded with a status of 500 (Internal Server Error) @ http://localhost:3000/api/stocks/indicator?symbol=AAPL&resolution=D&from=1776150125&to=1778742125&indicator=rsi&timeperiod=14:0
[  446736ms] [ERROR] Failed to load resource: the server responded with a status of 500 (Internal Server Error) @ http://localhost:3000/api/stocks/indicator?symbol=AAPL&resolution=D&from=1776150125&to=1778742125&indicator=sma&timeperiod=50:0
[  446994ms] [ERROR] Failed to load resource: the server responded with a status of 500 (Internal Server Error) @ http://localhost:3000/api/stocks/indicator?symbol=AAPL&resolution=D&from=1776150127&to=1778742127&indicator=rsi&timeperiod=14:0
[  447005ms] [ERROR] Failed to load resource: the server responded with a status of 500 (Internal Server Error) @ http://localhost:3000/api/stocks/indicator?symbol=AAPL&resolution=D&from=1776150127&to=1778742127&indicator=sma&timeperiod=20:0
[  447019ms] [ERROR] Failed to load resource: the server responded with a status of 500 (Internal Server Error) @ http://localhost:3000/api/stocks/indicator?symbol=AAPL&resolution=D&from=1776150127&to=1778742127&indicator=sma&timeperiod=50:0
[  447305ms] [ERROR] Failed to load resource: the server responded with a status of 500 (Internal Server Error) @ http://localhost:3000/api/stocks/candle?symbol=AAPL&resolution=D&from=1776150126&to=1778742126:0
[  447700ms] [ERROR] Failed to load resource: the server responded with a status of 500 (Internal Server Error) @ http://localhost:3000/api/stocks/candle?symbol=AAPL&resolution=D&from=1776150128&to=1778742128:0
[  448290ms] [ERROR] Failed to load resource: the server responded with a status of 500 (Internal Server Error) @ http://localhost:3000/api/stocks/indicator?symbol=AAPL&resolution=D&from=1776150127&to=1778742127&indicator=rsi&timeperiod=14:0
[  448297ms] [ERROR] Failed to load resource: the server responded with a status of 500 (Internal Server Error) @ http://localhost:3000/api/stocks/indicator?symbol=AAPL&resolution=D&from=1776150127&to=1778742127&indicator=sma&timeperiod=20:0
[  448322ms] [ERROR] Failed to load resource: the server responded with a status of 500 (Internal Server Error) @ http://localhost:3000/api/stocks/indicator?symbol=AAPL&resolution=D&from=1776150127&to=1778742127&indicator=sma&timeperiod=50:0
[  448589ms] [ERROR] Failed to load resource: the server responded with a status of 500 (Internal Server Error) @ http://localhost:3000/api/stocks/indicator?symbol=AAPL&resolution=D&from=1776150129&to=1778742129&indicator=rsi&timeperiod=14:0
[  448593ms] [ERROR] Failed to load resource: the server responded with a status of 500 (Internal Server Error) @ http://localhost:3000/api/stocks/indicator?symbol=AAPL&resolution=D&from=1776150129&to=1778742129&indicator=sma&timeperiod=20:0
[  448619ms] [ERROR] Failed to load resource: the server responded with a status of 500 (Internal Server Error) @ http://localhost:3000/api/stocks/indicator?symbol=AAPL&resolution=D&from=1776150129&to=1778742129&indicator=sma&timeperiod=50:0
[  449000ms] [ERROR] Failed to load resource: the server responded with a status of 500 (Internal Server Error) @ http://localhost:3000/api/stocks/candle?symbol=AAPL&resolution=D&from=1776150128&to=1778742128:0
[  449291ms] [ERROR] Failed to load resource: the server responded with a status of 500 (Internal Server Error) @ http://localhost:3000/api/stocks/candle?symbol=AAPL&resolution=D&from=1776150129&to=1778742129:0
[  449896ms] [ERROR] Failed to load resource: the server responded with a status of 500 (Internal Server Error) @ http://localhost:3000/api/stocks/indicator?symbol=AAPL&resolution=D&from=1776150129&to=1778742129&indicator=sma&timeperiod=20:0
[  449900ms] [ERROR] Failed to load resource: the server responded with a status of 500 (Internal Server Error) @ http://localhost:3000/api/stocks/indicator?symbol=AAPL&resolution=D&from=1776150129&to=1778742129&indicator=rsi&timeperiod=14:0
[  449921ms] [ERROR] Failed to load resource: the server responded with a status of 500 (Internal Server Error) @ http://localhost:3000/api/stocks/indicator?symbol=AAPL&resolution=D&from=1776150129&to=1778742129&indicator=sma&timeperiod=50:0
[  450214ms] [ERROR] Failed to load resource: the server responded with a status of 500 (Internal Server Error) @ http://localhost:3000/api/stocks/indicator?symbol=AAPL&resolution=D&from=1776150130&to=1778742130&indicator=sma&timeperiod=20:0
[  450221ms] [ERROR] Failed to load resource: the server responded with a status of 500 (Internal Server Error) @ http://localhost:3000/api/stocks/indicator?symbol=AAPL&resolution=D&from=1776150130&to=1778742130&indicator=rsi&timeperiod=14:0
[  450280ms] [ERROR] Failed to load resource: the server responded with a status of 500 (Internal Server Error) @ http://localhost:3000/api/stocks/indicator?symbol=AAPL&resolution=D&from=1776150130&to=1778742130&indicator=sma&timeperiod=50:0
[  450595ms] [ERROR] Failed to load resource: the server responded with a status of 500 (Internal Server Error) @ http://localhost:3000/api/stocks/candle?symbol=AAPL&resolution=D&from=1776150129&to=1778742129:0
[  450953ms] [ERROR] Failed to load resource: the server responded with a status of 500 (Internal Server Error) @ http://localhost:3000/api/stocks/candle?symbol=AAPL&resolution=D&from=1776150131&to=1778742131:0
[  451518ms] [ERROR] Failed to load resource: the server responded with a status of 500 (Internal Server Error) @ http://localhost:3000/api/stocks/indicator?symbol=AAPL&resolution=D&from=1776150130&to=1778742130&indicator=sma&timeperiod=20:0
[  451522ms] [ERROR] Failed to load resource: the server responded with a status of 500 (Internal Server Error) @ http://localhost:3000/api/stocks/indicator?symbol=AAPL&resolution=D&from=1776150130&to=1778742130&indicator=rsi&timeperiod=14:0
[  451577ms] [ERROR] Failed to load resource: the server responded with a status of 500 (Internal Server Error) @ http://localhost:3000/api/stocks/indicator?symbol=AAPL&resolution=D&from=1776150130&to=1778742130&indicator=sma&timeperiod=50:0
[  451812ms] [ERROR] Failed to load resource: the server responded with a status of 500 (Internal Server Error) @ http://localhost:3000/api/stocks/indicator?symbol=AAPL&resolution=D&from=1776150132&to=1778742132&indicator=rsi&timeperiod=14:0
[  451814ms] [ERROR] Failed to load resource: the server responded with a status of 500 (Internal Server Error) @ http://localhost:3000/api/stocks/indicator?symbol=AAPL&resolution=D&from=1776150132&to=1778742132&indicator=sma&timeperiod=20:0
[  451848ms] [ERROR] Failed to load resource: the server responded with a status of 500 (Internal Server Error) @ http://localhost:3000/api/stocks/indicator?symbol=AAPL&resolution=D&from=1776150132&to=1778742132&indicator=sma&timeperiod=50:0
[  452259ms] [ERROR] Failed to load resource: the server responded with a status of 500 (Internal Server Error) @ http://localhost:3000/api/stocks/candle?symbol=AAPL&resolution=D&from=1776150131&to=1778742131:0
[  452546ms] [ERROR] Failed to load resource: the server responded with a status of 500 (Internal Server Error) @ http://localhost:3000/api/stocks/candle?symbol=AAPL&resolution=D&from=1776150133&to=1778742133:0
[  453115ms] [ERROR] Failed to load resource: the server responded with a status of 500 (Internal Server Error) @ http://localhost:3000/api/stocks/indicator?symbol=AAPL&resolution=D&from=1776150132&to=1778742132&indicator=rsi&timeperiod=14:0
[  453132ms] [ERROR] Failed to load resource: the server responded with a status of 500 (Internal Server Error) @ http://localhost:3000/api/stocks/indicator?symbol=AAPL&resolution=D&from=1776150132&to=1778742132&indicator=sma&timeperiod=20:0
[  453143ms] [ERROR] Failed to load resource: the server responded with a status of 500 (Internal Server Error) @ http://localhost:3000/api/stocks/indicator?symbol=AAPL&resolution=D&from=1776150132&to=1778742132&indicator=sma&timeperiod=50:0
[  453430ms] [ERROR] Failed to load resource: the server responded with a status of 500 (Internal Server Error) @ http://localhost:3000/api/stocks/indicator?symbol=AAPL&resolution=D&from=1776150133&to=1778742133&indicator=sma&timeperiod=20:0
[  453432ms] [ERROR] Failed to load resource: the server responded with a status of 500 (Internal Server Error) @ http://localhost:3000/api/stocks/indicator?symbol=AAPL&resolution=D&from=1776150133&to=1778742133&indicator=rsi&timeperiod=14:0
[  453466ms] [ERROR] Failed to load resource: the server responded with a status of 500 (Internal Server Error) @ http://localhost:3000/api/stocks/indicator?symbol=AAPL&resolution=D&from=1776150133&to=1778742133&indicator=sma&timeperiod=50:0
[  453843ms] [ERROR] Failed to load resource: the server responded with a status of 500 (Internal Server Error) @ http://localhost:3000/api/stocks/candle?symbol=AAPL&resolution=D&from=1776150133&to=1778742133:0
[  454143ms] [ERROR] Failed to load resource: the server responded with a status of 500 (Internal Server Error) @ http://localhost:3000/api/stocks/candle?symbol=AAPL&resolution=D&from=1776150134&to=1778742134:0
[  454738ms] [ERROR] Failed to load resource: the server responded with a status of 500 (Internal Server Error) @ http://localhost:3000/api/stocks/indicator?symbol=AAPL&resolution=D&from=1776150133&to=1778742133&indicator=rsi&timeperiod=14:0
[  454743ms] [ERROR] Failed to load resource: the server responded with a status of 500 (Internal Server Error) @ http://localhost:3000/api/stocks/indicator?symbol=AAPL&resolution=D&from=1776150133&to=1778742133&indicator=sma&timeperiod=20:0
[  454789ms] [ERROR] Failed to load resource: the server responded with a status of 500 (Internal Server Error) @ http://localhost:3000/api/stocks/indicator?symbol=AAPL&resolution=D&from=1776150133&to=1778742133&indicator=sma&timeperiod=50:0
[  455036ms] [ERROR] Failed to load resource: the server responded with a status of 500 (Internal Server Error) @ http://localhost:3000/api/stocks/indicator?symbol=AAPL&resolution=D&from=1776150135&to=1778742135&indicator=sma&timeperiod=50:0
[  455043ms] [ERROR] Failed to load resource: the server responded with a status of 500 (Internal Server Error) @ http://localhost:3000/api/stocks/indicator?symbol=AAPL&resolution=D&from=1776150135&to=1778742135&indicator=sma&timeperiod=20:0
[  455049ms] [ERROR] Failed to load resource: the server responded with a status of 500 (Internal Server Error) @ http://localhost:3000/api/stocks/indicator?symbol=AAPL&resolution=D&from=1776150135&to=1778742135&indicator=rsi&timeperiod=14:0
[  455437ms] [ERROR] Failed to load resource: the server responded with a status of 500 (Internal Server Error) @ http://localhost:3000/api/stocks/candle?symbol=AAPL&resolution=D&from=1776150134&to=1778742134:0
[  455851ms] [ERROR] Failed to load resource: the server responded with a status of 500 (Internal Server Error) @ http://localhost:3000/api/stocks/candle?symbol=AAPL&resolution=D&from=1776150136&to=1778742136:0
[  456386ms] [ERROR] Failed to load resource: the server responded with a status of 500 (Internal Server Error) @ http://localhost:3000/api/stocks/indicator?symbol=AAPL&resolution=D&from=1776150135&to=1778742135&indicator=rsi&timeperiod=14:0
[  456390ms] [ERROR] Failed to load resource: the server responded with a status of 500 (Internal Server Error) @ http://localhost:3000/api/stocks/indicator?symbol=AAPL&resolution=D&from=1776150135&to=1778742135&indicator=sma&timeperiod=50:0
[  456404ms] [ERROR] Failed to load resource: the server responded with a status of 500 (Internal Server Error) @ http://localhost:3000/api/stocks/indicator?symbol=AAPL&resolution=D&from=1776150135&to=1778742135&indicator=sma&timeperiod=20:0
[  456688ms] [ERROR] Failed to load resource: the server responded with a status of 500 (Internal Server Error) @ http://localhost:3000/api/stocks/indicator?symbol=AAPL&resolution=D&from=1776150137&to=1778742137&indicator=rsi&timeperiod=14:0
[  456704ms] [ERROR] Failed to load resource: the server responded with a status of 500 (Internal Server Error) @ http://localhost:3000/api/stocks/indicator?symbol=AAPL&resolution=D&from=1776150137&to=1778742137&indicator=sma&timeperiod=20:0
[  456706ms] [ERROR] Failed to load resource: the server responded with a status of 500 (Internal Server Error) @ http://localhost:3000/api/stocks/indicator?symbol=AAPL&resolution=D&from=1776150137&to=1778742137&indicator=sma&timeperiod=50:0
[  457143ms] [ERROR] Failed to load resource: the server responded with a status of 500 (Internal Server Error) @ http://localhost:3000/api/stocks/candle?symbol=AAPL&resolution=D&from=1776150136&to=1778742136:0
[  457436ms] [ERROR] Failed to load resource: the server responded with a status of 500 (Internal Server Error) @ http://localhost:3000/api/stocks/candle?symbol=AAPL&resolution=D&from=1776150137&to=1778742137:0
[  457982ms] [ERROR] Failed to load resource: the server responded with a status of 500 (Internal Server Error) @ http://localhost:3000/api/stocks/indicator?symbol=AAPL&resolution=D&from=1776150137&to=1778742137&indicator=rsi&timeperiod=14:0
[  457995ms] [ERROR] Failed to load resource: the server responded with a status of 500 (Internal Server Error) @ http://localhost:3000/api/stocks/indicator?symbol=AAPL&resolution=D&from=1776150137&to=1778742137&indicator=sma&timeperiod=20:0
[  458013ms] [ERROR] Failed to load resource: the server responded with a status of 500 (Internal Server Error) @ http://localhost:3000/api/stocks/indicator?symbol=AAPL&resolution=D&from=1776150137&to=1778742137&indicator=sma&timeperiod=50:0
[  458288ms] [ERROR] Failed to load resource: the server responded with a status of 500 (Internal Server Error) @ http://localhost:3000/api/stocks/indicator?symbol=AAPL&resolution=D&from=1776150138&to=1778742138&indicator=rsi&timeperiod=14:0
[  458296ms] [ERROR] Failed to load resource: the server responded with a status of 500 (Internal Server Error) @ http://localhost:3000/api/stocks/indicator?symbol=AAPL&resolution=D&from=1776150138&to=1778742138&indicator=sma&timeperiod=50:0
[  458303ms] [ERROR] Failed to load resource: the server responded with a status of 500 (Internal Server Error) @ http://localhost:3000/api/stocks/indicator?symbol=AAPL&resolution=D&from=1776150138&to=1778742138&indicator=sma&timeperiod=20:0
[  458736ms] [ERROR] Failed to load resource: the server responded with a status of 500 (Internal Server Error) @ http://localhost:3000/api/stocks/candle?symbol=AAPL&resolution=D&from=1776150137&to=1778742137:0
[  459040ms] [ERROR] Failed to load resource: the server responded with a status of 500 (Internal Server Error) @ http://localhost:3000/api/stocks/candle?symbol=AAPL&resolution=D&from=1776150139&to=1778742139:0
[  459609ms] [ERROR] Failed to load resource: the server responded with a status of 500 (Internal Server Error) @ http://localhost:3000/api/stocks/indicator?symbol=AAPL&resolution=D&from=1776150138&to=1778742138&indicator=sma&timeperiod=20:0
[  459628ms] [ERROR] Failed to load resource: the server responded with a status of 500 (Internal Server Error) @ http://localhost:3000/api/stocks/indicator?symbol=AAPL&resolution=D&from=1776150138&to=1778742138&indicator=sma&timeperiod=50:0
[  459636ms] [ERROR] Failed to load resource: the server responded with a status of 500 (Internal Server Error) @ http://localhost:3000/api/stocks/indicator?symbol=AAPL&resolution=D&from=1776150138&to=1778742138&indicator=rsi&timeperiod=14:0
[  459897ms] [ERROR] Failed to load resource: the server responded with a status of 500 (Internal Server Error) @ http://localhost:3000/api/stocks/indicator?symbol=AAPL&resolution=D&from=1776150140&to=1778742140&indicator=rsi&timeperiod=14:0
[  459917ms] [ERROR] Failed to load resource: the server responded with a status of 500 (Internal Server Error) @ http://localhost:3000/api/stocks/indicator?symbol=AAPL&resolution=D&from=1776150140&to=1778742140&indicator=sma&timeperiod=50:0
[  460122ms] [ERROR] Failed to load resource: the server responded with a status of 500 (Internal Server Error) @ http://localhost:3000/api/stocks/indicator?symbol=AAPL&resolution=D&from=1776150140&to=1778742140&indicator=sma&timeperiod=20:0
[  460341ms] [ERROR] Failed to load resource: the server responded with a status of 500 (Internal Server Error) @ http://localhost:3000/api/stocks/candle?symbol=AAPL&resolution=D&from=1776150139&to=1778742139:0
[  460633ms] [ERROR] Failed to load resource: the server responded with a status of 500 (Internal Server Error) @ http://localhost:3000/api/stocks/candle?symbol=AAPL&resolution=D&from=1776150141&to=1778742141:0
[  461185ms] [ERROR] Failed to load resource: the server responded with a status of 500 (Internal Server Error) @ http://localhost:3000/api/stocks/indicator?symbol=AAPL&resolution=D&from=1776150140&to=1778742140&indicator=rsi&timeperiod=14:0
[  461213ms] [ERROR] Failed to load resource: the server responded with a status of 500 (Internal Server Error) @ http://localhost:3000/api/stocks/indicator?symbol=AAPL&resolution=D&from=1776150140&to=1778742140&indicator=sma&timeperiod=50:0
[  461488ms] [ERROR] Failed to load resource: the server responded with a status of 500 (Internal Server Error) @ http://localhost:3000/api/stocks/indicator?symbol=AAPL&resolution=D&from=1776150141&to=1778742141&indicator=rsi&timeperiod=14:0
[  461499ms] [ERROR] Failed to load resource: the server responded with a status of 500 (Internal Server Error) @ http://localhost:3000/api/stocks/indicator?symbol=AAPL&resolution=D&from=1776150140&to=1778742140&indicator=sma&timeperiod=20:0
[  461587ms] [ERROR] Failed to load resource: the server responded with a status of 500 (Internal Server Error) @ http://localhost:3000/api/stocks/indicator?symbol=AAPL&resolution=D&from=1776150141&to=1778742141&indicator=sma&timeperiod=50:0
[  461607ms] [ERROR] Failed to load resource: the server responded with a status of 500 (Internal Server Error) @ http://localhost:3000/api/stocks/indicator?symbol=AAPL&resolution=D&from=1776150141&to=1778742141&indicator=sma&timeperiod=20:0
[  461937ms] [ERROR] Failed to load resource: the server responded with a status of 500 (Internal Server Error) @ http://localhost:3000/api/stocks/candle?symbol=AAPL&resolution=D&from=1776150141&to=1778742141:0
[  462239ms] [ERROR] Failed to load resource: the server responded with a status of 500 (Internal Server Error) @ http://localhost:3000/api/stocks/candle?symbol=AAPL&resolution=D&from=1776150142&to=1778742142:0
[  462794ms] [ERROR] Failed to load resource: the server responded with a status of 500 (Internal Server Error) @ http://localhost:3000/api/stocks/indicator?symbol=AAPL&resolution=D&from=1776150141&to=1778742141&indicator=rsi&timeperiod=14:0
[  462895ms] [ERROR] Failed to load resource: the server responded with a status of 500 (Internal Server Error) @ http://localhost:3000/api/stocks/indicator?symbol=AAPL&resolution=D&from=1776150141&to=1778742141&indicator=sma&timeperiod=50:0
[  462906ms] [ERROR] Failed to load resource: the server responded with a status of 500 (Internal Server Error) @ http://localhost:3000/api/stocks/indicator?symbol=AAPL&resolution=D&from=1776150141&to=1778742141&indicator=sma&timeperiod=20:0
[  463086ms] [ERROR] Failed to load resource: the server responded with a status of 500 (Internal Server Error) @ http://localhost:3000/api/stocks/indicator?symbol=AAPL&resolution=D&from=1776150143&to=1778742143&indicator=rsi&timeperiod=14:0
[  463119ms] [ERROR] Failed to load resource: the server responded with a status of 500 (Internal Server Error) @ http://localhost:3000/api/stocks/indicator?symbol=AAPL&resolution=D&from=1776150143&to=1778742143&indicator=sma&timeperiod=50:0
[  463136ms] [ERROR] Failed to load resource: the server responded with a status of 500 (Internal Server Error) @ http://localhost:3000/api/stocks/indicator?symbol=AAPL&resolution=D&from=1776150143&to=1778742143&indicator=sma&timeperiod=20:0
[  463546ms] [ERROR] Failed to load resource: the server responded with a status of 500 (Internal Server Error) @ http://localhost:3000/api/stocks/candle?symbol=AAPL&resolution=D&from=1776150142&to=1778742142:0
[  463843ms] [ERROR] Failed to load resource: the server responded with a status of 500 (Internal Server Error) @ http://localhost:3000/api/stocks/candle?symbol=AAPL&resolution=D&from=1776150144&to=1778742144:0
[  464388ms] [ERROR] Failed to load resource: the server responded with a status of 500 (Internal Server Error) @ http://localhost:3000/api/stocks/indicator?symbol=AAPL&resolution=D&from=1776150143&to=1778742143&indicator=rsi&timeperiod=14:0
[  464428ms] [ERROR] Failed to load resource: the server responded with a status of 500 (Internal Server Error) @ http://localhost:3000/api/stocks/indicator?symbol=AAPL&resolution=D&from=1776150143&to=1778742143&indicator=sma&timeperiod=20:0
[  464441ms] [ERROR] Failed to load resource: the server responded with a status of 500 (Internal Server Error) @ http://localhost:3000/api/stocks/indicator?symbol=AAPL&resolution=D&from=1776150143&to=1778742143&indicator=sma&timeperiod=50:0
[  464720ms] [ERROR] Failed to load resource: the server responded with a status of 500 (Internal Server Error) @ http://localhost:3000/api/stocks/indicator?symbol=AAPL&resolution=D&from=1776150145&to=1778742145&indicator=rsi&timeperiod=14:0
[  464756ms] [ERROR] Failed to load resource: the server responded with a status of 500 (Internal Server Error) @ http://localhost:3000/api/stocks/indicator?symbol=AAPL&resolution=D&from=1776150145&to=1778742145&indicator=sma&timeperiod=20:0
[  464760ms] [ERROR] Failed to load resource: the server responded with a status of 500 (Internal Server Error) @ http://localhost:3000/api/stocks/indicator?symbol=AAPL&resolution=D&from=1776150145&to=1778742145&indicator=sma&timeperiod=50:0
[  465159ms] [ERROR] Failed to load resource: the server responded with a status of 500 (Internal Server Error) @ http://localhost:3000/api/stocks/candle?symbol=AAPL&resolution=D&from=1776150144&to=1778742144:0
[  465510ms] [ERROR] Failed to load resource: the server responded with a status of 500 (Internal Server Error) @ http://localhost:3000/api/stocks/candle?symbol=AAPL&resolution=D&from=1776150145&to=1778742145:0
[  466010ms] [ERROR] Failed to load resource: the server responded with a status of 500 (Internal Server Error) @ http://localhost:3000/api/stocks/indicator?symbol=AAPL&resolution=D&from=1776150145&to=1778742145&indicator=rsi&timeperiod=14:0
[  466052ms] [ERROR] Failed to load resource: the server responded with a status of 500 (Internal Server Error) @ http://localhost:3000/api/stocks/indicator?symbol=AAPL&resolution=D&from=1776150145&to=1778742145&indicator=sma&timeperiod=20:0
[  466059ms] [ERROR] Failed to load resource: the server responded with a status of 500 (Internal Server Error) @ http://localhost:3000/api/stocks/indicator?symbol=AAPL&resolution=D&from=1776150145&to=1778742145&indicator=sma&timeperiod=50:0
[  466312ms] [ERROR] Failed to load resource: the server responded with a status of 500 (Internal Server Error) @ http://localhost:3000/api/stocks/indicator?symbol=AAPL&resolution=D&from=1776150146&to=1778742146&indicator=rsi&timeperiod=14:0
[  466331ms] [ERROR] Failed to load resource: the server responded with a status of 500 (Internal Server Error) @ http://localhost:3000/api/stocks/indicator?symbol=AAPL&resolution=D&from=1776150146&to=1778742146&indicator=sma&timeperiod=50:0
[  466348ms] [ERROR] Failed to load resource: the server responded with a status of 500 (Internal Server Error) @ http://localhost:3000/api/stocks/indicator?symbol=AAPL&resolution=D&from=1776150146&to=1778742146&indicator=sma&timeperiod=20:0
[  466797ms] [ERROR] Failed to load resource: the server responded with a status of 500 (Internal Server Error) @ http://localhost:3000/api/stocks/candle?symbol=AAPL&resolution=D&from=1776150145&to=1778742145:0
[  467088ms] [ERROR] Failed to load resource: the server responded with a status of 500 (Internal Server Error) @ http://localhost:3000/api/stocks/candle?symbol=AAPL&resolution=D&from=1776150147&to=1778742147:0
[  467671ms] [ERROR] Failed to load resource: the server responded with a status of 500 (Internal Server Error) @ http://localhost:3000/api/stocks/indicator?symbol=AAPL&resolution=D&from=1776150146&to=1778742146&indicator=rsi&timeperiod=14:0
[  467686ms] [ERROR] Failed to load resource: the server responded with a status of 500 (Internal Server Error) @ http://localhost:3000/api/stocks/indicator?symbol=AAPL&resolution=D&from=1776150146&to=1778742146&indicator=sma&timeperiod=50:0
[  467694ms] [ERROR] Failed to load resource: the server responded with a status of 500 (Internal Server Error) @ http://localhost:3000/api/stocks/indicator?symbol=AAPL&resolution=D&from=1776150146&to=1778742146&indicator=sma&timeperiod=20:0
[  467979ms] [ERROR] Failed to load resource: the server responded with a status of 500 (Internal Server Error) @ http://localhost:3000/api/stocks/indicator?symbol=AAPL&resolution=D&from=1776150148&to=1778742148&indicator=rsi&timeperiod=14:0
[  467984ms] [ERROR] Failed to load resource: the server responded with a status of 500 (Internal Server Error) @ http://localhost:3000/api/stocks/indicator?symbol=AAPL&resolution=D&from=1776150148&to=1778742148&indicator=sma&timeperiod=20:0
[  467999ms] [ERROR] Failed to load resource: the server responded with a status of 500 (Internal Server Error) @ http://localhost:3000/api/stocks/indicator?symbol=AAPL&resolution=D&from=1776150148&to=1778742148&indicator=sma&timeperiod=50:0
[  468418ms] [ERROR] Failed to load resource: the server responded with a status of 500 (Internal Server Error) @ http://localhost:3000/api/stocks/candle?symbol=AAPL&resolution=D&from=1776150147&to=1778742147:0
[  468711ms] [ERROR] Failed to load resource: the server responded with a status of 500 (Internal Server Error) @ http://localhost:3000/api/stocks/candle?symbol=AAPL&resolution=D&from=1776150149&to=1778742149:0
[  469278ms] [ERROR] Failed to load resource: the server responded with a status of 500 (Internal Server Error) @ http://localhost:3000/api/stocks/indicator?symbol=AAPL&resolution=D&from=1776150148&to=1778742148&indicator=rsi&timeperiod=14:0
[  469283ms] [ERROR] Failed to load resource: the server responded with a status of 500 (Internal Server Error) @ http://localhost:3000/api/stocks/indicator?symbol=AAPL&resolution=D&from=1776150148&to=1778742148&indicator=sma&timeperiod=20:0
[  469300ms] [ERROR] Failed to load resource: the server responded with a status of 500 (Internal Server Error) @ http://localhost:3000/api/stocks/indicator?symbol=AAPL&resolution=D&from=1776150148&to=1778742148&indicator=sma&timeperiod=50:0
[  469578ms] [ERROR] Failed to load resource: the server responded with a status of 500 (Internal Server Error) @ http://localhost:3000/api/stocks/indicator?symbol=AAPL&resolution=D&from=1776150150&to=1778742150&indicator=rsi&timeperiod=14:0
[  469601ms] [ERROR] Failed to load resource: the server responded with a status of 500 (Internal Server Error) @ http://localhost:3000/api/stocks/indicator?symbol=AAPL&resolution=D&from=1776150150&to=1778742150&indicator=sma&timeperiod=20:0
[  469625ms] [ERROR] Failed to load resource: the server responded with a status of 500 (Internal Server Error) @ http://localhost:3000/api/stocks/indicator?symbol=AAPL&resolution=D&from=1776150150&to=1778742150&indicator=sma&timeperiod=50:0
[  470011ms] [ERROR] Failed to load resource: the server responded with a status of 500 (Internal Server Error) @ http://localhost:3000/api/stocks/candle?symbol=AAPL&resolution=D&from=1776150149&to=1778742149:0
[  470309ms] [ERROR] Failed to load resource: the server responded with a status of 500 (Internal Server Error) @ http://localhost:3000/api/stocks/candle?symbol=AAPL&resolution=D&from=1776150150&to=1778742150:0
[  470906ms] [ERROR] Failed to load resource: the server responded with a status of 500 (Internal Server Error) @ http://localhost:3000/api/stocks/indicator?symbol=AAPL&resolution=D&from=1776150150&to=1778742150&indicator=rsi&timeperiod=14:0
[  470931ms] [ERROR] Failed to load resource: the server responded with a status of 500 (Internal Server Error) @ http://localhost:3000/api/stocks/indicator?symbol=AAPL&resolution=D&from=1776150150&to=1778742150&indicator=sma&timeperiod=20:0
[  470934ms] [ERROR] Failed to load resource: the server responded with a status of 500 (Internal Server Error) @ http://localhost:3000/api/stocks/indicator?symbol=AAPL&resolution=D&from=1776150150&to=1778742150&indicator=sma&timeperiod=50:0
[  471219ms] [ERROR] Failed to load resource: the server responded with a status of 500 (Internal Server Error) @ http://localhost:3000/api/stocks/indicator?symbol=AAPL&resolution=D&from=1776150151&to=1778742151&indicator=rsi&timeperiod=14:0
[  471267ms] [ERROR] Failed to load resource: the server responded with a status of 500 (Internal Server Error) @ http://localhost:3000/api/stocks/indicator?symbol=AAPL&resolution=D&from=1776150151&to=1778742151&indicator=sma&timeperiod=50:0
[  471313ms] [ERROR] Failed to load resource: the server responded with a status of 500 (Internal Server Error) @ http://localhost:3000/api/stocks/indicator?symbol=AAPL&resolution=D&from=1776150151&to=1778742151&indicator=sma&timeperiod=20:0
[  471603ms] [ERROR] Failed to load resource: the server responded with a status of 500 (Internal Server Error) @ http://localhost:3000/api/stocks/candle?symbol=AAPL&resolution=D&from=1776150150&to=1778742150:0
[  471892ms] [ERROR] Failed to load resource: the server responded with a status of 500 (Internal Server Error) @ http://localhost:3000/api/stocks/candle?symbol=AAPL&resolution=D&from=1776150152&to=1778742152:0
[  472535ms] [ERROR] Failed to load resource: the server responded with a status of 500 (Internal Server Error) @ http://localhost:3000/api/stocks/indicator?symbol=AAPL&resolution=D&from=1776150151&to=1778742151&indicator=rsi&timeperiod=14:0
[  472563ms] [ERROR] Failed to load resource: the server responded with a status of 500 (Internal Server Error) @ http://localhost:3000/api/stocks/indicator?symbol=AAPL&resolution=D&from=1776150151&to=1778742151&indicator=sma&timeperiod=50:0
[  472613ms] [ERROR] Failed to load resource: the server responded with a status of 500 (Internal Server Error) @ http://localhost:3000/api/stocks/indicator?symbol=AAPL&resolution=D&from=1776150151&to=1778742151&indicator=sma&timeperiod=20:0
[  472833ms] [ERROR] Failed to load resource: the server responded with a status of 500 (Internal Server Error) @ http://localhost:3000/api/stocks/indicator?symbol=AAPL&resolution=D&from=1776150153&to=1778742153&indicator=rsi&timeperiod=14:0
[  472875ms] [ERROR] Failed to load resource: the server responded with a status of 500 (Internal Server Error) @ http://localhost:3000/api/stocks/indicator?symbol=AAPL&resolution=D&from=1776150153&to=1778742153&indicator=sma&timeperiod=20:0
[  473214ms] [ERROR] Failed to load resource: the server responded with a status of 500 (Internal Server Error) @ http://localhost:3000/api/stocks/candle?symbol=AAPL&resolution=D&from=1776150152&to=1778742152:0
[  473413ms] [ERROR] Failed to load resource: the server responded with a status of 500 (Internal Server Error) @ http://localhost:3000/api/stocks/indicator?symbol=AAPL&resolution=D&from=1776150153&to=1778742153&indicator=sma&timeperiod=50:0
[  473519ms] [ERROR] Failed to load resource: the server responded with a status of 500 (Internal Server Error) @ http://localhost:3000/api/stocks/candle?symbol=AAPL&resolution=D&from=1776150154&to=1778742154:0
[  474176ms] [ERROR] Failed to load resource: the server responded with a status of 500 (Internal Server Error) @ http://localhost:3000/api/stocks/indicator?symbol=AAPL&resolution=D&from=1776150153&to=1778742153&indicator=rsi&timeperiod=14:0
[  474194ms] [ERROR] Failed to load resource: the server responded with a status of 500 (Internal Server Error) @ http://localhost:3000/api/stocks/indicator?symbol=AAPL&resolution=D&from=1776150153&to=1778742153&indicator=sma&timeperiod=20:0
[  474470ms] [ERROR] Failed to load resource: the server responded with a status of 500 (Internal Server Error) @ http://localhost:3000/api/stocks/indicator?symbol=AAPL&resolution=D&from=1776150154&to=1778742154&indicator=rsi&timeperiod=14:0
[  474477ms] [ERROR] Failed to load resource: the server responded with a status of 500 (Internal Server Error) @ http://localhost:3000/api/stocks/indicator?symbol=AAPL&resolution=D&from=1776150154&to=1778742154&indicator=sma&timeperiod=20:0
[  474483ms] [ERROR] Failed to load resource: the server responded with a status of 500 (Internal Server Error) @ http://localhost:3000/api/stocks/indicator?symbol=AAPL&resolution=D&from=1776150154&to=1778742154&indicator=sma&timeperiod=50:0
[  474815ms] [ERROR] Failed to load resource: the server responded with a status of 500 (Internal Server Error) @ http://localhost:3000/api/stocks/candle?symbol=AAPL&resolution=D&from=1776150154&to=1778742154:0
[  475102ms] [ERROR] Failed to load resource: the server responded with a status of 500 (Internal Server Error) @ http://localhost:3000/api/stocks/candle?symbol=AAPL&resolution=D&from=1776150155&to=1778742155:0
[  475774ms] [ERROR] Failed to load resource: the server responded with a status of 500 (Internal Server Error) @ http://localhost:3000/api/stocks/indicator?symbol=AAPL&resolution=D&from=1776150154&to=1778742154&indicator=sma&timeperiod=50:0
[  475779ms] [ERROR] Failed to load resource: the server responded with a status of 500 (Internal Server Error) @ http://localhost:3000/api/stocks/indicator?symbol=AAPL&resolution=D&from=1776150154&to=1778742154&indicator=sma&timeperiod=20:0
[  475793ms] [ERROR] Failed to load resource: the server responded with a status of 500 (Internal Server Error) @ http://localhost:3000/api/stocks/indicator?symbol=AAPL&resolution=D&from=1776150154&to=1778742154&indicator=rsi&timeperiod=14:0
[  476076ms] [ERROR] Failed to load resource: the server responded with a status of 500 (Internal Server Error) @ http://localhost:3000/api/stocks/indicator?symbol=AAPL&resolution=D&from=1776150156&to=1778742156&indicator=rsi&timeperiod=14:0
[  476081ms] [ERROR] Failed to load resource: the server responded with a status of 500 (Internal Server Error) @ http://localhost:3000/api/stocks/indicator?symbol=AAPL&resolution=D&from=1776150156&to=1778742156&indicator=sma&timeperiod=20:0
[  476094ms] [ERROR] Failed to load resource: the server responded with a status of 500 (Internal Server Error) @ http://localhost:3000/api/stocks/indicator?symbol=AAPL&resolution=D&from=1776150156&to=1778742156&indicator=sma&timeperiod=50:0
[  476459ms] [ERROR] Failed to load resource: the server responded with a status of 500 (Internal Server Error) @ http://localhost:3000/api/stocks/candle?symbol=AAPL&resolution=D&from=1776150155&to=1778742155:0
[  476827ms] [ERROR] Failed to load resource: the server responded with a status of 500 (Internal Server Error) @ http://localhost:3000/api/stocks/candle?symbol=AAPL&resolution=D&from=1776150157&to=1778742157:0
[  477382ms] [ERROR] Failed to load resource: the server responded with a status of 500 (Internal Server Error) @ http://localhost:3000/api/stocks/indicator?symbol=AAPL&resolution=D&from=1776150156&to=1778742156&indicator=sma&timeperiod=50:0
[  477386ms] [ERROR] Failed to load resource: the server responded with a status of 500 (Internal Server Error) @ http://localhost:3000/api/stocks/indicator?symbol=AAPL&resolution=D&from=1776150156&to=1778742156&indicator=rsi&timeperiod=14:0
[  477386ms] [ERROR] Failed to load resource: the server responded with a status of 500 (Internal Server Error) @ http://localhost:3000/api/stocks/indicator?symbol=AAPL&resolution=D&from=1776150156&to=1778742156&indicator=sma&timeperiod=20:0
[  477679ms] [ERROR] Failed to load resource: the server responded with a status of 500 (Internal Server Error) @ http://localhost:3000/api/stocks/indicator?symbol=AAPL&resolution=D&from=1776150158&to=1778742158&indicator=sma&timeperiod=50:0
[  477682ms] [ERROR] Failed to load resource: the server responded with a status of 500 (Internal Server Error) @ http://localhost:3000/api/stocks/indicator?symbol=AAPL&resolution=D&from=1776150158&to=1778742158&indicator=rsi&timeperiod=14:0
[  477685ms] [ERROR] Failed to load resource: the server responded with a status of 500 (Internal Server Error) @ http://localhost:3000/api/stocks/indicator?symbol=AAPL&resolution=D&from=1776150158&to=1778742158&indicator=sma&timeperiod=20:0
[  478137ms] [ERROR] Failed to load resource: the server responded with a status of 500 (Internal Server Error) @ http://localhost:3000/api/stocks/candle?symbol=AAPL&resolution=D&from=1776150157&to=1778742157:0
[  478429ms] [ERROR] Failed to load resource: the server responded with a status of 500 (Internal Server Error) @ http://localhost:3000/api/stocks/candle?symbol=AAPL&resolution=D&from=1776150158&to=1778742158:0
[  478987ms] [ERROR] Failed to load resource: the server responded with a status of 500 (Internal Server Error) @ http://localhost:3000/api/stocks/indicator?symbol=AAPL&resolution=D&from=1776150158&to=1778742158&indicator=sma&timeperiod=50:0
[  478991ms] [ERROR] Failed to load resource: the server responded with a status of 500 (Internal Server Error) @ http://localhost:3000/api/stocks/indicator?symbol=AAPL&resolution=D&from=1776150158&to=1778742158&indicator=rsi&timeperiod=14:0
[  478999ms] [ERROR] Failed to load resource: the server responded with a status of 500 (Internal Server Error) @ http://localhost:3000/api/stocks/indicator?symbol=AAPL&resolution=D&from=1776150158&to=1778742158&indicator=sma&timeperiod=20:0
[  479321ms] [ERROR] Failed to load resource: the server responded with a status of 500 (Internal Server Error) @ http://localhost:3000/api/stocks/indicator?symbol=AAPL&resolution=D&from=1776150159&to=1778742159&indicator=rsi&timeperiod=14:0
[  479324ms] [ERROR] Failed to load resource: the server responded with a status of 500 (Internal Server Error) @ http://localhost:3000/api/stocks/indicator?symbol=AAPL&resolution=D&from=1776150159&to=1778742159&indicator=sma&timeperiod=50:0
[  479336ms] [ERROR] Failed to load resource: the server responded with a status of 500 (Internal Server Error) @ http://localhost:3000/api/stocks/indicator?symbol=AAPL&resolution=D&from=1776150159&to=1778742159&indicator=sma&timeperiod=20:0
[  479767ms] [ERROR] Failed to load resource: the server responded with a status of 500 (Internal Server Error) @ http://localhost:3000/api/stocks/candle?symbol=AAPL&resolution=D&from=1776150158&to=1778742158:0
[  480075ms] [ERROR] Failed to load resource: the server responded with a status of 500 (Internal Server Error) @ http://localhost:3000/api/stocks/candle?symbol=AAPL&resolution=D&from=1776150160&to=1778742160:0
[  480617ms] [ERROR] Failed to load resource: the server responded with a status of 500 (Internal Server Error) @ http://localhost:3000/api/stocks/indicator?symbol=AAPL&resolution=D&from=1776150159&to=1778742159&indicator=sma&timeperiod=20:0
[  480623ms] [ERROR] Failed to load resource: the server responded with a status of 500 (Internal Server Error) @ http://localhost:3000/api/stocks/indicator?symbol=AAPL&resolution=D&from=1776150159&to=1778742159&indicator=sma&timeperiod=50:0
[  480636ms] [ERROR] Failed to load resource: the server responded with a status of 500 (Internal Server Error) @ http://localhost:3000/api/stocks/indicator?symbol=AAPL&resolution=D&from=1776150159&to=1778742159&indicator=rsi&timeperiod=14:0
[  480915ms] [ERROR] Failed to load resource: the server responded with a status of 500 (Internal Server Error) @ http://localhost:3000/api/stocks/indicator?symbol=AAPL&resolution=D&from=1776150161&to=1778742161&indicator=sma&timeperiod=50:0
[  480918ms] [ERROR] Failed to load resource: the server responded with a status of 500 (Internal Server Error) @ http://localhost:3000/api/stocks/indicator?symbol=AAPL&resolution=D&from=1776150161&to=1778742161&indicator=sma&timeperiod=20:0
[  480919ms] [ERROR] Failed to load resource: the server responded with a status of 500 (Internal Server Error) @ http://localhost:3000/api/stocks/indicator?symbol=AAPL&resolution=D&from=1776150161&to=1778742161&indicator=rsi&timeperiod=14:0
[  481385ms] [ERROR] Failed to load resource: the server responded with a status of 500 (Internal Server Error) @ http://localhost:3000/api/stocks/candle?symbol=AAPL&resolution=D&from=1776150160&to=1778742160:0
[  481678ms] [ERROR] Failed to load resource: the server responded with a status of 500 (Internal Server Error) @ http://localhost:3000/api/stocks/candle?symbol=AAPL&resolution=D&from=1776150162&to=1778742162:0
[  482217ms] [ERROR] Failed to load resource: the server responded with a status of 500 (Internal Server Error) @ http://localhost:3000/api/stocks/indicator?symbol=AAPL&resolution=D&from=1776150161&to=1778742161&indicator=sma&timeperiod=20:0
[  482266ms] [ERROR] Failed to load resource: the server responded with a status of 500 (Internal Server Error) @ http://localhost:3000/api/stocks/indicator?symbol=AAPL&resolution=D&from=1776150161&to=1778742161&indicator=rsi&timeperiod=14:0
[  482313ms] [ERROR] Failed to load resource: the server responded with a status of 500 (Internal Server Error) @ http://localhost:3000/api/stocks/indicator?symbol=AAPL&resolution=D&from=1776150161&to=1778742161&indicator=sma&timeperiod=50:0
[  482523ms] [ERROR] Failed to load resource: the server responded with a status of 500 (Internal Server Error) @ http://localhost:3000/api/stocks/indicator?symbol=AAPL&resolution=D&from=1776150163&to=1778742163&indicator=rsi&timeperiod=14:0
[  482622ms] [ERROR] Failed to load resource: the server responded with a status of 500 (Internal Server Error) @ http://localhost:3000/api/stocks/indicator?symbol=AAPL&resolution=D&from=1776150163&to=1778742163&indicator=sma&timeperiod=20:0
[  482671ms] [ERROR] Failed to load resource: the server responded with a status of 500 (Internal Server Error) @ http://localhost:3000/api/stocks/indicator?symbol=AAPL&resolution=D&from=1776150163&to=1778742163&indicator=sma&timeperiod=50:0
[  482996ms] [ERROR] Failed to load resource: the server responded with a status of 500 (Internal Server Error) @ http://localhost:3000/api/stocks/candle?symbol=AAPL&resolution=D&from=1776150162&to=1778742162:0
[  483303ms] [ERROR] Failed to load resource: the server responded with a status of 500 (Internal Server Error) @ http://localhost:3000/api/stocks/candle?symbol=AAPL&resolution=D&from=1776150163&to=1778742163:0
[  483824ms] [ERROR] Failed to load resource: the server responded with a status of 500 (Internal Server Error) @ http://localhost:3000/api/stocks/indicator?symbol=AAPL&resolution=D&from=1776150163&to=1778742163&indicator=rsi&timeperiod=14:0
[  483922ms] [ERROR] Failed to load resource: the server responded with a status of 500 (Internal Server Error) @ http://localhost:3000/api/stocks/indicator?symbol=AAPL&resolution=D&from=1776150163&to=1778742163&indicator=sma&timeperiod=20:0
[  483954ms] [ERROR] Failed to load resource: the server responded with a status of 500 (Internal Server Error) @ http://localhost:3000/api/stocks/indicator?symbol=AAPL&resolution=D&from=1776150163&to=1778742163&indicator=sma&timeperiod=50:0
[  484112ms] [ERROR] Failed to load resource: the server responded with a status of 500 (Internal Server Error) @ http://localhost:3000/api/stocks/indicator?symbol=AAPL&resolution=D&from=1776150164&to=1778742164&indicator=rsi&timeperiod=14:0
[  484127ms] [ERROR] Failed to load resource: the server responded with a status of 500 (Internal Server Error) @ http://localhost:3000/api/stocks/indicator?symbol=AAPL&resolution=D&from=1776150164&to=1778742164&indicator=sma&timeperiod=20:0
[  484165ms] [ERROR] Failed to load resource: the server responded with a status of 500 (Internal Server Error) @ http://localhost:3000/api/stocks/indicator?symbol=AAPL&resolution=D&from=1776150164&to=1778742164&indicator=sma&timeperiod=50:0
[  484594ms] [ERROR] Failed to load resource: the server responded with a status of 500 (Internal Server Error) @ http://localhost:3000/api/stocks/candle?symbol=AAPL&resolution=D&from=1776150163&to=1778742163:0
[  484891ms] [ERROR] Failed to load resource: the server responded with a status of 500 (Internal Server Error) @ http://localhost:3000/api/stocks/candle?symbol=AAPL&resolution=D&from=1776150165&to=1778742165:0
[  485443ms] [ERROR] Failed to load resource: the server responded with a status of 500 (Internal Server Error) @ http://localhost:3000/api/stocks/indicator?symbol=AAPL&resolution=D&from=1776150164&to=1778742164&indicator=sma&timeperiod=20:0
[  485473ms] [ERROR] Failed to load resource: the server responded with a status of 500 (Internal Server Error) @ http://localhost:3000/api/stocks/indicator?symbol=AAPL&resolution=D&from=1776150164&to=1778742164&indicator=rsi&timeperiod=14:0
[  485477ms] [ERROR] Failed to load resource: the server responded with a status of 500 (Internal Server Error) @ http://localhost:3000/api/stocks/indicator?symbol=AAPL&resolution=D&from=1776150164&to=1778742164&indicator=sma&timeperiod=50:0
[  485742ms] [ERROR] Failed to load resource: the server responded with a status of 500 (Internal Server Error) @ http://localhost:3000/api/stocks/indicator?symbol=AAPL&resolution=D&from=1776150166&to=1778742166&indicator=rsi&timeperiod=14:0
[  485746ms] [ERROR] Failed to load resource: the server responded with a status of 500 (Internal Server Error) @ http://localhost:3000/api/stocks/indicator?symbol=AAPL&resolution=D&from=1776150166&to=1778742166&indicator=sma&timeperiod=20:0
[  485815ms] [ERROR] Failed to load resource: the server responded with a status of 500 (Internal Server Error) @ http://localhost:3000/api/stocks/indicator?symbol=AAPL&resolution=D&from=1776150166&to=1778742166&indicator=sma&timeperiod=50:0
[  486212ms] [ERROR] Failed to load resource: the server responded with a status of 500 (Internal Server Error) @ http://localhost:3000/api/stocks/candle?symbol=AAPL&resolution=D&from=1776150165&to=1778742165:0
[  486507ms] [ERROR] Failed to load resource: the server responded with a status of 500 (Internal Server Error) @ http://localhost:3000/api/stocks/candle?symbol=AAPL&resolution=D&from=1776150167&to=1778742167:0
[  487038ms] [ERROR] Failed to load resource: the server responded with a status of 500 (Internal Server Error) @ http://localhost:3000/api/stocks/indicator?symbol=AAPL&resolution=D&from=1776150166&to=1778742166&indicator=rsi&timeperiod=14:0
[  487053ms] [ERROR] Failed to load resource: the server responded with a status of 500 (Internal Server Error) @ http://localhost:3000/api/stocks/indicator?symbol=AAPL&resolution=D&from=1776150166&to=1778742166&indicator=sma&timeperiod=20:0
[  487110ms] [ERROR] Failed to load resource: the server responded with a status of 500 (Internal Server Error) @ http://localhost:3000/api/stocks/indicator?symbol=AAPL&resolution=D&from=1776150166&to=1778742166&indicator=sma&timeperiod=50:0
[  487335ms] [ERROR] Failed to load resource: the server responded with a status of 500 (Internal Server Error) @ http://localhost:3000/api/stocks/indicator?symbol=AAPL&resolution=D&from=1776150167&to=1778742167&indicator=rsi&timeperiod=14:0
[  487338ms] [ERROR] Failed to load resource: the server responded with a status of 500 (Internal Server Error) @ http://localhost:3000/api/stocks/indicator?symbol=AAPL&resolution=D&from=1776150167&to=1778742167&indicator=sma&timeperiod=50:0
[  487362ms] [ERROR] Failed to load resource: the server responded with a status of 500 (Internal Server Error) @ http://localhost:3000/api/stocks/indicator?symbol=AAPL&resolution=D&from=1776150167&to=1778742167&indicator=sma&timeperiod=20:0
[  487802ms] [ERROR] Failed to load resource: the server responded with a status of 500 (Internal Server Error) @ http://localhost:3000/api/stocks/candle?symbol=AAPL&resolution=D&from=1776150167&to=1778742167:0
[  488090ms] [ERROR] Failed to load resource: the server responded with a status of 500 (Internal Server Error) @ http://localhost:3000/api/stocks/candle?symbol=AAPL&resolution=D&from=1776150168&to=1778742168:0
[  488652ms] [ERROR] Failed to load resource: the server responded with a status of 500 (Internal Server Error) @ http://localhost:3000/api/stocks/indicator?symbol=AAPL&resolution=D&from=1776150167&to=1778742167&indicator=rsi&timeperiod=14:0
[  488664ms] [ERROR] Failed to load resource: the server responded with a status of 500 (Internal Server Error) @ http://localhost:3000/api/stocks/indicator?symbol=AAPL&resolution=D&from=1776150167&to=1778742167&indicator=sma&timeperiod=50:0
[  488665ms] [ERROR] Failed to load resource: the server responded with a status of 500 (Internal Server Error) @ http://localhost:3000/api/stocks/indicator?symbol=AAPL&resolution=D&from=1776150167&to=1778742167&indicator=sma&timeperiod=20:0
[  488975ms] [ERROR] Failed to load resource: the server responded with a status of 500 (Internal Server Error) @ http://localhost:3000/api/stocks/indicator?symbol=AAPL&resolution=D&from=1776150169&to=1778742169&indicator=rsi&timeperiod=14:0
[  488980ms] [ERROR] Failed to load resource: the server responded with a status of 500 (Internal Server Error) @ http://localhost:3000/api/stocks/indicator?symbol=AAPL&resolution=D&from=1776150169&to=1778742169&indicator=sma&timeperiod=20:0
[  488990ms] [ERROR] Failed to load resource: the server responded with a status of 500 (Internal Server Error) @ http://localhost:3000/api/stocks/indicator?symbol=AAPL&resolution=D&from=1776150169&to=1778742169&indicator=sma&timeperiod=50:0
[  489403ms] [ERROR] Failed to load resource: the server responded with a status of 500 (Internal Server Error) @ http://localhost:3000/api/stocks/candle?symbol=AAPL&resolution=D&from=1776150168&to=1778742168:0
[  489694ms] [ERROR] Failed to load resource: the server responded with a status of 500 (Internal Server Error) @ http://localhost:3000/api/stocks/candle?symbol=AAPL&resolution=D&from=1776150170&to=1778742170:0
[  490277ms] [ERROR] Failed to load resource: the server responded with a status of 500 (Internal Server Error) @ http://localhost:3000/api/stocks/indicator?symbol=AAPL&resolution=D&from=1776150169&to=1778742169&indicator=rsi&timeperiod=14:0
[  490281ms] [ERROR] Failed to load resource: the server responded with a status of 500 (Internal Server Error) @ http://localhost:3000/api/stocks/indicator?symbol=AAPL&resolution=D&from=1776150169&to=1778742169&indicator=sma&timeperiod=20:0
[  490289ms] [ERROR] Failed to load resource: the server responded with a status of 500 (Internal Server Error) @ http://localhost:3000/api/stocks/indicator?symbol=AAPL&resolution=D&from=1776150169&to=1778742169&indicator=sma&timeperiod=50:0
[  490574ms] [ERROR] Failed to load resource: the server responded with a status of 500 (Internal Server Error) @ http://localhost:3000/api/stocks/indicator?symbol=AAPL&resolution=D&from=1776150171&to=1778742171&indicator=rsi&timeperiod=14:0
[  490581ms] [ERROR] Failed to load resource: the server responded with a status of 500 (Internal Server Error) @ http://localhost:3000/api/stocks/indicator?symbol=AAPL&resolution=D&from=1776150171&to=1778742171&indicator=sma&timeperiod=20:0
[  490584ms] [ERROR] Failed to load resource: the server responded with a status of 500 (Internal Server Error) @ http://localhost:3000/api/stocks/indicator?symbol=AAPL&resolution=D&from=1776150171&to=1778742171&indicator=sma&timeperiod=50:0
[  491005ms] [ERROR] Failed to load resource: the server responded with a status of 500 (Internal Server Error) @ http://localhost:3000/api/stocks/candle?symbol=AAPL&resolution=D&from=1776150170&to=1778742170:0
[  491293ms] [ERROR] Failed to load resource: the server responded with a status of 500 (Internal Server Error) @ http://localhost:3000/api/stocks/candle?symbol=AAPL&resolution=D&from=1776150171&to=1778742171:0
[  491885ms] [ERROR] Failed to load resource: the server responded with a status of 500 (Internal Server Error) @ http://localhost:3000/api/stocks/indicator?symbol=AAPL&resolution=D&from=1776150171&to=1778742171&indicator=sma&timeperiod=50:0
[  491894ms] [ERROR] Failed to load resource: the server responded with a status of 500 (Internal Server Error) @ http://localhost:3000/api/stocks/indicator?symbol=AAPL&resolution=D&from=1776150171&to=1778742171&indicator=rsi&timeperiod=14:0
[  491897ms] [ERROR] Failed to load resource: the server responded with a status of 500 (Internal Server Error) @ http://localhost:3000/api/stocks/indicator?symbol=AAPL&resolution=D&from=1776150171&to=1778742171&indicator=sma&timeperiod=20:0
[  492187ms] [ERROR] Failed to load resource: the server responded with a status of 500 (Internal Server Error) @ http://localhost:3000/api/stocks/indicator?symbol=AAPL&resolution=D&from=1776150172&to=1778742172&indicator=sma&timeperiod=20:0
[  492199ms] [ERROR] Failed to load resource: the server responded with a status of 500 (Internal Server Error) @ http://localhost:3000/api/stocks/indicator?symbol=AAPL&resolution=D&from=1776150172&to=1778742172&indicator=sma&timeperiod=50:0
[  492203ms] [ERROR] Failed to load resource: the server responded with a status of 500 (Internal Server Error) @ http://localhost:3000/api/stocks/indicator?symbol=AAPL&resolution=D&from=1776150172&to=1778742172&indicator=rsi&timeperiod=14:0
[  492712ms] [ERROR] Failed to load resource: the server responded with a status of 500 (Internal Server Error) @ http://localhost:3000/api/stocks/candle?symbol=AAPL&resolution=D&from=1776150171&to=1778742171:0
[  493004ms] [ERROR] Failed to load resource: the server responded with a status of 500 (Internal Server Error) @ http://localhost:3000/api/stocks/candle?symbol=AAPL&resolution=D&from=1776150173&to=1778742173:0
[  493479ms] [ERROR] Failed to load resource: the server responded with a status of 500 (Internal Server Error) @ http://localhost:3000/api/stocks/indicator?symbol=AAPL&resolution=D&from=1776150172&to=1778742172&indicator=sma&timeperiod=20:0
[  493506ms] [ERROR] Failed to load resource: the server responded with a status of 500 (Internal Server Error) @ http://localhost:3000/api/stocks/indicator?symbol=AAPL&resolution=D&from=1776150172&to=1778742172&indicator=rsi&timeperiod=14:0
[  493509ms] [ERROR] Failed to load resource: the server responded with a status of 500 (Internal Server Error) @ http://localhost:3000/api/stocks/indicator?symbol=AAPL&resolution=D&from=1776150172&to=1778742172&indicator=sma&timeperiod=50:0
[  493765ms] [ERROR] Failed to load resource: the server responded with a status of 500 (Internal Server Error) @ http://localhost:3000/api/stocks/indicator?symbol=AAPL&resolution=D&from=1776150174&to=1778742174&indicator=rsi&timeperiod=14:0
[  493779ms] [ERROR] Failed to load resource: the server responded with a status of 500 (Internal Server Error) @ http://localhost:3000/api/stocks/indicator?symbol=AAPL&resolution=D&from=1776150174&to=1778742174&indicator=sma&timeperiod=20:0
[  493787ms] [ERROR] Failed to load resource: the server responded with a status of 500 (Internal Server Error) @ http://localhost:3000/api/stocks/indicator?symbol=AAPL&resolution=D&from=1776150174&to=1778742174&indicator=sma&timeperiod=50:0
[  494293ms] [ERROR] Failed to load resource: the server responded with a status of 500 (Internal Server Error) @ http://localhost:3000/api/stocks/candle?symbol=AAPL&resolution=D&from=1776150173&to=1778742173:0
[  494586ms] [ERROR] Failed to load resource: the server responded with a status of 500 (Internal Server Error) @ http://localhost:3000/api/stocks/candle?symbol=AAPL&resolution=D&from=1776150175&to=1778742175:0
[  495067ms] [ERROR] Failed to load resource: the server responded with a status of 500 (Internal Server Error) @ http://localhost:3000/api/stocks/indicator?symbol=AAPL&resolution=D&from=1776150174&to=1778742174&indicator=rsi&timeperiod=14:0
[  495084ms] [ERROR] Failed to load resource: the server responded with a status of 500 (Internal Server Error) @ http://localhost:3000/api/stocks/indicator?symbol=AAPL&resolution=D&from=1776150174&to=1778742174&indicator=sma&timeperiod=50:0
[  495096ms] [ERROR] Failed to load resource: the server responded with a status of 500 (Internal Server Error) @ http://localhost:3000/api/stocks/indicator?symbol=AAPL&resolution=D&from=1776150174&to=1778742174&indicator=sma&timeperiod=20:0
[  495432ms] [ERROR] Failed to load resource: the server responded with a status of 500 (Internal Server Error) @ http://localhost:3000/api/stocks/indicator?symbol=AAPL&resolution=D&from=1776150175&to=1778742175&indicator=rsi&timeperiod=14:0
[  495441ms] [ERROR] Failed to load resource: the server responded with a status of 500 (Internal Server Error) @ http://localhost:3000/api/stocks/indicator?symbol=AAPL&resolution=D&from=1776150175&to=1778742175&indicator=sma&timeperiod=20:0
[  495495ms] [ERROR] Failed to load resource: the server responded with a status of 500 (Internal Server Error) @ http://localhost:3000/api/stocks/indicator?symbol=AAPL&resolution=D&from=1776150175&to=1778742175&indicator=sma&timeperiod=50:0
[  495869ms] [ERROR] Failed to load resource: the server responded with a status of 500 (Internal Server Error) @ http://localhost:3000/api/stocks/candle?symbol=AAPL&resolution=D&from=1776150175&to=1778742175:0
[  496163ms] [ERROR] Failed to load resource: the server responded with a status of 500 (Internal Server Error) @ http://localhost:3000/api/stocks/candle?symbol=AAPL&resolution=D&from=1776150176&to=1778742176:0
[  496726ms] [ERROR] Failed to load resource: the server responded with a status of 500 (Internal Server Error) @ http://localhost:3000/api/stocks/indicator?symbol=AAPL&resolution=D&from=1776150175&to=1778742175&indicator=rsi&timeperiod=14:0
[  496745ms] [ERROR] Failed to load resource: the server responded with a status of 500 (Internal Server Error) @ http://localhost:3000/api/stocks/indicator?symbol=AAPL&resolution=D&from=1776150175&to=1778742175&indicator=sma&timeperiod=20:0
[  496798ms] [ERROR] Failed to load resource: the server responded with a status of 500 (Internal Server Error) @ http://localhost:3000/api/stocks/indicator?symbol=AAPL&resolution=D&from=1776150175&to=1778742175&indicator=sma&timeperiod=50:0
[  497012ms] [ERROR] Failed to load resource: the server responded with a status of 500 (Internal Server Error) @ http://localhost:3000/api/stocks/indicator?symbol=AAPL&resolution=D&from=1776150177&to=1778742177&indicator=rsi&timeperiod=14:0
[  497037ms] [ERROR] Failed to load resource: the server responded with a status of 500 (Internal Server Error) @ http://localhost:3000/api/stocks/indicator?symbol=AAPL&resolution=D&from=1776150177&to=1778742177&indicator=sma&timeperiod=50:0
[  497039ms] [ERROR] Failed to load resource: the server responded with a status of 500 (Internal Server Error) @ http://localhost:3000/api/stocks/indicator?symbol=AAPL&resolution=D&from=1776150177&to=1778742177&indicator=sma&timeperiod=20:0
[  497541ms] [ERROR] Failed to load resource: the server responded with a status of 500 (Internal Server Error) @ http://localhost:3000/api/stocks/candle?symbol=AAPL&resolution=D&from=1776150176&to=1778742176:0
[  497846ms] [ERROR] Failed to load resource: the server responded with a status of 500 (Internal Server Error) @ http://localhost:3000/api/stocks/candle?symbol=AAPL&resolution=D&from=1776150178&to=1778742178:0
[  498321ms] [ERROR] Failed to load resource: the server responded with a status of 500 (Internal Server Error) @ http://localhost:3000/api/stocks/indicator?symbol=AAPL&resolution=D&from=1776150177&to=1778742177&indicator=rsi&timeperiod=14:0
[  498359ms] [ERROR] Failed to load resource: the server responded with a status of 500 (Internal Server Error) @ http://localhost:3000/api/stocks/indicator?symbol=AAPL&resolution=D&from=1776150177&to=1778742177&indicator=sma&timeperiod=50:0
[  498360ms] [ERROR] Failed to load resource: the server responded with a status of 500 (Internal Server Error) @ http://localhost:3000/api/stocks/indicator?symbol=AAPL&resolution=D&from=1776150177&to=1778742177&indicator=sma&timeperiod=20:0
[  498643ms] [ERROR] Failed to load resource: the server responded with a status of 500 (Internal Server Error) @ http://localhost:3000/api/stocks/indicator?symbol=AAPL&resolution=D&from=1776150179&to=1778742179&indicator=sma&timeperiod=20:0
[  498649ms] [ERROR] Failed to load resource: the server responded with a status of 500 (Internal Server Error) @ http://localhost:3000/api/stocks/indicator?symbol=AAPL&resolution=D&from=1776150179&to=1778742179&indicator=rsi&timeperiod=14:0
[  498765ms] [ERROR] Failed to load resource: the server responded with a status of 500 (Internal Server Error) @ http://localhost:3000/api/stocks/indicator?symbol=AAPL&resolution=D&from=1776150179&to=1778742179&indicator=sma&timeperiod=50:0
[  499150ms] [ERROR] Failed to load resource: the server responded with a status of 500 (Internal Server Error) @ http://localhost:3000/api/stocks/candle?symbol=AAPL&resolution=D&from=1776150178&to=1778742178:0
[  499449ms] [ERROR] Failed to load resource: the server responded with a status of 500 (Internal Server Error) @ http://localhost:3000/api/stocks/candle?symbol=AAPL&resolution=D&from=1776150179&to=1778742179:0
[  499935ms] [ERROR] Failed to load resource: the server responded with a status of 500 (Internal Server Error) @ http://localhost:3000/api/stocks/indicator?symbol=AAPL&resolution=D&from=1776150179&to=1778742179&indicator=sma&timeperiod=20:0
[  499982ms] [ERROR] Failed to load resource: the server responded with a status of 500 (Internal Server Error) @ http://localhost:3000/api/stocks/indicator?symbol=AAPL&resolution=D&from=1776150179&to=1778742179&indicator=rsi&timeperiod=14:0
[  500068ms] [ERROR] Failed to load resource: the server responded with a status of 500 (Internal Server Error) @ http://localhost:3000/api/stocks/indicator?symbol=AAPL&resolution=D&from=1776150179&to=1778742179&indicator=sma&timeperiod=50:0
[  500229ms] [ERROR] Failed to load resource: the server responded with a status of 500 (Internal Server Error) @ http://localhost:3000/api/stocks/indicator?symbol=AAPL&resolution=D&from=1776150180&to=1778742180&indicator=rsi&timeperiod=14:0
[  500241ms] [ERROR] Failed to load resource: the server responded with a status of 500 (Internal Server Error) @ http://localhost:3000/api/stocks/indicator?symbol=AAPL&resolution=D&from=1776150180&to=1778742180&indicator=sma&timeperiod=20:0
[  500269ms] [ERROR] Failed to load resource: the server responded with a status of 500 (Internal Server Error) @ http://localhost:3000/api/stocks/indicator?symbol=AAPL&resolution=D&from=1776150180&to=1778742180&indicator=sma&timeperiod=50:0
[  500788ms] [ERROR] Failed to load resource: the server responded with a status of 500 (Internal Server Error) @ http://localhost:3000/api/stocks/candle?symbol=AAPL&resolution=D&from=1776150179&to=1778742179:0
[  501173ms] [ERROR] Failed to load resource: the server responded with a status of 500 (Internal Server Error) @ http://localhost:3000/api/stocks/candle?symbol=AAPL&resolution=D&from=1776150181&to=1778742181:0
[  501567ms] [ERROR] Failed to load resource: the server responded with a status of 500 (Internal Server Error) @ http://localhost:3000/api/stocks/indicator?symbol=AAPL&resolution=D&from=1776150180&to=1778742180&indicator=rsi&timeperiod=14:0
[  501573ms] [ERROR] Failed to load resource: the server responded with a status of 500 (Internal Server Error) @ http://localhost:3000/api/stocks/indicator?symbol=AAPL&resolution=D&from=1776150180&to=1778742180&indicator=sma&timeperiod=50:0
[  501573ms] [ERROR] Failed to load resource: the server responded with a status of 500 (Internal Server Error) @ http://localhost:3000/api/stocks/indicator?symbol=AAPL&resolution=D&from=1776150180&to=1778742180&indicator=sma&timeperiod=20:0
[  501867ms] [ERROR] Failed to load resource: the server responded with a status of 500 (Internal Server Error) @ http://localhost:3000/api/stocks/indicator?symbol=AAPL&resolution=D&from=1776150182&to=1778742182&indicator=rsi&timeperiod=14:0
[  501870ms] [ERROR] Failed to load resource: the server responded with a status of 500 (Internal Server Error) @ http://localhost:3000/api/stocks/indicator?symbol=AAPL&resolution=D&from=1776150182&to=1778742182&indicator=sma&timeperiod=50:0
[  501878ms] [ERROR] Failed to load resource: the server responded with a status of 500 (Internal Server Error) @ http://localhost:3000/api/stocks/indicator?symbol=AAPL&resolution=D&from=1776150182&to=1778742182&indicator=sma&timeperiod=20:0
[  502469ms] [ERROR] Failed to load resource: the server responded with a status of 500 (Internal Server Error) @ http://localhost:3000/api/stocks/candle?symbol=AAPL&resolution=D&from=1776150181&to=1778742181:0
[  502755ms] [ERROR] Failed to load resource: the server responded with a status of 500 (Internal Server Error) @ http://localhost:3000/api/stocks/candle?symbol=AAPL&resolution=D&from=1776150183&to=1778742183:0
[  503166ms] [ERROR] Failed to load resource: the server responded with a status of 500 (Internal Server Error) @ http://localhost:3000/api/stocks/indicator?symbol=AAPL&resolution=D&from=1776150182&to=1778742182&indicator=sma&timeperiod=50:0
[  503170ms] [ERROR] Failed to load resource: the server responded with a status of 500 (Internal Server Error) @ http://localhost:3000/api/stocks/indicator?symbol=AAPL&resolution=D&from=1776150182&to=1778742182&indicator=rsi&timeperiod=14:0
[  503182ms] [ERROR] Failed to load resource: the server responded with a status of 500 (Internal Server Error) @ http://localhost:3000/api/stocks/indicator?symbol=AAPL&resolution=D&from=1776150182&to=1778742182&indicator=sma&timeperiod=20:0
[  503462ms] [ERROR] Failed to load resource: the server responded with a status of 500 (Internal Server Error) @ http://localhost:3000/api/stocks/indicator?symbol=AAPL&resolution=D&from=1776150183&to=1778742183&indicator=rsi&timeperiod=14:0
[  503465ms] [ERROR] Failed to load resource: the server responded with a status of 500 (Internal Server Error) @ http://localhost:3000/api/stocks/indicator?symbol=AAPL&resolution=D&from=1776150183&to=1778742183&indicator=sma&timeperiod=50:0
[  503468ms] [ERROR] Failed to load resource: the server responded with a status of 500 (Internal Server Error) @ http://localhost:3000/api/stocks/indicator?symbol=AAPL&resolution=D&from=1776150183&to=1778742183&indicator=sma&timeperiod=20:0
[  504078ms] [ERROR] Failed to load resource: the server responded with a status of 500 (Internal Server Error) @ http://localhost:3000/api/stocks/candle?symbol=AAPL&resolution=D&from=1776150183&to=1778742183:0
[  504385ms] [ERROR] Failed to load resource: the server responded with a status of 500 (Internal Server Error) @ http://localhost:3000/api/stocks/candle?symbol=AAPL&resolution=D&from=1776150184&to=1778742184:0
[  504797ms] [ERROR] Failed to load resource: the server responded with a status of 500 (Internal Server Error) @ http://localhost:3000/api/stocks/indicator?symbol=AAPL&resolution=D&from=1776150183&to=1778742183&indicator=rsi&timeperiod=14:0
[  504818ms] [ERROR] Failed to load resource: the server responded with a status of 500 (Internal Server Error) @ http://localhost:3000/api/stocks/indicator?symbol=AAPL&resolution=D&from=1776150183&to=1778742183&indicator=sma&timeperiod=50:0
[  504833ms] [ERROR] Failed to load resource: the server responded with a status of 500 (Internal Server Error) @ http://localhost:3000/api/stocks/indicator?symbol=AAPL&resolution=D&from=1776150183&to=1778742183&indicator=sma&timeperiod=20:0
[  505095ms] [ERROR] Failed to load resource: the server responded with a status of 500 (Internal Server Error) @ http://localhost:3000/api/stocks/indicator?symbol=AAPL&resolution=D&from=1776150185&to=1778742185&indicator=sma&timeperiod=20:0
[  505100ms] [ERROR] Failed to load resource: the server responded with a status of 500 (Internal Server Error) @ http://localhost:3000/api/stocks/indicator?symbol=AAPL&resolution=D&from=1776150185&to=1778742185&indicator=sma&timeperiod=50:0
[  505107ms] [ERROR] Failed to load resource: the server responded with a status of 500 (Internal Server Error) @ http://localhost:3000/api/stocks/indicator?symbol=AAPL&resolution=D&from=1776150185&to=1778742185&indicator=rsi&timeperiod=14:0
[  505674ms] [ERROR] Failed to load resource: the server responded with a status of 500 (Internal Server Error) @ http://localhost:3000/api/stocks/candle?symbol=AAPL&resolution=D&from=1776150184&to=1778742184:0
[  505975ms] [ERROR] Failed to load resource: the server responded with a status of 500 (Internal Server Error) @ http://localhost:3000/api/stocks/candle?symbol=AAPL&resolution=D&from=1776150186&to=1778742186:0
[  506394ms] [ERROR] Failed to load resource: the server responded with a status of 500 (Internal Server Error) @ http://localhost:3000/api/stocks/indicator?symbol=AAPL&resolution=D&from=1776150185&to=1778742185&indicator=sma&timeperiod=20:0
[  506401ms] [ERROR] Failed to load resource: the server responded with a status of 500 (Internal Server Error) @ http://localhost:3000/api/stocks/indicator?symbol=AAPL&resolution=D&from=1776150185&to=1778742185&indicator=rsi&timeperiod=14:0
[  506404ms] [ERROR] Failed to load resource: the server responded with a status of 500 (Internal Server Error) @ http://localhost:3000/api/stocks/indicator?symbol=AAPL&resolution=D&from=1776150185&to=1778742185&indicator=sma&timeperiod=50:0
[  506702ms] [ERROR] Failed to load resource: the server responded with a status of 500 (Internal Server Error) @ http://localhost:3000/api/stocks/indicator?symbol=AAPL&resolution=D&from=1776150187&to=1778742187&indicator=sma&timeperiod=20:0
[  506704ms] [ERROR] Failed to load resource: the server responded with a status of 500 (Internal Server Error) @ http://localhost:3000/api/stocks/indicator?symbol=AAPL&resolution=D&from=1776150187&to=1778742187&indicator=sma&timeperiod=50:0
[  506720ms] [ERROR] Failed to load resource: the server responded with a status of 500 (Internal Server Error) @ http://localhost:3000/api/stocks/indicator?symbol=AAPL&resolution=D&from=1776150187&to=1778742187&indicator=rsi&timeperiod=14:0
[  507299ms] [ERROR] Failed to load resource: the server responded with a status of 500 (Internal Server Error) @ http://localhost:3000/api/stocks/candle?symbol=AAPL&resolution=D&from=1776150186&to=1778742186:0
[  507613ms] [ERROR] Failed to load resource: the server responded with a status of 500 (Internal Server Error) @ http://localhost:3000/api/stocks/candle?symbol=AAPL&resolution=D&from=1776150188&to=1778742188:0
[  507995ms] [ERROR] Failed to load resource: the server responded with a status of 500 (Internal Server Error) @ http://localhost:3000/api/stocks/indicator?symbol=AAPL&resolution=D&from=1776150187&to=1778742187&indicator=sma&timeperiod=20:0
[  508009ms] [ERROR] Failed to load resource: the server responded with a status of 500 (Internal Server Error) @ http://localhost:3000/api/stocks/indicator?symbol=AAPL&resolution=D&from=1776150187&to=1778742187&indicator=sma&timeperiod=50:0
[  508029ms] [ERROR] Failed to load resource: the server responded with a status of 500 (Internal Server Error) @ http://localhost:3000/api/stocks/indicator?symbol=AAPL&resolution=D&from=1776150187&to=1778742187&indicator=rsi&timeperiod=14:0
[  508296ms] [ERROR] Failed to load resource: the server responded with a status of 500 (Internal Server Error) @ http://localhost:3000/api/stocks/indicator?symbol=AAPL&resolution=D&from=1776150188&to=1778742188&indicator=sma&timeperiod=50:0
[  508299ms] [ERROR] Failed to load resource: the server responded with a status of 500 (Internal Server Error) @ http://localhost:3000/api/stocks/indicator?symbol=AAPL&resolution=D&from=1776150188&to=1778742188&indicator=rsi&timeperiod=14:0
[  508303ms] [ERROR] Failed to load resource: the server responded with a status of 500 (Internal Server Error) @ http://localhost:3000/api/stocks/indicator?symbol=AAPL&resolution=D&from=1776150188&to=1778742188&indicator=sma&timeperiod=20:0
[  508922ms] [ERROR] Failed to load resource: the server responded with a status of 500 (Internal Server Error) @ http://localhost:3000/api/stocks/candle?symbol=AAPL&resolution=D&from=1776150188&to=1778742188:0
[  509222ms] [ERROR] Failed to load resource: the server responded with a status of 500 (Internal Server Error) @ http://localhost:3000/api/stocks/candle?symbol=AAPL&resolution=D&from=1776150189&to=1778742189:0
[  509594ms] [ERROR] Failed to load resource: the server responded with a status of 500 (Internal Server Error) @ http://localhost:3000/api/stocks/indicator?symbol=AAPL&resolution=D&from=1776150188&to=1778742188&indicator=sma&timeperiod=50:0
[  509607ms] [ERROR] Failed to load resource: the server responded with a status of 500 (Internal Server Error) @ http://localhost:3000/api/stocks/indicator?symbol=AAPL&resolution=D&from=1776150188&to=1778742188&indicator=sma&timeperiod=20:0
[  509628ms] [ERROR] Failed to load resource: the server responded with a status of 500 (Internal Server Error) @ http://localhost:3000/api/stocks/indicator?symbol=AAPL&resolution=D&from=1776150188&to=1778742188&indicator=rsi&timeperiod=14:0
[  509894ms] [ERROR] Failed to load resource: the server responded with a status of 500 (Internal Server Error) @ http://localhost:3000/api/stocks/indicator?symbol=AAPL&resolution=D&from=1776150190&to=1778742190&indicator=rsi&timeperiod=14:0
[  509898ms] [ERROR] Failed to load resource: the server responded with a status of 500 (Internal Server Error) @ http://localhost:3000/api/stocks/indicator?symbol=AAPL&resolution=D&from=1776150190&to=1778742190&indicator=sma&timeperiod=20:0
[  509907ms] [ERROR] Failed to load resource: the server responded with a status of 500 (Internal Server Error) @ http://localhost:3000/api/stocks/indicator?symbol=AAPL&resolution=D&from=1776150190&to=1778742190&indicator=sma&timeperiod=50:0
[  510560ms] [ERROR] Failed to load resource: the server responded with a status of 500 (Internal Server Error) @ http://localhost:3000/api/stocks/candle?symbol=AAPL&resolution=D&from=1776150189&to=1778742189:0
[  510845ms] [ERROR] Failed to load resource: the server responded with a status of 500 (Internal Server Error) @ http://localhost:3000/api/stocks/candle?symbol=AAPL&resolution=D&from=1776150191&to=1778742191:0
[  511193ms] [ERROR] Failed to load resource: the server responded with a status of 500 (Internal Server Error) @ http://localhost:3000/api/stocks/indicator?symbol=AAPL&resolution=D&from=1776150190&to=1778742190&indicator=sma&timeperiod=20:0
[  511197ms] [ERROR] Failed to load resource: the server responded with a status of 500 (Internal Server Error) @ http://localhost:3000/api/stocks/indicator?symbol=AAPL&resolution=D&from=1776150190&to=1778742190&indicator=rsi&timeperiod=14:0
[  511204ms] [ERROR] Failed to load resource: the server responded with a status of 500 (Internal Server Error) @ http://localhost:3000/api/stocks/indicator?symbol=AAPL&resolution=D&from=1776150190&to=1778742190&indicator=sma&timeperiod=50:0
[  511500ms] [ERROR] Failed to load resource: the server responded with a status of 500 (Internal Server Error) @ http://localhost:3000/api/stocks/indicator?symbol=AAPL&resolution=D&from=1776150191&to=1778742191&indicator=sma&timeperiod=50:0
[  511509ms] [ERROR] Failed to load resource: the server responded with a status of 500 (Internal Server Error) @ http://localhost:3000/api/stocks/indicator?symbol=AAPL&resolution=D&from=1776150191&to=1778742191&indicator=sma&timeperiod=20:0
[  511512ms] [ERROR] Failed to load resource: the server responded with a status of 500 (Internal Server Error) @ http://localhost:3000/api/stocks/indicator?symbol=AAPL&resolution=D&from=1776150191&to=1778742191&indicator=rsi&timeperiod=14:0
[  512140ms] [ERROR] Failed to load resource: the server responded with a status of 500 (Internal Server Error) @ http://localhost:3000/api/stocks/candle?symbol=AAPL&resolution=D&from=1776150191&to=1778742191:0
[  512427ms] [ERROR] Failed to load resource: the server responded with a status of 500 (Internal Server Error) @ http://localhost:3000/api/stocks/candle?symbol=AAPL&resolution=D&from=1776150192&to=1778742192:0
[  512806ms] [ERROR] Failed to load resource: the server responded with a status of 500 (Internal Server Error) @ http://localhost:3000/api/stocks/indicator?symbol=AAPL&resolution=D&from=1776150191&to=1778742191&indicator=rsi&timeperiod=14:0
[  512810ms] [ERROR] Failed to load resource: the server responded with a status of 500 (Internal Server Error) @ http://localhost:3000/api/stocks/indicator?symbol=AAPL&resolution=D&from=1776150191&to=1778742191&indicator=sma&timeperiod=50:0
[  512823ms] [ERROR] Failed to load resource: the server responded with a status of 500 (Internal Server Error) @ http://localhost:3000/api/stocks/indicator?symbol=AAPL&resolution=D&from=1776150191&to=1778742191&indicator=sma&timeperiod=20:0
[  513116ms] [ERROR] Failed to load resource: the server responded with a status of 500 (Internal Server Error) @ http://localhost:3000/api/stocks/indicator?symbol=AAPL&resolution=D&from=1776150193&to=1778742193&indicator=sma&timeperiod=20:0
[  513118ms] [ERROR] Failed to load resource: the server responded with a status of 500 (Internal Server Error) @ http://localhost:3000/api/stocks/indicator?symbol=AAPL&resolution=D&from=1776150193&to=1778742193&indicator=rsi&timeperiod=14:0
[  513139ms] [ERROR] Failed to load resource: the server responded with a status of 500 (Internal Server Error) @ http://localhost:3000/api/stocks/indicator?symbol=AAPL&resolution=D&from=1776150193&to=1778742193&indicator=sma&timeperiod=50:0
[  513779ms] [ERROR] Failed to load resource: the server responded with a status of 500 (Internal Server Error) @ http://localhost:3000/api/stocks/candle?symbol=AAPL&resolution=D&from=1776150192&to=1778742192:0
[  514083ms] [ERROR] Failed to load resource: the server responded with a status of 500 (Internal Server Error) @ http://localhost:3000/api/stocks/candle?symbol=AAPL&resolution=D&from=1776150194&to=1778742194:0
[  514199ms] [LOG] [Fast Refresh] rebuilding @ http://localhost:3000/_next/static/chunks/node_modules_next_dist_115brz8._.js:2431
[  514199ms] [LOG] [Fast Refresh] done in 102ms @ http://localhost:3000/_next/static/chunks/node_modules_next_dist_115brz8._.js:2431
[  514425ms] [ERROR] Failed to load resource: the server responded with a status of 500 (Internal Server Error) @ http://localhost:3000/api/stocks/indicator?symbol=AAPL&resolution=D&from=1776150193&to=1778742193&indicator=sma&timeperiod=20:0
[  514430ms] [ERROR] Failed to load resource: the server responded with a status of 500 (Internal Server Error) @ http://localhost:3000/api/stocks/indicator?symbol=AAPL&resolution=D&from=1776150193&to=1778742193&indicator=rsi&timeperiod=14:0
[  514448ms] [ERROR] Failed to load resource: the server responded with a status of 500 (Internal Server Error) @ http://localhost:3000/api/stocks/indicator?symbol=AAPL&resolution=D&from=1776150193&to=1778742193&indicator=sma&timeperiod=50:0
[  514723ms] [ERROR] Failed to load resource: the server responded with a status of 500 (Internal Server Error) @ http://localhost:3000/api/stocks/indicator?symbol=AAPL&resolution=D&from=1776150195&to=1778742195&indicator=rsi&timeperiod=14:0
[  514733ms] [ERROR] Failed to load resource: the server responded with a status of 500 (Internal Server Error) @ http://localhost:3000/api/stocks/indicator?symbol=AAPL&resolution=D&from=1776150195&to=1778742195&indicator=sma&timeperiod=20:0
[  514874ms] [ERROR] Failed to load resource: the server responded with a status of 500 (Internal Server Error) @ http://localhost:3000/api/stocks/indicator?symbol=AAPL&resolution=D&from=1776150195&to=1778742195&indicator=sma&timeperiod=50:0
[  515373ms] [ERROR] Failed to load resource: the server responded with a status of 500 (Internal Server Error) @ http://localhost:3000/api/stocks/candle?symbol=AAPL&resolution=D&from=1776150194&to=1778742194:0
[  515675ms] [ERROR] Failed to load resource: the server responded with a status of 500 (Internal Server Error) @ http://localhost:3000/api/stocks/candle?symbol=AAPL&resolution=D&from=1776150196&to=1778742196:0
[  516062ms] [ERROR] Failed to load resource: the server responded with a status of 500 (Internal Server Error) @ http://localhost:3000/api/stocks/indicator?symbol=AAPL&resolution=D&from=1776150195&to=1778742195&indicator=sma&timeperiod=20:0
[  516067ms] [ERROR] Failed to load resource: the server responded with a status of 500 (Internal Server Error) @ http://localhost:3000/api/stocks/indicator?symbol=AAPL&resolution=D&from=1776150195&to=1778742195&indicator=rsi&timeperiod=14:0
[  516164ms] [ERROR] Failed to load resource: the server responded with a status of 500 (Internal Server Error) @ http://localhost:3000/api/stocks/indicator?symbol=AAPL&resolution=D&from=1776150195&to=1778742195&indicator=sma&timeperiod=50:0
[  516371ms] [ERROR] Failed to load resource: the server responded with a status of 500 (Internal Server Error) @ http://localhost:3000/api/stocks/indicator?symbol=AAPL&resolution=D&from=1776150196&to=1778742196&indicator=sma&timeperiod=50:0
[  516413ms] [ERROR] Failed to load resource: the server responded with a status of 500 (Internal Server Error) @ http://localhost:3000/api/stocks/indicator?symbol=AAPL&resolution=D&from=1776150196&to=1778742196&indicator=sma&timeperiod=20:0
[  516415ms] [ERROR] Failed to load resource: the server responded with a status of 500 (Internal Server Error) @ http://localhost:3000/api/stocks/indicator?symbol=AAPL&resolution=D&from=1776150196&to=1778742196&indicator=rsi&timeperiod=14:0
[  516983ms] [ERROR] Failed to load resource: the server responded with a status of 500 (Internal Server Error) @ http://localhost:3000/api/stocks/candle?symbol=AAPL&resolution=D&from=1776150196&to=1778742196:0
[  517307ms] [ERROR] Failed to load resource: the server responded with a status of 500 (Internal Server Error) @ http://localhost:3000/api/stocks/candle?symbol=AAPL&resolution=D&from=1776150197&to=1778742197:0
[  517651ms] [ERROR] Failed to load resource: the server responded with a status of 500 (Internal Server Error) @ http://localhost:3000/api/stocks/indicator?symbol=AAPL&resolution=D&from=1776150196&to=1778742196&indicator=sma&timeperiod=50:0
[  517744ms] [ERROR] Failed to load resource: the server responded with a status of 500 (Internal Server Error) @ http://localhost:3000/api/stocks/indicator?symbol=AAPL&resolution=D&from=1776150196&to=1778742196&indicator=sma&timeperiod=20:0
[  517747ms] [ERROR] Failed to load resource: the server responded with a status of 500 (Internal Server Error) @ http://localhost:3000/api/stocks/indicator?symbol=AAPL&resolution=D&from=1776150196&to=1778742196&indicator=rsi&timeperiod=14:0
[  517947ms] [ERROR] Failed to load resource: the server responded with a status of 500 (Internal Server Error) @ http://localhost:3000/api/stocks/indicator?symbol=AAPL&resolution=D&from=1776150198&to=1778742198&indicator=rsi&timeperiod=14:0
[  517962ms] [ERROR] Failed to load resource: the server responded with a status of 500 (Internal Server Error) @ http://localhost:3000/api/stocks/indicator?symbol=AAPL&resolution=D&from=1776150198&to=1778742198&indicator=sma&timeperiod=20:0
[  517968ms] [ERROR] Failed to load resource: the server responded with a status of 500 (Internal Server Error) @ http://localhost:3000/api/stocks/indicator?symbol=AAPL&resolution=D&from=1776150198&to=1778742198&indicator=sma&timeperiod=50:0
[  518603ms] [ERROR] Failed to load resource: the server responded with a status of 500 (Internal Server Error) @ http://localhost:3000/api/stocks/candle?symbol=AAPL&resolution=D&from=1776150197&to=1778742197:0
[  518903ms] [ERROR] Failed to load resource: the server responded with a status of 500 (Internal Server Error) @ http://localhost:3000/api/stocks/candle?symbol=AAPL&resolution=D&from=1776150199&to=1778742199:0
[  519236ms] [ERROR] Failed to load resource: the server responded with a status of 500 (Internal Server Error) @ http://localhost:3000/api/stocks/indicator?symbol=AAPL&resolution=D&from=1776150198&to=1778742198&indicator=rsi&timeperiod=14:0
[  519268ms] [ERROR] Failed to load resource: the server responded with a status of 500 (Internal Server Error) @ http://localhost:3000/api/stocks/indicator?symbol=AAPL&resolution=D&from=1776150198&to=1778742198&indicator=sma&timeperiod=20:0
[  519270ms] [ERROR] Failed to load resource: the server responded with a status of 500 (Internal Server Error) @ http://localhost:3000/api/stocks/indicator?symbol=AAPL&resolution=D&from=1776150198&to=1778742198&indicator=sma&timeperiod=50:0
[  519537ms] [ERROR] Failed to load resource: the server responded with a status of 500 (Internal Server Error) @ http://localhost:3000/api/stocks/indicator?symbol=AAPL&resolution=D&from=1776150200&to=1778742200&indicator=sma&timeperiod=20:0
[  519544ms] [ERROR] Failed to load resource: the server responded with a status of 500 (Internal Server Error) @ http://localhost:3000/api/stocks/indicator?symbol=AAPL&resolution=D&from=1776150200&to=1778742200&indicator=rsi&timeperiod=14:0
[  519559ms] [ERROR] Failed to load resource: the server responded with a status of 500 (Internal Server Error) @ http://localhost:3000/api/stocks/indicator?symbol=AAPL&resolution=D&from=1776150200&to=1778742200&indicator=sma&timeperiod=50:0
[  520201ms] [ERROR] Failed to load resource: the server responded with a status of 500 (Internal Server Error) @ http://localhost:3000/api/stocks/candle?symbol=AAPL&resolution=D&from=1776150199&to=1778742199:0
[  520523ms] [ERROR] Failed to load resource: the server responded with a status of 500 (Internal Server Error) @ http://localhost:3000/api/stocks/candle?symbol=AAPL&resolution=D&from=1776150201&to=1778742201:0
[  520830ms] [ERROR] Failed to load resource: the server responded with a status of 500 (Internal Server Error) @ http://localhost:3000/api/stocks/indicator?symbol=AAPL&resolution=D&from=1776150200&to=1778742200&indicator=sma&timeperiod=20:0
[  520854ms] [ERROR] Failed to load resource: the server responded with a status of 500 (Internal Server Error) @ http://localhost:3000/api/stocks/indicator?symbol=AAPL&resolution=D&from=1776150200&to=1778742200&indicator=rsi&timeperiod=14:0
[  520864ms] [ERROR] Failed to load resource: the server responded with a status of 500 (Internal Server Error) @ http://localhost:3000/api/stocks/indicator?symbol=AAPL&resolution=D&from=1776150200&to=1778742200&indicator=sma&timeperiod=50:0
[  521132ms] [ERROR] Failed to load resource: the server responded with a status of 500 (Internal Server Error) @ http://localhost:3000/api/stocks/indicator?symbol=AAPL&resolution=D&from=1776150201&to=1778742201&indicator=rsi&timeperiod=14:0
[  521137ms] [ERROR] Failed to load resource: the server responded with a status of 500 (Internal Server Error) @ http://localhost:3000/api/stocks/indicator?symbol=AAPL&resolution=D&from=1776150201&to=1778742201&indicator=sma&timeperiod=20:0
[  521149ms] [ERROR] Failed to load resource: the server responded with a status of 500 (Internal Server Error) @ http://localhost:3000/api/stocks/indicator?symbol=AAPL&resolution=D&from=1776150201&to=1778742201&indicator=sma&timeperiod=50:0
[  521824ms] [ERROR] Failed to load resource: the server responded with a status of 500 (Internal Server Error) @ http://localhost:3000/api/stocks/candle?symbol=AAPL&resolution=D&from=1776150201&to=1778742201:0
[  522116ms] [ERROR] Failed to load resource: the server responded with a status of 500 (Internal Server Error) @ http://localhost:3000/api/stocks/candle?symbol=AAPL&resolution=D&from=1776150202&to=1778742202:0
[  522415ms] [ERROR] Failed to load resource: the server responded with a status of 500 (Internal Server Error) @ http://localhost:3000/api/stocks/indicator?symbol=AAPL&resolution=D&from=1776150201&to=1778742201&indicator=rsi&timeperiod=14:0
[  522436ms] [ERROR] Failed to load resource: the server responded with a status of 500 (Internal Server Error) @ http://localhost:3000/api/stocks/indicator?symbol=AAPL&resolution=D&from=1776150201&to=1778742201&indicator=sma&timeperiod=20:0
[  522451ms] [ERROR] Failed to load resource: the server responded with a status of 500 (Internal Server Error) @ http://localhost:3000/api/stocks/indicator?symbol=AAPL&resolution=D&from=1776150201&to=1778742201&indicator=sma&timeperiod=50:0
[  522724ms] [ERROR] Failed to load resource: the server responded with a status of 500 (Internal Server Error) @ http://localhost:3000/api/stocks/indicator?symbol=AAPL&resolution=D&from=1776150203&to=1778742203&indicator=rsi&timeperiod=14:0
[  522726ms] [ERROR] Failed to load resource: the server responded with a status of 500 (Internal Server Error) @ http://localhost:3000/api/stocks/indicator?symbol=AAPL&resolution=D&from=1776150203&to=1778742203&indicator=sma&timeperiod=50:0
[  522730ms] [ERROR] Failed to load resource: the server responded with a status of 500 (Internal Server Error) @ http://localhost:3000/api/stocks/indicator?symbol=AAPL&resolution=D&from=1776150203&to=1778742203&indicator=sma&timeperiod=20:0
[  523443ms] [ERROR] Failed to load resource: the server responded with a status of 500 (Internal Server Error) @ http://localhost:3000/api/stocks/candle?symbol=AAPL&resolution=D&from=1776150202&to=1778742202:0
[  523837ms] [ERROR] Failed to load resource: the server responded with a status of 500 (Internal Server Error) @ http://localhost:3000/api/stocks/candle?symbol=AAPL&resolution=D&from=1776150204&to=1778742204:0
[  524045ms] [ERROR] Failed to load resource: the server responded with a status of 500 (Internal Server Error) @ http://localhost:3000/api/stocks/indicator?symbol=AAPL&resolution=D&from=1776150203&to=1778742203&indicator=sma&timeperiod=50:0
[  524050ms] [ERROR] Failed to load resource: the server responded with a status of 500 (Internal Server Error) @ http://localhost:3000/api/stocks/indicator?symbol=AAPL&resolution=D&from=1776150203&to=1778742203&indicator=rsi&timeperiod=14:0
[  524058ms] [ERROR] Failed to load resource: the server responded with a status of 500 (Internal Server Error) @ http://localhost:3000/api/stocks/indicator?symbol=AAPL&resolution=D&from=1776150203&to=1778742203&indicator=sma&timeperiod=20:0
[  524344ms] [ERROR] Failed to load resource: the server responded with a status of 500 (Internal Server Error) @ http://localhost:3000/api/stocks/indicator?symbol=AAPL&resolution=D&from=1776150204&to=1778742204&indicator=rsi&timeperiod=14:0
[  524346ms] [ERROR] Failed to load resource: the server responded with a status of 500 (Internal Server Error) @ http://localhost:3000/api/stocks/indicator?symbol=AAPL&resolution=D&from=1776150204&to=1778742204&indicator=sma&timeperiod=50:0
[  524364ms] [ERROR] Failed to load resource: the server responded with a status of 500 (Internal Server Error) @ http://localhost:3000/api/stocks/indicator?symbol=AAPL&resolution=D&from=1776150204&to=1778742204&indicator=sma&timeperiod=20:0
[  525134ms] [ERROR] Failed to load resource: the server responded with a status of 500 (Internal Server Error) @ http://localhost:3000/api/stocks/candle?symbol=AAPL&resolution=D&from=1776150204&to=1778742204:0
[  525439ms] [ERROR] Failed to load resource: the server responded with a status of 500 (Internal Server Error) @ http://localhost:3000/api/stocks/candle?symbol=AAPL&resolution=D&from=1776150205&to=1778742205:0
[  525643ms] [ERROR] Failed to load resource: the server responded with a status of 500 (Internal Server Error) @ http://localhost:3000/api/stocks/indicator?symbol=AAPL&resolution=D&from=1776150204&to=1778742204&indicator=sma&timeperiod=50:0
[  525654ms] [ERROR] Failed to load resource: the server responded with a status of 500 (Internal Server Error) @ http://localhost:3000/api/stocks/indicator?symbol=AAPL&resolution=D&from=1776150204&to=1778742204&indicator=rsi&timeperiod=14:0
[  525658ms] [ERROR] Failed to load resource: the server responded with a status of 500 (Internal Server Error) @ http://localhost:3000/api/stocks/indicator?symbol=AAPL&resolution=D&from=1776150204&to=1778742204&indicator=sma&timeperiod=20:0
[  525947ms] [ERROR] Failed to load resource: the server responded with a status of 500 (Internal Server Error) @ http://localhost:3000/api/stocks/indicator?symbol=AAPL&resolution=D&from=1776150206&to=1778742206&indicator=rsi&timeperiod=14:0
[  525949ms] [ERROR] Failed to load resource: the server responded with a status of 500 (Internal Server Error) @ http://localhost:3000/api/stocks/indicator?symbol=AAPL&resolution=D&from=1776150206&to=1778742206&indicator=sma&timeperiod=50:0
[  525955ms] [ERROR] Failed to load resource: the server responded with a status of 500 (Internal Server Error) @ http://localhost:3000/api/stocks/indicator?symbol=AAPL&resolution=D&from=1776150206&to=1778742206&indicator=sma&timeperiod=20:0
[  526767ms] [ERROR] Failed to load resource: the server responded with a status of 500 (Internal Server Error) @ http://localhost:3000/api/stocks/candle?symbol=AAPL&resolution=D&from=1776150205&to=1778742205:0
[  527050ms] [ERROR] Failed to load resource: the server responded with a status of 500 (Internal Server Error) @ http://localhost:3000/api/stocks/candle?symbol=AAPL&resolution=D&from=1776150207&to=1778742207:0
[  527259ms] [ERROR] Failed to load resource: the server responded with a status of 500 (Internal Server Error) @ http://localhost:3000/api/stocks/indicator?symbol=AAPL&resolution=D&from=1776150206&to=1778742206&indicator=rsi&timeperiod=14:0
[  527262ms] [ERROR] Failed to load resource: the server responded with a status of 500 (Internal Server Error) @ http://localhost:3000/api/stocks/indicator?symbol=AAPL&resolution=D&from=1776150206&to=1778742206&indicator=sma&timeperiod=50:0
[  527263ms] [ERROR] Failed to load resource: the server responded with a status of 500 (Internal Server Error) @ http://localhost:3000/api/stocks/indicator?symbol=AAPL&resolution=D&from=1776150206&to=1778742206&indicator=sma&timeperiod=20:0
[  527553ms] [ERROR] Failed to load resource: the server responded with a status of 500 (Internal Server Error) @ http://localhost:3000/api/stocks/indicator?symbol=AAPL&resolution=D&from=1776150208&to=1778742208&indicator=sma&timeperiod=20:0
[  527558ms] [ERROR] Failed to load resource: the server responded with a status of 500 (Internal Server Error) @ http://localhost:3000/api/stocks/indicator?symbol=AAPL&resolution=D&from=1776150208&to=1778742208&indicator=rsi&timeperiod=14:0
[  527561ms] [ERROR] Failed to load resource: the server responded with a status of 500 (Internal Server Error) @ http://localhost:3000/api/stocks/indicator?symbol=AAPL&resolution=D&from=1776150208&to=1778742208&indicator=sma&timeperiod=50:0
[  528334ms] [ERROR] Failed to load resource: the server responded with a status of 500 (Internal Server Error) @ http://localhost:3000/api/stocks/candle?symbol=AAPL&resolution=D&from=1776150207&to=1778742207:0
[  528616ms] [ERROR] Failed to load resource: the server responded with a status of 500 (Internal Server Error) @ http://localhost:3000/api/stocks/candle?symbol=AAPL&resolution=D&from=1776150209&to=1778742209:0
[  528854ms] [ERROR] Failed to load resource: the server responded with a status of 500 (Internal Server Error) @ http://localhost:3000/api/stocks/indicator?symbol=AAPL&resolution=D&from=1776150208&to=1778742208&indicator=rsi&timeperiod=14:0
[  528859ms] [ERROR] Failed to load resource: the server responded with a status of 500 (Internal Server Error) @ http://localhost:3000/api/stocks/indicator?symbol=AAPL&resolution=D&from=1776150208&to=1778742208&indicator=sma&timeperiod=50:0
[  528879ms] [ERROR] Failed to load resource: the server responded with a status of 500 (Internal Server Error) @ http://localhost:3000/api/stocks/indicator?symbol=AAPL&resolution=D&from=1776150208&to=1778742208&indicator=sma&timeperiod=20:0
[  529178ms] [ERROR] Failed to load resource: the server responded with a status of 500 (Internal Server Error) @ http://localhost:3000/api/stocks/indicator?symbol=AAPL&resolution=D&from=1776150209&to=1778742209&indicator=sma&timeperiod=20:0
[  529205ms] [ERROR] Failed to load resource: the server responded with a status of 500 (Internal Server Error) @ http://localhost:3000/api/stocks/indicator?symbol=AAPL&resolution=D&from=1776150209&to=1778742209&indicator=sma&timeperiod=50:0
[  529222ms] [ERROR] Failed to load resource: the server responded with a status of 500 (Internal Server Error) @ http://localhost:3000/api/stocks/indicator?symbol=AAPL&resolution=D&from=1776150209&to=1778742209&indicator=rsi&timeperiod=14:0
[  529942ms] [ERROR] Failed to load resource: the server responded with a status of 500 (Internal Server Error) @ http://localhost:3000/api/stocks/candle?symbol=AAPL&resolution=D&from=1776150209&to=1778742209:0
[  530278ms] [ERROR] Failed to load resource: the server responded with a status of 500 (Internal Server Error) @ http://localhost:3000/api/stocks/candle?symbol=AAPL&resolution=D&from=1776150210&to=1778742210:0
[  530493ms] [ERROR] Failed to load resource: the server responded with a status of 500 (Internal Server Error) @ http://localhost:3000/api/stocks/indicator?symbol=AAPL&resolution=D&from=1776150209&to=1778742209&indicator=sma&timeperiod=20:0
[  530510ms] [ERROR] Failed to load resource: the server responded with a status of 500 (Internal Server Error) @ http://localhost:3000/api/stocks/indicator?symbol=AAPL&resolution=D&from=1776150209&to=1778742209&indicator=sma&timeperiod=50:0
[  530624ms] [ERROR] Failed to load resource: the server responded with a status of 500 (Internal Server Error) @ http://localhost:3000/api/stocks/indicator?symbol=AAPL&resolution=D&from=1776150209&to=1778742209&indicator=rsi&timeperiod=14:0
[  530804ms] [ERROR] Failed to load resource: the server responded with a status of 500 (Internal Server Error) @ http://localhost:3000/api/stocks/indicator?symbol=AAPL&resolution=D&from=1776150211&to=1778742211&indicator=sma&timeperiod=50:0
[  530815ms] [ERROR] Failed to load resource: the server responded with a status of 500 (Internal Server Error) @ http://localhost:3000/api/stocks/indicator?symbol=AAPL&resolution=D&from=1776150211&to=1778742211&indicator=rsi&timeperiod=14:0
[  530815ms] [ERROR] Failed to load resource: the server responded with a status of 500 (Internal Server Error) @ http://localhost:3000/api/stocks/indicator?symbol=AAPL&resolution=D&from=1776150211&to=1778742211&indicator=sma&timeperiod=20:0
[  531583ms] [ERROR] Failed to load resource: the server responded with a status of 500 (Internal Server Error) @ http://localhost:3000/api/stocks/candle?symbol=AAPL&resolution=D&from=1776150210&to=1778742210:0
[  531928ms] [ERROR] Failed to load resource: the server responded with a status of 500 (Internal Server Error) @ http://localhost:3000/api/stocks/candle?symbol=AAPL&resolution=D&from=1776150212&to=1778742212:0
[  532103ms] [ERROR] Failed to load resource: the server responded with a status of 500 (Internal Server Error) @ http://localhost:3000/api/stocks/indicator?symbol=AAPL&resolution=D&from=1776150211&to=1778742211&indicator=sma&timeperiod=50:0
[  532118ms] [ERROR] Failed to load resource: the server responded with a status of 500 (Internal Server Error) @ http://localhost:3000/api/stocks/indicator?symbol=AAPL&resolution=D&from=1776150211&to=1778742211&indicator=rsi&timeperiod=14:0
[  532120ms] [ERROR] Failed to load resource: the server responded with a status of 500 (Internal Server Error) @ http://localhost:3000/api/stocks/indicator?symbol=AAPL&resolution=D&from=1776150211&to=1778742211&indicator=sma&timeperiod=20:0
[  532474ms] [ERROR] Failed to load resource: the server responded with a status of 500 (Internal Server Error) @ http://localhost:3000/api/stocks/indicator?symbol=AAPL&resolution=D&from=1776150212&to=1778742212&indicator=rsi&timeperiod=14:0
[  532498ms] [ERROR] Failed to load resource: the server responded with a status of 500 (Internal Server Error) @ http://localhost:3000/api/stocks/indicator?symbol=AAPL&resolution=D&from=1776150212&to=1778742212&indicator=sma&timeperiod=20:0
[  532509ms] [ERROR] Failed to load resource: the server responded with a status of 500 (Internal Server Error) @ http://localhost:3000/api/stocks/indicator?symbol=AAPL&resolution=D&from=1776150212&to=1778742212&indicator=sma&timeperiod=50:0
[  533252ms] [ERROR] Failed to load resource: the server responded with a status of 500 (Internal Server Error) @ http://localhost:3000/api/stocks/candle?symbol=AAPL&resolution=D&from=1776150212&to=1778742212:0
[  533587ms] [ERROR] Failed to load resource: the server responded with a status of 500 (Internal Server Error) @ http://localhost:3000/api/stocks/candle?symbol=AAPL&resolution=D&from=1776150214&to=1778742214:0
[  533782ms] [ERROR] Failed to load resource: the server responded with a status of 500 (Internal Server Error) @ http://localhost:3000/api/stocks/indicator?symbol=AAPL&resolution=D&from=1776150212&to=1778742212&indicator=rsi&timeperiod=14:0
[  533799ms] [ERROR] Failed to load resource: the server responded with a status of 500 (Internal Server Error) @ http://localhost:3000/api/stocks/indicator?symbol=AAPL&resolution=D&from=1776150212&to=1778742212&indicator=sma&timeperiod=20:0
[  533811ms] [ERROR] Failed to load resource: the server responded with a status of 500 (Internal Server Error) @ http://localhost:3000/api/stocks/indicator?symbol=AAPL&resolution=D&from=1776150212&to=1778742212&indicator=sma&timeperiod=50:0
[  534075ms] [ERROR] Failed to load resource: the server responded with a status of 500 (Internal Server Error) @ http://localhost:3000/api/stocks/indicator?symbol=AAPL&resolution=D&from=1776150214&to=1778742214&indicator=rsi&timeperiod=14:0
[  534092ms] [ERROR] Failed to load resource: the server responded with a status of 500 (Internal Server Error) @ http://localhost:3000/api/stocks/indicator?symbol=AAPL&resolution=D&from=1776150214&to=1778742214&indicator=sma&timeperiod=20:0
[  534098ms] [ERROR] Failed to load resource: the server responded with a status of 500 (Internal Server Error) @ http://localhost:3000/api/stocks/indicator?symbol=AAPL&resolution=D&from=1776150214&to=1778742214&indicator=sma&timeperiod=50:0
[  534891ms] [ERROR] Failed to load resource: the server responded with a status of 500 (Internal Server Error) @ http://localhost:3000/api/stocks/candle?symbol=AAPL&resolution=D&from=1776150214&to=1778742214:0
[  535183ms] [ERROR] Failed to load resource: the server responded with a status of 500 (Internal Server Error) @ http://localhost:3000/api/stocks/candle?symbol=AAPL&resolution=D&from=1776150215&to=1778742215:0
[  535397ms] [ERROR] Failed to load resource: the server responded with a status of 500 (Internal Server Error) @ http://localhost:3000/api/stocks/indicator?symbol=AAPL&resolution=D&from=1776150214&to=1778742214&indicator=rsi&timeperiod=14:0
[  535401ms] [ERROR] Failed to load resource: the server responded with a status of 500 (Internal Server Error) @ http://localhost:3000/api/stocks/indicator?symbol=AAPL&resolution=D&from=1776150214&to=1778742214&indicator=sma&timeperiod=20:0
[  535408ms] [ERROR] Failed to load resource: the server responded with a status of 500 (Internal Server Error) @ http://localhost:3000/api/stocks/indicator?symbol=AAPL&resolution=D&from=1776150214&to=1778742214&indicator=sma&timeperiod=50:0
[  535706ms] [ERROR] Failed to load resource: the server responded with a status of 500 (Internal Server Error) @ http://localhost:3000/api/stocks/indicator?symbol=AAPL&resolution=D&from=1776150216&to=1778742216&indicator=rsi&timeperiod=14:0
[  535711ms] [ERROR] Failed to load resource: the server responded with a status of 500 (Internal Server Error) @ http://localhost:3000/api/stocks/indicator?symbol=AAPL&resolution=D&from=1776150216&to=1778742216&indicator=sma&timeperiod=20:0
[  535713ms] [ERROR] Failed to load resource: the server responded with a status of 500 (Internal Server Error) @ http://localhost:3000/api/stocks/indicator?symbol=AAPL&resolution=D&from=1776150216&to=1778742216&indicator=sma&timeperiod=50:0
[  536490ms] [ERROR] Failed to load resource: the server responded with a status of 500 (Internal Server Error) @ http://localhost:3000/api/stocks/candle?symbol=AAPL&resolution=D&from=1776150215&to=1778742215:0
[  536790ms] [ERROR] Failed to load resource: the server responded with a status of 500 (Internal Server Error) @ http://localhost:3000/api/stocks/candle?symbol=AAPL&resolution=D&from=1776150217&to=1778742217:0
[  537001ms] [ERROR] Failed to load resource: the server responded with a status of 500 (Internal Server Error) @ http://localhost:3000/api/stocks/indicator?symbol=AAPL&resolution=D&from=1776150216&to=1778742216&indicator=rsi&timeperiod=14:0
[  537018ms] [ERROR] Failed to load resource: the server responded with a status of 500 (Internal Server Error) @ http://localhost:3000/api/stocks/indicator?symbol=AAPL&resolution=D&from=1776150216&to=1778742216&indicator=sma&timeperiod=20:0
[  537021ms] [ERROR] Failed to load resource: the server responded with a status of 500 (Internal Server Error) @ http://localhost:3000/api/stocks/indicator?symbol=AAPL&resolution=D&from=1776150216&to=1778742216&indicator=sma&timeperiod=50:0
[  537298ms] [ERROR] Failed to load resource: the server responded with a status of 500 (Internal Server Error) @ http://localhost:3000/api/stocks/indicator?symbol=AAPL&resolution=D&from=1776150217&to=1778742217&indicator=rsi&timeperiod=14:0
[  537303ms] [ERROR] Failed to load resource: the server responded with a status of 500 (Internal Server Error) @ http://localhost:3000/api/stocks/indicator?symbol=AAPL&resolution=D&from=1776150217&to=1778742217&indicator=sma&timeperiod=50:0
[  537308ms] [ERROR] Failed to load resource: the server responded with a status of 500 (Internal Server Error) @ http://localhost:3000/api/stocks/indicator?symbol=AAPL&resolution=D&from=1776150217&to=1778742217&indicator=sma&timeperiod=20:0
[  538096ms] [ERROR] Failed to load resource: the server responded with a status of 500 (Internal Server Error) @ http://localhost:3000/api/stocks/candle?symbol=AAPL&resolution=D&from=1776150217&to=1778742217:0
[  538392ms] [ERROR] Failed to load resource: the server responded with a status of 500 (Internal Server Error) @ http://localhost:3000/api/stocks/candle?symbol=AAPL&resolution=D&from=1776150218&to=1778742218:0
[  538617ms] [ERROR] Failed to load resource: the server responded with a status of 500 (Internal Server Error) @ http://localhost:3000/api/stocks/indicator?symbol=AAPL&resolution=D&from=1776150217&to=1778742217&indicator=rsi&timeperiod=14:0
[  538657ms] [ERROR] Failed to load resource: the server responded with a status of 500 (Internal Server Error) @ http://localhost:3000/api/stocks/indicator?symbol=AAPL&resolution=D&from=1776150217&to=1778742217&indicator=sma&timeperiod=20:0
[  538659ms] [ERROR] Failed to load resource: the server responded with a status of 500 (Internal Server Error) @ http://localhost:3000/api/stocks/indicator?symbol=AAPL&resolution=D&from=1776150217&to=1778742217&indicator=sma&timeperiod=50:0
[  538964ms] [ERROR] Failed to load resource: the server responded with a status of 500 (Internal Server Error) @ http://localhost:3000/api/stocks/indicator?symbol=AAPL&resolution=D&from=1776150219&to=1778742219&indicator=rsi&timeperiod=14:0
[  539008ms] [ERROR] Failed to load resource: the server responded with a status of 500 (Internal Server Error) @ http://localhost:3000/api/stocks/indicator?symbol=AAPL&resolution=D&from=1776150219&to=1778742219&indicator=sma&timeperiod=20:0
[  539044ms] [ERROR] Failed to load resource: the server responded with a status of 500 (Internal Server Error) @ http://localhost:3000/api/stocks/indicator?symbol=AAPL&resolution=D&from=1776150219&to=1778742219&indicator=sma&timeperiod=50:0
[  539697ms] [ERROR] Failed to load resource: the server responded with a status of 500 (Internal Server Error) @ http://localhost:3000/api/stocks/candle?symbol=AAPL&resolution=D&from=1776150218&to=1778742218:0
[  539995ms] [ERROR] Failed to load resource: the server responded with a status of 500 (Internal Server Error) @ http://localhost:3000/api/stocks/candle?symbol=AAPL&resolution=D&from=1776150220&to=1778742220:0
[  540273ms] [ERROR] Failed to load resource: the server responded with a status of 500 (Internal Server Error) @ http://localhost:3000/api/stocks/indicator?symbol=AAPL&resolution=D&from=1776150219&to=1778742219&indicator=rsi&timeperiod=14:0
[  540314ms] [ERROR] Failed to load resource: the server responded with a status of 500 (Internal Server Error) @ http://localhost:3000/api/stocks/indicator?symbol=AAPL&resolution=D&from=1776150219&to=1778742219&indicator=sma&timeperiod=20:0
[  540334ms] [ERROR] Failed to load resource: the server responded with a status of 500 (Internal Server Error) @ http://localhost:3000/api/stocks/indicator?symbol=AAPL&resolution=D&from=1776150219&to=1778742219&indicator=sma&timeperiod=50:0
[  540571ms] [ERROR] Failed to load resource: the server responded with a status of 500 (Internal Server Error) @ http://localhost:3000/api/stocks/indicator?symbol=AAPL&resolution=D&from=1776150221&to=1778742221&indicator=rsi&timeperiod=14:0
[  540578ms] [ERROR] Failed to load resource: the server responded with a status of 500 (Internal Server Error) @ http://localhost:3000/api/stocks/indicator?symbol=AAPL&resolution=D&from=1776150221&to=1778742221&indicator=sma&timeperiod=50:0
[  540583ms] [ERROR] Failed to load resource: the server responded with a status of 500 (Internal Server Error) @ http://localhost:3000/api/stocks/indicator?symbol=AAPL&resolution=D&from=1776150221&to=1778742221&indicator=sma&timeperiod=20:0
[  541293ms] [ERROR] Failed to load resource: the server responded with a status of 500 (Internal Server Error) @ http://localhost:3000/api/stocks/candle?symbol=AAPL&resolution=D&from=1776150220&to=1778742220:0
[  541611ms] [ERROR] Failed to load resource: the server responded with a status of 500 (Internal Server Error) @ http://localhost:3000/api/stocks/candle?symbol=AAPL&resolution=D&from=1776150222&to=1778742222:0
[  541906ms] [ERROR] Failed to load resource: the server responded with a status of 500 (Internal Server Error) @ http://localhost:3000/api/stocks/indicator?symbol=AAPL&resolution=D&from=1776150221&to=1778742221&indicator=sma&timeperiod=20:0
[  541910ms] [ERROR] Failed to load resource: the server responded with a status of 500 (Internal Server Error) @ http://localhost:3000/api/stocks/indicator?symbol=AAPL&resolution=D&from=1776150221&to=1778742221&indicator=sma&timeperiod=50:0
[  541912ms] [ERROR] Failed to load resource: the server responded with a status of 500 (Internal Server Error) @ http://localhost:3000/api/stocks/indicator?symbol=AAPL&resolution=D&from=1776150221&to=1778742221&indicator=rsi&timeperiod=14:0
[  542204ms] [ERROR] Failed to load resource: the server responded with a status of 500 (Internal Server Error) @ http://localhost:3000/api/stocks/indicator?symbol=AAPL&resolution=D&from=1776150222&to=1778742222&indicator=sma&timeperiod=50:0
[  542211ms] [ERROR] Failed to load resource: the server responded with a status of 500 (Internal Server Error) @ http://localhost:3000/api/stocks/indicator?symbol=AAPL&resolution=D&from=1776150222&to=1778742222&indicator=rsi&timeperiod=14:0
[  542218ms] [ERROR] Failed to load resource: the server responded with a status of 500 (Internal Server Error) @ http://localhost:3000/api/stocks/indicator?symbol=AAPL&resolution=D&from=1776150222&to=1778742222&indicator=sma&timeperiod=20:0
[  542899ms] [ERROR] Failed to load resource: the server responded with a status of 500 (Internal Server Error) @ http://localhost:3000/api/stocks/candle?symbol=AAPL&resolution=D&from=1776150222&to=1778742222:0
[  543197ms] [ERROR] Failed to load resource: the server responded with a status of 500 (Internal Server Error) @ http://localhost:3000/api/stocks/candle?symbol=AAPL&resolution=D&from=1776150223&to=1778742223:0
[  543494ms] [ERROR] Failed to load resource: the server responded with a status of 500 (Internal Server Error) @ http://localhost:3000/api/stocks/indicator?symbol=AAPL&resolution=D&from=1776150222&to=1778742222&indicator=sma&timeperiod=50:0
[  543528ms] [ERROR] Failed to load resource: the server responded with a status of 500 (Internal Server Error) @ http://localhost:3000/api/stocks/indicator?symbol=AAPL&resolution=D&from=1776150222&to=1778742222&indicator=sma&timeperiod=20:0
[  543543ms] [ERROR] Failed to load resource: the server responded with a status of 500 (Internal Server Error) @ http://localhost:3000/api/stocks/indicator?symbol=AAPL&resolution=D&from=1776150222&to=1778742222&indicator=rsi&timeperiod=14:0
[  543609ms] [LOG] [Fast Refresh] rebuilding @ http://localhost:3000/_next/static/chunks/node_modules_next_dist_115brz8._.js:2431
[  543675ms] [LOG] [Fast Refresh] done in 174ms @ http://localhost:3000/_next/static/chunks/node_modules_next_dist_115brz8._.js:2431
[  543786ms] [ERROR] Failed to load resource: the server responded with a status of 500 (Internal Server Error) @ http://localhost:3000/api/stocks/indicator?symbol=AAPL&resolution=D&from=1776150224&to=1778742224&indicator=rsi&timeperiod=14:0
[  543810ms] [ERROR] Failed to load resource: the server responded with a status of 500 (Internal Server Error) @ http://localhost:3000/api/stocks/indicator?symbol=AAPL&resolution=D&from=1776150224&to=1778742224&indicator=sma&timeperiod=20:0
[  543830ms] [ERROR] Failed to load resource: the server responded with a status of 500 (Internal Server Error) @ http://localhost:3000/api/stocks/indicator?symbol=AAPL&resolution=D&from=1776150224&to=1778742224&indicator=sma&timeperiod=50:0
[  544501ms] [ERROR] Failed to load resource: the server responded with a status of 500 (Internal Server Error) @ http://localhost:3000/api/stocks/candle?symbol=AAPL&resolution=D&from=1776150223&to=1778742223:0
[  544798ms] [ERROR] Failed to load resource: the server responded with a status of 500 (Internal Server Error) @ http://localhost:3000/api/stocks/candle?symbol=AAPL&resolution=D&from=1776150225&to=1778742225:0
[  545081ms] [ERROR] Failed to load resource: the server responded with a status of 500 (Internal Server Error) @ http://localhost:3000/api/stocks/indicator?symbol=AAPL&resolution=D&from=1776150224&to=1778742224&indicator=rsi&timeperiod=14:0
[  545126ms] [ERROR] Failed to load resource: the server responded with a status of 500 (Internal Server Error) @ http://localhost:3000/api/stocks/indicator?symbol=AAPL&resolution=D&from=1776150224&to=1778742224&indicator=sma&timeperiod=50:0
[  545390ms] [ERROR] Failed to load resource: the server responded with a status of 500 (Internal Server Error) @ http://localhost:3000/api/stocks/indicator?symbol=AAPL&resolution=D&from=1776150225&to=1778742225&indicator=rsi&timeperiod=14:0
[  545414ms] [ERROR] Failed to load resource: the server responded with a status of 500 (Internal Server Error) @ http://localhost:3000/api/stocks/indicator?symbol=AAPL&resolution=D&from=1776150225&to=1778742225&indicator=sma&timeperiod=50:0
[  545418ms] [ERROR] Failed to load resource: the server responded with a status of 500 (Internal Server Error) @ http://localhost:3000/api/stocks/indicator?symbol=AAPL&resolution=D&from=1776150225&to=1778742225&indicator=sma&timeperiod=20:0
[  545636ms] [ERROR] Failed to load resource: the server responded with a status of 500 (Internal Server Error) @ http://localhost:3000/api/stocks/indicator?symbol=AAPL&resolution=D&from=1776150224&to=1778742224&indicator=sma&timeperiod=20:0
[  546106ms] [ERROR] Failed to load resource: the server responded with a status of 500 (Internal Server Error) @ http://localhost:3000/api/stocks/candle?symbol=AAPL&resolution=D&from=1776150225&to=1778742225:0
[  546399ms] [ERROR] Failed to load resource: the server responded with a status of 500 (Internal Server Error) @ http://localhost:3000/api/stocks/candle?symbol=AAPL&resolution=D&from=1776150226&to=1778742226:0
[  546689ms] [ERROR] Failed to load resource: the server responded with a status of 500 (Internal Server Error) @ http://localhost:3000/api/stocks/indicator?symbol=AAPL&resolution=D&from=1776150225&to=1778742225&indicator=rsi&timeperiod=14:0
[  546713ms] [ERROR] Failed to load resource: the server responded with a status of 500 (Internal Server Error) @ http://localhost:3000/api/stocks/indicator?symbol=AAPL&resolution=D&from=1776150225&to=1778742225&indicator=sma&timeperiod=50:0
[  546719ms] [ERROR] Failed to load resource: the server responded with a status of 500 (Internal Server Error) @ http://localhost:3000/api/stocks/indicator?symbol=AAPL&resolution=D&from=1776150225&to=1778742225&indicator=sma&timeperiod=20:0
[  546993ms] [ERROR] Failed to load resource: the server responded with a status of 500 (Internal Server Error) @ http://localhost:3000/api/stocks/indicator?symbol=AAPL&resolution=D&from=1776150227&to=1778742227&indicator=rsi&timeperiod=14:0
[  546995ms] [ERROR] Failed to load resource: the server responded with a status of 500 (Internal Server Error) @ http://localhost:3000/api/stocks/indicator?symbol=AAPL&resolution=D&from=1776150227&to=1778742227&indicator=sma&timeperiod=20:0
[  546997ms] [ERROR] Failed to load resource: the server responded with a status of 500 (Internal Server Error) @ http://localhost:3000/api/stocks/indicator?symbol=AAPL&resolution=D&from=1776150227&to=1778742227&indicator=sma&timeperiod=50:0
[  547703ms] [ERROR] Failed to load resource: the server responded with a status of 500 (Internal Server Error) @ http://localhost:3000/api/stocks/candle?symbol=AAPL&resolution=D&from=1776150226&to=1778742226:0
[  547996ms] [ERROR] Failed to load resource: the server responded with a status of 500 (Internal Server Error) @ http://localhost:3000/api/stocks/candle?symbol=AAPL&resolution=D&from=1776150228&to=1778742228:0
[  548293ms] [ERROR] Failed to load resource: the server responded with a status of 500 (Internal Server Error) @ http://localhost:3000/api/stocks/indicator?symbol=AAPL&resolution=D&from=1776150227&to=1778742227&indicator=rsi&timeperiod=14:0
[  548297ms] [ERROR] Failed to load resource: the server responded with a status of 500 (Internal Server Error) @ http://localhost:3000/api/stocks/indicator?symbol=AAPL&resolution=D&from=1776150227&to=1778742227&indicator=sma&timeperiod=20:0
[  548298ms] [ERROR] Failed to load resource: the server responded with a status of 500 (Internal Server Error) @ http://localhost:3000/api/stocks/indicator?symbol=AAPL&resolution=D&from=1776150227&to=1778742227&indicator=sma&timeperiod=50:0
[  548613ms] [ERROR] Failed to load resource: the server responded with a status of 500 (Internal Server Error) @ http://localhost:3000/api/stocks/indicator?symbol=AAPL&resolution=D&from=1776150229&to=1778742229&indicator=sma&timeperiod=50:0
[  548617ms] [ERROR] Failed to load resource: the server responded with a status of 500 (Internal Server Error) @ http://localhost:3000/api/stocks/indicator?symbol=AAPL&resolution=D&from=1776150229&to=1778742229&indicator=sma&timeperiod=20:0
[  548622ms] [ERROR] Failed to load resource: the server responded with a status of 500 (Internal Server Error) @ http://localhost:3000/api/stocks/indicator?symbol=AAPL&resolution=D&from=1776150229&to=1778742229&indicator=rsi&timeperiod=14:0
[  549310ms] [ERROR] Failed to load resource: the server responded with a status of 500 (Internal Server Error) @ http://localhost:3000/api/stocks/candle?symbol=AAPL&resolution=D&from=1776150228&to=1778742228:0
[  549606ms] [ERROR] Failed to load resource: the server responded with a status of 500 (Internal Server Error) @ http://localhost:3000/api/stocks/candle?symbol=AAPL&resolution=D&from=1776150230&to=1778742230:0
[  549922ms] [ERROR] Failed to load resource: the server responded with a status of 500 (Internal Server Error) @ http://localhost:3000/api/stocks/indicator?symbol=AAPL&resolution=D&from=1776150229&to=1778742229&indicator=rsi&timeperiod=14:0
[  549934ms] [ERROR] Failed to load resource: the server responded with a status of 500 (Internal Server Error) @ http://localhost:3000/api/stocks/indicator?symbol=AAPL&resolution=D&from=1776150229&to=1778742229&indicator=sma&timeperiod=50:0
[  549938ms] [ERROR] Failed to load resource: the server responded with a status of 500 (Internal Server Error) @ http://localhost:3000/api/stocks/indicator?symbol=AAPL&resolution=D&from=1776150229&to=1778742229&indicator=sma&timeperiod=20:0
[  550223ms] [ERROR] Failed to load resource: the server responded with a status of 500 (Internal Server Error) @ http://localhost:3000/api/stocks/indicator?symbol=AAPL&resolution=D&from=1776150230&to=1778742230&indicator=rsi&timeperiod=14:0
[  550227ms] [ERROR] Failed to load resource: the server responded with a status of 500 (Internal Server Error) @ http://localhost:3000/api/stocks/indicator?symbol=AAPL&resolution=D&from=1776150230&to=1778742230&indicator=sma&timeperiod=20:0
[  550235ms] [ERROR] Failed to load resource: the server responded with a status of 500 (Internal Server Error) @ http://localhost:3000/api/stocks/indicator?symbol=AAPL&resolution=D&from=1776150230&to=1778742230&indicator=sma&timeperiod=50:0
[  550911ms] [ERROR] Failed to load resource: the server responded with a status of 500 (Internal Server Error) @ http://localhost:3000/api/stocks/candle?symbol=AAPL&resolution=D&from=1776150230&to=1778742230:0
[  551198ms] [ERROR] Failed to load resource: the server responded with a status of 500 (Internal Server Error) @ http://localhost:3000/api/stocks/candle?symbol=AAPL&resolution=D&from=1776150231&to=1778742231:0
[  551524ms] [ERROR] Failed to load resource: the server responded with a status of 500 (Internal Server Error) @ http://localhost:3000/api/stocks/indicator?symbol=AAPL&resolution=D&from=1776150230&to=1778742230&indicator=rsi&timeperiod=14:0
[  551631ms] [ERROR] Failed to load resource: the server responded with a status of 500 (Internal Server Error) @ http://localhost:3000/api/stocks/indicator?symbol=AAPL&resolution=D&from=1776150230&to=1778742230&indicator=sma&timeperiod=50:0
[  551637ms] [ERROR] Failed to load resource: the server responded with a status of 500 (Internal Server Error) @ http://localhost:3000/api/stocks/indicator?symbol=AAPL&resolution=D&from=1776150230&to=1778742230&indicator=sma&timeperiod=20:0
[  551841ms] [ERROR] Failed to load resource: the server responded with a status of 500 (Internal Server Error) @ http://localhost:3000/api/stocks/indicator?symbol=AAPL&resolution=D&from=1776150232&to=1778742232&indicator=sma&timeperiod=50:0
[  551847ms] [ERROR] Failed to load resource: the server responded with a status of 500 (Internal Server Error) @ http://localhost:3000/api/stocks/indicator?symbol=AAPL&resolution=D&from=1776150232&to=1778742232&indicator=rsi&timeperiod=14:0
[  551852ms] [ERROR] Failed to load resource: the server responded with a status of 500 (Internal Server Error) @ http://localhost:3000/api/stocks/indicator?symbol=AAPL&resolution=D&from=1776150232&to=1778742232&indicator=sma&timeperiod=20:0
[  552522ms] [ERROR] Failed to load resource: the server responded with a status of 500 (Internal Server Error) @ http://localhost:3000/api/stocks/candle?symbol=AAPL&resolution=D&from=1776150231&to=1778742231:0
[  552872ms] [ERROR] Failed to load resource: the server responded with a status of 500 (Internal Server Error) @ http://localhost:3000/api/stocks/candle?symbol=AAPL&resolution=D&from=1776150233&to=1778742233:0
[  553134ms] [ERROR] Failed to load resource: the server responded with a status of 500 (Internal Server Error) @ http://localhost:3000/api/stocks/indicator?symbol=AAPL&resolution=D&from=1776150232&to=1778742232&indicator=sma&timeperiod=50:0
[  553141ms] [ERROR] Failed to load resource: the server responded with a status of 500 (Internal Server Error) @ http://localhost:3000/api/stocks/indicator?symbol=AAPL&resolution=D&from=1776150232&to=1778742232&indicator=rsi&timeperiod=14:0
[  553179ms] [ERROR] Failed to load resource: the server responded with a status of 500 (Internal Server Error) @ http://localhost:3000/api/stocks/indicator?symbol=AAPL&resolution=D&from=1776150232&to=1778742232&indicator=sma&timeperiod=20:0
[  553434ms] [ERROR] Failed to load resource: the server responded with a status of 500 (Internal Server Error) @ http://localhost:3000/api/stocks/indicator?symbol=AAPL&resolution=D&from=1776150233&to=1778742233&indicator=sma&timeperiod=20:0
[  553437ms] [ERROR] Failed to load resource: the server responded with a status of 500 (Internal Server Error) @ http://localhost:3000/api/stocks/indicator?symbol=AAPL&resolution=D&from=1776150233&to=1778742233&indicator=rsi&timeperiod=14:0
[  553439ms] [ERROR] Failed to load resource: the server responded with a status of 500 (Internal Server Error) @ http://localhost:3000/api/stocks/indicator?symbol=AAPL&resolution=D&from=1776150233&to=1778742233&indicator=sma&timeperiod=50:0
[  554155ms] [ERROR] Failed to load resource: the server responded with a status of 500 (Internal Server Error) @ http://localhost:3000/api/stocks/candle?symbol=AAPL&resolution=D&from=1776150233&to=1778742233:0
[  554447ms] [ERROR] Failed to load resource: the server responded with a status of 500 (Internal Server Error) @ http://localhost:3000/api/stocks/candle?symbol=AAPL&resolution=D&from=1776150234&to=1778742234:0
[  554738ms] [ERROR] Failed to load resource: the server responded with a status of 500 (Internal Server Error) @ http://localhost:3000/api/stocks/indicator?symbol=AAPL&resolution=D&from=1776150233&to=1778742233&indicator=sma&timeperiod=50:0
[  554742ms] [ERROR] Failed to load resource: the server responded with a status of 500 (Internal Server Error) @ http://localhost:3000/api/stocks/indicator?symbol=AAPL&resolution=D&from=1776150233&to=1778742233&indicator=sma&timeperiod=20:0
[  554743ms] [ERROR] Failed to load resource: the server responded with a status of 500 (Internal Server Error) @ http://localhost:3000/api/stocks/indicator?symbol=AAPL&resolution=D&from=1776150233&to=1778742233&indicator=rsi&timeperiod=14:0
[  555047ms] [ERROR] Failed to load resource: the server responded with a status of 500 (Internal Server Error) @ http://localhost:3000/api/stocks/indicator?symbol=AAPL&resolution=D&from=1776150235&to=1778742235&indicator=rsi&timeperiod=14:0
[  555050ms] [ERROR] Failed to load resource: the server responded with a status of 500 (Internal Server Error) @ http://localhost:3000/api/stocks/indicator?symbol=AAPL&resolution=D&from=1776150235&to=1778742235&indicator=sma&timeperiod=50:0
[  555052ms] [ERROR] Failed to load resource: the server responded with a status of 500 (Internal Server Error) @ http://localhost:3000/api/stocks/indicator?symbol=AAPL&resolution=D&from=1776150235&to=1778742235&indicator=sma&timeperiod=20:0
[  555766ms] [ERROR] Failed to load resource: the server responded with a status of 500 (Internal Server Error) @ http://localhost:3000/api/stocks/candle?symbol=AAPL&resolution=D&from=1776150234&to=1778742234:0
[  556089ms] [ERROR] Failed to load resource: the server responded with a status of 500 (Internal Server Error) @ http://localhost:3000/api/stocks/candle?symbol=AAPL&resolution=D&from=1776150236&to=1778742236:0
[  556339ms] [ERROR] Failed to load resource: the server responded with a status of 500 (Internal Server Error) @ http://localhost:3000/api/stocks/indicator?symbol=AAPL&resolution=D&from=1776150235&to=1778742235&indicator=sma&timeperiod=50:0
[  556358ms] [ERROR] Failed to load resource: the server responded with a status of 500 (Internal Server Error) @ http://localhost:3000/api/stocks/indicator?symbol=AAPL&resolution=D&from=1776150235&to=1778742235&indicator=sma&timeperiod=20:0
[  556360ms] [ERROR] Failed to load resource: the server responded with a status of 500 (Internal Server Error) @ http://localhost:3000/api/stocks/indicator?symbol=AAPL&resolution=D&from=1776150235&to=1778742235&indicator=rsi&timeperiod=14:0
[  556653ms] [ERROR] Failed to load resource: the server responded with a status of 500 (Internal Server Error) @ http://localhost:3000/api/stocks/indicator?symbol=AAPL&resolution=D&from=1776150237&to=1778742237&indicator=rsi&timeperiod=14:0
[  556669ms] [ERROR] Failed to load resource: the server responded with a status of 500 (Internal Server Error) @ http://localhost:3000/api/stocks/indicator?symbol=AAPL&resolution=D&from=1776150237&to=1778742237&indicator=sma&timeperiod=50:0
[  556684ms] [ERROR] Failed to load resource: the server responded with a status of 500 (Internal Server Error) @ http://localhost:3000/api/stocks/indicator?symbol=AAPL&resolution=D&from=1776150237&to=1778742237&indicator=sma&timeperiod=20:0
[  557378ms] [ERROR] Failed to load resource: the server responded with a status of 500 (Internal Server Error) @ http://localhost:3000/api/stocks/candle?symbol=AAPL&resolution=D&from=1776150236&to=1778742236:0
[  557664ms] [ERROR] Failed to load resource: the server responded with a status of 500 (Internal Server Error) @ http://localhost:3000/api/stocks/candle?symbol=AAPL&resolution=D&from=1776150238&to=1778742238:0
[  557956ms] [ERROR] Failed to load resource: the server responded with a status of 500 (Internal Server Error) @ http://localhost:3000/api/stocks/indicator?symbol=AAPL&resolution=D&from=1776150237&to=1778742237&indicator=sma&timeperiod=50:0
[  557961ms] [ERROR] Failed to load resource: the server responded with a status of 500 (Internal Server Error) @ http://localhost:3000/api/stocks/indicator?symbol=AAPL&resolution=D&from=1776150237&to=1778742237&indicator=rsi&timeperiod=14:0
[  557986ms] [ERROR] Failed to load resource: the server responded with a status of 500 (Internal Server Error) @ http://localhost:3000/api/stocks/indicator?symbol=AAPL&resolution=D&from=1776150237&to=1778742237&indicator=sma&timeperiod=20:0
[  558265ms] [ERROR] Failed to load resource: the server responded with a status of 500 (Internal Server Error) @ http://localhost:3000/api/stocks/indicator?symbol=AAPL&resolution=D&from=1776150238&to=1778742238&indicator=sma&timeperiod=20:0
[  558268ms] [ERROR] Failed to load resource: the server responded with a status of 500 (Internal Server Error) @ http://localhost:3000/api/stocks/indicator?symbol=AAPL&resolution=D&from=1776150238&to=1778742238&indicator=rsi&timeperiod=14:0
[  558285ms] [ERROR] Failed to load resource: the server responded with a status of 500 (Internal Server Error) @ http://localhost:3000/api/stocks/indicator?symbol=AAPL&resolution=D&from=1776150238&to=1778742238&indicator=sma&timeperiod=50:0
[  558959ms] [ERROR] Failed to load resource: the server responded with a status of 500 (Internal Server Error) @ http://localhost:3000/api/stocks/candle?symbol=AAPL&resolution=D&from=1776150238&to=1778742238:0
[  559260ms] [ERROR] Failed to load resource: the server responded with a status of 500 (Internal Server Error) @ http://localhost:3000/api/stocks/candle?symbol=AAPL&resolution=D&from=1776150239&to=1778742239:0
[  559595ms] [ERROR] Failed to load resource: the server responded with a status of 500 (Internal Server Error) @ http://localhost:3000/api/stocks/indicator?symbol=AAPL&resolution=D&from=1776150238&to=1778742238&indicator=sma&timeperiod=50:0
[  559599ms] [ERROR] Failed to load resource: the server responded with a status of 500 (Internal Server Error) @ http://localhost:3000/api/stocks/indicator?symbol=AAPL&resolution=D&from=1776150238&to=1778742238&indicator=sma&timeperiod=20:0
[  559602ms] [ERROR] Failed to load resource: the server responded with a status of 500 (Internal Server Error) @ http://localhost:3000/api/stocks/indicator?symbol=AAPL&resolution=D&from=1776150238&to=1778742238&indicator=rsi&timeperiod=14:0
[  559918ms] [ERROR] Failed to load resource: the server responded with a status of 500 (Internal Server Error) @ http://localhost:3000/api/stocks/indicator?symbol=AAPL&resolution=D&from=1776150240&to=1778742240&indicator=rsi&timeperiod=14:0
[  559921ms] [ERROR] Failed to load resource: the server responded with a status of 500 (Internal Server Error) @ http://localhost:3000/api/stocks/indicator?symbol=AAPL&resolution=D&from=1776150240&to=1778742240&indicator=sma&timeperiod=20:0
[  559933ms] [ERROR] Failed to load resource: the server responded with a status of 500 (Internal Server Error) @ http://localhost:3000/api/stocks/indicator?symbol=AAPL&resolution=D&from=1776150240&to=1778742240&indicator=sma&timeperiod=50:0
[  560560ms] [ERROR] Failed to load resource: the server responded with a status of 500 (Internal Server Error) @ http://localhost:3000/api/stocks/candle?symbol=AAPL&resolution=D&from=1776150239&to=1778742239:0
[  560849ms] [ERROR] Failed to load resource: the server responded with a status of 500 (Internal Server Error) @ http://localhost:3000/api/stocks/candle?symbol=AAPL&resolution=D&from=1776150241&to=1778742241:0
[  561238ms] [ERROR] Failed to load resource: the server responded with a status of 500 (Internal Server Error) @ http://localhost:3000/api/stocks/indicator?symbol=AAPL&resolution=D&from=1776150240&to=1778742240&indicator=rsi&timeperiod=14:0
[  561244ms] [ERROR] Failed to load resource: the server responded with a status of 500 (Internal Server Error) @ http://localhost:3000/api/stocks/indicator?symbol=AAPL&resolution=D&from=1776150240&to=1778742240&indicator=sma&timeperiod=20:0
[  561247ms] [ERROR] Failed to load resource: the server responded with a status of 500 (Internal Server Error) @ http://localhost:3000/api/stocks/indicator?symbol=AAPL&resolution=D&from=1776150240&to=1778742240&indicator=sma&timeperiod=50:0
[  561560ms] [ERROR] Failed to load resource: the server responded with a status of 500 (Internal Server Error) @ http://localhost:3000/api/stocks/indicator?symbol=AAPL&resolution=D&from=1776150242&to=1778742242&indicator=rsi&timeperiod=14:0
[  561584ms] [ERROR] Failed to load resource: the server responded with a status of 500 (Internal Server Error) @ http://localhost:3000/api/stocks/indicator?symbol=AAPL&resolution=D&from=1776150242&to=1778742242&indicator=sma&timeperiod=20:0
[  561585ms] [ERROR] Failed to load resource: the server responded with a status of 500 (Internal Server Error) @ http://localhost:3000/api/stocks/indicator?symbol=AAPL&resolution=D&from=1776150242&to=1778742242&indicator=sma&timeperiod=50:0
[  562155ms] [ERROR] Failed to load resource: the server responded with a status of 500 (Internal Server Error) @ http://localhost:3000/api/stocks/candle?symbol=AAPL&resolution=D&from=1776150241&to=1778742241:0
[  562453ms] [ERROR] Failed to load resource: the server responded with a status of 500 (Internal Server Error) @ http://localhost:3000/api/stocks/candle?symbol=AAPL&resolution=D&from=1776150242&to=1778742242:0
[  562869ms] [ERROR] Failed to load resource: the server responded with a status of 500 (Internal Server Error) @ http://localhost:3000/api/stocks/indicator?symbol=AAPL&resolution=D&from=1776150242&to=1778742242&indicator=rsi&timeperiod=14:0
[  562888ms] [ERROR] Failed to load resource: the server responded with a status of 500 (Internal Server Error) @ http://localhost:3000/api/stocks/indicator?symbol=AAPL&resolution=D&from=1776150242&to=1778742242&indicator=sma&timeperiod=50:0
[  562891ms] [ERROR] Failed to load resource: the server responded with a status of 500 (Internal Server Error) @ http://localhost:3000/api/stocks/indicator?symbol=AAPL&resolution=D&from=1776150242&to=1778742242&indicator=sma&timeperiod=20:0
[  563171ms] [ERROR] Failed to load resource: the server responded with a status of 500 (Internal Server Error) @ http://localhost:3000/api/stocks/indicator?symbol=AAPL&resolution=D&from=1776150243&to=1778742243&indicator=sma&timeperiod=50:0
[  563178ms] [ERROR] Failed to load resource: the server responded with a status of 500 (Internal Server Error) @ http://localhost:3000/api/stocks/indicator?symbol=AAPL&resolution=D&from=1776150243&to=1778742243&indicator=rsi&timeperiod=14:0
[  563183ms] [ERROR] Failed to load resource: the server responded with a status of 500 (Internal Server Error) @ http://localhost:3000/api/stocks/indicator?symbol=AAPL&resolution=D&from=1776150243&to=1778742243&indicator=sma&timeperiod=20:0
[  563752ms] [ERROR] Failed to load resource: the server responded with a status of 500 (Internal Server Error) @ http://localhost:3000/api/stocks/candle?symbol=AAPL&resolution=D&from=1776150242&to=1778742242:0
[  564041ms] [ERROR] Failed to load resource: the server responded with a status of 500 (Internal Server Error) @ http://localhost:3000/api/stocks/candle?symbol=AAPL&resolution=D&from=1776150244&to=1778742244:0
[  564498ms] [ERROR] Failed to load resource: the server responded with a status of 500 (Internal Server Error) @ http://localhost:3000/api/stocks/indicator?symbol=AAPL&resolution=D&from=1776150243&to=1778742243&indicator=sma&timeperiod=50:0
[  564518ms] [ERROR] Failed to load resource: the server responded with a status of 500 (Internal Server Error) @ http://localhost:3000/api/stocks/indicator?symbol=AAPL&resolution=D&from=1776150243&to=1778742243&indicator=sma&timeperiod=20:0
[  564525ms] [ERROR] Failed to load resource: the server responded with a status of 500 (Internal Server Error) @ http://localhost:3000/api/stocks/indicator?symbol=AAPL&resolution=D&from=1776150243&to=1778742243&indicator=rsi&timeperiod=14:0
[  564828ms] [ERROR] Failed to load resource: the server responded with a status of 500 (Internal Server Error) @ http://localhost:3000/api/stocks/indicator?symbol=AAPL&resolution=D&from=1776150245&to=1778742245&indicator=rsi&timeperiod=14:0
[  564831ms] [ERROR] Failed to load resource: the server responded with a status of 500 (Internal Server Error) @ http://localhost:3000/api/stocks/indicator?symbol=AAPL&resolution=D&from=1776150245&to=1778742245&indicator=sma&timeperiod=50:0
[  564899ms] [ERROR] Failed to load resource: the server responded with a status of 500 (Internal Server Error) @ http://localhost:3000/api/stocks/indicator?symbol=AAPL&resolution=D&from=1776150245&to=1778742245&indicator=sma&timeperiod=20:0
[  565527ms] [ERROR] Failed to load resource: the server responded with a status of 500 (Internal Server Error) @ http://localhost:3000/api/stocks/candle?symbol=AAPL&resolution=D&from=1776150244&to=1778742244:0
[  565828ms] [ERROR] Failed to load resource: the server responded with a status of 500 (Internal Server Error) @ http://localhost:3000/api/stocks/candle?symbol=AAPL&resolution=D&from=1776150246&to=1778742246:0
[  566123ms] [ERROR] Failed to load resource: the server responded with a status of 500 (Internal Server Error) @ http://localhost:3000/api/stocks/indicator?symbol=AAPL&resolution=D&from=1776150245&to=1778742245&indicator=rsi&timeperiod=14:0
[  566131ms] [ERROR] Failed to load resource: the server responded with a status of 500 (Internal Server Error) @ http://localhost:3000/api/stocks/indicator?symbol=AAPL&resolution=D&from=1776150245&to=1778742245&indicator=sma&timeperiod=50:0
[  566186ms] [ERROR] Failed to load resource: the server responded with a status of 500 (Internal Server Error) @ http://localhost:3000/api/stocks/indicator?symbol=AAPL&resolution=D&from=1776150245&to=1778742245&indicator=sma&timeperiod=20:0
[  566426ms] [ERROR] Failed to load resource: the server responded with a status of 500 (Internal Server Error) @ http://localhost:3000/api/stocks/indicator?symbol=AAPL&resolution=D&from=1776150246&to=1778742246&indicator=sma&timeperiod=50:0
[  566428ms] [ERROR] Failed to load resource: the server responded with a status of 500 (Internal Server Error) @ http://localhost:3000/api/stocks/indicator?symbol=AAPL&resolution=D&from=1776150246&to=1778742246&indicator=rsi&timeperiod=14:0
[  566430ms] [ERROR] Failed to load resource: the server responded with a status of 500 (Internal Server Error) @ http://localhost:3000/api/stocks/indicator?symbol=AAPL&resolution=D&from=1776150246&to=1778742246&indicator=sma&timeperiod=20:0
[  567129ms] [ERROR] Failed to load resource: the server responded with a status of 500 (Internal Server Error) @ http://localhost:3000/api/stocks/candle?symbol=AAPL&resolution=D&from=1776150246&to=1778742246:0
[  567448ms] [ERROR] Failed to load resource: the server responded with a status of 500 (Internal Server Error) @ http://localhost:3000/api/stocks/candle?symbol=AAPL&resolution=D&from=1776150247&to=1778742247:0
[  567745ms] [ERROR] Failed to load resource: the server responded with a status of 500 (Internal Server Error) @ http://localhost:3000/api/stocks/indicator?symbol=AAPL&resolution=D&from=1776150246&to=1778742246&indicator=sma&timeperiod=20:0
[  567751ms] [ERROR] Failed to load resource: the server responded with a status of 500 (Internal Server Error) @ http://localhost:3000/api/stocks/indicator?symbol=AAPL&resolution=D&from=1776150246&to=1778742246&indicator=rsi&timeperiod=14:0
[  567751ms] [ERROR] Failed to load resource: the server responded with a status of 500 (Internal Server Error) @ http://localhost:3000/api/stocks/indicator?symbol=AAPL&resolution=D&from=1776150246&to=1778742246&indicator=sma&timeperiod=50:0
[  568061ms] [ERROR] Failed to load resource: the server responded with a status of 500 (Internal Server Error) @ http://localhost:3000/api/stocks/indicator?symbol=AAPL&resolution=D&from=1776150248&to=1778742248&indicator=rsi&timeperiod=14:0
[  568063ms] [ERROR] Failed to load resource: the server responded with a status of 500 (Internal Server Error) @ http://localhost:3000/api/stocks/indicator?symbol=AAPL&resolution=D&from=1776150248&to=1778742248&indicator=sma&timeperiod=20:0
[  568080ms] [ERROR] Failed to load resource: the server responded with a status of 500 (Internal Server Error) @ http://localhost:3000/api/stocks/indicator?symbol=AAPL&resolution=D&from=1776150248&to=1778742248&indicator=sma&timeperiod=50:0
[  568771ms] [ERROR] Failed to load resource: the server responded with a status of 500 (Internal Server Error) @ http://localhost:3000/api/stocks/candle?symbol=AAPL&resolution=D&from=1776150247&to=1778742247:0
[  569052ms] [ERROR] Failed to load resource: the server responded with a status of 500 (Internal Server Error) @ http://localhost:3000/api/stocks/candle?symbol=AAPL&resolution=D&from=1776150249&to=1778742249:0
[  569358ms] [ERROR] Failed to load resource: the server responded with a status of 500 (Internal Server Error) @ http://localhost:3000/api/stocks/indicator?symbol=AAPL&resolution=D&from=1776150248&to=1778742248&indicator=rsi&timeperiod=14:0
[  569373ms] [ERROR] Failed to load resource: the server responded with a status of 500 (Internal Server Error) @ http://localhost:3000/api/stocks/indicator?symbol=AAPL&resolution=D&from=1776150248&to=1778742248&indicator=sma&timeperiod=20:0
[  569375ms] [ERROR] Failed to load resource: the server responded with a status of 500 (Internal Server Error) @ http://localhost:3000/api/stocks/indicator?symbol=AAPL&resolution=D&from=1776150248&to=1778742248&indicator=sma&timeperiod=50:0
[  569671ms] [ERROR] Failed to load resource: the server responded with a status of 500 (Internal Server Error) @ http://localhost:3000/api/stocks/indicator?symbol=AAPL&resolution=D&from=1776150250&to=1778742250&indicator=rsi&timeperiod=14:0
[  569675ms] [ERROR] Failed to load resource: the server responded with a status of 500 (Internal Server Error) @ http://localhost:3000/api/stocks/indicator?symbol=AAPL&resolution=D&from=1776150250&to=1778742250&indicator=sma&timeperiod=50:0
[  569678ms] [ERROR] Failed to load resource: the server responded with a status of 500 (Internal Server Error) @ http://localhost:3000/api/stocks/indicator?symbol=AAPL&resolution=D&from=1776150250&to=1778742250&indicator=sma&timeperiod=20:0
[  570347ms] [ERROR] Failed to load resource: the server responded with a status of 500 (Internal Server Error) @ http://localhost:3000/api/stocks/candle?symbol=AAPL&resolution=D&from=1776150249&to=1778742249:0
[  570643ms] [ERROR] Failed to load resource: the server responded with a status of 500 (Internal Server Error) @ http://localhost:3000/api/stocks/candle?symbol=AAPL&resolution=D&from=1776150251&to=1778742251:0
[  570995ms] [ERROR] Failed to load resource: the server responded with a status of 500 (Internal Server Error) @ http://localhost:3000/api/stocks/indicator?symbol=AAPL&resolution=D&from=1776150250&to=1778742250&indicator=sma&timeperiod=20:0
[  571007ms] [ERROR] Failed to load resource: the server responded with a status of 500 (Internal Server Error) @ http://localhost:3000/api/stocks/indicator?symbol=AAPL&resolution=D&from=1776150250&to=1778742250&indicator=sma&timeperiod=50:0
[  571009ms] [ERROR] Failed to load resource: the server responded with a status of 500 (Internal Server Error) @ http://localhost:3000/api/stocks/indicator?symbol=AAPL&resolution=D&from=1776150250&to=1778742250&indicator=rsi&timeperiod=14:0
[  571322ms] [ERROR] Failed to load resource: the server responded with a status of 500 (Internal Server Error) @ http://localhost:3000/api/stocks/indicator?symbol=AAPL&resolution=D&from=1776150251&to=1778742251&indicator=rsi&timeperiod=14:0
[  571352ms] [ERROR] Failed to load resource: the server responded with a status of 500 (Internal Server Error) @ http://localhost:3000/api/stocks/indicator?symbol=AAPL&resolution=D&from=1776150251&to=1778742251&indicator=sma&timeperiod=20:0
[  571357ms] [ERROR] Failed to load resource: the server responded with a status of 500 (Internal Server Error) @ http://localhost:3000/api/stocks/indicator?symbol=AAPL&resolution=D&from=1776150251&to=1778742251&indicator=sma&timeperiod=50:0
[  571951ms] [ERROR] Failed to load resource: the server responded with a status of 500 (Internal Server Error) @ http://localhost:3000/api/stocks/candle?symbol=AAPL&resolution=D&from=1776150251&to=1778742251:0
[  572242ms] [ERROR] Failed to load resource: the server responded with a status of 500 (Internal Server Error) @ http://localhost:3000/api/stocks/candle?symbol=AAPL&resolution=D&from=1776150252&to=1778742252:0
[  572611ms] [ERROR] Failed to load resource: the server responded with a status of 500 (Internal Server Error) @ http://localhost:3000/api/stocks/indicator?symbol=AAPL&resolution=D&from=1776150251&to=1778742251&indicator=rsi&timeperiod=14:0
[  572648ms] [ERROR] Failed to load resource: the server responded with a status of 500 (Internal Server Error) @ http://localhost:3000/api/stocks/indicator?symbol=AAPL&resolution=D&from=1776150251&to=1778742251&indicator=sma&timeperiod=20:0
[  572651ms] [ERROR] Failed to load resource: the server responded with a status of 500 (Internal Server Error) @ http://localhost:3000/api/stocks/indicator?symbol=AAPL&resolution=D&from=1776150251&to=1778742251&indicator=sma&timeperiod=50:0
[  572906ms] [ERROR] Failed to load resource: the server responded with a status of 500 (Internal Server Error) @ http://localhost:3000/api/stocks/indicator?symbol=AAPL&resolution=D&from=1776150253&to=1778742253&indicator=sma&timeperiod=20:0
[  572908ms] [ERROR] Failed to load resource: the server responded with a status of 500 (Internal Server Error) @ http://localhost:3000/api/stocks/indicator?symbol=AAPL&resolution=D&from=1776150253&to=1778742253&indicator=rsi&timeperiod=14:0
[  573064ms] [ERROR] Failed to load resource: the server responded with a status of 500 (Internal Server Error) @ http://localhost:3000/api/stocks/indicator?symbol=AAPL&resolution=D&from=1776150253&to=1778742253&indicator=sma&timeperiod=50:0
[  573548ms] [ERROR] Failed to load resource: the server responded with a status of 500 (Internal Server Error) @ http://localhost:3000/api/stocks/candle?symbol=AAPL&resolution=D&from=1776150252&to=1778742252:0
[  573911ms] [ERROR] Failed to load resource: the server responded with a status of 500 (Internal Server Error) @ http://localhost:3000/api/stocks/candle?symbol=AAPL&resolution=D&from=1776150254&to=1778742254:0
[  574197ms] [ERROR] Failed to load resource: the server responded with a status of 500 (Internal Server Error) @ http://localhost:3000/api/stocks/indicator?symbol=AAPL&resolution=D&from=1776150253&to=1778742253&indicator=sma&timeperiod=20:0
[  574229ms] [ERROR] Failed to load resource: the server responded with a status of 500 (Internal Server Error) @ http://localhost:3000/api/stocks/indicator?symbol=AAPL&resolution=D&from=1776150253&to=1778742253&indicator=rsi&timeperiod=14:0
[  574375ms] [ERROR] Failed to load resource: the server responded with a status of 500 (Internal Server Error) @ http://localhost:3000/api/stocks/indicator?symbol=AAPL&resolution=D&from=1776150253&to=1778742253&indicator=sma&timeperiod=50:0
[  574534ms] [ERROR] Failed to load resource: the server responded with a status of 500 (Internal Server Error) @ http://localhost:3000/api/stocks/indicator?symbol=AAPL&resolution=D&from=1776150255&to=1778742255&indicator=sma&timeperiod=20:0
[  574548ms] [ERROR] Failed to load resource: the server responded with a status of 500 (Internal Server Error) @ http://localhost:3000/api/stocks/indicator?symbol=AAPL&resolution=D&from=1776150255&to=1778742255&indicator=sma&timeperiod=50:0
[  574583ms] [ERROR] Failed to load resource: the server responded with a status of 500 (Internal Server Error) @ http://localhost:3000/api/stocks/indicator?symbol=AAPL&resolution=D&from=1776150255&to=1778742255&indicator=rsi&timeperiod=14:0
[  575211ms] [ERROR] Failed to load resource: the server responded with a status of 500 (Internal Server Error) @ http://localhost:3000/api/stocks/candle?symbol=AAPL&resolution=D&from=1776150254&to=1778742254:0
[  575493ms] [ERROR] Failed to load resource: the server responded with a status of 500 (Internal Server Error) @ http://localhost:3000/api/stocks/candle?symbol=AAPL&resolution=D&from=1776150256&to=1778742256:0
[  575839ms] [ERROR] Failed to load resource: the server responded with a status of 500 (Internal Server Error) @ http://localhost:3000/api/stocks/indicator?symbol=AAPL&resolution=D&from=1776150255&to=1778742255&indicator=sma&timeperiod=20:0
[  575843ms] [ERROR] Failed to load resource: the server responded with a status of 500 (Internal Server Error) @ http://localhost:3000/api/stocks/indicator?symbol=AAPL&resolution=D&from=1776150255&to=1778742255&indicator=sma&timeperiod=50:0
[  575882ms] [ERROR] Failed to load resource: the server responded with a status of 500 (Internal Server Error) @ http://localhost:3000/api/stocks/indicator?symbol=AAPL&resolution=D&from=1776150255&to=1778742255&indicator=rsi&timeperiod=14:0
[  576135ms] [ERROR] Failed to load resource: the server responded with a status of 500 (Internal Server Error) @ http://localhost:3000/api/stocks/indicator?symbol=AAPL&resolution=D&from=1776150256&to=1778742256&indicator=rsi&timeperiod=14:0
[  576139ms] [ERROR] Failed to load resource: the server responded with a status of 500 (Internal Server Error) @ http://localhost:3000/api/stocks/indicator?symbol=AAPL&resolution=D&from=1776150256&to=1778742256&indicator=sma&timeperiod=50:0
[  576144ms] [ERROR] Failed to load resource: the server responded with a status of 500 (Internal Server Error) @ http://localhost:3000/api/stocks/indicator?symbol=AAPL&resolution=D&from=1776150256&to=1778742256&indicator=sma&timeperiod=20:0
[  576803ms] [ERROR] Failed to load resource: the server responded with a status of 500 (Internal Server Error) @ http://localhost:3000/api/stocks/candle?symbol=AAPL&resolution=D&from=1776150256&to=1778742256:0
[  577111ms] [ERROR] Failed to load resource: the server responded with a status of 500 (Internal Server Error) @ http://localhost:3000/api/stocks/candle?symbol=AAPL&resolution=D&from=1776150257&to=1778742257:0
[  577437ms] [ERROR] Failed to load resource: the server responded with a status of 500 (Internal Server Error) @ http://localhost:3000/api/stocks/indicator?symbol=AAPL&resolution=D&from=1776150256&to=1778742256&indicator=rsi&timeperiod=14:0
[  577444ms] [ERROR] Failed to load resource: the server responded with a status of 500 (Internal Server Error) @ http://localhost:3000/api/stocks/indicator?symbol=AAPL&resolution=D&from=1776150256&to=1778742256&indicator=sma&timeperiod=20:0
[  577462ms] [ERROR] Failed to load resource: the server responded with a status of 500 (Internal Server Error) @ http://localhost:3000/api/stocks/indicator?symbol=AAPL&resolution=D&from=1776150256&to=1778742256&indicator=sma&timeperiod=50:0
[  577789ms] [ERROR] Failed to load resource: the server responded with a status of 500 (Internal Server Error) @ http://localhost:3000/api/stocks/indicator?symbol=AAPL&resolution=D&from=1776150258&to=1778742258&indicator=sma&timeperiod=50:0
[  577791ms] [ERROR] Failed to load resource: the server responded with a status of 500 (Internal Server Error) @ http://localhost:3000/api/stocks/indicator?symbol=AAPL&resolution=D&from=1776150258&to=1778742258&indicator=rsi&timeperiod=14:0
[  577799ms] [ERROR] Failed to load resource: the server responded with a status of 500 (Internal Server Error) @ http://localhost:3000/api/stocks/indicator?symbol=AAPL&resolution=D&from=1776150258&to=1778742258&indicator=sma&timeperiod=20:0
[  578404ms] [ERROR] Failed to load resource: the server responded with a status of 500 (Internal Server Error) @ http://localhost:3000/api/stocks/candle?symbol=AAPL&resolution=D&from=1776150257&to=1778742257:0
[  578695ms] [ERROR] Failed to load resource: the server responded with a status of 500 (Internal Server Error) @ http://localhost:3000/api/stocks/candle?symbol=AAPL&resolution=D&from=1776150259&to=1778742259:0
[  579098ms] [ERROR] Failed to load resource: the server responded with a status of 500 (Internal Server Error) @ http://localhost:3000/api/stocks/indicator?symbol=AAPL&resolution=D&from=1776150258&to=1778742258&indicator=rsi&timeperiod=14:0
[  579103ms] [ERROR] Failed to load resource: the server responded with a status of 500 (Internal Server Error) @ http://localhost:3000/api/stocks/indicator?symbol=AAPL&resolution=D&from=1776150258&to=1778742258&indicator=sma&timeperiod=50:0
[  579107ms] [ERROR] Failed to load resource: the server responded with a status of 500 (Internal Server Error) @ http://localhost:3000/api/stocks/indicator?symbol=AAPL&resolution=D&from=1776150258&to=1778742258&indicator=sma&timeperiod=20:0
[  579395ms] [ERROR] Failed to load resource: the server responded with a status of 500 (Internal Server Error) @ http://localhost:3000/api/stocks/indicator?symbol=AAPL&resolution=D&from=1776150259&to=1778742259&indicator=sma&timeperiod=50:0
[  579398ms] [ERROR] Failed to load resource: the server responded with a status of 500 (Internal Server Error) @ http://localhost:3000/api/stocks/indicator?symbol=AAPL&resolution=D&from=1776150259&to=1778742259&indicator=sma&timeperiod=20:0
[  579400ms] [ERROR] Failed to load resource: the server responded with a status of 500 (Internal Server Error) @ http://localhost:3000/api/stocks/indicator?symbol=AAPL&resolution=D&from=1776150259&to=1778742259&indicator=rsi&timeperiod=14:0
[  580010ms] [ERROR] Failed to load resource: the server responded with a status of 500 (Internal Server Error) @ http://localhost:3000/api/stocks/candle?symbol=AAPL&resolution=D&from=1776150259&to=1778742259:0
[  580724ms] [ERROR] Failed to load resource: the server responded with a status of 500 (Internal Server Error) @ http://localhost:3000/api/stocks/indicator?symbol=AAPL&resolution=D&from=1776150259&to=1778742259&indicator=sma&timeperiod=20:0
[  580728ms] [ERROR] Failed to load resource: the server responded with a status of 500 (Internal Server Error) @ http://localhost:3000/api/stocks/indicator?symbol=AAPL&resolution=D&from=1776150259&to=1778742259&indicator=sma&timeperiod=50:0
[  580729ms] [ERROR] Failed to load resource: the server responded with a status of 500 (Internal Server Error) @ http://localhost:3000/api/stocks/indicator?symbol=AAPL&resolution=D&from=1776150259&to=1778742259&indicator=rsi&timeperiod=14:0
[  580904ms] [ERROR] Failed to load resource: the server responded with a status of 500 (Internal Server Error) @ http://localhost:3000/api/stocks/candle?symbol=AAPL&resolution=D&from=1776150260&to=1778742260:0
[  581051ms] [ERROR] Failed to load resource: the server responded with a status of 500 (Internal Server Error) @ http://localhost:3000/api/stocks/indicator?symbol=AAPL&resolution=D&from=1776150261&to=1778742261&indicator=sma&timeperiod=20:0
[  581054ms] [ERROR] Failed to load resource: the server responded with a status of 500 (Internal Server Error) @ http://localhost:3000/api/stocks/indicator?symbol=AAPL&resolution=D&from=1776150261&to=1778742261&indicator=sma&timeperiod=50:0
[  581060ms] [ERROR] Failed to load resource: the server responded with a status of 500 (Internal Server Error) @ http://localhost:3000/api/stocks/indicator?symbol=AAPL&resolution=D&from=1776150261&to=1778742261&indicator=rsi&timeperiod=14:0
[  582351ms] [ERROR] Failed to load resource: the server responded with a status of 500 (Internal Server Error) @ http://localhost:3000/api/stocks/indicator?symbol=AAPL&resolution=D&from=1776150261&to=1778742261&indicator=sma&timeperiod=50:0
[  582356ms] [ERROR] Failed to load resource: the server responded with a status of 500 (Internal Server Error) @ http://localhost:3000/api/stocks/indicator?symbol=AAPL&resolution=D&from=1776150261&to=1778742261&indicator=sma&timeperiod=20:0
[  582365ms] [ERROR] Failed to load resource: the server responded with a status of 500 (Internal Server Error) @ http://localhost:3000/api/stocks/indicator?symbol=AAPL&resolution=D&from=1776150261&to=1778742261&indicator=rsi&timeperiod=14:0
[  582658ms] [ERROR] Failed to load resource: the server responded with a status of 500 (Internal Server Error) @ http://localhost:3000/api/stocks/indicator?symbol=AAPL&resolution=D&from=1776150263&to=1778742263&indicator=rsi&timeperiod=14:0
[  582661ms] [ERROR] Failed to load resource: the server responded with a status of 500 (Internal Server Error) @ http://localhost:3000/api/stocks/indicator?symbol=AAPL&resolution=D&from=1776150263&to=1778742263&indicator=sma&timeperiod=20:0
[  582664ms] [ERROR] Failed to load resource: the server responded with a status of 500 (Internal Server Error) @ http://localhost:3000/api/stocks/indicator?symbol=AAPL&resolution=D&from=1776150263&to=1778742263&indicator=sma&timeperiod=50:0
[  583966ms] [ERROR] Failed to load resource: the server responded with a status of 500 (Internal Server Error) @ http://localhost:3000/api/stocks/indicator?symbol=AAPL&resolution=D&from=1776150263&to=1778742263&indicator=sma&timeperiod=20:0
[  583970ms] [ERROR] Failed to load resource: the server responded with a status of 500 (Internal Server Error) @ http://localhost:3000/api/stocks/indicator?symbol=AAPL&resolution=D&from=1776150263&to=1778742263&indicator=rsi&timeperiod=14:0
[  583987ms] [ERROR] Failed to load resource: the server responded with a status of 500 (Internal Server Error) @ http://localhost:3000/api/stocks/indicator?symbol=AAPL&resolution=D&from=1776150263&to=1778742263&indicator=sma&timeperiod=50:0
[  584254ms] [ERROR] Failed to load resource: the server responded with a status of 500 (Internal Server Error) @ http://localhost:3000/api/stocks/indicator?symbol=AAPL&resolution=D&from=1776150264&to=1778742264&indicator=sma&timeperiod=20:0
[  584270ms] [ERROR] Failed to load resource: the server responded with a status of 500 (Internal Server Error) @ http://localhost:3000/api/stocks/indicator?symbol=AAPL&resolution=D&from=1776150264&to=1778742264&indicator=rsi&timeperiod=14:0
[  584275ms] [ERROR] Failed to load resource: the server responded with a status of 500 (Internal Server Error) @ http://localhost:3000/api/stocks/indicator?symbol=AAPL&resolution=D&from=1776150264&to=1778742264&indicator=sma&timeperiod=50:0
[  584344ms] [ERROR] Failed to load resource: the server responded with a status of 500 (Internal Server Error) @ http://localhost:3000/api/stocks/candle?symbol=AAPL&resolution=D&from=1776150260&to=1778742260:0
[  584629ms] [ERROR] Failed to load resource: the server responded with a status of 500 (Internal Server Error) @ http://localhost:3000/api/stocks/candle?symbol=AAPL&resolution=D&from=1776150265&to=1778742265:0
[  585557ms] [ERROR] Failed to load resource: the server responded with a status of 500 (Internal Server Error) @ http://localhost:3000/api/stocks/indicator?symbol=AAPL&resolution=D&from=1776150264&to=1778742264&indicator=sma&timeperiod=20:0
[  585577ms] [ERROR] Failed to load resource: the server responded with a status of 500 (Internal Server Error) @ http://localhost:3000/api/stocks/indicator?symbol=AAPL&resolution=D&from=1776150264&to=1778742264&indicator=rsi&timeperiod=14:0
[  585581ms] [ERROR] Failed to load resource: the server responded with a status of 500 (Internal Server Error) @ http://localhost:3000/api/stocks/indicator?symbol=AAPL&resolution=D&from=1776150264&to=1778742264&indicator=sma&timeperiod=50:0
[  585853ms] [ERROR] Failed to load resource: the server responded with a status of 500 (Internal Server Error) @ http://localhost:3000/api/stocks/indicator?symbol=AAPL&resolution=D&from=1776150266&to=1778742266&indicator=rsi&timeperiod=14:0
[  585857ms] [ERROR] Failed to load resource: the server responded with a status of 500 (Internal Server Error) @ http://localhost:3000/api/stocks/indicator?symbol=AAPL&resolution=D&from=1776150266&to=1778742266&indicator=sma&timeperiod=20:0
[  585871ms] [ERROR] Failed to load resource: the server responded with a status of 500 (Internal Server Error) @ http://localhost:3000/api/stocks/indicator?symbol=AAPL&resolution=D&from=1776150266&to=1778742266&indicator=sma&timeperiod=50:0
[  585930ms] [ERROR] Failed to load resource: the server responded with a status of 500 (Internal Server Error) @ http://localhost:3000/api/stocks/candle?symbol=AAPL&resolution=D&from=1776150265&to=1778742265:0
[  586223ms] [ERROR] Failed to load resource: the server responded with a status of 500 (Internal Server Error) @ http://localhost:3000/api/stocks/candle?symbol=AAPL&resolution=D&from=1776150266&to=1778742266:0
[  587154ms] [ERROR] Failed to load resource: the server responded with a status of 500 (Internal Server Error) @ http://localhost:3000/api/stocks/indicator?symbol=AAPL&resolution=D&from=1776150266&to=1778742266&indicator=sma&timeperiod=20:0
[  587158ms] [ERROR] Failed to load resource: the server responded with a status of 500 (Internal Server Error) @ http://localhost:3000/api/stocks/indicator?symbol=AAPL&resolution=D&from=1776150266&to=1778742266&indicator=rsi&timeperiod=14:0
[  587161ms] [ERROR] Failed to load resource: the server responded with a status of 500 (Internal Server Error) @ http://localhost:3000/api/stocks/indicator?symbol=AAPL&resolution=D&from=1776150266&to=1778742266&indicator=sma&timeperiod=50:0
[  587452ms] [ERROR] Failed to load resource: the server responded with a status of 500 (Internal Server Error) @ http://localhost:3000/api/stocks/indicator?symbol=AAPL&resolution=D&from=1776150267&to=1778742267&indicator=rsi&timeperiod=14:0
[  587457ms] [ERROR] Failed to load resource: the server responded with a status of 500 (Internal Server Error) @ http://localhost:3000/api/stocks/indicator?symbol=AAPL&resolution=D&from=1776150267&to=1778742267&indicator=sma&timeperiod=50:0
[  587468ms] [ERROR] Failed to load resource: the server responded with a status of 500 (Internal Server Error) @ http://localhost:3000/api/stocks/indicator?symbol=AAPL&resolution=D&from=1776150267&to=1778742267&indicator=sma&timeperiod=20:0
[  587514ms] [ERROR] Failed to load resource: the server responded with a status of 500 (Internal Server Error) @ http://localhost:3000/api/stocks/candle?symbol=AAPL&resolution=D&from=1776150266&to=1778742266:0
[  587807ms] [ERROR] Failed to load resource: the server responded with a status of 500 (Internal Server Error) @ http://localhost:3000/api/stocks/candle?symbol=AAPL&resolution=D&from=1776150268&to=1778742268:0
[  588744ms] [ERROR] Failed to load resource: the server responded with a status of 500 (Internal Server Error) @ http://localhost:3000/api/stocks/indicator?symbol=AAPL&resolution=D&from=1776150267&to=1778742267&indicator=rsi&timeperiod=14:0
[  588750ms] [ERROR] Failed to load resource: the server responded with a status of 500 (Internal Server Error) @ http://localhost:3000/api/stocks/indicator?symbol=AAPL&resolution=D&from=1776150267&to=1778742267&indicator=sma&timeperiod=50:0
[  588770ms] [ERROR] Failed to load resource: the server responded with a status of 500 (Internal Server Error) @ http://localhost:3000/api/stocks/indicator?symbol=AAPL&resolution=D&from=1776150267&to=1778742267&indicator=sma&timeperiod=20:0
[  589039ms] [ERROR] Failed to load resource: the server responded with a status of 500 (Internal Server Error) @ http://localhost:3000/api/stocks/indicator?symbol=AAPL&resolution=D&from=1776150269&to=1778742269&indicator=rsi&timeperiod=14:0
[  589053ms] [ERROR] Failed to load resource: the server responded with a status of 500 (Internal Server Error) @ http://localhost:3000/api/stocks/indicator?symbol=AAPL&resolution=D&from=1776150269&to=1778742269&indicator=sma&timeperiod=50:0
[  589070ms] [ERROR] Failed to load resource: the server responded with a status of 500 (Internal Server Error) @ http://localhost:3000/api/stocks/indicator?symbol=AAPL&resolution=D&from=1776150269&to=1778742269&indicator=sma&timeperiod=20:0
[  589122ms] [ERROR] Failed to load resource: the server responded with a status of 500 (Internal Server Error) @ http://localhost:3000/api/stocks/candle?symbol=AAPL&resolution=D&from=1776150268&to=1778742268:0
[  589451ms] [ERROR] Failed to load resource: the server responded with a status of 500 (Internal Server Error) @ http://localhost:3000/api/stocks/candle?symbol=AAPL&resolution=D&from=1776150269&to=1778742269:0
[  590342ms] [ERROR] Failed to load resource: the server responded with a status of 500 (Internal Server Error) @ http://localhost:3000/api/stocks/indicator?symbol=AAPL&resolution=D&from=1776150269&to=1778742269&indicator=rsi&timeperiod=14:0
[  590346ms] [ERROR] Failed to load resource: the server responded with a status of 500 (Internal Server Error) @ http://localhost:3000/api/stocks/indicator?symbol=AAPL&resolution=D&from=1776150269&to=1778742269&indicator=sma&timeperiod=50:0
[  590393ms] [ERROR] Failed to load resource: the server responded with a status of 500 (Internal Server Error) @ http://localhost:3000/api/stocks/indicator?symbol=AAPL&resolution=D&from=1776150269&to=1778742269&indicator=sma&timeperiod=20:0
[  590635ms] [ERROR] Failed to load resource: the server responded with a status of 500 (Internal Server Error) @ http://localhost:3000/api/stocks/indicator?symbol=AAPL&resolution=D&from=1776150271&to=1778742271&indicator=rsi&timeperiod=14:0
[  590642ms] [ERROR] Failed to load resource: the server responded with a status of 500 (Internal Server Error) @ http://localhost:3000/api/stocks/indicator?symbol=AAPL&resolution=D&from=1776150271&to=1778742271&indicator=sma&timeperiod=20:0
[  590646ms] [ERROR] Failed to load resource: the server responded with a status of 500 (Internal Server Error) @ http://localhost:3000/api/stocks/indicator?symbol=AAPL&resolution=D&from=1776150271&to=1778742271&indicator=sma&timeperiod=50:0
[  590744ms] [ERROR] Failed to load resource: the server responded with a status of 500 (Internal Server Error) @ http://localhost:3000/api/stocks/candle?symbol=AAPL&resolution=D&from=1776150269&to=1778742269:0
[  591033ms] [ERROR] Failed to load resource: the server responded with a status of 500 (Internal Server Error) @ http://localhost:3000/api/stocks/candle?symbol=AAPL&resolution=D&from=1776150271&to=1778742271:0
[  591932ms] [ERROR] Failed to load resource: the server responded with a status of 500 (Internal Server Error) @ http://localhost:3000/api/stocks/indicator?symbol=AAPL&resolution=D&from=1776150271&to=1778742271&indicator=rsi&timeperiod=14:0
[  592002ms] [ERROR] Failed to load resource: the server responded with a status of 500 (Internal Server Error) @ http://localhost:3000/api/stocks/indicator?symbol=AAPL&resolution=D&from=1776150271&to=1778742271&indicator=sma&timeperiod=50:0
[  592004ms] [ERROR] Failed to load resource: the server responded with a status of 500 (Internal Server Error) @ http://localhost:3000/api/stocks/indicator?symbol=AAPL&resolution=D&from=1776150271&to=1778742271&indicator=sma&timeperiod=20:0
[  592233ms] [ERROR] Failed to load resource: the server responded with a status of 500 (Internal Server Error) @ http://localhost:3000/api/stocks/indicator?symbol=AAPL&resolution=D&from=1776150272&to=1778742272&indicator=rsi&timeperiod=14:0
[  592249ms] [ERROR] Failed to load resource: the server responded with a status of 500 (Internal Server Error) @ http://localhost:3000/api/stocks/indicator?symbol=AAPL&resolution=D&from=1776150272&to=1778742272&indicator=sma&timeperiod=20:0
[  592357ms] [ERROR] Failed to load resource: the server responded with a status of 500 (Internal Server Error) @ http://localhost:3000/api/stocks/candle?symbol=AAPL&resolution=D&from=1776150271&to=1778742271:0
[  592371ms] [ERROR] Failed to load resource: the server responded with a status of 500 (Internal Server Error) @ http://localhost:3000/api/stocks/indicator?symbol=AAPL&resolution=D&from=1776150272&to=1778742272&indicator=sma&timeperiod=50:0
[  592668ms] [ERROR] Failed to load resource: the server responded with a status of 500 (Internal Server Error) @ http://localhost:3000/api/stocks/candle?symbol=AAPL&resolution=D&from=1776150273&to=1778742273:0
[  593549ms] [ERROR] Failed to load resource: the server responded with a status of 500 (Internal Server Error) @ http://localhost:3000/api/stocks/indicator?symbol=AAPL&resolution=D&from=1776150272&to=1778742272&indicator=sma&timeperiod=20:0
[  593664ms] [ERROR] Failed to load resource: the server responded with a status of 500 (Internal Server Error) @ http://localhost:3000/api/stocks/indicator?symbol=AAPL&resolution=D&from=1776150272&to=1778742272&indicator=sma&timeperiod=50:0
[  593845ms] [ERROR] Failed to load resource: the server responded with a status of 500 (Internal Server Error) @ http://localhost:3000/api/stocks/indicator?symbol=AAPL&resolution=D&from=1776150274&to=1778742274&indicator=rsi&timeperiod=14:0
[  593851ms] [ERROR] Failed to load resource: the server responded with a status of 500 (Internal Server Error) @ http://localhost:3000/api/stocks/indicator?symbol=AAPL&resolution=D&from=1776150274&to=1778742274&indicator=sma&timeperiod=20:0
[  593856ms] [ERROR] Failed to load resource: the server responded with a status of 500 (Internal Server Error) @ http://localhost:3000/api/stocks/indicator?symbol=AAPL&resolution=D&from=1776150274&to=1778742274&indicator=sma&timeperiod=50:0
[  593970ms] [ERROR] Failed to load resource: the server responded with a status of 500 (Internal Server Error) @ http://localhost:3000/api/stocks/candle?symbol=AAPL&resolution=D&from=1776150273&to=1778742273:0
[  593974ms] [ERROR] Failed to load resource: the server responded with a status of 500 (Internal Server Error) @ http://localhost:3000/api/stocks/indicator?symbol=AAPL&resolution=D&from=1776150272&to=1778742272&indicator=rsi&timeperiod=14:0
[  594265ms] [ERROR] Failed to load resource: the server responded with a status of 500 (Internal Server Error) @ http://localhost:3000/api/stocks/candle?symbol=AAPL&resolution=D&from=1776150274&to=1778742274:0
[  595185ms] [ERROR] Failed to load resource: the server responded with a status of 500 (Internal Server Error) @ http://localhost:3000/api/stocks/indicator?symbol=AAPL&resolution=D&from=1776150274&to=1778742274&indicator=sma&timeperiod=50:0
[  595189ms] [ERROR] Failed to load resource: the server responded with a status of 500 (Internal Server Error) @ http://localhost:3000/api/stocks/indicator?symbol=AAPL&resolution=D&from=1776150274&to=1778742274&indicator=rsi&timeperiod=14:0
[  595202ms] [ERROR] Failed to load resource: the server responded with a status of 500 (Internal Server Error) @ http://localhost:3000/api/stocks/indicator?symbol=AAPL&resolution=D&from=1776150274&to=1778742274&indicator=sma&timeperiod=20:0
[  595536ms] [ERROR] Failed to load resource: the server responded with a status of 500 (Internal Server Error) @ http://localhost:3000/api/stocks/indicator?symbol=AAPL&resolution=D&from=1776150275&to=1778742275&indicator=sma&timeperiod=20:0
[  595547ms] [ERROR] Failed to load resource: the server responded with a status of 500 (Internal Server Error) @ http://localhost:3000/api/stocks/indicator?symbol=AAPL&resolution=D&from=1776150275&to=1778742275&indicator=rsi&timeperiod=14:0
[  595576ms] [ERROR] Failed to load resource: the server responded with a status of 500 (Internal Server Error) @ http://localhost:3000/api/stocks/candle?symbol=AAPL&resolution=D&from=1776150274&to=1778742274:0
[  595581ms] [ERROR] Failed to load resource: the server responded with a status of 500 (Internal Server Error) @ http://localhost:3000/api/stocks/indicator?symbol=AAPL&resolution=D&from=1776150275&to=1778742275&indicator=sma&timeperiod=50:0
[  595865ms] [ERROR] Failed to load resource: the server responded with a status of 500 (Internal Server Error) @ http://localhost:3000/api/stocks/candle?symbol=AAPL&resolution=D&from=1776150276&to=1778742276:0
[  596855ms] [ERROR] Failed to load resource: the server responded with a status of 500 (Internal Server Error) @ http://localhost:3000/api/stocks/indicator?symbol=AAPL&resolution=D&from=1776150275&to=1778742275&indicator=sma&timeperiod=20:0
[  596859ms] [ERROR] Failed to load resource: the server responded with a status of 500 (Internal Server Error) @ http://localhost:3000/api/stocks/indicator?symbol=AAPL&resolution=D&from=1776150275&to=1778742275&indicator=rsi&timeperiod=14:0
[  596882ms] [ERROR] Failed to load resource: the server responded with a status of 500 (Internal Server Error) @ http://localhost:3000/api/stocks/indicator?symbol=AAPL&resolution=D&from=1776150275&to=1778742275&indicator=sma&timeperiod=50:0
[  597143ms] [ERROR] Failed to load resource: the server responded with a status of 500 (Internal Server Error) @ http://localhost:3000/api/stocks/indicator?symbol=AAPL&resolution=D&from=1776150277&to=1778742277&indicator=rsi&timeperiod=14:0
[  597153ms] [ERROR] Failed to load resource: the server responded with a status of 500 (Internal Server Error) @ http://localhost:3000/api/stocks/indicator?symbol=AAPL&resolution=D&from=1776150277&to=1778742277&indicator=sma&timeperiod=20:0
[  597155ms] [ERROR] Failed to load resource: the server responded with a status of 500 (Internal Server Error) @ http://localhost:3000/api/stocks/indicator?symbol=AAPL&resolution=D&from=1776150277&to=1778742277&indicator=sma&timeperiod=50:0
[  597170ms] [ERROR] Failed to load resource: the server responded with a status of 500 (Internal Server Error) @ http://localhost:3000/api/stocks/candle?symbol=AAPL&resolution=D&from=1776150276&to=1778742276:0
[  597461ms] [ERROR] Failed to load resource: the server responded with a status of 500 (Internal Server Error) @ http://localhost:3000/api/stocks/candle?symbol=AAPL&resolution=D&from=1776150277&to=1778742277:0
[  598509ms] [ERROR] Failed to load resource: the server responded with a status of 500 (Internal Server Error) @ http://localhost:3000/api/stocks/indicator?symbol=AAPL&resolution=D&from=1776150277&to=1778742277&indicator=rsi&timeperiod=14:0
[  598514ms] [ERROR] Failed to load resource: the server responded with a status of 500 (Internal Server Error) @ http://localhost:3000/api/stocks/indicator?symbol=AAPL&resolution=D&from=1776150277&to=1778742277&indicator=sma&timeperiod=50:0
[  598597ms] [ERROR] Failed to load resource: the server responded with a status of 500 (Internal Server Error) @ http://localhost:3000/api/stocks/indicator?symbol=AAPL&resolution=D&from=1776150277&to=1778742277&indicator=sma&timeperiod=20:0
[  598788ms] [ERROR] Failed to load resource: the server responded with a status of 500 (Internal Server Error) @ http://localhost:3000/api/stocks/candle?symbol=AAPL&resolution=D&from=1776150277&to=1778742277:0
[  598813ms] [ERROR] Failed to load resource: the server responded with a status of 500 (Internal Server Error) @ http://localhost:3000/api/stocks/indicator?symbol=AAPL&resolution=D&from=1776150279&to=1778742279&indicator=rsi&timeperiod=14:0
[  598838ms] [ERROR] Failed to load resource: the server responded with a status of 500 (Internal Server Error) @ http://localhost:3000/api/stocks/indicator?symbol=AAPL&resolution=D&from=1776150279&to=1778742279&indicator=sma&timeperiod=20:0
[  598897ms] [LOG] [Fast Refresh] rebuilding @ http://localhost:3000/_next/static/chunks/node_modules_next_dist_115brz8._.js:2431
[  598899ms] [ERROR] Failed to load resource: the server responded with a status of 500 (Internal Server Error) @ http://localhost:3000/api/stocks/indicator?symbol=AAPL&resolution=D&from=1776150279&to=1778742279&indicator=sma&timeperiod=50:0
[  598899ms] [LOG] [Fast Refresh] done in 107ms @ http://localhost:3000/_next/static/chunks/node_modules_next_dist_115brz8._.js:2431
[  599088ms] [ERROR] Failed to load resource: the server responded with a status of 500 (Internal Server Error) @ http://localhost:3000/api/stocks/candle?symbol=AAPL&resolution=D&from=1776150279&to=1778742279:0
[  600109ms] [ERROR] Failed to load resource: the server responded with a status of 500 (Internal Server Error) @ http://localhost:3000/api/stocks/indicator?symbol=AAPL&resolution=D&from=1776150279&to=1778742279&indicator=rsi&timeperiod=14:0
[  600137ms] [ERROR] Failed to load resource: the server responded with a status of 500 (Internal Server Error) @ http://localhost:3000/api/stocks/indicator?symbol=AAPL&resolution=D&from=1776150279&to=1778742279&indicator=sma&timeperiod=20:0
[  600181ms] [ERROR] Failed to load resource: the server responded with a status of 500 (Internal Server Error) @ http://localhost:3000/api/stocks/indicator?symbol=AAPL&resolution=D&from=1776150279&to=1778742279&indicator=sma&timeperiod=50:0
[  600216ms] [LOG] [Fast Refresh] rebuilding @ http://localhost:3000/_next/static/chunks/node_modules_next_dist_115brz8._.js:2431
[  600232ms] [LOG] [Fast Refresh] done in 129ms @ http://localhost:3000/_next/static/chunks/node_modules_next_dist_115brz8._.js:2431
[  600382ms] [ERROR] Failed to load resource: the server responded with a status of 500 (Internal Server Error) @ http://localhost:3000/api/stocks/candle?symbol=AAPL&resolution=D&from=1776150279&to=1778742279:0
[  600400ms] [ERROR] Failed to load resource: the server responded with a status of 500 (Internal Server Error) @ http://localhost:3000/api/stocks/indicator?symbol=AAPL&resolution=D&from=1776150280&to=1778742280&indicator=rsi&timeperiod=14:0
[  600409ms] [ERROR] Failed to load resource: the server responded with a status of 500 (Internal Server Error) @ http://localhost:3000/api/stocks/indicator?symbol=AAPL&resolution=D&from=1776150280&to=1778742280&indicator=sma&timeperiod=20:0
[  600498ms] [ERROR] Failed to load resource: the server responded with a status of 500 (Internal Server Error) @ http://localhost:3000/api/stocks/indicator?symbol=AAPL&resolution=D&from=1776150280&to=1778742280&indicator=sma&timeperiod=50:0
[  600674ms] [ERROR] Failed to load resource: the server responded with a status of 500 (Internal Server Error) @ http://localhost:3000/api/stocks/candle?symbol=AAPL&resolution=D&from=1776150281&to=1778742281:0
[  601702ms] [ERROR] Failed to load resource: the server responded with a status of 500 (Internal Server Error) @ http://localhost:3000/api/stocks/indicator?symbol=AAPL&resolution=D&from=1776150280&to=1778742280&indicator=rsi&timeperiod=14:0
[  601709ms] [ERROR] Failed to load resource: the server responded with a status of 500 (Internal Server Error) @ http://localhost:3000/api/stocks/indicator?symbol=AAPL&resolution=D&from=1776150280&to=1778742280&indicator=sma&timeperiod=20:0
[  601788ms] [ERROR] Failed to load resource: the server responded with a status of 500 (Internal Server Error) @ http://localhost:3000/api/stocks/indicator?symbol=AAPL&resolution=D&from=1776150280&to=1778742280&indicator=sma&timeperiod=50:0
[  601967ms] [ERROR] Failed to load resource: the server responded with a status of 500 (Internal Server Error) @ http://localhost:3000/api/stocks/candle?symbol=AAPL&resolution=D&from=1776150281&to=1778742281:0
[  601999ms] [ERROR] Failed to load resource: the server responded with a status of 500 (Internal Server Error) @ http://localhost:3000/api/stocks/indicator?symbol=AAPL&resolution=D&from=1776150282&to=1778742282&indicator=sma&timeperiod=20:0
[  602006ms] [ERROR] Failed to load resource: the server responded with a status of 500 (Internal Server Error) @ http://localhost:3000/api/stocks/indicator?symbol=AAPL&resolution=D&from=1776150282&to=1778742282&indicator=rsi&timeperiod=14:0
[  602009ms] [ERROR] Failed to load resource: the server responded with a status of 500 (Internal Server Error) @ http://localhost:3000/api/stocks/indicator?symbol=AAPL&resolution=D&from=1776150282&to=1778742282&indicator=sma&timeperiod=50:0
[  602247ms] [ERROR] Failed to load resource: the server responded with a status of 500 (Internal Server Error) @ http://localhost:3000/api/stocks/candle?symbol=AAPL&resolution=D&from=1776150282&to=1778742282:0
[  603299ms] [ERROR] Failed to load resource: the server responded with a status of 500 (Internal Server Error) @ http://localhost:3000/api/stocks/indicator?symbol=AAPL&resolution=D&from=1776150282&to=1778742282&indicator=rsi&timeperiod=14:0
[  603305ms] [ERROR] Failed to load resource: the server responded with a status of 500 (Internal Server Error) @ http://localhost:3000/api/stocks/indicator?symbol=AAPL&resolution=D&from=1776150282&to=1778742282&indicator=sma&timeperiod=20:0
[  603307ms] [ERROR] Failed to load resource: the server responded with a status of 500 (Internal Server Error) @ http://localhost:3000/api/stocks/indicator?symbol=AAPL&resolution=D&from=1776150282&to=1778742282&indicator=sma&timeperiod=50:0
[  603663ms] [ERROR] Failed to load resource: the server responded with a status of 500 (Internal Server Error) @ http://localhost:3000/api/stocks/indicator?symbol=AAPL&resolution=D&from=1776150284&to=1778742284&indicator=sma&timeperiod=50:0
[  603666ms] [ERROR] Failed to load resource: the server responded with a status of 500 (Internal Server Error) @ http://localhost:3000/api/stocks/candle?symbol=AAPL&resolution=D&from=1776150282&to=1778742282:0
[  603728ms] [ERROR] Failed to load resource: the server responded with a status of 500 (Internal Server Error) @ http://localhost:3000/api/stocks/indicator?symbol=AAPL&resolution=D&from=1776150284&to=1778742284&indicator=rsi&timeperiod=14:0
[  603910ms] [ERROR] Failed to load resource: the server responded with a status of 500 (Internal Server Error) @ http://localhost:3000/api/stocks/indicator?symbol=AAPL&resolution=D&from=1776150284&to=1778742284&indicator=sma&timeperiod=20:0
[  603997ms] [ERROR] Failed to load resource: the server responded with a status of 500 (Internal Server Error) @ http://localhost:3000/api/stocks/candle?symbol=AAPL&resolution=D&from=1776150284&to=1778742284:0
[  604966ms] [ERROR] Failed to load resource: the server responded with a status of 500 (Internal Server Error) @ http://localhost:3000/api/stocks/indicator?symbol=AAPL&resolution=D&from=1776150284&to=1778742284&indicator=sma&timeperiod=50:0
[  605020ms] [ERROR] Failed to load resource: the server responded with a status of 500 (Internal Server Error) @ http://localhost:3000/api/stocks/indicator?symbol=AAPL&resolution=D&from=1776150284&to=1778742284&indicator=rsi&timeperiod=14:0
[  605080ms] [LOG] [Fast Refresh] rebuilding @ http://localhost:3000/_next/static/chunks/node_modules_next_dist_115brz8._.js:2431
[  605081ms] [LOG] [Fast Refresh] done in 110ms @ http://localhost:3000/_next/static/chunks/node_modules_next_dist_115brz8._.js:2431
[  605201ms] [ERROR] Failed to load resource: the server responded with a status of 500 (Internal Server Error) @ http://localhost:3000/api/stocks/indicator?symbol=AAPL&resolution=D&from=1776150284&to=1778742284&indicator=sma&timeperiod=20:0
[  605261ms] [ERROR] Failed to load resource: the server responded with a status of 500 (Internal Server Error) @ http://localhost:3000/api/stocks/indicator?symbol=AAPL&resolution=D&from=1776150285&to=1778742285&indicator=sma&timeperiod=50:0
[  605263ms] [ERROR] Failed to load resource: the server responded with a status of 500 (Internal Server Error) @ http://localhost:3000/api/stocks/indicator?symbol=AAPL&resolution=D&from=1776150285&to=1778742285&indicator=rsi&timeperiod=14:0
[  605275ms] [ERROR] Failed to load resource: the server responded with a status of 500 (Internal Server Error) @ http://localhost:3000/api/stocks/indicator?symbol=AAPL&resolution=D&from=1776150285&to=1778742285&indicator=sma&timeperiod=20:0
[  605381ms] [ERROR] Failed to load resource: the server responded with a status of 500 (Internal Server Error) @ http://localhost:3000/api/stocks/candle?symbol=AAPL&resolution=D&from=1776150284&to=1778742284:0
[  605667ms] [ERROR] Failed to load resource: the server responded with a status of 500 (Internal Server Error) @ http://localhost:3000/api/stocks/candle?symbol=AAPL&resolution=D&from=1776150286&to=1778742286:0
[  606582ms] [ERROR] Failed to load resource: the server responded with a status of 500 (Internal Server Error) @ http://localhost:3000/api/stocks/indicator?symbol=AAPL&resolution=D&from=1776150285&to=1778742285&indicator=sma&timeperiod=50:0
[  606607ms] [ERROR] Failed to load resource: the server responded with a status of 500 (Internal Server Error) @ http://localhost:3000/api/stocks/indicator?symbol=AAPL&resolution=D&from=1776150285&to=1778742285&indicator=rsi&timeperiod=14:0
[  606620ms] [ERROR] Failed to load resource: the server responded with a status of 500 (Internal Server Error) @ http://localhost:3000/api/stocks/indicator?symbol=AAPL&resolution=D&from=1776150285&to=1778742285&indicator=sma&timeperiod=20:0
[  606883ms] [ERROR] Failed to load resource: the server responded with a status of 500 (Internal Server Error) @ http://localhost:3000/api/stocks/indicator?symbol=AAPL&resolution=D&from=1776150287&to=1778742287&indicator=sma&timeperiod=50:0
[  606887ms] [ERROR] Failed to load resource: the server responded with a status of 500 (Internal Server Error) @ http://localhost:3000/api/stocks/indicator?symbol=AAPL&resolution=D&from=1776150287&to=1778742287&indicator=rsi&timeperiod=14:0
[  606896ms] [ERROR] Failed to load resource: the server responded with a status of 500 (Internal Server Error) @ http://localhost:3000/api/stocks/indicator?symbol=AAPL&resolution=D&from=1776150287&to=1778742287&indicator=sma&timeperiod=20:0
[  606997ms] [ERROR] Failed to load resource: the server responded with a status of 500 (Internal Server Error) @ http://localhost:3000/api/stocks/candle?symbol=AAPL&resolution=D&from=1776150286&to=1778742286:0
[  607296ms] [ERROR] Failed to load resource: the server responded with a status of 500 (Internal Server Error) @ http://localhost:3000/api/stocks/candle?symbol=AAPL&resolution=D&from=1776150287&to=1778742287:0
[  608178ms] [ERROR] Failed to load resource: the server responded with a status of 500 (Internal Server Error) @ http://localhost:3000/api/stocks/indicator?symbol=AAPL&resolution=D&from=1776150287&to=1778742287&indicator=sma&timeperiod=50:0
[  608182ms] [ERROR] Failed to load resource: the server responded with a status of 500 (Internal Server Error) @ http://localhost:3000/api/stocks/indicator?symbol=AAPL&resolution=D&from=1776150287&to=1778742287&indicator=rsi&timeperiod=14:0
[  608200ms] [ERROR] Failed to load resource: the server responded with a status of 500 (Internal Server Error) @ http://localhost:3000/api/stocks/indicator?symbol=AAPL&resolution=D&from=1776150287&to=1778742287&indicator=sma&timeperiod=20:0
[  608478ms] [ERROR] Failed to load resource: the server responded with a status of 500 (Internal Server Error) @ http://localhost:3000/api/stocks/indicator?symbol=AAPL&resolution=D&from=1776150288&to=1778742288&indicator=rsi&timeperiod=14:0
[  608480ms] [ERROR] Failed to load resource: the server responded with a status of 500 (Internal Server Error) @ http://localhost:3000/api/stocks/indicator?symbol=AAPL&resolution=D&from=1776150288&to=1778742288&indicator=sma&timeperiod=20:0
[  608484ms] [ERROR] Failed to load resource: the server responded with a status of 500 (Internal Server Error) @ http://localhost:3000/api/stocks/indicator?symbol=AAPL&resolution=D&from=1776150288&to=1778742288&indicator=sma&timeperiod=50:0
[  608597ms] [ERROR] Failed to load resource: the server responded with a status of 500 (Internal Server Error) @ http://localhost:3000/api/stocks/candle?symbol=AAPL&resolution=D&from=1776150287&to=1778742287:0
[  608895ms] [ERROR] Failed to load resource: the server responded with a status of 500 (Internal Server Error) @ http://localhost:3000/api/stocks/candle?symbol=AAPL&resolution=D&from=1776150289&to=1778742289:0
[  609771ms] [ERROR] Failed to load resource: the server responded with a status of 500 (Internal Server Error) @ http://localhost:3000/api/stocks/indicator?symbol=AAPL&resolution=D&from=1776150288&to=1778742288&indicator=sma&timeperiod=20:0
[  609788ms] [ERROR] Failed to load resource: the server responded with a status of 500 (Internal Server Error) @ http://localhost:3000/api/stocks/indicator?symbol=AAPL&resolution=D&from=1776150288&to=1778742288&indicator=rsi&timeperiod=14:0
[  609795ms] [ERROR] Failed to load resource: the server responded with a status of 500 (Internal Server Error) @ http://localhost:3000/api/stocks/indicator?symbol=AAPL&resolution=D&from=1776150288&to=1778742288&indicator=sma&timeperiod=50:0
[  610100ms] [ERROR] Failed to load resource: the server responded with a status of 500 (Internal Server Error) @ http://localhost:3000/api/stocks/indicator?symbol=AAPL&resolution=D&from=1776150290&to=1778742290&indicator=sma&timeperiod=50:0
[  610116ms] [ERROR] Failed to load resource: the server responded with a status of 500 (Internal Server Error) @ http://localhost:3000/api/stocks/indicator?symbol=AAPL&resolution=D&from=1776150290&to=1778742290&indicator=rsi&timeperiod=14:0
[  610122ms] [ERROR] Failed to load resource: the server responded with a status of 500 (Internal Server Error) @ http://localhost:3000/api/stocks/indicator?symbol=AAPL&resolution=D&from=1776150290&to=1778742290&indicator=sma&timeperiod=20:0
[  610225ms] [ERROR] Failed to load resource: the server responded with a status of 500 (Internal Server Error) @ http://localhost:3000/api/stocks/candle?symbol=AAPL&resolution=D&from=1776150289&to=1778742289:0
[  610538ms] [ERROR] Failed to load resource: the server responded with a status of 500 (Internal Server Error) @ http://localhost:3000/api/stocks/candle?symbol=AAPL&resolution=D&from=1776150291&to=1778742291:0
[  611496ms] [ERROR] Failed to load resource: the server responded with a status of 500 (Internal Server Error) @ http://localhost:3000/api/stocks/indicator?symbol=AAPL&resolution=D&from=1776150290&to=1778742290&indicator=rsi&timeperiod=14:0
[  611501ms] [ERROR] Failed to load resource: the server responded with a status of 500 (Internal Server Error) @ http://localhost:3000/api/stocks/indicator?symbol=AAPL&resolution=D&from=1776150290&to=1778742290&indicator=sma&timeperiod=50:0
[  611502ms] [ERROR] Failed to load resource: the server responded with a status of 500 (Internal Server Error) @ http://localhost:3000/api/stocks/indicator?symbol=AAPL&resolution=D&from=1776150290&to=1778742290&indicator=sma&timeperiod=20:0
[  611818ms] [ERROR] Failed to load resource: the server responded with a status of 500 (Internal Server Error) @ http://localhost:3000/api/stocks/indicator?symbol=AAPL&resolution=D&from=1776150292&to=1778742292&indicator=sma&timeperiod=50:0
[  611822ms] [ERROR] Failed to load resource: the server responded with a status of 500 (Internal Server Error) @ http://localhost:3000/api/stocks/indicator?symbol=AAPL&resolution=D&from=1776150292&to=1778742292&indicator=rsi&timeperiod=14:0
[  611826ms] [ERROR] Failed to load resource: the server responded with a status of 500 (Internal Server Error) @ http://localhost:3000/api/stocks/indicator?symbol=AAPL&resolution=D&from=1776150292&to=1778742292&indicator=sma&timeperiod=20:0
[  611850ms] [ERROR] Failed to load resource: the server responded with a status of 500 (Internal Server Error) @ http://localhost:3000/api/stocks/candle?symbol=AAPL&resolution=D&from=1776150291&to=1778742291:0
[  612139ms] [ERROR] Failed to load resource: the server responded with a status of 500 (Internal Server Error) @ http://localhost:3000/api/stocks/candle?symbol=AAPL&resolution=D&from=1776150292&to=1778742292:0
[  613121ms] [ERROR] Failed to load resource: the server responded with a status of 500 (Internal Server Error) @ http://localhost:3000/api/stocks/indicator?symbol=AAPL&resolution=D&from=1776150292&to=1778742292&indicator=sma&timeperiod=50:0
[  613128ms] [ERROR] Failed to load resource: the server responded with a status of 500 (Internal Server Error) @ http://localhost:3000/api/stocks/indicator?symbol=AAPL&resolution=D&from=1776150292&to=1778742292&indicator=rsi&timeperiod=14:0
[  613131ms] [ERROR] Failed to load resource: the server responded with a status of 500 (Internal Server Error) @ http://localhost:3000/api/stocks/indicator?symbol=AAPL&resolution=D&from=1776150292&to=1778742292&indicator=sma&timeperiod=20:0
[  613445ms] [ERROR] Failed to load resource: the server responded with a status of 500 (Internal Server Error) @ http://localhost:3000/api/stocks/indicator?symbol=AAPL&resolution=D&from=1776150293&to=1778742293&indicator=rsi&timeperiod=14:0
[  613469ms] [ERROR] Failed to load resource: the server responded with a status of 500 (Internal Server Error) @ http://localhost:3000/api/stocks/indicator?symbol=AAPL&resolution=D&from=1776150293&to=1778742293&indicator=sma&timeperiod=20:0
[  613477ms] [ERROR] Failed to load resource: the server responded with a status of 500 (Internal Server Error) @ http://localhost:3000/api/stocks/indicator?symbol=AAPL&resolution=D&from=1776150293&to=1778742293&indicator=sma&timeperiod=50:0
[  613481ms] [ERROR] Failed to load resource: the server responded with a status of 500 (Internal Server Error) @ http://localhost:3000/api/stocks/candle?symbol=AAPL&resolution=D&from=1776150292&to=1778742292:0
[  613778ms] [ERROR] Failed to load resource: the server responded with a status of 500 (Internal Server Error) @ http://localhost:3000/api/stocks/candle?symbol=AAPL&resolution=D&from=1776150294&to=1778742294:0
[  614739ms] [ERROR] Failed to load resource: the server responded with a status of 500 (Internal Server Error) @ http://localhost:3000/api/stocks/indicator?symbol=AAPL&resolution=D&from=1776150293&to=1778742293&indicator=rsi&timeperiod=14:0
[  614777ms] [ERROR] Failed to load resource: the server responded with a status of 500 (Internal Server Error) @ http://localhost:3000/api/stocks/indicator?symbol=AAPL&resolution=D&from=1776150293&to=1778742293&indicator=sma&timeperiod=20:0
[  614779ms] [ERROR] Failed to load resource: the server responded with a status of 500 (Internal Server Error) @ http://localhost:3000/api/stocks/indicator?symbol=AAPL&resolution=D&from=1776150293&to=1778742293&indicator=sma&timeperiod=50:0
[  615027ms] [ERROR] Failed to load resource: the server responded with a status of 500 (Internal Server Error) @ http://localhost:3000/api/stocks/indicator?symbol=AAPL&resolution=D&from=1776150295&to=1778742295&indicator=rsi&timeperiod=14:0
[  615038ms] [ERROR] Failed to load resource: the server responded with a status of 500 (Internal Server Error) @ http://localhost:3000/api/stocks/indicator?symbol=AAPL&resolution=D&from=1776150295&to=1778742295&indicator=sma&timeperiod=20:0
[  615041ms] [ERROR] Failed to load resource: the server responded with a status of 500 (Internal Server Error) @ http://localhost:3000/api/stocks/indicator?symbol=AAPL&resolution=D&from=1776150295&to=1778742295&indicator=sma&timeperiod=50:0
[  615066ms] [ERROR] Failed to load resource: the server responded with a status of 500 (Internal Server Error) @ http://localhost:3000/api/stocks/candle?symbol=AAPL&resolution=D&from=1776150294&to=1778742294:0
[  615387ms] [ERROR] Failed to load resource: the server responded with a status of 500 (Internal Server Error) @ http://localhost:3000/api/stocks/candle?symbol=AAPL&resolution=D&from=1776150295&to=1778742295:0
[  616341ms] [ERROR] Failed to load resource: the server responded with a status of 500 (Internal Server Error) @ http://localhost:3000/api/stocks/indicator?symbol=AAPL&resolution=D&from=1776150295&to=1778742295&indicator=sma&timeperiod=20:0
[  616354ms] [ERROR] Failed to load resource: the server responded with a status of 500 (Internal Server Error) @ http://localhost:3000/api/stocks/indicator?symbol=AAPL&resolution=D&from=1776150295&to=1778742295&indicator=sma&timeperiod=50:0
[  616362ms] [ERROR] Failed to load resource: the server responded with a status of 500 (Internal Server Error) @ http://localhost:3000/api/stocks/indicator?symbol=AAPL&resolution=D&from=1776150295&to=1778742295&indicator=rsi&timeperiod=14:0
[  616660ms] [ERROR] Failed to load resource: the server responded with a status of 500 (Internal Server Error) @ http://localhost:3000/api/stocks/indicator?symbol=AAPL&resolution=D&from=1776150297&to=1778742297&indicator=rsi&timeperiod=14:0
[  616663ms] [ERROR] Failed to load resource: the server responded with a status of 500 (Internal Server Error) @ http://localhost:3000/api/stocks/indicator?symbol=AAPL&resolution=D&from=1776150297&to=1778742297&indicator=sma&timeperiod=50:0
[  616673ms] [ERROR] Failed to load resource: the server responded with a status of 500 (Internal Server Error) @ http://localhost:3000/api/stocks/indicator?symbol=AAPL&resolution=D&from=1776150297&to=1778742297&indicator=sma&timeperiod=20:0
[  616721ms] [ERROR] Failed to load resource: the server responded with a status of 500 (Internal Server Error) @ http://localhost:3000/api/stocks/candle?symbol=AAPL&resolution=D&from=1776150295&to=1778742295:0
[  617003ms] [ERROR] Failed to load resource: the server responded with a status of 500 (Internal Server Error) @ http://localhost:3000/api/stocks/candle?symbol=AAPL&resolution=D&from=1776150297&to=1778742297:0
[  617952ms] [ERROR] Failed to load resource: the server responded with a status of 500 (Internal Server Error) @ http://localhost:3000/api/stocks/indicator?symbol=AAPL&resolution=D&from=1776150297&to=1778742297&indicator=rsi&timeperiod=14:0
[  617956ms] [ERROR] Failed to load resource: the server responded with a status of 500 (Internal Server Error) @ http://localhost:3000/api/stocks/indicator?symbol=AAPL&resolution=D&from=1776150297&to=1778742297&indicator=sma&timeperiod=50:0
[  617973ms] [ERROR] Failed to load resource: the server responded with a status of 500 (Internal Server Error) @ http://localhost:3000/api/stocks/indicator?symbol=AAPL&resolution=D&from=1776150297&to=1778742297&indicator=sma&timeperiod=20:0
[  618262ms] [ERROR] Failed to load resource: the server responded with a status of 500 (Internal Server Error) @ http://localhost:3000/api/stocks/indicator?symbol=AAPL&resolution=D&from=1776150298&to=1778742298&indicator=rsi&timeperiod=14:0
[  618264ms] [ERROR] Failed to load resource: the server responded with a status of 500 (Internal Server Error) @ http://localhost:3000/api/stocks/indicator?symbol=AAPL&resolution=D&from=1776150298&to=1778742298&indicator=sma&timeperiod=20:0
[  618266ms] [ERROR] Failed to load resource: the server responded with a status of 500 (Internal Server Error) @ http://localhost:3000/api/stocks/indicator?symbol=AAPL&resolution=D&from=1776150298&to=1778742298&indicator=sma&timeperiod=50:0
[  618305ms] [ERROR] Failed to load resource: the server responded with a status of 500 (Internal Server Error) @ http://localhost:3000/api/stocks/candle?symbol=AAPL&resolution=D&from=1776150297&to=1778742297:0
[  618633ms] [ERROR] Failed to load resource: the server responded with a status of 500 (Internal Server Error) @ http://localhost:3000/api/stocks/candle?symbol=AAPL&resolution=D&from=1776150299&to=1778742299:0
[  619509ms] [LOG] [Fast Refresh] rebuilding @ http://localhost:3000/_next/static/chunks/node_modules_next_dist_115brz8._.js:2431
[  619562ms] [ERROR] Failed to load resource: the server responded with a status of 500 (Internal Server Error) @ http://localhost:3000/api/stocks/indicator?symbol=AAPL&resolution=D&from=1776150298&to=1778742298&indicator=rsi&timeperiod=14:0
[  619577ms] [ERROR] Failed to load resource: the server responded with a status of 500 (Internal Server Error) @ http://localhost:3000/api/stocks/indicator?symbol=AAPL&resolution=D&from=1776150298&to=1778742298&indicator=sma&timeperiod=20:0
[  619586ms] [ERROR] Failed to load resource: the server responded with a status of 500 (Internal Server Error) @ http://localhost:3000/api/stocks/indicator?symbol=AAPL&resolution=D&from=1776150298&to=1778742298&indicator=sma&timeperiod=50:0
[  619644ms] [LOG] [Fast Refresh] done in 158ms @ http://localhost:3000/_next/static/chunks/node_modules_next_dist_115brz8._.js:2431
[  619887ms] [ERROR] Failed to load resource: the server responded with a status of 500 (Internal Server Error) @ http://localhost:3000/api/stocks/indicator?symbol=AAPL&resolution=D&from=1776150300&to=1778742300&indicator=rsi&timeperiod=14:0
[  619896ms] [ERROR] Failed to load resource: the server responded with a status of 500 (Internal Server Error) @ http://localhost:3000/api/stocks/indicator?symbol=AAPL&resolution=D&from=1776150300&to=1778742300&indicator=sma&timeperiod=50:0
[  619908ms] [ERROR] Failed to load resource: the server responded with a status of 500 (Internal Server Error) @ http://localhost:3000/api/stocks/indicator?symbol=AAPL&resolution=D&from=1776150300&to=1778742300&indicator=sma&timeperiod=20:0
[  619942ms] [ERROR] Failed to load resource: the server responded with a status of 500 (Internal Server Error) @ http://localhost:3000/api/stocks/candle?symbol=AAPL&resolution=D&from=1776150299&to=1778742299:0
[  620234ms] [ERROR] Failed to load resource: the server responded with a status of 500 (Internal Server Error) @ http://localhost:3000/api/stocks/candle?symbol=AAPL&resolution=D&from=1776150300&to=1778742300:0
[  621197ms] [ERROR] Failed to load resource: the server responded with a status of 500 (Internal Server Error) @ http://localhost:3000/api/stocks/indicator?symbol=AAPL&resolution=D&from=1776150300&to=1778742300&indicator=rsi&timeperiod=14:0
[  621203ms] [ERROR] Failed to load resource: the server responded with a status of 500 (Internal Server Error) @ http://localhost:3000/api/stocks/indicator?symbol=AAPL&resolution=D&from=1776150300&to=1778742300&indicator=sma&timeperiod=50:0
[  621238ms] [ERROR] Failed to load resource: the server responded with a status of 500 (Internal Server Error) @ http://localhost:3000/api/stocks/indicator?symbol=AAPL&resolution=D&from=1776150300&to=1778742300&indicator=sma&timeperiod=20:0
[  621581ms] [ERROR] Failed to load resource: the server responded with a status of 500 (Internal Server Error) @ http://localhost:3000/api/stocks/indicator?symbol=AAPL&resolution=D&from=1776150302&to=1778742302&indicator=rsi&timeperiod=14:0
[  621601ms] [ERROR] Failed to load resource: the server responded with a status of 500 (Internal Server Error) @ http://localhost:3000/api/stocks/indicator?symbol=AAPL&resolution=D&from=1776150302&to=1778742302&indicator=sma&timeperiod=50:0
[  621609ms] [ERROR] Failed to load resource: the server responded with a status of 500 (Internal Server Error) @ http://localhost:3000/api/stocks/indicator?symbol=AAPL&resolution=D&from=1776150302&to=1778742302&indicator=sma&timeperiod=20:0
[  621653ms] [ERROR] Failed to load resource: the server responded with a status of 500 (Internal Server Error) @ http://localhost:3000/api/stocks/candle?symbol=AAPL&resolution=D&from=1776150300&to=1778742300:0
[  622028ms] [ERROR] Failed to load resource: the server responded with a status of 500 (Internal Server Error) @ http://localhost:3000/api/stocks/candle?symbol=AAPL&resolution=D&from=1776150302&to=1778742302:0
[  622877ms] [ERROR] Failed to load resource: the server responded with a status of 500 (Internal Server Error) @ http://localhost:3000/api/stocks/indicator?symbol=AAPL&resolution=D&from=1776150302&to=1778742302&indicator=rsi&timeperiod=14:0
[  622904ms] [ERROR] Failed to load resource: the server responded with a status of 500 (Internal Server Error) @ http://localhost:3000/api/stocks/indicator?symbol=AAPL&resolution=D&from=1776150302&to=1778742302&indicator=sma&timeperiod=50:0
[  622909ms] [ERROR] Failed to load resource: the server responded with a status of 500 (Internal Server Error) @ http://localhost:3000/api/stocks/indicator?symbol=AAPL&resolution=D&from=1776150302&to=1778742302&indicator=sma&timeperiod=20:0
[  623173ms] [ERROR] Failed to load resource: the server responded with a status of 500 (Internal Server Error) @ http://localhost:3000/api/stocks/indicator?symbol=AAPL&resolution=D&from=1776150303&to=1778742303&indicator=rsi&timeperiod=14:0
[  623176ms] [ERROR] Failed to load resource: the server responded with a status of 500 (Internal Server Error) @ http://localhost:3000/api/stocks/indicator?symbol=AAPL&resolution=D&from=1776150303&to=1778742303&indicator=sma&timeperiod=20:0
[  623255ms] [ERROR] Failed to load resource: the server responded with a status of 500 (Internal Server Error) @ http://localhost:3000/api/stocks/indicator?symbol=AAPL&resolution=D&from=1776150303&to=1778742303&indicator=sma&timeperiod=50:0
[  623331ms] [ERROR] Failed to load resource: the server responded with a status of 500 (Internal Server Error) @ http://localhost:3000/api/stocks/candle?symbol=AAPL&resolution=D&from=1776150302&to=1778742302:0
[  623620ms] [ERROR] Failed to load resource: the server responded with a status of 500 (Internal Server Error) @ http://localhost:3000/api/stocks/candle?symbol=AAPL&resolution=D&from=1776150304&to=1778742304:0
[  624501ms] [ERROR] Failed to load resource: the server responded with a status of 500 (Internal Server Error) @ http://localhost:3000/api/stocks/indicator?symbol=AAPL&resolution=D&from=1776150303&to=1778742303&indicator=rsi&timeperiod=14:0
[  624532ms] [ERROR] Failed to load resource: the server responded with a status of 500 (Internal Server Error) @ http://localhost:3000/api/stocks/indicator?symbol=AAPL&resolution=D&from=1776150303&to=1778742303&indicator=sma&timeperiod=20:0
[  624619ms] [ERROR] Failed to load resource: the server responded with a status of 500 (Internal Server Error) @ http://localhost:3000/api/stocks/indicator?symbol=AAPL&resolution=D&from=1776150303&to=1778742303&indicator=sma&timeperiod=50:0
[  624818ms] [ERROR] Failed to load resource: the server responded with a status of 500 (Internal Server Error) @ http://localhost:3000/api/stocks/indicator?symbol=AAPL&resolution=D&from=1776150305&to=1778742305&indicator=sma&timeperiod=50:0
[  624831ms] [ERROR] Failed to load resource: the server responded with a status of 500 (Internal Server Error) @ http://localhost:3000/api/stocks/indicator?symbol=AAPL&resolution=D&from=1776150305&to=1778742305&indicator=rsi&timeperiod=14:0
[  624845ms] [ERROR] Failed to load resource: the server responded with a status of 500 (Internal Server Error) @ http://localhost:3000/api/stocks/indicator?symbol=AAPL&resolution=D&from=1776150305&to=1778742305&indicator=sma&timeperiod=20:0
[  624924ms] [ERROR] Failed to load resource: the server responded with a status of 500 (Internal Server Error) @ http://localhost:3000/api/stocks/candle?symbol=AAPL&resolution=D&from=1776150304&to=1778742304:0
[  625223ms] [ERROR] Failed to load resource: the server responded with a status of 500 (Internal Server Error) @ http://localhost:3000/api/stocks/candle?symbol=AAPL&resolution=D&from=1776150305&to=1778742305:0
[  626116ms] [ERROR] Failed to load resource: the server responded with a status of 500 (Internal Server Error) @ http://localhost:3000/api/stocks/indicator?symbol=AAPL&resolution=D&from=1776150305&to=1778742305&indicator=sma&timeperiod=50:0
[  626165ms] [ERROR] Failed to load resource: the server responded with a status of 500 (Internal Server Error) @ http://localhost:3000/api/stocks/indicator?symbol=AAPL&resolution=D&from=1776150305&to=1778742305&indicator=rsi&timeperiod=14:0
[  626169ms] [ERROR] Failed to load resource: the server responded with a status of 500 (Internal Server Error) @ http://localhost:3000/api/stocks/indicator?symbol=AAPL&resolution=D&from=1776150305&to=1778742305&indicator=sma&timeperiod=20:0
[  626435ms] [ERROR] Failed to load resource: the server responded with a status of 500 (Internal Server Error) @ http://localhost:3000/api/stocks/indicator?symbol=AAPL&resolution=D&from=1776150306&to=1778742306&indicator=rsi&timeperiod=14:0
[  626440ms] [ERROR] Failed to load resource: the server responded with a status of 500 (Internal Server Error) @ http://localhost:3000/api/stocks/indicator?symbol=AAPL&resolution=D&from=1776150306&to=1778742306&indicator=sma&timeperiod=20:0
[  626452ms] [ERROR] Failed to load resource: the server responded with a status of 500 (Internal Server Error) @ http://localhost:3000/api/stocks/indicator?symbol=AAPL&resolution=D&from=1776150306&to=1778742306&indicator=sma&timeperiod=50:0
[  626516ms] [ERROR] Failed to load resource: the server responded with a status of 500 (Internal Server Error) @ http://localhost:3000/api/stocks/candle?symbol=AAPL&resolution=D&from=1776150305&to=1778742305:0
[  626802ms] [ERROR] Failed to load resource: the server responded with a status of 500 (Internal Server Error) @ http://localhost:3000/api/stocks/candle?symbol=AAPL&resolution=D&from=1776150307&to=1778742307:0
[  627761ms] [ERROR] Failed to load resource: the server responded with a status of 500 (Internal Server Error) @ http://localhost:3000/api/stocks/indicator?symbol=AAPL&resolution=D&from=1776150306&to=1778742306&indicator=rsi&timeperiod=14:0
[  627767ms] [ERROR] Failed to load resource: the server responded with a status of 500 (Internal Server Error) @ http://localhost:3000/api/stocks/indicator?symbol=AAPL&resolution=D&from=1776150306&to=1778742306&indicator=sma&timeperiod=50:0
[  627786ms] [ERROR] Failed to load resource: the server responded with a status of 500 (Internal Server Error) @ http://localhost:3000/api/stocks/indicator?symbol=AAPL&resolution=D&from=1776150306&to=1778742306&indicator=sma&timeperiod=20:0
[  628078ms] [ERROR] Failed to load resource: the server responded with a status of 500 (Internal Server Error) @ http://localhost:3000/api/stocks/indicator?symbol=AAPL&resolution=D&from=1776150308&to=1778742308&indicator=sma&timeperiod=50:0
[  628084ms] [ERROR] Failed to load resource: the server responded with a status of 500 (Internal Server Error) @ http://localhost:3000/api/stocks/indicator?symbol=AAPL&resolution=D&from=1776150308&to=1778742308&indicator=rsi&timeperiod=14:0
[  628088ms] [ERROR] Failed to load resource: the server responded with a status of 500 (Internal Server Error) @ http://localhost:3000/api/stocks/indicator?symbol=AAPL&resolution=D&from=1776150308&to=1778742308&indicator=sma&timeperiod=20:0
[  628107ms] [ERROR] Failed to load resource: the server responded with a status of 500 (Internal Server Error) @ http://localhost:3000/api/stocks/candle?symbol=AAPL&resolution=D&from=1776150307&to=1778742307:0
[  628396ms] [ERROR] Failed to load resource: the server responded with a status of 500 (Internal Server Error) @ http://localhost:3000/api/stocks/candle?symbol=AAPL&resolution=D&from=1776150308&to=1778742308:0
[  629384ms] [ERROR] Failed to load resource: the server responded with a status of 500 (Internal Server Error) @ http://localhost:3000/api/stocks/indicator?symbol=AAPL&resolution=D&from=1776150308&to=1778742308&indicator=rsi&timeperiod=14:0
[  629388ms] [ERROR] Failed to load resource: the server responded with a status of 500 (Internal Server Error) @ http://localhost:3000/api/stocks/indicator?symbol=AAPL&resolution=D&from=1776150308&to=1778742308&indicator=sma&timeperiod=50:0
[  629389ms] [ERROR] Failed to load resource: the server responded with a status of 500 (Internal Server Error) @ http://localhost:3000/api/stocks/indicator?symbol=AAPL&resolution=D&from=1776150308&to=1778742308&indicator=sma&timeperiod=20:0
[  629684ms] [ERROR] Failed to load resource: the server responded with a status of 500 (Internal Server Error) @ http://localhost:3000/api/stocks/indicator?symbol=AAPL&resolution=D&from=1776150310&to=1778742310&indicator=sma&timeperiod=50:0
[  629693ms] [ERROR] Failed to load resource: the server responded with a status of 500 (Internal Server Error) @ http://localhost:3000/api/stocks/indicator?symbol=AAPL&resolution=D&from=1776150310&to=1778742310&indicator=rsi&timeperiod=14:0
[  629698ms] [ERROR] Failed to load resource: the server responded with a status of 500 (Internal Server Error) @ http://localhost:3000/api/stocks/indicator?symbol=AAPL&resolution=D&from=1776150310&to=1778742310&indicator=sma&timeperiod=20:0
[  629725ms] [ERROR] Failed to load resource: the server responded with a status of 500 (Internal Server Error) @ http://localhost:3000/api/stocks/candle?symbol=AAPL&resolution=D&from=1776150308&to=1778742308:0
[  630051ms] [ERROR] Failed to load resource: the server responded with a status of 500 (Internal Server Error) @ http://localhost:3000/api/stocks/candle?symbol=AAPL&resolution=D&from=1776150310&to=1778742310:0
[  631019ms] [ERROR] Failed to load resource: the server responded with a status of 500 (Internal Server Error) @ http://localhost:3000/api/stocks/indicator?symbol=AAPL&resolution=D&from=1776150310&to=1778742310&indicator=sma&timeperiod=50:0
[  631069ms] [ERROR] Failed to load resource: the server responded with a status of 500 (Internal Server Error) @ http://localhost:3000/api/stocks/indicator?symbol=AAPL&resolution=D&from=1776150310&to=1778742310&indicator=rsi&timeperiod=14:0
[  631079ms] [ERROR] Failed to load resource: the server responded with a status of 500 (Internal Server Error) @ http://localhost:3000/api/stocks/indicator?symbol=AAPL&resolution=D&from=1776150310&to=1778742310&indicator=sma&timeperiod=20:0
[  631131ms] [LOG] [Fast Refresh] rebuilding @ http://localhost:3000/_next/static/chunks/node_modules_next_dist_115brz8._.js:2431
[  631132ms] [LOG] [Fast Refresh] done in 107ms @ http://localhost:3000/_next/static/chunks/node_modules_next_dist_115brz8._.js:2431
[  631330ms] [ERROR] Failed to load resource: the server responded with a status of 500 (Internal Server Error) @ http://localhost:3000/api/stocks/indicator?symbol=AAPL&resolution=D&from=1776150311&to=1778742311&indicator=rsi&timeperiod=14:0
[  631348ms] [ERROR] Failed to load resource: the server responded with a status of 500 (Internal Server Error) @ http://localhost:3000/api/stocks/indicator?symbol=AAPL&resolution=D&from=1776150311&to=1778742311&indicator=sma&timeperiod=20:0
[  631431ms] [ERROR] Failed to load resource: the server responded with a status of 500 (Internal Server Error) @ http://localhost:3000/api/stocks/indicator?symbol=AAPL&resolution=D&from=1776150311&to=1778742311&indicator=sma&timeperiod=50:0
[  631445ms] [ERROR] Failed to load resource: the server responded with a status of 500 (Internal Server Error) @ http://localhost:3000/api/stocks/candle?symbol=AAPL&resolution=D&from=1776150310&to=1778742310:0
[  631730ms] [ERROR] Failed to load resource: the server responded with a status of 500 (Internal Server Error) @ http://localhost:3000/api/stocks/candle?symbol=AAPL&resolution=D&from=1776150312&to=1778742312:0
[  632634ms] [ERROR] Failed to load resource: the server responded with a status of 500 (Internal Server Error) @ http://localhost:3000/api/stocks/indicator?symbol=AAPL&resolution=D&from=1776150311&to=1778742311&indicator=rsi&timeperiod=14:0
[  632645ms] [ERROR] Failed to load resource: the server responded with a status of 500 (Internal Server Error) @ http://localhost:3000/api/stocks/indicator?symbol=AAPL&resolution=D&from=1776150311&to=1778742311&indicator=sma&timeperiod=20:0
[  632726ms] [ERROR] Failed to load resource: the server responded with a status of 500 (Internal Server Error) @ http://localhost:3000/api/stocks/indicator?symbol=AAPL&resolution=D&from=1776150311&to=1778742311&indicator=sma&timeperiod=50:0
[  632935ms] [ERROR] Failed to load resource: the server responded with a status of 500 (Internal Server Error) @ http://localhost:3000/api/stocks/indicator?symbol=AAPL&resolution=D&from=1776150313&to=1778742313&indicator=rsi&timeperiod=14:0
[  632937ms] [ERROR] Failed to load resource: the server responded with a status of 500 (Internal Server Error) @ http://localhost:3000/api/stocks/indicator?symbol=AAPL&resolution=D&from=1776150313&to=1778742313&indicator=sma&timeperiod=20:0
[  632940ms] [ERROR] Failed to load resource: the server responded with a status of 500 (Internal Server Error) @ http://localhost:3000/api/stocks/indicator?symbol=AAPL&resolution=D&from=1776150313&to=1778742313&indicator=sma&timeperiod=50:0
[  633036ms] [ERROR] Failed to load resource: the server responded with a status of 500 (Internal Server Error) @ http://localhost:3000/api/stocks/candle?symbol=AAPL&resolution=D&from=1776150312&to=1778742312:0
[  633373ms] [ERROR] Failed to load resource: the server responded with a status of 500 (Internal Server Error) @ http://localhost:3000/api/stocks/candle?symbol=AAPL&resolution=D&from=1776150313&to=1778742313:0
[  634240ms] [ERROR] Failed to load resource: the server responded with a status of 500 (Internal Server Error) @ http://localhost:3000/api/stocks/indicator?symbol=AAPL&resolution=D&from=1776150313&to=1778742313&indicator=rsi&timeperiod=14:0
[  634245ms] [ERROR] Failed to load resource: the server responded with a status of 500 (Internal Server Error) @ http://localhost:3000/api/stocks/indicator?symbol=AAPL&resolution=D&from=1776150313&to=1778742313&indicator=sma&timeperiod=50:0
[  634259ms] [ERROR] Failed to load resource: the server responded with a status of 500 (Internal Server Error) @ http://localhost:3000/api/stocks/indicator?symbol=AAPL&resolution=D&from=1776150313&to=1778742313&indicator=sma&timeperiod=20:0
[  634537ms] [ERROR] Failed to load resource: the server responded with a status of 500 (Internal Server Error) @ http://localhost:3000/api/stocks/indicator?symbol=AAPL&resolution=D&from=1776150315&to=1778742315&indicator=rsi&timeperiod=14:0
[  634550ms] [ERROR] Failed to load resource: the server responded with a status of 500 (Internal Server Error) @ http://localhost:3000/api/stocks/indicator?symbol=AAPL&resolution=D&from=1776150315&to=1778742315&indicator=sma&timeperiod=50:0
[  634553ms] [ERROR] Failed to load resource: the server responded with a status of 500 (Internal Server Error) @ http://localhost:3000/api/stocks/indicator?symbol=AAPL&resolution=D&from=1776150315&to=1778742315&indicator=sma&timeperiod=20:0
[  634663ms] [ERROR] Failed to load resource: the server responded with a status of 500 (Internal Server Error) @ http://localhost:3000/api/stocks/candle?symbol=AAPL&resolution=D&from=1776150313&to=1778742313:0
[  634949ms] [ERROR] Failed to load resource: the server responded with a status of 500 (Internal Server Error) @ http://localhost:3000/api/stocks/candle?symbol=AAPL&resolution=D&from=1776150315&to=1778742315:0
[  635847ms] [ERROR] Failed to load resource: the server responded with a status of 500 (Internal Server Error) @ http://localhost:3000/api/stocks/indicator?symbol=AAPL&resolution=D&from=1776150315&to=1778742315&indicator=rsi&timeperiod=14:0
[  635851ms] [ERROR] Failed to load resource: the server responded with a status of 500 (Internal Server Error) @ http://localhost:3000/api/stocks/indicator?symbol=AAPL&resolution=D&from=1776150315&to=1778742315&indicator=sma&timeperiod=50:0
[  635855ms] [ERROR] Failed to load resource: the server responded with a status of 500 (Internal Server Error) @ http://localhost:3000/api/stocks/indicator?symbol=AAPL&resolution=D&from=1776150315&to=1778742315&indicator=sma&timeperiod=20:0
[  636158ms] [ERROR] Failed to load resource: the server responded with a status of 500 (Internal Server Error) @ http://localhost:3000/api/stocks/indicator?symbol=AAPL&resolution=D&from=1776150316&to=1778742316&indicator=rsi&timeperiod=14:0
[  636168ms] [ERROR] Failed to load resource: the server responded with a status of 500 (Internal Server Error) @ http://localhost:3000/api/stocks/indicator?symbol=AAPL&resolution=D&from=1776150316&to=1778742316&indicator=sma&timeperiod=20:0
[  636171ms] [ERROR] Failed to load resource: the server responded with a status of 500 (Internal Server Error) @ http://localhost:3000/api/stocks/indicator?symbol=AAPL&resolution=D&from=1776150316&to=1778742316&indicator=sma&timeperiod=50:0
[  636299ms] [ERROR] Failed to load resource: the server responded with a status of 500 (Internal Server Error) @ http://localhost:3000/api/stocks/candle?symbol=AAPL&resolution=D&from=1776150315&to=1778742315:0
[  636629ms] [ERROR] Failed to load resource: the server responded with a status of 500 (Internal Server Error) @ http://localhost:3000/api/stocks/candle?symbol=AAPL&resolution=D&from=1776150317&to=1778742317:0
[  637465ms] [ERROR] Failed to load resource: the server responded with a status of 500 (Internal Server Error) @ http://localhost:3000/api/stocks/indicator?symbol=AAPL&resolution=D&from=1776150316&to=1778742316&indicator=rsi&timeperiod=14:0
[  637472ms] [ERROR] Failed to load resource: the server responded with a status of 500 (Internal Server Error) @ http://localhost:3000/api/stocks/indicator?symbol=AAPL&resolution=D&from=1776150316&to=1778742316&indicator=sma&timeperiod=50:0
[  637483ms] [ERROR] Failed to load resource: the server responded with a status of 500 (Internal Server Error) @ http://localhost:3000/api/stocks/indicator?symbol=AAPL&resolution=D&from=1776150316&to=1778742316&indicator=sma&timeperiod=20:0
[  637767ms] [ERROR] Failed to load resource: the server responded with a status of 500 (Internal Server Error) @ http://localhost:3000/api/stocks/indicator?symbol=AAPL&resolution=D&from=1776150318&to=1778742318&indicator=sma&timeperiod=20:0
[  637781ms] [ERROR] Failed to load resource: the server responded with a status of 500 (Internal Server Error) @ http://localhost:3000/api/stocks/indicator?symbol=AAPL&resolution=D&from=1776150318&to=1778742318&indicator=sma&timeperiod=50:0
[  637787ms] [ERROR] Failed to load resource: the server responded with a status of 500 (Internal Server Error) @ http://localhost:3000/api/stocks/indicator?symbol=AAPL&resolution=D&from=1776150318&to=1778742318&indicator=rsi&timeperiod=14:0
[  637926ms] [ERROR] Failed to load resource: the server responded with a status of 500 (Internal Server Error) @ http://localhost:3000/api/stocks/candle?symbol=AAPL&resolution=D&from=1776150317&to=1778742317:0
[  638218ms] [ERROR] Failed to load resource: the server responded with a status of 500 (Internal Server Error) @ http://localhost:3000/api/stocks/candle?symbol=AAPL&resolution=D&from=1776150318&to=1778742318:0
[  639087ms] [ERROR] Failed to load resource: the server responded with a status of 500 (Internal Server Error) @ http://localhost:3000/api/stocks/indicator?symbol=AAPL&resolution=D&from=1776150318&to=1778742318&indicator=rsi&timeperiod=14:0
[  639091ms] [ERROR] Failed to load resource: the server responded with a status of 500 (Internal Server Error) @ http://localhost:3000/api/stocks/indicator?symbol=AAPL&resolution=D&from=1776150318&to=1778742318&indicator=sma&timeperiod=50:0
[  639094ms] [ERROR] Failed to load resource: the server responded with a status of 500 (Internal Server Error) @ http://localhost:3000/api/stocks/indicator?symbol=AAPL&resolution=D&from=1776150318&to=1778742318&indicator=sma&timeperiod=20:0
[  639405ms] [ERROR] Failed to load resource: the server responded with a status of 500 (Internal Server Error) @ http://localhost:3000/api/stocks/indicator?symbol=AAPL&resolution=D&from=1776150319&to=1778742319&indicator=rsi&timeperiod=14:0
[  639408ms] [ERROR] Failed to load resource: the server responded with a status of 500 (Internal Server Error) @ http://localhost:3000/api/stocks/indicator?symbol=AAPL&resolution=D&from=1776150319&to=1778742319&indicator=sma&timeperiod=20:0
[  639452ms] [ERROR] Failed to load resource: the server responded with a status of 500 (Internal Server Error) @ http://localhost:3000/api/stocks/indicator?symbol=AAPL&resolution=D&from=1776150319&to=1778742319&indicator=sma&timeperiod=50:0
[  639605ms] [ERROR] Failed to load resource: the server responded with a status of 500 (Internal Server Error) @ http://localhost:3000/api/stocks/candle?symbol=AAPL&resolution=D&from=1776150318&to=1778742318:0
[  640040ms] [ERROR] Failed to load resource: the server responded with a status of 500 (Internal Server Error) @ http://localhost:3000/api/stocks/candle?symbol=AAPL&resolution=D&from=1776150320&to=1778742320:0
[  640720ms] [ERROR] Failed to load resource: the server responded with a status of 500 (Internal Server Error) @ http://localhost:3000/api/stocks/indicator?symbol=AAPL&resolution=D&from=1776150319&to=1778742319&indicator=sma&timeperiod=20:0
[  640742ms] [ERROR] Failed to load resource: the server responded with a status of 500 (Internal Server Error) @ http://localhost:3000/api/stocks/indicator?symbol=AAPL&resolution=D&from=1776150319&to=1778742319&indicator=rsi&timeperiod=14:0
[  640797ms] [ERROR] Failed to load resource: the server responded with a status of 500 (Internal Server Error) @ http://localhost:3000/api/stocks/indicator?symbol=AAPL&resolution=D&from=1776150319&to=1778742319&indicator=sma&timeperiod=50:0
[  641012ms] [ERROR] Failed to load resource: the server responded with a status of 500 (Internal Server Error) @ http://localhost:3000/api/stocks/indicator?symbol=AAPL&resolution=D&from=1776150321&to=1778742321&indicator=sma&timeperiod=20:0
[  641042ms] [ERROR] Failed to load resource: the server responded with a status of 500 (Internal Server Error) @ http://localhost:3000/api/stocks/indicator?symbol=AAPL&resolution=D&from=1776150321&to=1778742321&indicator=sma&timeperiod=50:0
[  641045ms] [ERROR] Failed to load resource: the server responded with a status of 500 (Internal Server Error) @ http://localhost:3000/api/stocks/indicator?symbol=AAPL&resolution=D&from=1776150321&to=1778742321&indicator=rsi&timeperiod=14:0
[  641329ms] [ERROR] Failed to load resource: the server responded with a status of 500 (Internal Server Error) @ http://localhost:3000/api/stocks/candle?symbol=AAPL&resolution=D&from=1776150320&to=1778742320:0
[  641629ms] [ERROR] Failed to load resource: the server responded with a status of 500 (Internal Server Error) @ http://localhost:3000/api/stocks/candle?symbol=AAPL&resolution=D&from=1776150322&to=1778742322:0
[  642314ms] [ERROR] Failed to load resource: the server responded with a status of 500 (Internal Server Error) @ http://localhost:3000/api/stocks/indicator?symbol=AAPL&resolution=D&from=1776150321&to=1778742321&indicator=sma&timeperiod=20:0
[  642360ms] [ERROR] Failed to load resource: the server responded with a status of 500 (Internal Server Error) @ http://localhost:3000/api/stocks/indicator?symbol=AAPL&resolution=D&from=1776150321&to=1778742321&indicator=rsi&timeperiod=14:0
[  642385ms] [ERROR] Failed to load resource: the server responded with a status of 500 (Internal Server Error) @ http://localhost:3000/api/stocks/indicator?symbol=AAPL&resolution=D&from=1776150321&to=1778742321&indicator=sma&timeperiod=50:0
[  642634ms] [ERROR] Failed to load resource: the server responded with a status of 500 (Internal Server Error) @ http://localhost:3000/api/stocks/indicator?symbol=AAPL&resolution=D&from=1776150323&to=1778742323&indicator=sma&timeperiod=20:0
[  642636ms] [ERROR] Failed to load resource: the server responded with a status of 500 (Internal Server Error) @ http://localhost:3000/api/stocks/indicator?symbol=AAPL&resolution=D&from=1776150323&to=1778742323&indicator=rsi&timeperiod=14:0
[  642638ms] [ERROR] Failed to load resource: the server responded with a status of 500 (Internal Server Error) @ http://localhost:3000/api/stocks/indicator?symbol=AAPL&resolution=D&from=1776150323&to=1778742323&indicator=sma&timeperiod=50:0
[  642953ms] [ERROR] Failed to load resource: the server responded with a status of 500 (Internal Server Error) @ http://localhost:3000/api/stocks/candle?symbol=AAPL&resolution=D&from=1776150322&to=1778742322:0
[  643243ms] [ERROR] Failed to load resource: the server responded with a status of 500 (Internal Server Error) @ http://localhost:3000/api/stocks/candle?symbol=AAPL&resolution=D&from=1776150323&to=1778742323:0
[  643937ms] [ERROR] Failed to load resource: the server responded with a status of 500 (Internal Server Error) @ http://localhost:3000/api/stocks/indicator?symbol=AAPL&resolution=D&from=1776150323&to=1778742323&indicator=sma&timeperiod=20:0
[  643942ms] [ERROR] Failed to load resource: the server responded with a status of 500 (Internal Server Error) @ http://localhost:3000/api/stocks/indicator?symbol=AAPL&resolution=D&from=1776150323&to=1778742323&indicator=sma&timeperiod=50:0
[  643946ms] [ERROR] Failed to load resource: the server responded with a status of 500 (Internal Server Error) @ http://localhost:3000/api/stocks/indicator?symbol=AAPL&resolution=D&from=1776150323&to=1778742323&indicator=rsi&timeperiod=14:0
[  644238ms] [ERROR] Failed to load resource: the server responded with a status of 500 (Internal Server Error) @ http://localhost:3000/api/stocks/indicator?symbol=AAPL&resolution=D&from=1776150324&to=1778742324&indicator=sma&timeperiod=50:0
[  644241ms] [ERROR] Failed to load resource: the server responded with a status of 500 (Internal Server Error) @ http://localhost:3000/api/stocks/indicator?symbol=AAPL&resolution=D&from=1776150324&to=1778742324&indicator=rsi&timeperiod=14:0
[  644246ms] [ERROR] Failed to load resource: the server responded with a status of 500 (Internal Server Error) @ http://localhost:3000/api/stocks/indicator?symbol=AAPL&resolution=D&from=1776150324&to=1778742324&indicator=sma&timeperiod=20:0
[  644535ms] [ERROR] Failed to load resource: the server responded with a status of 500 (Internal Server Error) @ http://localhost:3000/api/stocks/candle?symbol=AAPL&resolution=D&from=1776150323&to=1778742323:0
[  644815ms] [ERROR] Failed to load resource: the server responded with a status of 500 (Internal Server Error) @ http://localhost:3000/api/stocks/candle?symbol=AAPL&resolution=D&from=1776150325&to=1778742325:0
[  645588ms] [ERROR] Failed to load resource: the server responded with a status of 500 (Internal Server Error) @ http://localhost:3000/api/stocks/indicator?symbol=AAPL&resolution=D&from=1776150324&to=1778742324&indicator=rsi&timeperiod=14:0
[  645592ms] [ERROR] Failed to load resource: the server responded with a status of 500 (Internal Server Error) @ http://localhost:3000/api/stocks/indicator?symbol=AAPL&resolution=D&from=1776150324&to=1778742324&indicator=sma&timeperiod=50:0
[  645611ms] [ERROR] Failed to load resource: the server responded with a status of 500 (Internal Server Error) @ http://localhost:3000/api/stocks/indicator?symbol=AAPL&resolution=D&from=1776150324&to=1778742324&indicator=sma&timeperiod=20:0
[  645895ms] [ERROR] Failed to load resource: the server responded with a status of 500 (Internal Server Error) @ http://localhost:3000/api/stocks/indicator?symbol=AAPL&resolution=D&from=1776150326&to=1778742326&indicator=rsi&timeperiod=14:0
[  645923ms] [ERROR] Failed to load resource: the server responded with a status of 500 (Internal Server Error) @ http://localhost:3000/api/stocks/indicator?symbol=AAPL&resolution=D&from=1776150326&to=1778742326&indicator=sma&timeperiod=20:0
[  645925ms] [ERROR] Failed to load resource: the server responded with a status of 500 (Internal Server Error) @ http://localhost:3000/api/stocks/indicator?symbol=AAPL&resolution=D&from=1776150326&to=1778742326&indicator=sma&timeperiod=50:0
[  646128ms] [ERROR] Failed to load resource: the server responded with a status of 500 (Internal Server Error) @ http://localhost:3000/api/stocks/candle?symbol=AAPL&resolution=D&from=1776150325&to=1778742325:0
[  646422ms] [ERROR] Failed to load resource: the server responded with a status of 500 (Internal Server Error) @ http://localhost:3000/api/stocks/candle?symbol=AAPL&resolution=D&from=1776150326&to=1778742326:0
[  647186ms] [ERROR] Failed to load resource: the server responded with a status of 500 (Internal Server Error) @ http://localhost:3000/api/stocks/indicator?symbol=AAPL&resolution=D&from=1776150326&to=1778742326&indicator=rsi&timeperiod=14:0
[  647214ms] [ERROR] Failed to load resource: the server responded with a status of 500 (Internal Server Error) @ http://localhost:3000/api/stocks/indicator?symbol=AAPL&resolution=D&from=1776150326&to=1778742326&indicator=sma&timeperiod=50:0
[  647225ms] [ERROR] Failed to load resource: the server responded with a status of 500 (Internal Server Error) @ http://localhost:3000/api/stocks/indicator?symbol=AAPL&resolution=D&from=1776150326&to=1778742326&indicator=sma&timeperiod=20:0
[  647480ms] [ERROR] Failed to load resource: the server responded with a status of 500 (Internal Server Error) @ http://localhost:3000/api/stocks/indicator?symbol=AAPL&resolution=D&from=1776150327&to=1778742327&indicator=rsi&timeperiod=14:0
[  647483ms] [ERROR] Failed to load resource: the server responded with a status of 500 (Internal Server Error) @ http://localhost:3000/api/stocks/indicator?symbol=AAPL&resolution=D&from=1776150327&to=1778742327&indicator=sma&timeperiod=20:0
[  647486ms] [ERROR] Failed to load resource: the server responded with a status of 500 (Internal Server Error) @ http://localhost:3000/api/stocks/indicator?symbol=AAPL&resolution=D&from=1776150327&to=1778742327&indicator=sma&timeperiod=50:0
[  647725ms] [ERROR] Failed to load resource: the server responded with a status of 500 (Internal Server Error) @ http://localhost:3000/api/stocks/candle?symbol=AAPL&resolution=D&from=1776150326&to=1778742326:0
[  648004ms] [ERROR] Failed to load resource: the server responded with a status of 500 (Internal Server Error) @ http://localhost:3000/api/stocks/candle?symbol=AAPL&resolution=D&from=1776150328&to=1778742328:0
[  648820ms] [ERROR] Failed to load resource: the server responded with a status of 500 (Internal Server Error) @ http://localhost:3000/api/stocks/indicator?symbol=AAPL&resolution=D&from=1776150327&to=1778742327&indicator=sma&timeperiod=50:0
[  648823ms] [ERROR] Failed to load resource: the server responded with a status of 500 (Internal Server Error) @ http://localhost:3000/api/stocks/indicator?symbol=AAPL&resolution=D&from=1776150327&to=1778742327&indicator=rsi&timeperiod=14:0
[  648836ms] [ERROR] Failed to load resource: the server responded with a status of 500 (Internal Server Error) @ http://localhost:3000/api/stocks/indicator?symbol=AAPL&resolution=D&from=1776150327&to=1778742327&indicator=sma&timeperiod=20:0
[  649117ms] [ERROR] Failed to load resource: the server responded with a status of 500 (Internal Server Error) @ http://localhost:3000/api/stocks/indicator?symbol=AAPL&resolution=D&from=1776150329&to=1778742329&indicator=rsi&timeperiod=14:0
[  649119ms] [ERROR] Failed to load resource: the server responded with a status of 500 (Internal Server Error) @ http://localhost:3000/api/stocks/indicator?symbol=AAPL&resolution=D&from=1776150329&to=1778742329&indicator=sma&timeperiod=20:0
[  649131ms] [ERROR] Failed to load resource: the server responded with a status of 500 (Internal Server Error) @ http://localhost:3000/api/stocks/indicator?symbol=AAPL&resolution=D&from=1776150329&to=1778742329&indicator=sma&timeperiod=50:0
[  649302ms] [ERROR] Failed to load resource: the server responded with a status of 500 (Internal Server Error) @ http://localhost:3000/api/stocks/candle?symbol=AAPL&resolution=D&from=1776150328&to=1778742328:0
[  649613ms] [ERROR] Failed to load resource: the server responded with a status of 500 (Internal Server Error) @ http://localhost:3000/api/stocks/candle?symbol=AAPL&resolution=D&from=1776150330&to=1778742330:0
[  650421ms] [ERROR] Failed to load resource: the server responded with a status of 500 (Internal Server Error) @ http://localhost:3000/api/stocks/indicator?symbol=AAPL&resolution=D&from=1776150329&to=1778742329&indicator=rsi&timeperiod=14:0
[  650425ms] [ERROR] Failed to load resource: the server responded with a status of 500 (Internal Server Error) @ http://localhost:3000/api/stocks/indicator?symbol=AAPL&resolution=D&from=1776150329&to=1778742329&indicator=sma&timeperiod=20:0
[  650425ms] [ERROR] Failed to load resource: the server responded with a status of 500 (Internal Server Error) @ http://localhost:3000/api/stocks/indicator?symbol=AAPL&resolution=D&from=1776150329&to=1778742329&indicator=sma&timeperiod=50:0
[  650730ms] [ERROR] Failed to load resource: the server responded with a status of 500 (Internal Server Error) @ http://localhost:3000/api/stocks/indicator?symbol=AAPL&resolution=D&from=1776150331&to=1778742331&indicator=sma&timeperiod=50:0
[  650732ms] [ERROR] Failed to load resource: the server responded with a status of 500 (Internal Server Error) @ http://localhost:3000/api/stocks/indicator?symbol=AAPL&resolution=D&from=1776150331&to=1778742331&indicator=rsi&timeperiod=14:0
[  650735ms] [ERROR] Failed to load resource: the server responded with a status of 500 (Internal Server Error) @ http://localhost:3000/api/stocks/indicator?symbol=AAPL&resolution=D&from=1776150331&to=1778742331&indicator=sma&timeperiod=20:0
[  650935ms] [ERROR] Failed to load resource: the server responded with a status of 500 (Internal Server Error) @ http://localhost:3000/api/stocks/candle?symbol=AAPL&resolution=D&from=1776150330&to=1778742330:0
[  651271ms] [ERROR] Failed to load resource: the server responded with a status of 500 (Internal Server Error) @ http://localhost:3000/api/stocks/candle?symbol=AAPL&resolution=D&from=1776150331&to=1778742331:0
[  652058ms] [ERROR] Failed to load resource: the server responded with a status of 500 (Internal Server Error) @ http://localhost:3000/api/stocks/indicator?symbol=AAPL&resolution=D&from=1776150331&to=1778742331&indicator=rsi&timeperiod=14:0
[  652084ms] [ERROR] Failed to load resource: the server responded with a status of 500 (Internal Server Error) @ http://localhost:3000/api/stocks/indicator?symbol=AAPL&resolution=D&from=1776150331&to=1778742331&indicator=sma&timeperiod=50:0
[  652086ms] [ERROR] Failed to load resource: the server responded with a status of 500 (Internal Server Error) @ http://localhost:3000/api/stocks/indicator?symbol=AAPL&resolution=D&from=1776150331&to=1778742331&indicator=sma&timeperiod=20:0
[  652352ms] [ERROR] Failed to load resource: the server responded with a status of 500 (Internal Server Error) @ http://localhost:3000/api/stocks/indicator?symbol=AAPL&resolution=D&from=1776150332&to=1778742332&indicator=sma&timeperiod=20:0
[  652355ms] [ERROR] Failed to load resource: the server responded with a status of 500 (Internal Server Error) @ http://localhost:3000/api/stocks/indicator?symbol=AAPL&resolution=D&from=1776150332&to=1778742332&indicator=sma&timeperiod=50:0
[  652357ms] [ERROR] Failed to load resource: the server responded with a status of 500 (Internal Server Error) @ http://localhost:3000/api/stocks/indicator?symbol=AAPL&resolution=D&from=1776150332&to=1778742332&indicator=rsi&timeperiod=14:0
[  652564ms] [ERROR] Failed to load resource: the server responded with a status of 500 (Internal Server Error) @ http://localhost:3000/api/stocks/candle?symbol=AAPL&resolution=D&from=1776150331&to=1778742331:0
[  652853ms] [ERROR] Failed to load resource: the server responded with a status of 500 (Internal Server Error) @ http://localhost:3000/api/stocks/candle?symbol=AAPL&resolution=D&from=1776150333&to=1778742333:0
[  653668ms] [ERROR] Failed to load resource: the server responded with a status of 500 (Internal Server Error) @ http://localhost:3000/api/stocks/indicator?symbol=AAPL&resolution=D&from=1776150332&to=1778742332&indicator=sma&timeperiod=50:0
[  653675ms] [ERROR] Failed to load resource: the server responded with a status of 500 (Internal Server Error) @ http://localhost:3000/api/stocks/indicator?symbol=AAPL&resolution=D&from=1776150332&to=1778742332&indicator=rsi&timeperiod=14:0
[  653701ms] [ERROR] Failed to load resource: the server responded with a status of 500 (Internal Server Error) @ http://localhost:3000/api/stocks/indicator?symbol=AAPL&resolution=D&from=1776150332&to=1778742332&indicator=sma&timeperiod=20:0
[  654006ms] [ERROR] Failed to load resource: the server responded with a status of 500 (Internal Server Error) @ http://localhost:3000/api/stocks/indicator?symbol=AAPL&resolution=D&from=1776150334&to=1778742334&indicator=sma&timeperiod=20:0
[  654014ms] [ERROR] Failed to load resource: the server responded with a status of 500 (Internal Server Error) @ http://localhost:3000/api/stocks/indicator?symbol=AAPL&resolution=D&from=1776150334&to=1778742334&indicator=rsi&timeperiod=14:0
[  654018ms] [ERROR] Failed to load resource: the server responded with a status of 500 (Internal Server Error) @ http://localhost:3000/api/stocks/indicator?symbol=AAPL&resolution=D&from=1776150334&to=1778742334&indicator=sma&timeperiod=50:0
[  654215ms] [ERROR] Failed to load resource: the server responded with a status of 500 (Internal Server Error) @ http://localhost:3000/api/stocks/candle?symbol=AAPL&resolution=D&from=1776150333&to=1778742333:0
[  654562ms] [ERROR] Failed to load resource: the server responded with a status of 500 (Internal Server Error) @ http://localhost:3000/api/stocks/candle?symbol=AAPL&resolution=D&from=1776150335&to=1778742335:0
[  655304ms] [ERROR] Failed to load resource: the server responded with a status of 500 (Internal Server Error) @ http://localhost:3000/api/stocks/indicator?symbol=AAPL&resolution=D&from=1776150334&to=1778742334&indicator=rsi&timeperiod=14:0
[  655309ms] [ERROR] Failed to load resource: the server responded with a status of 500 (Internal Server Error) @ http://localhost:3000/api/stocks/indicator?symbol=AAPL&resolution=D&from=1776150334&to=1778742334&indicator=sma&timeperiod=20:0
[  655313ms] [ERROR] Failed to load resource: the server responded with a status of 500 (Internal Server Error) @ http://localhost:3000/api/stocks/indicator?symbol=AAPL&resolution=D&from=1776150334&to=1778742334&indicator=sma&timeperiod=50:0
[  655603ms] [ERROR] Failed to load resource: the server responded with a status of 500 (Internal Server Error) @ http://localhost:3000/api/stocks/indicator?symbol=AAPL&resolution=D&from=1776150336&to=1778742336&indicator=rsi&timeperiod=14:0
[  655614ms] [ERROR] Failed to load resource: the server responded with a status of 500 (Internal Server Error) @ http://localhost:3000/api/stocks/indicator?symbol=AAPL&resolution=D&from=1776150336&to=1778742336&indicator=sma&timeperiod=50:0
[  655618ms] [ERROR] Failed to load resource: the server responded with a status of 500 (Internal Server Error) @ http://localhost:3000/api/stocks/indicator?symbol=AAPL&resolution=D&from=1776150336&to=1778742336&indicator=sma&timeperiod=20:0
[  655861ms] [ERROR] Failed to load resource: the server responded with a status of 500 (Internal Server Error) @ http://localhost:3000/api/stocks/candle?symbol=AAPL&resolution=D&from=1776150335&to=1778742335:0
[  656152ms] [ERROR] Failed to load resource: the server responded with a status of 500 (Internal Server Error) @ http://localhost:3000/api/stocks/candle?symbol=AAPL&resolution=D&from=1776150336&to=1778742336:0
[  656943ms] [ERROR] Failed to load resource: the server responded with a status of 500 (Internal Server Error) @ http://localhost:3000/api/stocks/indicator?symbol=AAPL&resolution=D&from=1776150336&to=1778742336&indicator=sma&timeperiod=20:0
[  656960ms] [ERROR] Failed to load resource: the server responded with a status of 500 (Internal Server Error) @ http://localhost:3000/api/stocks/indicator?symbol=AAPL&resolution=D&from=1776150336&to=1778742336&indicator=rsi&timeperiod=14:0
[  657018ms] [ERROR] Failed to load resource: the server responded with a status of 500 (Internal Server Error) @ http://localhost:3000/api/stocks/indicator?symbol=AAPL&resolution=D&from=1776150336&to=1778742336&indicator=sma&timeperiod=50:0
[  657265ms] [ERROR] Failed to load resource: the server responded with a status of 500 (Internal Server Error) @ http://localhost:3000/api/stocks/indicator?symbol=AAPL&resolution=D&from=1776150337&to=1778742337&indicator=sma&timeperiod=20:0
[  657268ms] [ERROR] Failed to load resource: the server responded with a status of 500 (Internal Server Error) @ http://localhost:3000/api/stocks/indicator?symbol=AAPL&resolution=D&from=1776150337&to=1778742337&indicator=rsi&timeperiod=14:0
[  657283ms] [ERROR] Failed to load resource: the server responded with a status of 500 (Internal Server Error) @ http://localhost:3000/api/stocks/indicator?symbol=AAPL&resolution=D&from=1776150337&to=1778742337&indicator=sma&timeperiod=50:0
[  657452ms] [ERROR] Failed to load resource: the server responded with a status of 500 (Internal Server Error) @ http://localhost:3000/api/stocks/candle?symbol=AAPL&resolution=D&from=1776150336&to=1778742336:0
[  657750ms] [ERROR] Failed to load resource: the server responded with a status of 500 (Internal Server Error) @ http://localhost:3000/api/stocks/candle?symbol=AAPL&resolution=D&from=1776150338&to=1778742338:0
[  658560ms] [ERROR] Failed to load resource: the server responded with a status of 500 (Internal Server Error) @ http://localhost:3000/api/stocks/indicator?symbol=AAPL&resolution=D&from=1776150337&to=1778742337&indicator=sma&timeperiod=20:0
[  658567ms] [ERROR] Failed to load resource: the server responded with a status of 500 (Internal Server Error) @ http://localhost:3000/api/stocks/indicator?symbol=AAPL&resolution=D&from=1776150337&to=1778742337&indicator=rsi&timeperiod=14:0
[  658567ms] [ERROR] Failed to load resource: the server responded with a status of 500 (Internal Server Error) @ http://localhost:3000/api/stocks/indicator?symbol=AAPL&resolution=D&from=1776150337&to=1778742337&indicator=sma&timeperiod=50:0
[  658865ms] [ERROR] Failed to load resource: the server responded with a status of 500 (Internal Server Error) @ http://localhost:3000/api/stocks/indicator?symbol=AAPL&resolution=D&from=1776150339&to=1778742339&indicator=rsi&timeperiod=14:0
[  658869ms] [ERROR] Failed to load resource: the server responded with a status of 500 (Internal Server Error) @ http://localhost:3000/api/stocks/indicator?symbol=AAPL&resolution=D&from=1776150339&to=1778742339&indicator=sma&timeperiod=20:0
[  658872ms] [ERROR] Failed to load resource: the server responded with a status of 500 (Internal Server Error) @ http://localhost:3000/api/stocks/indicator?symbol=AAPL&resolution=D&from=1776150339&to=1778742339&indicator=sma&timeperiod=50:0
[  659049ms] [ERROR] Failed to load resource: the server responded with a status of 500 (Internal Server Error) @ http://localhost:3000/api/stocks/candle?symbol=AAPL&resolution=D&from=1776150338&to=1778742338:0
[  659347ms] [ERROR] Failed to load resource: the server responded with a status of 500 (Internal Server Error) @ http://localhost:3000/api/stocks/candle?symbol=AAPL&resolution=D&from=1776150339&to=1778742339:0
[  660189ms] [ERROR] Failed to load resource: the server responded with a status of 500 (Internal Server Error) @ http://localhost:3000/api/stocks/indicator?symbol=AAPL&resolution=D&from=1776150339&to=1778742339&indicator=sma&timeperiod=50:0
[  660206ms] [ERROR] Failed to load resource: the server responded with a status of 500 (Internal Server Error) @ http://localhost:3000/api/stocks/indicator?symbol=AAPL&resolution=D&from=1776150339&to=1778742339&indicator=rsi&timeperiod=14:0
[  660208ms] [ERROR] Failed to load resource: the server responded with a status of 500 (Internal Server Error) @ http://localhost:3000/api/stocks/indicator?symbol=AAPL&resolution=D&from=1776150339&to=1778742339&indicator=sma&timeperiod=20:0
[  660485ms] [ERROR] Failed to load resource: the server responded with a status of 500 (Internal Server Error) @ http://localhost:3000/api/stocks/indicator?symbol=AAPL&resolution=D&from=1776150340&to=1778742340&indicator=sma&timeperiod=20:0
[  660493ms] [ERROR] Failed to load resource: the server responded with a status of 500 (Internal Server Error) @ http://localhost:3000/api/stocks/indicator?symbol=AAPL&resolution=D&from=1776150340&to=1778742340&indicator=sma&timeperiod=50:0
[  660498ms] [ERROR] Failed to load resource: the server responded with a status of 500 (Internal Server Error) @ http://localhost:3000/api/stocks/indicator?symbol=AAPL&resolution=D&from=1776150340&to=1778742340&indicator=rsi&timeperiod=14:0
[  660681ms] [ERROR] Failed to load resource: the server responded with a status of 500 (Internal Server Error) @ http://localhost:3000/api/stocks/candle?symbol=AAPL&resolution=D&from=1776150339&to=1778742339:0
[  660967ms] [ERROR] Failed to load resource: the server responded with a status of 500 (Internal Server Error) @ http://localhost:3000/api/stocks/candle?symbol=AAPL&resolution=D&from=1776150341&to=1778742341:0
[  661806ms] [ERROR] Failed to load resource: the server responded with a status of 500 (Internal Server Error) @ http://localhost:3000/api/stocks/indicator?symbol=AAPL&resolution=D&from=1776150340&to=1778742340&indicator=sma&timeperiod=20:0
[  661812ms] [ERROR] Failed to load resource: the server responded with a status of 500 (Internal Server Error) @ http://localhost:3000/api/stocks/indicator?symbol=AAPL&resolution=D&from=1776150340&to=1778742340&indicator=sma&timeperiod=50:0
[  661820ms] [ERROR] Failed to load resource: the server responded with a status of 500 (Internal Server Error) @ http://localhost:3000/api/stocks/indicator?symbol=AAPL&resolution=D&from=1776150340&to=1778742340&indicator=rsi&timeperiod=14:0
[  662093ms] [ERROR] Failed to load resource: the server responded with a status of 500 (Internal Server Error) @ http://localhost:3000/api/stocks/indicator?symbol=AAPL&resolution=D&from=1776150342&to=1778742342&indicator=rsi&timeperiod=14:0
[  662105ms] [ERROR] Failed to load resource: the server responded with a status of 500 (Internal Server Error) @ http://localhost:3000/api/stocks/indicator?symbol=AAPL&resolution=D&from=1776150342&to=1778742342&indicator=sma&timeperiod=50:0
[  662111ms] [ERROR] Failed to load resource: the server responded with a status of 500 (Internal Server Error) @ http://localhost:3000/api/stocks/indicator?symbol=AAPL&resolution=D&from=1776150342&to=1778742342&indicator=sma&timeperiod=20:0
[  662256ms] [ERROR] Failed to load resource: the server responded with a status of 500 (Internal Server Error) @ http://localhost:3000/api/stocks/candle?symbol=AAPL&resolution=D&from=1776150341&to=1778742341:0
[  662546ms] [ERROR] Failed to load resource: the server responded with a status of 500 (Internal Server Error) @ http://localhost:3000/api/stocks/candle?symbol=AAPL&resolution=D&from=1776150343&to=1778742343:0
[  663402ms] [ERROR] Failed to load resource: the server responded with a status of 500 (Internal Server Error) @ http://localhost:3000/api/stocks/indicator?symbol=AAPL&resolution=D&from=1776150342&to=1778742342&indicator=sma&timeperiod=20:0
[  663409ms] [ERROR] Failed to load resource: the server responded with a status of 500 (Internal Server Error) @ http://localhost:3000/api/stocks/indicator?symbol=AAPL&resolution=D&from=1776150342&to=1778742342&indicator=sma&timeperiod=50:0
[  663427ms] [ERROR] Failed to load resource: the server responded with a status of 500 (Internal Server Error) @ http://localhost:3000/api/stocks/indicator?symbol=AAPL&resolution=D&from=1776150342&to=1778742342&indicator=rsi&timeperiod=14:0
[  663706ms] [ERROR] Failed to load resource: the server responded with a status of 500 (Internal Server Error) @ http://localhost:3000/api/stocks/indicator?symbol=AAPL&resolution=D&from=1776150344&to=1778742344&indicator=sma&timeperiod=20:0
[  663710ms] [ERROR] Failed to load resource: the server responded with a status of 500 (Internal Server Error) @ http://localhost:3000/api/stocks/indicator?symbol=AAPL&resolution=D&from=1776150344&to=1778742344&indicator=rsi&timeperiod=14:0
[  663722ms] [ERROR] Failed to load resource: the server responded with a status of 500 (Internal Server Error) @ http://localhost:3000/api/stocks/indicator?symbol=AAPL&resolution=D&from=1776150344&to=1778742344&indicator=sma&timeperiod=50:0
[  663843ms] [ERROR] Failed to load resource: the server responded with a status of 500 (Internal Server Error) @ http://localhost:3000/api/stocks/candle?symbol=AAPL&resolution=D&from=1776150343&to=1778742343:0
[  664146ms] [ERROR] Failed to load resource: the server responded with a status of 500 (Internal Server Error) @ http://localhost:3000/api/stocks/candle?symbol=AAPL&resolution=D&from=1776150344&to=1778742344:0
[  665016ms] [ERROR] Failed to load resource: the server responded with a status of 500 (Internal Server Error) @ http://localhost:3000/api/stocks/indicator?symbol=AAPL&resolution=D&from=1776150344&to=1778742344&indicator=sma&timeperiod=50:0
[  665021ms] [ERROR] Failed to load resource: the server responded with a status of 500 (Internal Server Error) @ http://localhost:3000/api/stocks/indicator?symbol=AAPL&resolution=D&from=1776150344&to=1778742344&indicator=sma&timeperiod=20:0
[  665023ms] [ERROR] Failed to load resource: the server responded with a status of 500 (Internal Server Error) @ http://localhost:3000/api/stocks/indicator?symbol=AAPL&resolution=D&from=1776150344&to=1778742344&indicator=rsi&timeperiod=14:0
[  665318ms] [ERROR] Failed to load resource: the server responded with a status of 500 (Internal Server Error) @ http://localhost:3000/api/stocks/indicator?symbol=AAPL&resolution=D&from=1776150345&to=1778742345&indicator=sma&timeperiod=50:0
[  665320ms] [ERROR] Failed to load resource: the server responded with a status of 500 (Internal Server Error) @ http://localhost:3000/api/stocks/indicator?symbol=AAPL&resolution=D&from=1776150345&to=1778742345&indicator=rsi&timeperiod=14:0
[  665327ms] [ERROR] Failed to load resource: the server responded with a status of 500 (Internal Server Error) @ http://localhost:3000/api/stocks/indicator?symbol=AAPL&resolution=D&from=1776150345&to=1778742345&indicator=sma&timeperiod=20:0
[  665501ms] [ERROR] Failed to load resource: the server responded with a status of 500 (Internal Server Error) @ http://localhost:3000/api/stocks/candle?symbol=AAPL&resolution=D&from=1776150344&to=1778742344:0
[  665819ms] [ERROR] Failed to load resource: the server responded with a status of 500 (Internal Server Error) @ http://localhost:3000/api/stocks/candle?symbol=AAPL&resolution=D&from=1776150346&to=1778742346:0
[  666632ms] [ERROR] Failed to load resource: the server responded with a status of 500 (Internal Server Error) @ http://localhost:3000/api/stocks/indicator?symbol=AAPL&resolution=D&from=1776150345&to=1778742345&indicator=sma&timeperiod=50:0
[  666637ms] [ERROR] Failed to load resource: the server responded with a status of 500 (Internal Server Error) @ http://localhost:3000/api/stocks/indicator?symbol=AAPL&resolution=D&from=1776150345&to=1778742345&indicator=rsi&timeperiod=14:0
[  666647ms] [ERROR] Failed to load resource: the server responded with a status of 500 (Internal Server Error) @ http://localhost:3000/api/stocks/indicator?symbol=AAPL&resolution=D&from=1776150345&to=1778742345&indicator=sma&timeperiod=20:0
[  666923ms] [ERROR] Failed to load resource: the server responded with a status of 500 (Internal Server Error) @ http://localhost:3000/api/stocks/indicator?symbol=AAPL&resolution=D&from=1776150347&to=1778742347&indicator=rsi&timeperiod=14:0
[  666937ms] [ERROR] Failed to load resource: the server responded with a status of 500 (Internal Server Error) @ http://localhost:3000/api/stocks/indicator?symbol=AAPL&resolution=D&from=1776150347&to=1778742347&indicator=sma&timeperiod=50:0
[  666939ms] [ERROR] Failed to load resource: the server responded with a status of 500 (Internal Server Error) @ http://localhost:3000/api/stocks/indicator?symbol=AAPL&resolution=D&from=1776150347&to=1778742347&indicator=sma&timeperiod=20:0
[  667121ms] [ERROR] Failed to load resource: the server responded with a status of 500 (Internal Server Error) @ http://localhost:3000/api/stocks/candle?symbol=AAPL&resolution=D&from=1776150346&to=1778742346:0
[  667410ms] [ERROR] Failed to load resource: the server responded with a status of 500 (Internal Server Error) @ http://localhost:3000/api/stocks/candle?symbol=AAPL&resolution=D&from=1776150347&to=1778742347:0
[  668223ms] [ERROR] Failed to load resource: the server responded with a status of 500 (Internal Server Error) @ http://localhost:3000/api/stocks/indicator?symbol=AAPL&resolution=D&from=1776150347&to=1778742347&indicator=rsi&timeperiod=14:0
[  668228ms] [ERROR] Failed to load resource: the server responded with a status of 500 (Internal Server Error) @ http://localhost:3000/api/stocks/indicator?symbol=AAPL&resolution=D&from=1776150347&to=1778742347&indicator=sma&timeperiod=20:0
[  668240ms] [ERROR] Failed to load resource: the server responded with a status of 500 (Internal Server Error) @ http://localhost:3000/api/stocks/indicator?symbol=AAPL&resolution=D&from=1776150347&to=1778742347&indicator=sma&timeperiod=50:0
[  668578ms] [ERROR] Failed to load resource: the server responded with a status of 500 (Internal Server Error) @ http://localhost:3000/api/stocks/indicator?symbol=AAPL&resolution=D&from=1776150349&to=1778742349&indicator=sma&timeperiod=50:0
[  668667ms] [ERROR] Failed to load resource: the server responded with a status of 500 (Internal Server Error) @ http://localhost:3000/api/stocks/indicator?symbol=AAPL&resolution=D&from=1776150349&to=1778742349&indicator=rsi&timeperiod=14:0
[  668669ms] [ERROR] Failed to load resource: the server responded with a status of 500 (Internal Server Error) @ http://localhost:3000/api/stocks/indicator?symbol=AAPL&resolution=D&from=1776150349&to=1778742349&indicator=sma&timeperiod=20:0
[  668726ms] [ERROR] Failed to load resource: the server responded with a status of 500 (Internal Server Error) @ http://localhost:3000/api/stocks/candle?symbol=AAPL&resolution=D&from=1776150347&to=1778742347:0
[  669046ms] [ERROR] Failed to load resource: the server responded with a status of 500 (Internal Server Error) @ http://localhost:3000/api/stocks/candle?symbol=AAPL&resolution=D&from=1776150349&to=1778742349:0
[  669878ms] [ERROR] Failed to load resource: the server responded with a status of 500 (Internal Server Error) @ http://localhost:3000/api/stocks/indicator?symbol=AAPL&resolution=D&from=1776150349&to=1778742349&indicator=sma&timeperiod=50:0
[  669972ms] [ERROR] Failed to load resource: the server responded with a status of 500 (Internal Server Error) @ http://localhost:3000/api/stocks/indicator?symbol=AAPL&resolution=D&from=1776150349&to=1778742349&indicator=sma&timeperiod=20:0
[  669984ms] [ERROR] Failed to load resource: the server responded with a status of 500 (Internal Server Error) @ http://localhost:3000/api/stocks/indicator?symbol=AAPL&resolution=D&from=1776150349&to=1778742349&indicator=rsi&timeperiod=14:0
[  670170ms] [ERROR] Failed to load resource: the server responded with a status of 500 (Internal Server Error) @ http://localhost:3000/api/stocks/indicator?symbol=AAPL&resolution=D&from=1776150350&to=1778742350&indicator=sma&timeperiod=20:0
[  670177ms] [ERROR] Failed to load resource: the server responded with a status of 500 (Internal Server Error) @ http://localhost:3000/api/stocks/indicator?symbol=AAPL&resolution=D&from=1776150350&to=1778742350&indicator=rsi&timeperiod=14:0
[  670284ms] [ERROR] Failed to load resource: the server responded with a status of 500 (Internal Server Error) @ http://localhost:3000/api/stocks/indicator?symbol=AAPL&resolution=D&from=1776150350&to=1778742350&indicator=sma&timeperiod=50:0
[  670354ms] [ERROR] Failed to load resource: the server responded with a status of 500 (Internal Server Error) @ http://localhost:3000/api/stocks/candle?symbol=AAPL&resolution=D&from=1776150349&to=1778742349:0
[  670641ms] [ERROR] Failed to load resource: the server responded with a status of 500 (Internal Server Error) @ http://localhost:3000/api/stocks/candle?symbol=AAPL&resolution=D&from=1776150351&to=1778742351:0
[  671519ms] [ERROR] Failed to load resource: the server responded with a status of 500 (Internal Server Error) @ http://localhost:3000/api/stocks/indicator?symbol=AAPL&resolution=D&from=1776150350&to=1778742350&indicator=sma&timeperiod=20:0
[  671674ms] [ERROR] Failed to load resource: the server responded with a status of 500 (Internal Server Error) @ http://localhost:3000/api/stocks/indicator?symbol=AAPL&resolution=D&from=1776150350&to=1778742350&indicator=rsi&timeperiod=14:0
[  671698ms] [ERROR] Failed to load resource: the server responded with a status of 500 (Internal Server Error) @ http://localhost:3000/api/stocks/indicator?symbol=AAPL&resolution=D&from=1776150350&to=1778742350&indicator=sma&timeperiod=50:0
[  671818ms] [ERROR] Failed to load resource: the server responded with a status of 500 (Internal Server Error) @ http://localhost:3000/api/stocks/indicator?symbol=AAPL&resolution=D&from=1776150352&to=1778742352&indicator=sma&timeperiod=50:0
[  671874ms] [ERROR] Failed to load resource: the server responded with a status of 500 (Internal Server Error) @ http://localhost:3000/api/stocks/indicator?symbol=AAPL&resolution=D&from=1776150352&to=1778742352&indicator=sma&timeperiod=20:0
[  671900ms] [ERROR] Failed to load resource: the server responded with a status of 500 (Internal Server Error) @ http://localhost:3000/api/stocks/indicator?symbol=AAPL&resolution=D&from=1776150352&to=1778742352&indicator=rsi&timeperiod=14:0
[  671970ms] [ERROR] Failed to load resource: the server responded with a status of 500 (Internal Server Error) @ http://localhost:3000/api/stocks/candle?symbol=AAPL&resolution=D&from=1776150351&to=1778742351:0
[  672265ms] [ERROR] Failed to load resource: the server responded with a status of 500 (Internal Server Error) @ http://localhost:3000/api/stocks/candle?symbol=AAPL&resolution=D&from=1776150352&to=1778742352:0
[  672595ms] [LOG] [Fast Refresh] rebuilding @ http://localhost:3000/_next/static/chunks/node_modules_next_dist_115brz8._.js:2431
[  672611ms] [LOG] [Fast Refresh] done in 118ms @ http://localhost:3000/_next/static/chunks/node_modules_next_dist_115brz8._.js:2431
[  673114ms] [ERROR] Failed to load resource: the server responded with a status of 500 (Internal Server Error) @ http://localhost:3000/api/stocks/indicator?symbol=AAPL&resolution=D&from=1776150352&to=1778742352&indicator=sma&timeperiod=50:0
[  673175ms] [ERROR] Failed to load resource: the server responded with a status of 500 (Internal Server Error) @ http://localhost:3000/api/stocks/indicator?symbol=AAPL&resolution=D&from=1776150352&to=1778742352&indicator=sma&timeperiod=20:0
[  673194ms] [ERROR] Failed to load resource: the server responded with a status of 500 (Internal Server Error) @ http://localhost:3000/api/stocks/indicator?symbol=AAPL&resolution=D&from=1776150352&to=1778742352&indicator=rsi&timeperiod=14:0
[  673402ms] [ERROR] Failed to load resource: the server responded with a status of 500 (Internal Server Error) @ http://localhost:3000/api/stocks/indicator?symbol=AAPL&resolution=D&from=1776150353&to=1778742353&indicator=sma&timeperiod=20:0
[  673405ms] [ERROR] Failed to load resource: the server responded with a status of 500 (Internal Server Error) @ http://localhost:3000/api/stocks/indicator?symbol=AAPL&resolution=D&from=1776150353&to=1778742353&indicator=rsi&timeperiod=14:0
[  673426ms] [ERROR] Failed to load resource: the server responded with a status of 500 (Internal Server Error) @ http://localhost:3000/api/stocks/indicator?symbol=AAPL&resolution=D&from=1776150353&to=1778742353&indicator=sma&timeperiod=50:0
[  673562ms] [ERROR] Failed to load resource: the server responded with a status of 500 (Internal Server Error) @ http://localhost:3000/api/stocks/candle?symbol=AAPL&resolution=D&from=1776150352&to=1778742352:0
[  673845ms] [ERROR] Failed to load resource: the server responded with a status of 500 (Internal Server Error) @ http://localhost:3000/api/stocks/candle?symbol=AAPL&resolution=D&from=1776150354&to=1778742354:0
[  674766ms] [ERROR] Failed to load resource: the server responded with a status of 500 (Internal Server Error) @ http://localhost:3000/api/stocks/indicator?symbol=AAPL&resolution=D&from=1776150353&to=1778742353&indicator=sma&timeperiod=20:0
[  674770ms] [ERROR] Failed to load resource: the server responded with a status of 500 (Internal Server Error) @ http://localhost:3000/api/stocks/indicator?symbol=AAPL&resolution=D&from=1776150353&to=1778742353&indicator=rsi&timeperiod=14:0
[  674787ms] [ERROR] Failed to load resource: the server responded with a status of 500 (Internal Server Error) @ http://localhost:3000/api/stocks/indicator?symbol=AAPL&resolution=D&from=1776150353&to=1778742353&indicator=sma&timeperiod=50:0
[  675091ms] [ERROR] Failed to load resource: the server responded with a status of 500 (Internal Server Error) @ http://localhost:3000/api/stocks/indicator?symbol=AAPL&resolution=D&from=1776150355&to=1778742355&indicator=sma&timeperiod=20:0
[  675095ms] [ERROR] Failed to load resource: the server responded with a status of 500 (Internal Server Error) @ http://localhost:3000/api/stocks/indicator?symbol=AAPL&resolution=D&from=1776150355&to=1778742355&indicator=rsi&timeperiod=14:0
[  675097ms] [ERROR] Failed to load resource: the server responded with a status of 500 (Internal Server Error) @ http://localhost:3000/api/stocks/indicator?symbol=AAPL&resolution=D&from=1776150355&to=1778742355&indicator=sma&timeperiod=50:0
[  675151ms] [ERROR] Failed to load resource: the server responded with a status of 500 (Internal Server Error) @ http://localhost:3000/api/stocks/candle?symbol=AAPL&resolution=D&from=1776150354&to=1778742354:0
[  675463ms] [ERROR] Failed to load resource: the server responded with a status of 500 (Internal Server Error) @ http://localhost:3000/api/stocks/candle?symbol=AAPL&resolution=D&from=1776150355&to=1778742355:0
[  676391ms] [ERROR] Failed to load resource: the server responded with a status of 500 (Internal Server Error) @ http://localhost:3000/api/stocks/indicator?symbol=AAPL&resolution=D&from=1776150355&to=1778742355&indicator=sma&timeperiod=50:0
[  676408ms] [ERROR] Failed to load resource: the server responded with a status of 500 (Internal Server Error) @ http://localhost:3000/api/stocks/indicator?symbol=AAPL&resolution=D&from=1776150355&to=1778742355&indicator=sma&timeperiod=20:0
[  676409ms] [ERROR] Failed to load resource: the server responded with a status of 500 (Internal Server Error) @ http://localhost:3000/api/stocks/indicator?symbol=AAPL&resolution=D&from=1776150355&to=1778742355&indicator=rsi&timeperiod=14:0
[  676691ms] [ERROR] Failed to load resource: the server responded with a status of 500 (Internal Server Error) @ http://localhost:3000/api/stocks/indicator?symbol=AAPL&resolution=D&from=1776150357&to=1778742357&indicator=rsi&timeperiod=14:0
[  676695ms] [ERROR] Failed to load resource: the server responded with a status of 500 (Internal Server Error) @ http://localhost:3000/api/stocks/indicator?symbol=AAPL&resolution=D&from=1776150357&to=1778742357&indicator=sma&timeperiod=20:0
[  676707ms] [ERROR] Failed to load resource: the server responded with a status of 500 (Internal Server Error) @ http://localhost:3000/api/stocks/indicator?symbol=AAPL&resolution=D&from=1776150357&to=1778742357&indicator=sma&timeperiod=50:0
[  676768ms] [ERROR] Failed to load resource: the server responded with a status of 500 (Internal Server Error) @ http://localhost:3000/api/stocks/candle?symbol=AAPL&resolution=D&from=1776150355&to=1778742355:0
[  677066ms] [ERROR] Failed to load resource: the server responded with a status of 500 (Internal Server Error) @ http://localhost:3000/api/stocks/candle?symbol=AAPL&resolution=D&from=1776150357&to=1778742357:0
[  678001ms] [ERROR] Failed to load resource: the server responded with a status of 500 (Internal Server Error) @ http://localhost:3000/api/stocks/indicator?symbol=AAPL&resolution=D&from=1776150357&to=1778742357&indicator=rsi&timeperiod=14:0
[  678007ms] [ERROR] Failed to load resource: the server responded with a status of 500 (Internal Server Error) @ http://localhost:3000/api/stocks/indicator?symbol=AAPL&resolution=D&from=1776150357&to=1778742357&indicator=sma&timeperiod=20:0
[  678009ms] [ERROR] Failed to load resource: the server responded with a status of 500 (Internal Server Error) @ http://localhost:3000/api/stocks/indicator?symbol=AAPL&resolution=D&from=1776150357&to=1778742357&indicator=sma&timeperiod=50:0
[  678301ms] [ERROR] Failed to load resource: the server responded with a status of 500 (Internal Server Error) @ http://localhost:3000/api/stocks/indicator?symbol=AAPL&resolution=D&from=1776150358&to=1778742358&indicator=sma&timeperiod=50:0
[  678308ms] [ERROR] Failed to load resource: the server responded with a status of 500 (Internal Server Error) @ http://localhost:3000/api/stocks/indicator?symbol=AAPL&resolution=D&from=1776150358&to=1778742358&indicator=sma&timeperiod=20:0
[  678311ms] [ERROR] Failed to load resource: the server responded with a status of 500 (Internal Server Error) @ http://localhost:3000/api/stocks/indicator?symbol=AAPL&resolution=D&from=1776150358&to=1778742358&indicator=rsi&timeperiod=14:0
[  678368ms] [ERROR] Failed to load resource: the server responded with a status of 500 (Internal Server Error) @ http://localhost:3000/api/stocks/candle?symbol=AAPL&resolution=D&from=1776150357&to=1778742357:0
[  678663ms] [ERROR] Failed to load resource: the server responded with a status of 500 (Internal Server Error) @ http://localhost:3000/api/stocks/candle?symbol=AAPL&resolution=D&from=1776150359&to=1778742359:0
[  679605ms] [ERROR] Failed to load resource: the server responded with a status of 500 (Internal Server Error) @ http://localhost:3000/api/stocks/indicator?symbol=AAPL&resolution=D&from=1776150358&to=1778742358&indicator=sma&timeperiod=50:0
[  679624ms] [ERROR] Failed to load resource: the server responded with a status of 500 (Internal Server Error) @ http://localhost:3000/api/stocks/indicator?symbol=AAPL&resolution=D&from=1776150358&to=1778742358&indicator=rsi&timeperiod=14:0
[  679626ms] [ERROR] Failed to load resource: the server responded with a status of 500 (Internal Server Error) @ http://localhost:3000/api/stocks/indicator?symbol=AAPL&resolution=D&from=1776150358&to=1778742358&indicator=sma&timeperiod=20:0
[  679712ms] [LOG] [Fast Refresh] rebuilding @ http://localhost:3000/_next/static/chunks/node_modules_next_dist_115brz8._.js:2431
[  679713ms] [LOG] [Fast Refresh] done in 101ms @ http://localhost:3000/_next/static/chunks/node_modules_next_dist_115brz8._.js:2431
[  680158ms] [ERROR] Failed to load resource: the server responded with a status of 500 (Internal Server Error) @ http://localhost:3000/api/stocks/indicator?symbol=AAPL&resolution=D&from=1776150360&to=1778742360&indicator=rsi&timeperiod=14:0
[  680161ms] [ERROR] Failed to load resource: the server responded with a status of 500 (Internal Server Error) @ http://localhost:3000/api/stocks/indicator?symbol=AAPL&resolution=D&from=1776150360&to=1778742360&indicator=sma&timeperiod=20:0
[  680246ms] [ERROR] Failed to load resource: the server responded with a status of 500 (Internal Server Error) @ http://localhost:3000/api/stocks/candle?symbol=AAPL&resolution=D&from=1776150359&to=1778742359:0
[  680397ms] [ERROR] Failed to load resource: the server responded with a status of 500 (Internal Server Error) @ http://localhost:3000/api/stocks/indicator?symbol=AAPL&resolution=D&from=1776150360&to=1778742360&indicator=sma&timeperiod=50:0
[  680597ms] [ERROR] Failed to load resource: the server responded with a status of 500 (Internal Server Error) @ http://localhost:3000/api/stocks/candle?symbol=AAPL&resolution=D&from=1776150361&to=1778742361:0
[  681457ms] [ERROR] Failed to load resource: the server responded with a status of 500 (Internal Server Error) @ http://localhost:3000/api/stocks/indicator?symbol=AAPL&resolution=D&from=1776150360&to=1778742360&indicator=sma&timeperiod=20:0
[  681461ms] [ERROR] Failed to load resource: the server responded with a status of 500 (Internal Server Error) @ http://localhost:3000/api/stocks/indicator?symbol=AAPL&resolution=D&from=1776150360&to=1778742360&indicator=rsi&timeperiod=14:0
[  681684ms] [ERROR] Failed to load resource: the server responded with a status of 500 (Internal Server Error) @ http://localhost:3000/api/stocks/indicator?symbol=AAPL&resolution=D&from=1776150360&to=1778742360&indicator=sma&timeperiod=50:0
[  681758ms] [ERROR] Failed to load resource: the server responded with a status of 500 (Internal Server Error) @ http://localhost:3000/api/stocks/indicator?symbol=AAPL&resolution=D&from=1776150362&to=1778742362&indicator=sma&timeperiod=20:0
[  681760ms] [ERROR] Failed to load resource: the server responded with a status of 500 (Internal Server Error) @ http://localhost:3000/api/stocks/indicator?symbol=AAPL&resolution=D&from=1776150362&to=1778742362&indicator=rsi&timeperiod=14:0
[  681768ms] [ERROR] Failed to load resource: the server responded with a status of 500 (Internal Server Error) @ http://localhost:3000/api/stocks/indicator?symbol=AAPL&resolution=D&from=1776150362&to=1778742362&indicator=sma&timeperiod=50:0
[  681998ms] [ERROR] Failed to load resource: the server responded with a status of 500 (Internal Server Error) @ http://localhost:3000/api/stocks/candle?symbol=AAPL&resolution=D&from=1776150361&to=1778742361:0
[  682286ms] [ERROR] Failed to load resource: the server responded with a status of 500 (Internal Server Error) @ http://localhost:3000/api/stocks/candle?symbol=AAPL&resolution=D&from=1776150362&to=1778742362:0
[  682964ms] [LOG] [Fast Refresh] rebuilding @ http://localhost:3000/_next/static/chunks/node_modules_next_dist_115brz8._.js:2431
[  683072ms] [ERROR] Failed to load resource: the server responded with a status of 500 (Internal Server Error) @ http://localhost:3000/api/stocks/indicator?symbol=AAPL&resolution=D&from=1776150362&to=1778742362&indicator=sma&timeperiod=20:0
[  683077ms] [ERROR] Failed to load resource: the server responded with a status of 500 (Internal Server Error) @ http://localhost:3000/api/stocks/indicator?symbol=AAPL&resolution=D&from=1776150362&to=1778742362&indicator=sma&timeperiod=50:0
[  683079ms] [ERROR] Failed to load resource: the server responded with a status of 500 (Internal Server Error) @ http://localhost:3000/api/stocks/indicator?symbol=AAPL&resolution=D&from=1776150362&to=1778742362&indicator=rsi&timeperiod=14:0
[  683592ms] [LOG] [Fast Refresh] done in 740ms @ http://localhost:3000/_next/static/chunks/node_modules_next_dist_115brz8._.js:2431
[  683595ms] [ERROR] Failed to load resource: the server responded with a status of 500 (Internal Server Error) @ http://localhost:3000/api/stocks/indicator?symbol=AAPL&resolution=D&from=1776150363&to=1778742363&indicator=sma&timeperiod=20:0
[  683597ms] [ERROR] Failed to load resource: the server responded with a status of 500 (Internal Server Error) @ http://localhost:3000/api/stocks/indicator?symbol=AAPL&resolution=D&from=1776150363&to=1778742363&indicator=rsi&timeperiod=14:0
[  683599ms] [ERROR] Failed to load resource: the server responded with a status of 500 (Internal Server Error) @ http://localhost:3000/api/stocks/indicator?symbol=AAPL&resolution=D&from=1776150363&to=1778742363&indicator=sma&timeperiod=50:0
[  683714ms] [LOG] [Fast Refresh] rebuilding @ http://localhost:3000/_next/static/chunks/node_modules_next_dist_115brz8._.js:2431
[  683844ms] [LOG] [Fast Refresh] done in 238ms @ http://localhost:3000/_next/static/chunks/node_modules_next_dist_115brz8._.js:2431
[  683955ms] [LOG] [Fast Refresh] rebuilding @ http://localhost:3000/_next/static/chunks/node_modules_next_dist_115brz8._.js:2431
[  683967ms] [LOG] [Fast Refresh] done in 113ms @ http://localhost:3000/_next/static/chunks/node_modules_next_dist_115brz8._.js:2431
[  684496ms] [WARNING] The width(-1) and height(-1) of chart should be greater than 0,
       please check the style of container, or the props width(100%) and height(100%),
       or add a minWidth(0) or minHeight(undefined) or use aspect(undefined) to control the
       height and width. @ http://localhost:3000/_next/static/chunks/node_modules_next_dist_115brz8._.js:2431
[  684497ms] [WARNING] The width(-1) and height(-1) of chart should be greater than 0,
       please check the style of container, or the props width(100%) and height(100%),
       or add a minWidth(0) or minHeight(undefined) or use aspect(undefined) to control the
       height and width. @ http://localhost:3000/_next/static/chunks/node_modules_next_dist_115brz8._.js:2431
[  684498ms] [WARNING] The width(-1) and height(-1) of chart should be greater than 0,
       please check the style of container, or the props width(100%) and height(100%),
       or add a minWidth(0) or minHeight(undefined) or use aspect(undefined) to control the
       height and width. @ http://localhost:3000/_next/static/chunks/node_modules_next_dist_115brz8._.js:2431
[  684498ms] [WARNING] The width(-1) and height(-1) of chart should be greater than 0,
       please check the style of container, or the props width(100%) and height(100%),
       or add a minWidth(0) or minHeight(undefined) or use aspect(undefined) to control the
       height and width. @ http://localhost:3000/_next/static/chunks/node_modules_next_dist_115brz8._.js:2431
[  684812ms] [ERROR] Failed to load resource: the server responded with a status of 500 (Internal Server Error) @ http://localhost:3000/api/stocks/indicator?symbol=AAPL&resolution=D&from=1776150365&to=1778742365&indicator=rsi&timeperiod=14:0
[  684823ms] [ERROR] Failed to load resource: the server responded with a status of 500 (Internal Server Error) @ http://localhost:3000/api/stocks/indicator?symbol=AAPL&resolution=D&from=1776150365&to=1778742365&indicator=sma&timeperiod=20:0
[  684828ms] [ERROR] Failed to load resource: the server responded with a status of 500 (Internal Server Error) @ http://localhost:3000/api/stocks/indicator?symbol=AAPL&resolution=D&from=1776150365&to=1778742365&indicator=sma&timeperiod=50:0
[  684872ms] [LOG] [Fast Refresh] rebuilding @ http://localhost:3000/_next/static/chunks/node_modules_next_dist_115brz8._.js:2431
[  684888ms] [LOG] [Fast Refresh] done in 121ms @ http://localhost:3000/_next/static/chunks/node_modules_next_dist_115brz8._.js:2431
[  686149ms] [ERROR] Failed to load resource: the server responded with a status of 500 (Internal Server Error) @ http://localhost:3000/api/stocks/indicator?symbol=AAPL&resolution=D&from=1776150365&to=1778742365&indicator=rsi&timeperiod=14:0
[  686156ms] [ERROR] Failed to load resource: the server responded with a status of 500 (Internal Server Error) @ http://localhost:3000/api/stocks/indicator?symbol=AAPL&resolution=D&from=1776150365&to=1778742365&indicator=sma&timeperiod=50:0
[  686180ms] [ERROR] Failed to load resource: the server responded with a status of 500 (Internal Server Error) @ http://localhost:3000/api/stocks/indicator?symbol=AAPL&resolution=D&from=1776150365&to=1778742365&indicator=sma&timeperiod=20:0
[  686459ms] [ERROR] Failed to load resource: the server responded with a status of 500 (Internal Server Error) @ http://localhost:3000/api/stocks/indicator?symbol=AAPL&resolution=D&from=1776150366&to=1778742366&indicator=sma&timeperiod=20:0
[  686475ms] [ERROR] Failed to load resource: the server responded with a status of 500 (Internal Server Error) @ http://localhost:3000/api/stocks/indicator?symbol=AAPL&resolution=D&from=1776150366&to=1778742366&indicator=rsi&timeperiod=14:0
[  686483ms] [ERROR] Failed to load resource: the server responded with a status of 500 (Internal Server Error) @ http://localhost:3000/api/stocks/indicator?symbol=AAPL&resolution=D&from=1776150366&to=1778742366&indicator=sma&timeperiod=50:0
[  687764ms] [ERROR] Failed to load resource: the server responded with a status of 500 (Internal Server Error) @ http://localhost:3000/api/stocks/indicator?symbol=AAPL&resolution=D&from=1776150366&to=1778742366&indicator=sma&timeperiod=20:0
[  687786ms] [ERROR] Failed to load resource: the server responded with a status of 500 (Internal Server Error) @ http://localhost:3000/api/stocks/indicator?symbol=AAPL&resolution=D&from=1776150366&to=1778742366&indicator=rsi&timeperiod=14:0
[  687792ms] [ERROR] Failed to load resource: the server responded with a status of 500 (Internal Server Error) @ http://localhost:3000/api/stocks/indicator?symbol=AAPL&resolution=D&from=1776150366&to=1778742366&indicator=sma&timeperiod=50:0
[  688061ms] [ERROR] Failed to load resource: the server responded with a status of 500 (Internal Server Error) @ http://localhost:3000/api/stocks/indicator?symbol=AAPL&resolution=D&from=1776150368&to=1778742368&indicator=rsi&timeperiod=14:0
[  688076ms] [ERROR] Failed to load resource: the server responded with a status of 500 (Internal Server Error) @ http://localhost:3000/api/stocks/indicator?symbol=AAPL&resolution=D&from=1776150368&to=1778742368&indicator=sma&timeperiod=50:0
[  688163ms] [ERROR] Failed to load resource: the server responded with a status of 500 (Internal Server Error) @ http://localhost:3000/api/stocks/indicator?symbol=AAPL&resolution=D&from=1776150368&to=1778742368&indicator=sma&timeperiod=20:0
[  689363ms] [ERROR] Failed to load resource: the server responded with a status of 500 (Internal Server Error) @ http://localhost:3000/api/stocks/indicator?symbol=AAPL&resolution=D&from=1776150368&to=1778742368&indicator=rsi&timeperiod=14:0
[  689378ms] [ERROR] Failed to load resource: the server responded with a status of 500 (Internal Server Error) @ http://localhost:3000/api/stocks/indicator?symbol=AAPL&resolution=D&from=1776150368&to=1778742368&indicator=sma&timeperiod=50:0
[  689528ms] [ERROR] Failed to load resource: the server responded with a status of 500 (Internal Server Error) @ http://localhost:3000/api/stocks/indicator?symbol=AAPL&resolution=D&from=1776150368&to=1778742368&indicator=sma&timeperiod=20:0
[  689682ms] [ERROR] Failed to load resource: the server responded with a status of 500 (Internal Server Error) @ http://localhost:3000/api/stocks/indicator?symbol=AAPL&resolution=D&from=1776150370&to=1778742370&indicator=rsi&timeperiod=14:0
[  689689ms] [ERROR] Failed to load resource: the server responded with a status of 500 (Internal Server Error) @ http://localhost:3000/api/stocks/indicator?symbol=AAPL&resolution=D&from=1776150370&to=1778742370&indicator=sma&timeperiod=20:0
[  689696ms] [ERROR] Failed to load resource: the server responded with a status of 500 (Internal Server Error) @ http://localhost:3000/api/stocks/indicator?symbol=AAPL&resolution=D&from=1776150370&to=1778742370&indicator=sma&timeperiod=50:0
[  690979ms] [ERROR] Failed to load resource: the server responded with a status of 500 (Internal Server Error) @ http://localhost:3000/api/stocks/indicator?symbol=AAPL&resolution=D&from=1776150370&to=1778742370&indicator=rsi&timeperiod=14:0
[  690985ms] [ERROR] Failed to load resource: the server responded with a status of 500 (Internal Server Error) @ http://localhost:3000/api/stocks/indicator?symbol=AAPL&resolution=D&from=1776150370&to=1778742370&indicator=sma&timeperiod=20:0
[  690989ms] [ERROR] Failed to load resource: the server responded with a status of 500 (Internal Server Error) @ http://localhost:3000/api/stocks/indicator?symbol=AAPL&resolution=D&from=1776150370&to=1778742370&indicator=sma&timeperiod=50:0
[  691291ms] [ERROR] Failed to load resource: the server responded with a status of 500 (Internal Server Error) @ http://localhost:3000/api/stocks/indicator?symbol=AAPL&resolution=D&from=1776150371&to=1778742371&indicator=rsi&timeperiod=14:0
[  691295ms] [ERROR] Failed to load resource: the server responded with a status of 500 (Internal Server Error) @ http://localhost:3000/api/stocks/indicator?symbol=AAPL&resolution=D&from=1776150371&to=1778742371&indicator=sma&timeperiod=50:0
[  691300ms] [ERROR] Failed to load resource: the server responded with a status of 500 (Internal Server Error) @ http://localhost:3000/api/stocks/indicator?symbol=AAPL&resolution=D&from=1776150371&to=1778742371&indicator=sma&timeperiod=20:0
[  692604ms] [ERROR] Failed to load resource: the server responded with a status of 500 (Internal Server Error) @ http://localhost:3000/api/stocks/indicator?symbol=AAPL&resolution=D&from=1776150371&to=1778742371&indicator=sma&timeperiod=50:0
[  692609ms] [ERROR] Failed to load resource: the server responded with a status of 500 (Internal Server Error) @ http://localhost:3000/api/stocks/indicator?symbol=AAPL&resolution=D&from=1776150371&to=1778742371&indicator=sma&timeperiod=20:0
[  692624ms] [ERROR] Failed to load resource: the server responded with a status of 500 (Internal Server Error) @ http://localhost:3000/api/stocks/indicator?symbol=AAPL&resolution=D&from=1776150371&to=1778742371&indicator=rsi&timeperiod=14:0
[  692901ms] [ERROR] Failed to load resource: the server responded with a status of 500 (Internal Server Error) @ http://localhost:3000/api/stocks/indicator?symbol=AAPL&resolution=D&from=1776150373&to=1778742373&indicator=sma&timeperiod=20:0
[  692925ms] [ERROR] Failed to load resource: the server responded with a status of 500 (Internal Server Error) @ http://localhost:3000/api/stocks/indicator?symbol=AAPL&resolution=D&from=1776150373&to=1778742373&indicator=sma&timeperiod=50:0
[  692928ms] [ERROR] Failed to load resource: the server responded with a status of 500 (Internal Server Error) @ http://localhost:3000/api/stocks/indicator?symbol=AAPL&resolution=D&from=1776150373&to=1778742373&indicator=rsi&timeperiod=14:0
[  694222ms] [ERROR] Failed to load resource: the server responded with a status of 500 (Internal Server Error) @ http://localhost:3000/api/stocks/indicator?symbol=AAPL&resolution=D&from=1776150373&to=1778742373&indicator=sma&timeperiod=20:0
[  694229ms] [ERROR] Failed to load resource: the server responded with a status of 500 (Internal Server Error) @ http://localhost:3000/api/stocks/indicator?symbol=AAPL&resolution=D&from=1776150373&to=1778742373&indicator=rsi&timeperiod=14:0
[  694528ms] [ERROR] Failed to load resource: the server responded with a status of 500 (Internal Server Error) @ http://localhost:3000/api/stocks/indicator?symbol=AAPL&resolution=D&from=1776150375&to=1778742375&indicator=sma&timeperiod=20:0
[  694535ms] [ERROR] Failed to load resource: the server responded with a status of 500 (Internal Server Error) @ http://localhost:3000/api/stocks/indicator?symbol=AAPL&resolution=D&from=1776150375&to=1778742375&indicator=sma&timeperiod=50:0
[  694587ms] [ERROR] Failed to load resource: the server responded with a status of 500 (Internal Server Error) @ http://localhost:3000/api/stocks/indicator?symbol=AAPL&resolution=D&from=1776150375&to=1778742375&indicator=rsi&timeperiod=14:0
[  694678ms] [ERROR] Failed to load resource: the server responded with a status of 500 (Internal Server Error) @ http://localhost:3000/api/stocks/indicator?symbol=AAPL&resolution=D&from=1776150373&to=1778742373&indicator=sma&timeperiod=50:0
[  695698ms] [LOG] [Fast Refresh] rebuilding @ http://localhost:3000/_next/static/chunks/node_modules_next_dist_115brz8._.js:2431
[  695828ms] [ERROR] Failed to load resource: the server responded with a status of 500 (Internal Server Error) @ http://localhost:3000/api/stocks/indicator?symbol=AAPL&resolution=D&from=1776150375&to=1778742375&indicator=sma&timeperiod=20:0
[  696118ms] [ERROR] Failed to load resource: the server responded with a status of 500 (Internal Server Error) @ http://localhost:3000/api/stocks/indicator?symbol=AAPL&resolution=D&from=1776150375&to=1778742375&indicator=sma&timeperiod=50:0
[  696348ms] [LOG] [Fast Refresh] done in 713ms @ http://localhost:3000/_next/static/chunks/node_modules_next_dist_115brz8._.js:2431
[  696467ms] [LOG] [Fast Refresh] rebuilding @ http://localhost:3000/_next/static/chunks/node_modules_next_dist_115brz8._.js:2431
[  696535ms] [LOG] [Fast Refresh] done in 171ms @ http://localhost:3000/_next/static/chunks/node_modules_next_dist_115brz8._.js:2431
[  696811ms] [LOG] [Fast Refresh] rebuilding @ http://localhost:3000/_next/static/chunks/node_modules_next_dist_115brz8._.js:2431
[  696825ms] [LOG] [Fast Refresh] done in 124ms @ http://localhost:3000/_next/static/chunks/node_modules_next_dist_115brz8._.js:2431
[  697574ms] [WARNING] The width(-1) and height(-1) of chart should be greater than 0,
       please check the style of container, or the props width(100%) and height(100%),
       or add a minWidth(0) or minHeight(undefined) or use aspect(undefined) to control the
       height and width. @ http://localhost:3000/_next/static/chunks/node_modules_next_dist_115brz8._.js:2431
[  697575ms] [WARNING] The width(-1) and height(-1) of chart should be greater than 0,
       please check the style of container, or the props width(100%) and height(100%),
       or add a minWidth(0) or minHeight(undefined) or use aspect(undefined) to control the
       height and width. @ http://localhost:3000/_next/static/chunks/node_modules_next_dist_115brz8._.js:2431
[  697575ms] [WARNING] The width(-1) and height(-1) of chart should be greater than 0,
       please check the style of container, or the props width(100%) and height(100%),
       or add a minWidth(0) or minHeight(undefined) or use aspect(undefined) to control the
       height and width. @ http://localhost:3000/_next/static/chunks/node_modules_next_dist_115brz8._.js:2431
[  697575ms] [WARNING] The width(-1) and height(-1) of chart should be greater than 0,
       please check the style of container, or the props width(100%) and height(100%),
       or add a minWidth(0) or minHeight(undefined) or use aspect(undefined) to control the
       height and width. @ http://localhost:3000/_next/static/chunks/node_modules_next_dist_115brz8._.js:2431
[  697653ms] [WARNING] The width(-1) and height(-1) of chart should be greater than 0,
       please check the style of container, or the props width(100%) and height(100%),
       or add a minWidth(0) or minHeight(undefined) or use aspect(undefined) to control the
       height and width. @ http://localhost:3000/_next/static/chunks/node_modules_next_dist_115brz8._.js:2431
[  697653ms] [WARNING] The width(-1) and height(-1) of chart should be greater than 0,
       please check the style of container, or the props width(100%) and height(100%),
       or add a minWidth(0) or minHeight(undefined) or use aspect(undefined) to control the
       height and width. @ http://localhost:3000/_next/static/chunks/node_modules_next_dist_115brz8._.js:2431
[  697653ms] [WARNING] The width(-1) and height(-1) of chart should be greater than 0,
       please check the style of container, or the props width(100%) and height(100%),
       or add a minWidth(0) or minHeight(undefined) or use aspect(undefined) to control the
       height and width. @ http://localhost:3000/_next/static/chunks/node_modules_next_dist_115brz8._.js:2431
[  697653ms] [WARNING] The width(-1) and height(-1) of chart should be greater than 0,
       please check the style of container, or the props width(100%) and height(100%),
       or add a minWidth(0) or minHeight(undefined) or use aspect(undefined) to control the
       height and width. @ http://localhost:3000/_next/static/chunks/node_modules_next_dist_115brz8._.js:2431
[  732777ms] [LOG] [Fast Refresh] rebuilding @ http://localhost:3000/_next/static/chunks/node_modules_next_dist_115brz8._.js:2431
[  732798ms] [LOG] [Fast Refresh] done in 122ms @ http://localhost:3000/_next/static/chunks/node_modules_next_dist_115brz8._.js:2431
[  771117ms] [LOG] [Fast Refresh] rebuilding @ http://localhost:3000/_next/static/chunks/node_modules_next_dist_115brz8._.js:2431
[  771429ms] [LOG] [Fast Refresh] done in 399ms @ http://localhost:3000/_next/static/chunks/node_modules_next_dist_115brz8._.js:2431
[  771658ms] [LOG] [Fast Refresh] rebuilding @ http://localhost:3000/_next/static/chunks/node_modules_next_dist_115brz8._.js:2431
[  771686ms] [LOG] [Fast Refresh] done in 134ms @ http://localhost:3000/_next/static/chunks/node_modules_next_dist_115brz8._.js:2431
[  771790ms] [LOG] [Fast Refresh] rebuilding @ http://localhost:3000/_next/static/chunks/node_modules_next_dist_115brz8._.js:2431
[  771791ms] [LOG] [Fast Refresh] done in 105ms @ http://localhost:3000/_next/static/chunks/node_modules_next_dist_115brz8._.js:2431
[  771898ms] [LOG] [Fast Refresh] rebuilding @ http://localhost:3000/_next/static/chunks/node_modules_next_dist_115brz8._.js:2431
[  772007ms] [LOG] [Fast Refresh] done in 216ms @ http://localhost:3000/_next/static/chunks/node_modules_next_dist_115brz8._.js:2431
[  772242ms] [LOG] [Fast Refresh] rebuilding @ http://localhost:3000/_next/static/chunks/node_modules_next_dist_115brz8._.js:2431
[  772274ms] [LOG] [Fast Refresh] done in 138ms @ http://localhost:3000/_next/static/chunks/node_modules_next_dist_115brz8._.js:2431
[  772524ms] [LOG] [Fast Refresh] rebuilding @ http://localhost:3000/_next/static/chunks/node_modules_next_dist_115brz8._.js:2431
[  772525ms] [LOG] [Fast Refresh] done in 103ms @ http://localhost:3000/_next/static/chunks/node_modules_next_dist_115brz8._.js:2431
[  772738ms] [LOG] [Fast Refresh] rebuilding @ http://localhost:3000/_next/static/chunks/node_modules_next_dist_115brz8._.js:2431
[  772772ms] [LOG] [Fast Refresh] done in 139ms @ http://localhost:3000/_next/static/chunks/node_modules_next_dist_115brz8._.js:2431
[  773024ms] [LOG] [Fast Refresh] rebuilding @ http://localhost:3000/_next/static/chunks/node_modules_next_dist_115brz8._.js:2431
[  773065ms] [LOG] [Fast Refresh] done in 150ms @ http://localhost:3000/_next/static/chunks/node_modules_next_dist_115brz8._.js:2431
[  773173ms] [LOG] [Fast Refresh] rebuilding @ http://localhost:3000/_next/static/chunks/node_modules_next_dist_115brz8._.js:2431
[  773262ms] [LOG] [Fast Refresh] done in 195ms @ http://localhost:3000/_next/static/chunks/node_modules_next_dist_115brz8._.js:2431
[  773504ms] [LOG] [Fast Refresh] rebuilding @ http://localhost:3000/_next/static/chunks/node_modules_next_dist_115brz8._.js:2431
[  773515ms] [LOG] [Fast Refresh] done in 111ms @ http://localhost:3000/_next/static/chunks/node_modules_next_dist_115brz8._.js:2431
[  774058ms] [LOG] [Fast Refresh] rebuilding @ http://localhost:3000/_next/static/chunks/node_modules_next_dist_115brz8._.js:2431
[  774064ms] [LOG] [Fast Refresh] done in 111ms @ http://localhost:3000/_next/static/chunks/node_modules_next_dist_115brz8._.js:2431
[  774179ms] [LOG] [Fast Refresh] rebuilding @ http://localhost:3000/_next/static/chunks/node_modules_next_dist_115brz8._.js:2431
[  774185ms] [LOG] [Fast Refresh] done in 113ms @ http://localhost:3000/_next/static/chunks/node_modules_next_dist_115brz8._.js:2431
[  774419ms] [LOG] [Fast Refresh] rebuilding @ http://localhost:3000/_next/static/chunks/node_modules_next_dist_115brz8._.js:2431
[  774426ms] [LOG] [Fast Refresh] done in 107ms @ http://localhost:3000/_next/static/chunks/node_modules_next_dist_115brz8._.js:2431
[  774569ms] [LOG] [Fast Refresh] rebuilding @ http://localhost:3000/_next/static/chunks/node_modules_next_dist_115brz8._.js:2431
[  774570ms] [LOG] [Fast Refresh] done in 115ms @ http://localhost:3000/_next/static/chunks/node_modules_next_dist_115brz8._.js:2431
[  774689ms] [LOG] [Fast Refresh] rebuilding @ http://localhost:3000/_next/static/chunks/node_modules_next_dist_115brz8._.js:2431
[  774694ms] [LOG] [Fast Refresh] done in 113ms @ http://localhost:3000/_next/static/chunks/node_modules_next_dist_115brz8._.js:2431
[  775080ms] [LOG] [Fast Refresh] rebuilding @ http://localhost:3000/_next/static/chunks/node_modules_next_dist_115brz8._.js:2431
[  775123ms] [LOG] [Fast Refresh] done in 156ms @ http://localhost:3000/_next/static/chunks/node_modules_next_dist_115brz8._.js:2431
[  775654ms] [LOG] [Fast Refresh] rebuilding @ http://localhost:3000/_next/static/chunks/node_modules_next_dist_115brz8._.js:2431
[  775658ms] [LOG] [Fast Refresh] done in 109ms @ http://localhost:3000/_next/static/chunks/node_modules_next_dist_115brz8._.js:2431
[  776890ms] [WARNING] The width(-1) and height(-1) of chart should be greater than 0,
       please check the style of container, or the props width(100%) and height(100%),
       or add a minWidth(0) or minHeight(undefined) or use aspect(undefined) to control the
       height and width. @ http://localhost:3000/_next/static/chunks/node_modules_next_dist_115brz8._.js:2431
[  776890ms] [WARNING] The width(-1) and height(-1) of chart should be greater than 0,
       please check the style of container, or the props width(100%) and height(100%),
       or add a minWidth(0) or minHeight(undefined) or use aspect(undefined) to control the
       height and width. @ http://localhost:3000/_next/static/chunks/node_modules_next_dist_115brz8._.js:2431
[  776891ms] [WARNING] The width(-1) and height(-1) of chart should be greater than 0,
       please check the style of container, or the props width(100%) and height(100%),
       or add a minWidth(0) or minHeight(undefined) or use aspect(undefined) to control the
       height and width. @ http://localhost:3000/_next/static/chunks/node_modules_next_dist_115brz8._.js:2431
[  776891ms] [WARNING] The width(-1) and height(-1) of chart should be greater than 0,
       please check the style of container, or the props width(100%) and height(100%),
       or add a minWidth(0) or minHeight(undefined) or use aspect(undefined) to control the
       height and width. @ http://localhost:3000/_next/static/chunks/node_modules_next_dist_115brz8._.js:2431
[  777012ms] [WARNING] The width(-1) and height(-1) of chart should be greater than 0,
       please check the style of container, or the props width(100%) and height(100%),
       or add a minWidth(0) or minHeight(undefined) or use aspect(undefined) to control the
       height and width. @ http://localhost:3000/_next/static/chunks/node_modules_next_dist_115brz8._.js:2431
[  777012ms] [WARNING] The width(-1) and height(-1) of chart should be greater than 0,
       please check the style of container, or the props width(100%) and height(100%),
       or add a minWidth(0) or minHeight(undefined) or use aspect(undefined) to control the
       height and width. @ http://localhost:3000/_next/static/chunks/node_modules_next_dist_115brz8._.js:2431
[  777013ms] [WARNING] The width(-1) and height(-1) of chart should be greater than 0,
       please check the style of container, or the props width(100%) and height(100%),
       or add a minWidth(0) or minHeight(undefined) or use aspect(undefined) to control the
       height and width. @ http://localhost:3000/_next/static/chunks/node_modules_next_dist_115brz8._.js:2431
[  777013ms] [WARNING] The width(-1) and height(-1) of chart should be greater than 0,
       please check the style of container, or the props width(100%) and height(100%),
       or add a minWidth(0) or minHeight(undefined) or use aspect(undefined) to control the
       height and width. @ http://localhost:3000/_next/static/chunks/node_modules_next_dist_115brz8._.js:2431
[  788902ms] [LOG] [Fast Refresh] rebuilding @ http://localhost:3000/_next/static/chunks/node_modules_next_dist_115brz8._.js:2431
[  788917ms] [LOG] [Fast Refresh] done in 116ms @ http://localhost:3000/_next/static/chunks/node_modules_next_dist_115brz8._.js:2431
[ 6655946ms] [LOG] [Fast Refresh] rebuilding @ http://localhost:3000/_next/static/chunks/node_modules_next_dist_115brz8._.js:2431
[ 6656007ms] [LOG] [Fast Refresh] done in 164ms @ http://localhost:3000/_next/static/chunks/node_modules_next_dist_115brz8._.js:2431
[ 6656637ms] [LOG] [Fast Refresh] rebuilding @ http://localhost:3000/_next/static/chunks/node_modules_next_dist_115brz8._.js:2431
[ 6656813ms] [LOG] [Fast Refresh] done in 279ms @ http://localhost:3000/_next/static/chunks/node_modules_next_dist_115brz8._.js:2431
