[     120ms] [LOG] [Fast Refresh] rebuilding @ http://localhost:3000/_next/static/chunks/node_modules_next_dist_115brz8._.js:2431
[     374ms] [LOG] [Fast Refresh] done in 364ms @ http://localhost:3000/_next/static/chunks/node_modules_next_dist_115brz8._.js:2431
[     460ms] [INFO] %cDownload the React DevTools for a better development experience: https://react.dev/link/react-devtools font-weight:bold @ http://localhost:3000/_next/static/chunks/node_modules_next_dist_115brz8._.js:2431
[     499ms] [LOG] [HMR] connected @ http://localhost:3000/_next/static/chunks/node_modules_next_dist_115brz8._.js:2431
[     704ms] [LOG] [Fast Refresh] rebuilding @ http://localhost:3000/_next/static/chunks/node_modules_next_dist_115brz8._.js:2431
[     772ms] [LOG] [Fast Refresh] done in 172ms @ http://localhost:3000/_next/static/chunks/node_modules_next_dist_115brz8._.js:2431
[    1641ms] [WARNING] The width(-1) and height(-1) of chart should be greater than 0,
       please check the style of container, or the props width(100%) and height(100%),
       or add a minWidth(0) or minHeight(undefined) or use aspect(undefined) to control the
       height and width. @ http://localhost:3000/_next/static/chunks/node_modules_next_dist_115brz8._.js:2431
[    1642ms] [WARNING] The width(-1) and height(-1) of chart should be greater than 0,
       please check the style of container, or the props width(100%) and height(100%),
       or add a minWidth(0) or minHeight(undefined) or use aspect(undefined) to control the
       height and width. @ http://localhost:3000/_next/static/chunks/node_modules_next_dist_115brz8._.js:2431
[    1642ms] [WARNING] The width(-1) and height(-1) of chart should be greater than 0,
       please check the style of container, or the props width(100%) and height(100%),
       or add a minWidth(0) or minHeight(undefined) or use aspect(undefined) to control the
       height and width. @ http://localhost:3000/_next/static/chunks/node_modules_next_dist_115brz8._.js:2431
[    1643ms] [WARNING] The width(-1) and height(-1) of chart should be greater than 0,
       please check the style of container, or the props width(100%) and height(100%),
       or add a minWidth(0) or minHeight(undefined) or use aspect(undefined) to control the
       height and width. @ http://localhost:3000/_next/static/chunks/node_modules_next_dist_115brz8._.js:2431
[    1862ms] [WARNING] The width(-1) and height(-1) of chart should be greater than 0,
       please check the style of container, or the props width(100%) and height(100%),
       or add a minWidth(0) or minHeight(undefined) or use aspect(undefined) to control the
       height and width. @ http://localhost:3000/_next/static/chunks/node_modules_next_dist_115brz8._.js:2431
[    1862ms] [WARNING] The width(-1) and height(-1) of chart should be greater than 0,
       please check the style of container, or the props width(100%) and height(100%),
       or add a minWidth(0) or minHeight(undefined) or use aspect(undefined) to control the
       height and width. @ http://localhost:3000/_next/static/chunks/node_modules_next_dist_115brz8._.js:2431
[    1863ms] [WARNING] The width(-1) and height(-1) of chart should be greater than 0,
       please check the style of container, or the props width(100%) and height(100%),
       or add a minWidth(0) or minHeight(undefined) or use aspect(undefined) to control the
       height and width. @ http://localhost:3000/_next/static/chunks/node_modules_next_dist_115brz8._.js:2431
[    1863ms] [WARNING] The width(-1) and height(-1) of chart should be greater than 0,
       please check the style of container, or the props width(100%) and height(100%),
       or add a minWidth(0) or minHeight(undefined) or use aspect(undefined) to control the
       height and width. @ http://localhost:3000/_next/static/chunks/node_modules_next_dist_115brz8._.js:2431
[   11562ms] [LOG] [Fast Refresh] rebuilding @ http://localhost:3000/_next/static/chunks/node_modules_next_dist_115brz8._.js:2431
[   11623ms] [LOG] [Fast Refresh] done in 193ms @ http://localhost:3000/_next/static/chunks/node_modules_next_dist_115brz8._.js:2431
[   27379ms] [LOG] [Fast Refresh] rebuilding @ http://localhost:3000/_next/static/chunks/node_modules_next_dist_115brz8._.js:2431
[   27759ms] [LOG] [Fast Refresh] done in 439ms @ http://localhost:3000/_next/static/chunks/node_modules_next_dist_115brz8._.js:2431
[   27875ms] [LOG] [Fast Refresh] rebuilding @ http://localhost:3000/_next/static/chunks/node_modules_next_dist_115brz8._.js:2431
[   28033ms] [LOG] [Fast Refresh] done in 261ms @ http://localhost:3000/_next/static/chunks/node_modules_next_dist_115brz8._.js:2431
[   28154ms] [LOG] [Fast Refresh] rebuilding @ http://localhost:3000/_next/static/chunks/node_modules_next_dist_115brz8._.js:2431
[   28175ms] [LOG] [Fast Refresh] done in 122ms @ http://localhost:3000/_next/static/chunks/node_modules_next_dist_115brz8._.js:2431
[   28907ms] [WARNING] The width(-1) and height(-1) of chart should be greater than 0,
       please check the style of container, or the props width(100%) and height(100%),
       or add a minWidth(0) or minHeight(undefined) or use aspect(undefined) to control the
       height and width. @ http://localhost:3000/_next/static/chunks/node_modules_next_dist_115brz8._.js:2431
[   28907ms] [WARNING] The width(-1) and height(-1) of chart should be greater than 0,
       please check the style of container, or the props width(100%) and height(100%),
       or add a minWidth(0) or minHeight(undefined) or use aspect(undefined) to control the
       height and width. @ http://localhost:3000/_next/static/chunks/node_modules_next_dist_115brz8._.js:2431
[   28908ms] [WARNING] The width(-1) and height(-1) of chart should be greater than 0,
       please check the style of container, or the props width(100%) and height(100%),
       or add a minWidth(0) or minHeight(undefined) or use aspect(undefined) to control the
       height and width. @ http://localhost:3000/_next/static/chunks/node_modules_next_dist_115brz8._.js:2431
[   28908ms] [WARNING] The width(-1) and height(-1) of chart should be greater than 0,
       please check the style of container, or the props width(100%) and height(100%),
       or add a minWidth(0) or minHeight(undefined) or use aspect(undefined) to control the
       height and width. @ http://localhost:3000/_next/static/chunks/node_modules_next_dist_115brz8._.js:2431
[   29664ms] [WARNING] The width(-1) and height(-1) of chart should be greater than 0,
       please check the style of container, or the props width(100%) and height(100%),
       or add a minWidth(0) or minHeight(undefined) or use aspect(undefined) to control the
       height and width. @ http://localhost:3000/_next/static/chunks/node_modules_next_dist_115brz8._.js:2431
[   29665ms] [WARNING] The width(-1) and height(-1) of chart should be greater than 0,
       please check the style of container, or the props width(100%) and height(100%),
       or add a minWidth(0) or minHeight(undefined) or use aspect(undefined) to control the
       height and width. @ http://localhost:3000/_next/static/chunks/node_modules_next_dist_115brz8._.js:2431
[   29665ms] [WARNING] The width(-1) and height(-1) of chart should be greater than 0,
       please check the style of container, or the props width(100%) and height(100%),
       or add a minWidth(0) or minHeight(undefined) or use aspect(undefined) to control the
       height and width. @ http://localhost:3000/_next/static/chunks/node_modules_next_dist_115brz8._.js:2431
[   29666ms] [WARNING] The width(-1) and height(-1) of chart should be greater than 0,
       please check the style of container, or the props width(100%) and height(100%),
       or add a minWidth(0) or minHeight(undefined) or use aspect(undefined) to control the
       height and width. @ http://localhost:3000/_next/static/chunks/node_modules_next_dist_115brz8._.js:2431
[   31012ms] [LOG] [Fast Refresh] rebuilding @ http://localhost:3000/_next/static/chunks/node_modules_next_dist_115brz8._.js:2431
[   31395ms] [ERROR] ./components/stocks/StockIndicatorChart.tsx:219:10
Unexpected token. Did you mean `{'}'}` or `&rbrace;`?
  217 |             데이터 없음
  218 |           </div>
> 219 |         )}
      |          ^
  220 |       </div>
  221 |     </div>
  222 |   );

Parsing ecmascript source code failed

Import trace:
  Server Component:
    ./components/stocks/StockIndicatorChart.tsx
    ./app/(main)/stocks/[symbol]/page.tsx @ http://localhost:3000/_next/static/chunks/node_modules_next_dist_115brz8._.js:3272
[   31395ms] [ERROR] ./components/stocks/StockIndicatorChart.tsx:221:6
Unterminated regexp literal
  219 |         )}
  220 |       </div>
> 221 |     </div>
      |      ^^^^^
  222 |   );
  223 | }
  224 |

Parsing ecmascript source code failed

Import trace:
  Server Component:
    ./components/stocks/StockIndicatorChart.tsx
    ./app/(main)/stocks/[symbol]/page.tsx @ http://localhost:3000/_next/static/chunks/node_modules_next_dist_115brz8._.js:3272
[   31522ms] [ERROR] ./components/stocks/StockIndicatorChart.tsx:219:10
Unexpected token. Did you mean `{'}'}` or `&rbrace;`?
  217 |             데이터 없음
  218 |           </div>
> 219 |         )}
      |          ^
  220 |       </div>
  221 |     </div>
  222 |   );

Parsing ecmascript source code failed

Import trace:
  Server Component:
    ./components/stocks/StockIndicatorChart.tsx
    ./app/(main)/stocks/[symbol]/page.tsx @ http://localhost:3000/_next/static/chunks/node_modules_next_dist_115brz8._.js:3272
[   31523ms] [ERROR] ./components/stocks/StockIndicatorChart.tsx:221:6
Unterminated regexp literal
  219 |         )}
  220 |       </div>
> 221 |     </div>
      |      ^^^^^
  222 |   );
  223 | }
  224 |

Parsing ecmascript source code failed

Import trace:
  Server Component:
    ./components/stocks/StockIndicatorChart.tsx
    ./app/(main)/stocks/[symbol]/page.tsx @ http://localhost:3000/_next/static/chunks/node_modules_next_dist_115brz8._.js:3272
[   31627ms] [LOG] [Fast Refresh] rebuilding @ http://localhost:3000/_next/static/chunks/node_modules_next_dist_115brz8._.js:2431
[   32245ms] [ERROR] ./components/stocks/StockIndicatorChart.tsx:219:10
Unexpected token. Did you mean `{'}'}` or `&rbrace;`?
  217 |             데이터 없음
  218 |           </div>
> 219 |         )}
      |          ^
  220 |       </div>
  221 |     </div>
  222 |   );

Parsing ecmascript source code failed

Import trace:
  Server Component:
    ./components/stocks/StockIndicatorChart.tsx
    ./app/(main)/stocks/[symbol]/page.tsx @ http://localhost:3000/_next/static/chunks/node_modules_next_dist_115brz8._.js:3272
[   32246ms] [ERROR] ./components/stocks/StockIndicatorChart.tsx:221:6
Unterminated regexp literal
  219 |         )}
  220 |       </div>
> 221 |     </div>
      |      ^^^^^
  222 |   );
  223 | }
  224 |

Parsing ecmascript source code failed

Import trace:
  Server Component:
    ./components/stocks/StockIndicatorChart.tsx
    ./app/(main)/stocks/[symbol]/page.tsx @ http://localhost:3000/_next/static/chunks/node_modules_next_dist_115brz8._.js:3272
[   32323ms] [ERROR] ./components/stocks/StockIndicatorChart.tsx:219:10
Unexpected token. Did you mean `{'}'}` or `&rbrace;`?
  217 |             데이터 없음
  218 |           </div>
> 219 |         )}
      |          ^
  220 |       </div>
  221 |     </div>
  222 |   );

Parsing ecmascript source code failed

Import trace:
  Server Component:
    ./components/stocks/StockIndicatorChart.tsx
    ./app/(main)/stocks/[symbol]/page.tsx @ http://localhost:3000/_next/static/chunks/node_modules_next_dist_115brz8._.js:3272
[   32324ms] [ERROR] ./components/stocks/StockIndicatorChart.tsx:221:6
Unterminated regexp literal
  219 |         )}
  220 |       </div>
> 221 |     </div>
      |      ^^^^^
  222 |   );
  223 | }
  224 |

Parsing ecmascript source code failed

Import trace:
  Server Component:
    ./components/stocks/StockIndicatorChart.tsx
    ./app/(main)/stocks/[symbol]/page.tsx @ http://localhost:3000/_next/static/chunks/node_modules_next_dist_115brz8._.js:3272
[   32440ms] [LOG] [Fast Refresh] rebuilding @ http://localhost:3000/_next/static/chunks/node_modules_next_dist_115brz8._.js:2431
[   32959ms] [ERROR] ./components/stocks/StockIndicatorChart.tsx:219:10
Unexpected token. Did you mean `{'}'}` or `&rbrace;`?
  217 |             데이터 없음
  218 |           </div>
> 219 |         )}
      |          ^
  220 |       </div>
  221 |     </div>
  222 |   );

Parsing ecmascript source code failed

Import trace:
  Server Component:
    ./components/stocks/StockIndicatorChart.tsx
    ./app/(main)/stocks/[symbol]/page.tsx @ http://localhost:3000/_next/static/chunks/node_modules_next_dist_115brz8._.js:3272
[   32960ms] [ERROR] ./components/stocks/StockIndicatorChart.tsx:221:6
Unterminated regexp literal
  219 |         )}
  220 |       </div>
> 221 |     </div>
      |      ^^^^^
  222 |   );
  223 | }
  224 |

Parsing ecmascript source code failed

Import trace:
  Server Component:
    ./components/stocks/StockIndicatorChart.tsx
    ./app/(main)/stocks/[symbol]/page.tsx @ http://localhost:3000/_next/static/chunks/node_modules_next_dist_115brz8._.js:3272
[   33187ms] [ERROR] ./components/stocks/StockIndicatorChart.tsx:219:10
Unexpected token. Did you mean `{'}'}` or `&rbrace;`?
  217 |             데이터 없음
  218 |           </div>
> 219 |         )}
      |          ^
  220 |       </div>
  221 |     </div>
  222 |   );

Parsing ecmascript source code failed

Import trace:
  Server Component:
    ./components/stocks/StockIndicatorChart.tsx
    ./app/(main)/stocks/[symbol]/page.tsx @ http://localhost:3000/_next/static/chunks/node_modules_next_dist_115brz8._.js:3272
[   33187ms] [ERROR] ./components/stocks/StockIndicatorChart.tsx:221:6
Unterminated regexp literal
  219 |         )}
  220 |       </div>
> 221 |     </div>
      |      ^^^^^
  222 |   );
  223 | }
  224 |

Parsing ecmascript source code failed

Import trace:
  Server Component:
    ./components/stocks/StockIndicatorChart.tsx
    ./app/(main)/stocks/[symbol]/page.tsx @ http://localhost:3000/_next/static/chunks/node_modules_next_dist_115brz8._.js:3272
[   33189ms] [ERROR] Failed to load resource: the server responded with a status of 500 (Internal Server Error) @ http://localhost:3000/stocks/AAPL?_rsc=vzxbv:0
[   33240ms] [ERROR] Failed to load resource: the server responded with a status of 500 (Internal Server Error) @ http://localhost:3000/stocks/AAPL?_rsc=vzxbv:0
[   33272ms] [ERROR] Failed to load resource: the server responded with a status of 500 (Internal Server Error) @ http://localhost:3000/stocks/AAPL:0
[   33461ms] [INFO] %cDownload the React DevTools for a better development experience: https://react.dev/link/react-devtools font-weight:bold @ http://localhost:3000/_next/static/chunks/node_modules_react-dom_0bruynb._.js:15305
[   33556ms] Error: ./components/stocks/StockIndicatorChart.tsx:219:10
Unexpected token. Did you mean `{'}'}` or `&rbrace;`?
  217 |             데이터 없음
  218 |           </div>
> 219 |         )}
      |          ^
  220 |       </div>
  221 |     </div>
  222 |   );

Parsing ecmascript source code failed

Import trace:
  Server Component:
    ./components/stocks/StockIndicatorChart.tsx
    ./app/(main)/stocks/[symbol]/page.tsx


    at <unknown> (Error: ./components/stocks/StockIndicatorChart.tsx:219:10)
    at Object.getCompilationErrors (file://C:\Users\user\workspaces\courses\moneytoring-web\node_modules\next\dist\server\dev\hot-reloader-turbopack.js:1186:59)
    at DevBundlerService.getCompilationError (file://C:\Users\user\workspaces\courses\moneytoring-web\node_modules\next\dist\server\lib\dev-bundler-service.js:44:55)
    at DevServer.getCompilationError (file://C:\Users\user\workspaces\courses\moneytoring-web\node_modules\next\dist\server\dev\next-dev-server.js:719:42)
    at DevServer.findPageComponents (file://C:\Users\user\workspaces\courses\moneytoring-web\node_modules\next\dist\server\dev\next-dev-server.js:689:43)
    at async DevServer.renderErrorToResponseImpl (file://C:\Users\user\workspaces\courses\moneytoring-web\node_modules\next\dist\server\base-server.js:1745:26)
[   33558ms] [LOG] [HMR] connected @ http://localhost:3000/_next/static/chunks/node_modules_next_dist_0u_w_5s._.js:1226
[   33562ms] [ERROR] ./components/stocks/StockIndicatorChart.tsx:219:10
Unexpected token. Did you mean `{'}'}` or `&rbrace;`?
  217 |             데이터 없음
  218 |           </div>
> 219 |         )}
      |          ^
  220 |       </div>
  221 |     </div>
  222 |   );

Parsing ecmascript source code failed

Import trace:
  Server Component:
    ./components/stocks/StockIndicatorChart.tsx
    ./app/(main)/stocks/[symbol]/page.tsx @ http://localhost:3000/_next/static/chunks/node_modules_next_dist_0u_w_5s._.js:1945
[   33563ms] [ERROR] ./components/stocks/StockIndicatorChart.tsx:221:6
Unterminated regexp literal
  219 |         )}
  220 |       </div>
> 221 |     </div>
      |      ^^^^^
  222 |   );
  223 | }
  224 |

Parsing ecmascript source code failed

Import trace:
  Server Component:
    ./components/stocks/StockIndicatorChart.tsx
    ./app/(main)/stocks/[symbol]/page.tsx @ http://localhost:3000/_next/static/chunks/node_modules_next_dist_0u_w_5s._.js:1945
[   33682ms] [LOG] [Fast Refresh] rebuilding @ http://localhost:3000/_next/static/chunks/node_modules_next_dist_0u_w_5s._.js:1226
[   33685ms] [ERROR] ./components/stocks/StockIndicatorChart.tsx:219:10
Unexpected token. Did you mean `{'}'}` or `&rbrace;`?
  217 |             데이터 없음
  218 |           </div>
> 219 |         )}
      |          ^
  220 |       </div>
  221 |     </div>
  222 |   );

Parsing ecmascript source code failed

Import trace:
  Server Component:
    ./components/stocks/StockIndicatorChart.tsx
    ./app/(main)/stocks/[symbol]/page.tsx @ http://localhost:3000/_next/static/chunks/node_modules_next_dist_0u_w_5s._.js:1945
[   33685ms] [ERROR] ./components/stocks/StockIndicatorChart.tsx:221:6
Unterminated regexp literal
  219 |         )}
  220 |       </div>
> 221 |     </div>
      |      ^^^^^
  222 |   );
  223 | }
  224 |

Parsing ecmascript source code failed

Import trace:
  Server Component:
    ./components/stocks/StockIndicatorChart.tsx
    ./app/(main)/stocks/[symbol]/page.tsx @ http://localhost:3000/_next/static/chunks/node_modules_next_dist_0u_w_5s._.js:1945
[   33739ms] [ERROR] ./components/stocks/StockIndicatorChart.tsx:219:10
Unexpected token. Did you mean `{'}'}` or `&rbrace;`?
  217 |             데이터 없음
  218 |           </div>
> 219 |         )}
      |          ^
  220 |       </div>
  221 |     </div>
  222 |   );

Parsing ecmascript source code failed

Import trace:
  Server Component:
    ./components/stocks/StockIndicatorChart.tsx
    ./app/(main)/stocks/[symbol]/page.tsx @ http://localhost:3000/_next/static/chunks/node_modules_next_dist_0u_w_5s._.js:1945
[   33739ms] [ERROR] ./components/stocks/StockIndicatorChart.tsx:221:6
Unterminated regexp literal
  219 |         )}
  220 |       </div>
> 221 |     </div>
      |      ^^^^^
  222 |   );
  223 | }
  224 |

Parsing ecmascript source code failed

Import trace:
  Server Component:
    ./components/stocks/StockIndicatorChart.tsx
    ./app/(main)/stocks/[symbol]/page.tsx @ http://localhost:3000/_next/static/chunks/node_modules_next_dist_0u_w_5s._.js:1945
[   33799ms] [ERROR] ./components/stocks/StockIndicatorChart.tsx:219:10
Unexpected token. Did you mean `{'}'}` or `&rbrace;`?
  217 |             데이터 없음
  218 |           </div>
> 219 |         )}
      |          ^
  220 |       </div>
  221 |     </div>
  222 |   );

Parsing ecmascript source code failed

Import trace:
  Server Component:
    ./components/stocks/StockIndicatorChart.tsx
    ./app/(main)/stocks/[symbol]/page.tsx @ http://localhost:3000/_next/static/chunks/node_modules_next_dist_0u_w_5s._.js:1945
[   33800ms] [ERROR] ./components/stocks/StockIndicatorChart.tsx:221:6
Unterminated regexp literal
  219 |         )}
  220 |       </div>
> 221 |     </div>
      |      ^^^^^
  222 |   );
  223 | }
  224 |

Parsing ecmascript source code failed

Import trace:
  Server Component:
    ./components/stocks/StockIndicatorChart.tsx
    ./app/(main)/stocks/[symbol]/page.tsx @ http://localhost:3000/_next/static/chunks/node_modules_next_dist_0u_w_5s._.js:1945
[   33859ms] [ERROR] ./components/stocks/StockIndicatorChart.tsx:219:10
Unexpected token. Did you mean `{'}'}` or `&rbrace;`?
  217 |             데이터 없음
  218 |           </div>
> 219 |         )}
      |          ^
  220 |       </div>
  221 |     </div>
  222 |   );

Parsing ecmascript source code failed

Import trace:
  Server Component:
    ./components/stocks/StockIndicatorChart.tsx
    ./app/(main)/stocks/[symbol]/page.tsx @ http://localhost:3000/_next/static/chunks/node_modules_next_dist_0u_w_5s._.js:1945
[   33859ms] [ERROR] ./components/stocks/StockIndicatorChart.tsx:221:6
Unterminated regexp literal
  219 |         )}
  220 |       </div>
> 221 |     </div>
      |      ^^^^^
  222 |   );
  223 | }
  224 |

Parsing ecmascript source code failed

Import trace:
  Server Component:
    ./components/stocks/StockIndicatorChart.tsx
    ./app/(main)/stocks/[symbol]/page.tsx @ http://localhost:3000/_next/static/chunks/node_modules_next_dist_0u_w_5s._.js:1945
[   33920ms] [ERROR] ./components/stocks/StockIndicatorChart.tsx:219:10
Unexpected token. Did you mean `{'}'}` or `&rbrace;`?
  217 |             데이터 없음
  218 |           </div>
> 219 |         )}
      |          ^
  220 |       </div>
  221 |     </div>
  222 |   );

Parsing ecmascript source code failed

Import trace:
  Server Component:
    ./components/stocks/StockIndicatorChart.tsx
    ./app/(main)/stocks/[symbol]/page.tsx @ http://localhost:3000/_next/static/chunks/node_modules_next_dist_0u_w_5s._.js:1945
[   33920ms] [ERROR] ./components/stocks/StockIndicatorChart.tsx:221:6
Unterminated regexp literal
  219 |         )}
  220 |       </div>
> 221 |     </div>
      |      ^^^^^
  222 |   );
  223 | }
  224 |

Parsing ecmascript source code failed

Import trace:
  Server Component:
    ./components/stocks/StockIndicatorChart.tsx
    ./app/(main)/stocks/[symbol]/page.tsx @ http://localhost:3000/_next/static/chunks/node_modules_next_dist_0u_w_5s._.js:1945
[   33979ms] [ERROR] ./components/stocks/StockIndicatorChart.tsx:219:10
Unexpected token. Did you mean `{'}'}` or `&rbrace;`?
  217 |             데이터 없음
  218 |           </div>
> 219 |         )}
      |          ^
  220 |       </div>
  221 |     </div>
  222 |   );

Parsing ecmascript source code failed

Import trace:
  Server Component:
    ./components/stocks/StockIndicatorChart.tsx
    ./app/(main)/stocks/[symbol]/page.tsx @ http://localhost:3000/_next/static/chunks/node_modules_next_dist_0u_w_5s._.js:1945
[   33980ms] [ERROR] ./components/stocks/StockIndicatorChart.tsx:221:6
Unterminated regexp literal
  219 |         )}
  220 |       </div>
> 221 |     </div>
      |      ^^^^^
  222 |   );
  223 | }
  224 |

Parsing ecmascript source code failed

Import trace:
  Server Component:
    ./components/stocks/StockIndicatorChart.tsx
    ./app/(main)/stocks/[symbol]/page.tsx @ http://localhost:3000/_next/static/chunks/node_modules_next_dist_0u_w_5s._.js:1945
[   34039ms] [ERROR] ./components/stocks/StockIndicatorChart.tsx:219:10
Unexpected token. Did you mean `{'}'}` or `&rbrace;`?
  217 |             데이터 없음
  218 |           </div>
> 219 |         )}
      |          ^
  220 |       </div>
  221 |     </div>
  222 |   );

Parsing ecmascript source code failed

Import trace:
  Server Component:
    ./components/stocks/StockIndicatorChart.tsx
    ./app/(main)/stocks/[symbol]/page.tsx @ http://localhost:3000/_next/static/chunks/node_modules_next_dist_0u_w_5s._.js:1945
[   34039ms] [ERROR] ./components/stocks/StockIndicatorChart.tsx:221:6
Unterminated regexp literal
  219 |         )}
  220 |       </div>
> 221 |     </div>
      |      ^^^^^
  222 |   );
  223 | }
  224 |

Parsing ecmascript source code failed

Import trace:
  Server Component:
    ./components/stocks/StockIndicatorChart.tsx
    ./app/(main)/stocks/[symbol]/page.tsx @ http://localhost:3000/_next/static/chunks/node_modules_next_dist_0u_w_5s._.js:1945
[   34100ms] [ERROR] ./components/stocks/StockIndicatorChart.tsx:219:10
Unexpected token. Did you mean `{'}'}` or `&rbrace;`?
  217 |             데이터 없음
  218 |           </div>
> 219 |         )}
      |          ^
  220 |       </div>
  221 |     </div>
  222 |   );

Parsing ecmascript source code failed

Import trace:
  Server Component:
    ./components/stocks/StockIndicatorChart.tsx
    ./app/(main)/stocks/[symbol]/page.tsx @ http://localhost:3000/_next/static/chunks/node_modules_next_dist_0u_w_5s._.js:1945
[   34100ms] [ERROR] ./components/stocks/StockIndicatorChart.tsx:221:6
Unterminated regexp literal
  219 |         )}
  220 |       </div>
> 221 |     </div>
      |      ^^^^^
  222 |   );
  223 | }
  224 |

Parsing ecmascript source code failed

Import trace:
  Server Component:
    ./components/stocks/StockIndicatorChart.tsx
    ./app/(main)/stocks/[symbol]/page.tsx @ http://localhost:3000/_next/static/chunks/node_modules_next_dist_0u_w_5s._.js:1945
[   34159ms] [ERROR] ./components/stocks/StockIndicatorChart.tsx:219:10
Unexpected token. Did you mean `{'}'}` or `&rbrace;`?
  217 |             데이터 없음
  218 |           </div>
> 219 |         )}
      |          ^
  220 |       </div>
  221 |     </div>
  222 |   );

Parsing ecmascript source code failed

Import trace:
  Server Component:
    ./components/stocks/StockIndicatorChart.tsx
    ./app/(main)/stocks/[symbol]/page.tsx @ http://localhost:3000/_next/static/chunks/node_modules_next_dist_0u_w_5s._.js:1945
[   34159ms] [ERROR] ./components/stocks/StockIndicatorChart.tsx:221:6
Unterminated regexp literal
  219 |         )}
  220 |       </div>
> 221 |     </div>
      |      ^^^^^
  222 |   );
  223 | }
  224 |

Parsing ecmascript source code failed

Import trace:
  Server Component:
    ./components/stocks/StockIndicatorChart.tsx
    ./app/(main)/stocks/[symbol]/page.tsx @ http://localhost:3000/_next/static/chunks/node_modules_next_dist_0u_w_5s._.js:1945
[   34220ms] [ERROR] ./components/stocks/StockIndicatorChart.tsx:219:10
Unexpected token. Did you mean `{'}'}` or `&rbrace;`?
  217 |             데이터 없음
  218 |           </div>
> 219 |         )}
      |          ^
  220 |       </div>
  221 |     </div>
  222 |   );

Parsing ecmascript source code failed

Import trace:
  Server Component:
    ./components/stocks/StockIndicatorChart.tsx
    ./app/(main)/stocks/[symbol]/page.tsx @ http://localhost:3000/_next/static/chunks/node_modules_next_dist_0u_w_5s._.js:1945
[   34221ms] [ERROR] ./components/stocks/StockIndicatorChart.tsx:221:6
Unterminated regexp literal
  219 |         )}
  220 |       </div>
> 221 |     </div>
      |      ^^^^^
  222 |   );
  223 | }
  224 |

Parsing ecmascript source code failed

Import trace:
  Server Component:
    ./components/stocks/StockIndicatorChart.tsx
    ./app/(main)/stocks/[symbol]/page.tsx @ http://localhost:3000/_next/static/chunks/node_modules_next_dist_0u_w_5s._.js:1945
[   34279ms] [ERROR] ./components/stocks/StockIndicatorChart.tsx:219:10
Unexpected token. Did you mean `{'}'}` or `&rbrace;`?
  217 |             데이터 없음
  218 |           </div>
> 219 |         )}
      |          ^
  220 |       </div>
  221 |     </div>
  222 |   );

Parsing ecmascript source code failed

Import trace:
  Server Component:
    ./components/stocks/StockIndicatorChart.tsx
    ./app/(main)/stocks/[symbol]/page.tsx @ http://localhost:3000/_next/static/chunks/node_modules_next_dist_0u_w_5s._.js:1945
[   34279ms] [ERROR] ./components/stocks/StockIndicatorChart.tsx:221:6
Unterminated regexp literal
  219 |         )}
  220 |       </div>
> 221 |     </div>
      |      ^^^^^
  222 |   );
  223 | }
  224 |

Parsing ecmascript source code failed

Import trace:
  Server Component:
    ./components/stocks/StockIndicatorChart.tsx
    ./app/(main)/stocks/[symbol]/page.tsx @ http://localhost:3000/_next/static/chunks/node_modules_next_dist_0u_w_5s._.js:1945
[   34340ms] [ERROR] ./components/stocks/StockIndicatorChart.tsx:219:10
Unexpected token. Did you mean `{'}'}` or `&rbrace;`?
  217 |             데이터 없음
  218 |           </div>
> 219 |         )}
      |          ^
  220 |       </div>
  221 |     </div>
  222 |   );

Parsing ecmascript source code failed

Import trace:
  Server Component:
    ./components/stocks/StockIndicatorChart.tsx
    ./app/(main)/stocks/[symbol]/page.tsx @ http://localhost:3000/_next/static/chunks/node_modules_next_dist_0u_w_5s._.js:1945
[   34340ms] [ERROR] ./components/stocks/StockIndicatorChart.tsx:221:6
Unterminated regexp literal
  219 |         )}
  220 |       </div>
> 221 |     </div>
      |      ^^^^^
  222 |   );
  223 | }
  224 |

Parsing ecmascript source code failed

Import trace:
  Server Component:
    ./components/stocks/StockIndicatorChart.tsx
    ./app/(main)/stocks/[symbol]/page.tsx @ http://localhost:3000/_next/static/chunks/node_modules_next_dist_0u_w_5s._.js:1945
[   34400ms] [ERROR] ./components/stocks/StockIndicatorChart.tsx:219:10
Unexpected token. Did you mean `{'}'}` or `&rbrace;`?
  217 |             데이터 없음
  218 |           </div>
> 219 |         )}
      |          ^
  220 |       </div>
  221 |     </div>
  222 |   );

Parsing ecmascript source code failed

Import trace:
  Server Component:
    ./components/stocks/StockIndicatorChart.tsx
    ./app/(main)/stocks/[symbol]/page.tsx @ http://localhost:3000/_next/static/chunks/node_modules_next_dist_0u_w_5s._.js:1945
[   34401ms] [ERROR] ./components/stocks/StockIndicatorChart.tsx:221:6
Unterminated regexp literal
  219 |         )}
  220 |       </div>
> 221 |     </div>
      |      ^^^^^
  222 |   );
  223 | }
  224 |

Parsing ecmascript source code failed

Import trace:
  Server Component:
    ./components/stocks/StockIndicatorChart.tsx
    ./app/(main)/stocks/[symbol]/page.tsx @ http://localhost:3000/_next/static/chunks/node_modules_next_dist_0u_w_5s._.js:1945
[   34461ms] [ERROR] ./components/stocks/StockIndicatorChart.tsx:219:10
Unexpected token. Did you mean `{'}'}` or `&rbrace;`?
  217 |             데이터 없음
  218 |           </div>
> 219 |         )}
      |          ^
  220 |       </div>
  221 |     </div>
  222 |   );

Parsing ecmascript source code failed

Import trace:
  Server Component:
    ./components/stocks/StockIndicatorChart.tsx
    ./app/(main)/stocks/[symbol]/page.tsx @ http://localhost:3000/_next/static/chunks/node_modules_next_dist_0u_w_5s._.js:1945
[   34461ms] [ERROR] ./components/stocks/StockIndicatorChart.tsx:221:6
Unterminated regexp literal
  219 |         )}
  220 |       </div>
> 221 |     </div>
      |      ^^^^^
  222 |   );
  223 | }
  224 |

Parsing ecmascript source code failed

Import trace:
  Server Component:
    ./components/stocks/StockIndicatorChart.tsx
    ./app/(main)/stocks/[symbol]/page.tsx @ http://localhost:3000/_next/static/chunks/node_modules_next_dist_0u_w_5s._.js:1945
[   34522ms] [ERROR] ./components/stocks/StockIndicatorChart.tsx:219:10
Unexpected token. Did you mean `{'}'}` or `&rbrace;`?
  217 |             데이터 없음
  218 |           </div>
> 219 |         )}
      |          ^
  220 |       </div>
  221 |     </div>
  222 |   );

Parsing ecmascript source code failed

Import trace:
  Server Component:
    ./components/stocks/StockIndicatorChart.tsx
    ./app/(main)/stocks/[symbol]/page.tsx @ http://localhost:3000/_next/static/chunks/node_modules_next_dist_0u_w_5s._.js:1945
[   34522ms] [ERROR] ./components/stocks/StockIndicatorChart.tsx:221:6
Unterminated regexp literal
  219 |         )}
  220 |       </div>
> 221 |     </div>
      |      ^^^^^
  222 |   );
  223 | }
  224 |

Parsing ecmascript source code failed

Import trace:
  Server Component:
    ./components/stocks/StockIndicatorChart.tsx
    ./app/(main)/stocks/[symbol]/page.tsx @ http://localhost:3000/_next/static/chunks/node_modules_next_dist_0u_w_5s._.js:1945
[   34581ms] [ERROR] ./components/stocks/StockIndicatorChart.tsx:219:10
Unexpected token. Did you mean `{'}'}` or `&rbrace;`?
  217 |             데이터 없음
  218 |           </div>
> 219 |         )}
      |          ^
  220 |       </div>
  221 |     </div>
  222 |   );

Parsing ecmascript source code failed

Import trace:
  Server Component:
    ./components/stocks/StockIndicatorChart.tsx
    ./app/(main)/stocks/[symbol]/page.tsx @ http://localhost:3000/_next/static/chunks/node_modules_next_dist_0u_w_5s._.js:1945
[   34582ms] [ERROR] ./components/stocks/StockIndicatorChart.tsx:221:6
Unterminated regexp literal
  219 |         )}
  220 |       </div>
> 221 |     </div>
      |      ^^^^^
  222 |   );
  223 | }
  224 |

Parsing ecmascript source code failed

Import trace:
  Server Component:
    ./components/stocks/StockIndicatorChart.tsx
    ./app/(main)/stocks/[symbol]/page.tsx @ http://localhost:3000/_next/static/chunks/node_modules_next_dist_0u_w_5s._.js:1945
[   34642ms] [ERROR] ./components/stocks/StockIndicatorChart.tsx:219:10
Unexpected token. Did you mean `{'}'}` or `&rbrace;`?
  217 |             데이터 없음
  218 |           </div>
> 219 |         )}
      |          ^
  220 |       </div>
  221 |     </div>
  222 |   );

Parsing ecmascript source code failed

Import trace:
  Server Component:
    ./components/stocks/StockIndicatorChart.tsx
    ./app/(main)/stocks/[symbol]/page.tsx @ http://localhost:3000/_next/static/chunks/node_modules_next_dist_0u_w_5s._.js:1945
[   34642ms] [ERROR] ./components/stocks/StockIndicatorChart.tsx:221:6
Unterminated regexp literal
  219 |         )}
  220 |       </div>
> 221 |     </div>
      |      ^^^^^
  222 |   );
  223 | }
  224 |

Parsing ecmascript source code failed

Import trace:
  Server Component:
    ./components/stocks/StockIndicatorChart.tsx
    ./app/(main)/stocks/[symbol]/page.tsx @ http://localhost:3000/_next/static/chunks/node_modules_next_dist_0u_w_5s._.js:1945
[   34703ms] [ERROR] ./components/stocks/StockIndicatorChart.tsx:219:10
Unexpected token. Did you mean `{'}'}` or `&rbrace;`?
  217 |             데이터 없음
  218 |           </div>
> 219 |         )}
      |          ^
  220 |       </div>
  221 |     </div>
  222 |   );

Parsing ecmascript source code failed

Import trace:
  Server Component:
    ./components/stocks/StockIndicatorChart.tsx
    ./app/(main)/stocks/[symbol]/page.tsx @ http://localhost:3000/_next/static/chunks/node_modules_next_dist_0u_w_5s._.js:1945
[   34703ms] [ERROR] ./components/stocks/StockIndicatorChart.tsx:221:6
Unterminated regexp literal
  219 |         )}
  220 |       </div>
> 221 |     </div>
      |      ^^^^^
  222 |   );
  223 | }
  224 |

Parsing ecmascript source code failed

Import trace:
  Server Component:
    ./components/stocks/StockIndicatorChart.tsx
    ./app/(main)/stocks/[symbol]/page.tsx @ http://localhost:3000/_next/static/chunks/node_modules_next_dist_0u_w_5s._.js:1945
[   34763ms] [ERROR] ./components/stocks/StockIndicatorChart.tsx:219:10
Unexpected token. Did you mean `{'}'}` or `&rbrace;`?
  217 |             데이터 없음
  218 |           </div>
> 219 |         )}
      |          ^
  220 |       </div>
  221 |     </div>
  222 |   );

Parsing ecmascript source code failed

Import trace:
  Server Component:
    ./components/stocks/StockIndicatorChart.tsx
    ./app/(main)/stocks/[symbol]/page.tsx @ http://localhost:3000/_next/static/chunks/node_modules_next_dist_0u_w_5s._.js:1945
[   34763ms] [ERROR] ./components/stocks/StockIndicatorChart.tsx:221:6
Unterminated regexp literal
  219 |         )}
  220 |       </div>
> 221 |     </div>
      |      ^^^^^
  222 |   );
  223 | }
  224 |

Parsing ecmascript source code failed

Import trace:
  Server Component:
    ./components/stocks/StockIndicatorChart.tsx
    ./app/(main)/stocks/[symbol]/page.tsx @ http://localhost:3000/_next/static/chunks/node_modules_next_dist_0u_w_5s._.js:1945
[   34823ms] [ERROR] ./components/stocks/StockIndicatorChart.tsx:219:10
Unexpected token. Did you mean `{'}'}` or `&rbrace;`?
  217 |             데이터 없음
  218 |           </div>
> 219 |         )}
      |          ^
  220 |       </div>
  221 |     </div>
  222 |   );

Parsing ecmascript source code failed

Import trace:
  Server Component:
    ./components/stocks/StockIndicatorChart.tsx
    ./app/(main)/stocks/[symbol]/page.tsx @ http://localhost:3000/_next/static/chunks/node_modules_next_dist_0u_w_5s._.js:1945
[   34823ms] [ERROR] ./components/stocks/StockIndicatorChart.tsx:221:6
Unterminated regexp literal
  219 |         )}
  220 |       </div>
> 221 |     </div>
      |      ^^^^^
  222 |   );
  223 | }
  224 |

Parsing ecmascript source code failed

Import trace:
  Server Component:
    ./components/stocks/StockIndicatorChart.tsx
    ./app/(main)/stocks/[symbol]/page.tsx @ http://localhost:3000/_next/static/chunks/node_modules_next_dist_0u_w_5s._.js:1945
[   34884ms] [ERROR] ./components/stocks/StockIndicatorChart.tsx:219:10
Unexpected token. Did you mean `{'}'}` or `&rbrace;`?
  217 |             데이터 없음
  218 |           </div>
> 219 |         )}
      |          ^
  220 |       </div>
  221 |     </div>
  222 |   );

Parsing ecmascript source code failed

Import trace:
  Server Component:
    ./components/stocks/StockIndicatorChart.tsx
    ./app/(main)/stocks/[symbol]/page.tsx @ http://localhost:3000/_next/static/chunks/node_modules_next_dist_0u_w_5s._.js:1945
[   34884ms] [ERROR] ./components/stocks/StockIndicatorChart.tsx:221:6
Unterminated regexp literal
  219 |         )}
  220 |       </div>
> 221 |     </div>
      |      ^^^^^
  222 |   );
  223 | }
  224 |

Parsing ecmascript source code failed

Import trace:
  Server Component:
    ./components/stocks/StockIndicatorChart.tsx
    ./app/(main)/stocks/[symbol]/page.tsx @ http://localhost:3000/_next/static/chunks/node_modules_next_dist_0u_w_5s._.js:1945
[   34944ms] [ERROR] ./components/stocks/StockIndicatorChart.tsx:219:10
Unexpected token. Did you mean `{'}'}` or `&rbrace;`?
  217 |             데이터 없음
  218 |           </div>
> 219 |         )}
      |          ^
  220 |       </div>
  221 |     </div>
  222 |   );

Parsing ecmascript source code failed

Import trace:
  Server Component:
    ./components/stocks/StockIndicatorChart.tsx
    ./app/(main)/stocks/[symbol]/page.tsx @ http://localhost:3000/_next/static/chunks/node_modules_next_dist_0u_w_5s._.js:1945
[   34944ms] [ERROR] ./components/stocks/StockIndicatorChart.tsx:221:6
Unterminated regexp literal
  219 |         )}
  220 |       </div>
> 221 |     </div>
      |      ^^^^^
  222 |   );
  223 | }
  224 |

Parsing ecmascript source code failed

Import trace:
  Server Component:
    ./components/stocks/StockIndicatorChart.tsx
    ./app/(main)/stocks/[symbol]/page.tsx @ http://localhost:3000/_next/static/chunks/node_modules_next_dist_0u_w_5s._.js:1945
[   35003ms] [ERROR] ./components/stocks/StockIndicatorChart.tsx:219:10
Unexpected token. Did you mean `{'}'}` or `&rbrace;`?
  217 |             데이터 없음
  218 |           </div>
> 219 |         )}
      |          ^
  220 |       </div>
  221 |     </div>
  222 |   );

Parsing ecmascript source code failed

Import trace:
  Server Component:
    ./components/stocks/StockIndicatorChart.tsx
    ./app/(main)/stocks/[symbol]/page.tsx @ http://localhost:3000/_next/static/chunks/node_modules_next_dist_0u_w_5s._.js:1945
[   35004ms] [ERROR] ./components/stocks/StockIndicatorChart.tsx:221:6
Unterminated regexp literal
  219 |         )}
  220 |       </div>
> 221 |     </div>
      |      ^^^^^
  222 |   );
  223 | }
  224 |

Parsing ecmascript source code failed

Import trace:
  Server Component:
    ./components/stocks/StockIndicatorChart.tsx
    ./app/(main)/stocks/[symbol]/page.tsx @ http://localhost:3000/_next/static/chunks/node_modules_next_dist_0u_w_5s._.js:1945
[   35064ms] [ERROR] ./components/stocks/StockIndicatorChart.tsx:219:10
Unexpected token. Did you mean `{'}'}` or `&rbrace;`?
  217 |             데이터 없음
  218 |           </div>
> 219 |         )}
      |          ^
  220 |       </div>
  221 |     </div>
  222 |   );

Parsing ecmascript source code failed

Import trace:
  Server Component:
    ./components/stocks/StockIndicatorChart.tsx
    ./app/(main)/stocks/[symbol]/page.tsx @ http://localhost:3000/_next/static/chunks/node_modules_next_dist_0u_w_5s._.js:1945
[   35064ms] [ERROR] ./components/stocks/StockIndicatorChart.tsx:221:6
Unterminated regexp literal
  219 |         )}
  220 |       </div>
> 221 |     </div>
      |      ^^^^^
  222 |   );
  223 | }
  224 |

Parsing ecmascript source code failed

Import trace:
  Server Component:
    ./components/stocks/StockIndicatorChart.tsx
    ./app/(main)/stocks/[symbol]/page.tsx @ http://localhost:3000/_next/static/chunks/node_modules_next_dist_0u_w_5s._.js:1945
[   35124ms] [ERROR] ./components/stocks/StockIndicatorChart.tsx:219:10
Unexpected token. Did you mean `{'}'}` or `&rbrace;`?
  217 |             데이터 없음
  218 |           </div>
> 219 |         )}
      |          ^
  220 |       </div>
  221 |     </div>
  222 |   );

Parsing ecmascript source code failed

Import trace:
  Server Component:
    ./components/stocks/StockIndicatorChart.tsx
    ./app/(main)/stocks/[symbol]/page.tsx @ http://localhost:3000/_next/static/chunks/node_modules_next_dist_0u_w_5s._.js:1945
[   35125ms] [ERROR] ./components/stocks/StockIndicatorChart.tsx:221:6
Unterminated regexp literal
  219 |         )}
  220 |       </div>
> 221 |     </div>
      |      ^^^^^
  222 |   );
  223 | }
  224 |

Parsing ecmascript source code failed

Import trace:
  Server Component:
    ./components/stocks/StockIndicatorChart.tsx
    ./app/(main)/stocks/[symbol]/page.tsx @ http://localhost:3000/_next/static/chunks/node_modules_next_dist_0u_w_5s._.js:1945
[   35185ms] [ERROR] ./components/stocks/StockIndicatorChart.tsx:219:10
Unexpected token. Did you mean `{'}'}` or `&rbrace;`?
  217 |             데이터 없음
  218 |           </div>
> 219 |         )}
      |          ^
  220 |       </div>
  221 |     </div>
  222 |   );

Parsing ecmascript source code failed

Import trace:
  Server Component:
    ./components/stocks/StockIndicatorChart.tsx
    ./app/(main)/stocks/[symbol]/page.tsx @ http://localhost:3000/_next/static/chunks/node_modules_next_dist_0u_w_5s._.js:1945
[   35185ms] [ERROR] ./components/stocks/StockIndicatorChart.tsx:221:6
Unterminated regexp literal
  219 |         )}
  220 |       </div>
> 221 |     </div>
      |      ^^^^^
  222 |   );
  223 | }
  224 |

Parsing ecmascript source code failed

Import trace:
  Server Component:
    ./components/stocks/StockIndicatorChart.tsx
    ./app/(main)/stocks/[symbol]/page.tsx @ http://localhost:3000/_next/static/chunks/node_modules_next_dist_0u_w_5s._.js:1945
[   35245ms] [ERROR] ./components/stocks/StockIndicatorChart.tsx:219:10
Unexpected token. Did you mean `{'}'}` or `&rbrace;`?
  217 |             데이터 없음
  218 |           </div>
> 219 |         )}
      |          ^
  220 |       </div>
  221 |     </div>
  222 |   );

Parsing ecmascript source code failed

Import trace:
  Server Component:
    ./components/stocks/StockIndicatorChart.tsx
    ./app/(main)/stocks/[symbol]/page.tsx @ http://localhost:3000/_next/static/chunks/node_modules_next_dist_0u_w_5s._.js:1945
[   35245ms] [ERROR] ./components/stocks/StockIndicatorChart.tsx:221:6
Unterminated regexp literal
  219 |         )}
  220 |       </div>
> 221 |     </div>
      |      ^^^^^
  222 |   );
  223 | }
  224 |

Parsing ecmascript source code failed

Import trace:
  Server Component:
    ./components/stocks/StockIndicatorChart.tsx
    ./app/(main)/stocks/[symbol]/page.tsx @ http://localhost:3000/_next/static/chunks/node_modules_next_dist_0u_w_5s._.js:1945
[   35306ms] [ERROR] ./components/stocks/StockIndicatorChart.tsx:219:10
Unexpected token. Did you mean `{'}'}` or `&rbrace;`?
  217 |             데이터 없음
  218 |           </div>
> 219 |         )}
      |          ^
  220 |       </div>
  221 |     </div>
  222 |   );

Parsing ecmascript source code failed

Import trace:
  Server Component:
    ./components/stocks/StockIndicatorChart.tsx
    ./app/(main)/stocks/[symbol]/page.tsx @ http://localhost:3000/_next/static/chunks/node_modules_next_dist_0u_w_5s._.js:1945
[   35306ms] [ERROR] ./components/stocks/StockIndicatorChart.tsx:221:6
Unterminated regexp literal
  219 |         )}
  220 |       </div>
> 221 |     </div>
      |      ^^^^^
  222 |   );
  223 | }
  224 |

Parsing ecmascript source code failed

Import trace:
  Server Component:
    ./components/stocks/StockIndicatorChart.tsx
    ./app/(main)/stocks/[symbol]/page.tsx @ http://localhost:3000/_next/static/chunks/node_modules_next_dist_0u_w_5s._.js:1945
[   35365ms] [ERROR] ./components/stocks/StockIndicatorChart.tsx:219:10
Unexpected token. Did you mean `{'}'}` or `&rbrace;`?
  217 |             데이터 없음
  218 |           </div>
> 219 |         )}
      |          ^
  220 |       </div>
  221 |     </div>
  222 |   );

Parsing ecmascript source code failed

Import trace:
  Server Component:
    ./components/stocks/StockIndicatorChart.tsx
    ./app/(main)/stocks/[symbol]/page.tsx @ http://localhost:3000/_next/static/chunks/node_modules_next_dist_0u_w_5s._.js:1945
[   35366ms] [ERROR] ./components/stocks/StockIndicatorChart.tsx:221:6
Unterminated regexp literal
  219 |         )}
  220 |       </div>
> 221 |     </div>
      |      ^^^^^
  222 |   );
  223 | }
  224 |

Parsing ecmascript source code failed

Import trace:
  Server Component:
    ./components/stocks/StockIndicatorChart.tsx
    ./app/(main)/stocks/[symbol]/page.tsx @ http://localhost:3000/_next/static/chunks/node_modules_next_dist_0u_w_5s._.js:1945
[   35425ms] [ERROR] ./components/stocks/StockIndicatorChart.tsx:219:10
Unexpected token. Did you mean `{'}'}` or `&rbrace;`?
  217 |             데이터 없음
  218 |           </div>
> 219 |         )}
      |          ^
  220 |       </div>
  221 |     </div>
  222 |   );

Parsing ecmascript source code failed

Import trace:
  Server Component:
    ./components/stocks/StockIndicatorChart.tsx
    ./app/(main)/stocks/[symbol]/page.tsx @ http://localhost:3000/_next/static/chunks/node_modules_next_dist_0u_w_5s._.js:1945
[   35425ms] [ERROR] ./components/stocks/StockIndicatorChart.tsx:221:6
Unterminated regexp literal
  219 |         )}
  220 |       </div>
> 221 |     </div>
      |      ^^^^^
  222 |   );
  223 | }
  224 |

Parsing ecmascript source code failed

Import trace:
  Server Component:
    ./components/stocks/StockIndicatorChart.tsx
    ./app/(main)/stocks/[symbol]/page.tsx @ http://localhost:3000/_next/static/chunks/node_modules_next_dist_0u_w_5s._.js:1945
[   35486ms] [ERROR] ./components/stocks/StockIndicatorChart.tsx:219:10
Unexpected token. Did you mean `{'}'}` or `&rbrace;`?
  217 |             데이터 없음
  218 |           </div>
> 219 |         )}
      |          ^
  220 |       </div>
  221 |     </div>
  222 |   );

Parsing ecmascript source code failed

Import trace:
  Server Component:
    ./components/stocks/StockIndicatorChart.tsx
    ./app/(main)/stocks/[symbol]/page.tsx @ http://localhost:3000/_next/static/chunks/node_modules_next_dist_0u_w_5s._.js:1945
[   35486ms] [ERROR] ./components/stocks/StockIndicatorChart.tsx:221:6
Unterminated regexp literal
  219 |         )}
  220 |       </div>
> 221 |     </div>
      |      ^^^^^
  222 |   );
  223 | }
  224 |

Parsing ecmascript source code failed

Import trace:
  Server Component:
    ./components/stocks/StockIndicatorChart.tsx
    ./app/(main)/stocks/[symbol]/page.tsx @ http://localhost:3000/_next/static/chunks/node_modules_next_dist_0u_w_5s._.js:1945
[   35546ms] [ERROR] ./components/stocks/StockIndicatorChart.tsx:219:10
Unexpected token. Did you mean `{'}'}` or `&rbrace;`?
  217 |             데이터 없음
  218 |           </div>
> 219 |         )}
      |          ^
  220 |       </div>
  221 |     </div>
  222 |   );

Parsing ecmascript source code failed

Import trace:
  Server Component:
    ./components/stocks/StockIndicatorChart.tsx
    ./app/(main)/stocks/[symbol]/page.tsx @ http://localhost:3000/_next/static/chunks/node_modules_next_dist_0u_w_5s._.js:1945
[   35546ms] [ERROR] ./components/stocks/StockIndicatorChart.tsx:221:6
Unterminated regexp literal
  219 |         )}
  220 |       </div>
> 221 |     </div>
      |      ^^^^^
  222 |   );
  223 | }
  224 |

Parsing ecmascript source code failed

Import trace:
  Server Component:
    ./components/stocks/StockIndicatorChart.tsx
    ./app/(main)/stocks/[symbol]/page.tsx @ http://localhost:3000/_next/static/chunks/node_modules_next_dist_0u_w_5s._.js:1945
[   35607ms] [ERROR] ./components/stocks/StockIndicatorChart.tsx:219:10
Unexpected token. Did you mean `{'}'}` or `&rbrace;`?
  217 |             데이터 없음
  218 |           </div>
> 219 |         )}
      |          ^
  220 |       </div>
  221 |     </div>
  222 |   );

Parsing ecmascript source code failed

Import trace:
  Server Component:
    ./components/stocks/StockIndicatorChart.tsx
    ./app/(main)/stocks/[symbol]/page.tsx @ http://localhost:3000/_next/static/chunks/node_modules_next_dist_0u_w_5s._.js:1945
[   35607ms] [ERROR] ./components/stocks/StockIndicatorChart.tsx:221:6
Unterminated regexp literal
  219 |         )}
  220 |       </div>
> 221 |     </div>
      |      ^^^^^
  222 |   );
  223 | }
  224 |

Parsing ecmascript source code failed

Import trace:
  Server Component:
    ./components/stocks/StockIndicatorChart.tsx
    ./app/(main)/stocks/[symbol]/page.tsx @ http://localhost:3000/_next/static/chunks/node_modules_next_dist_0u_w_5s._.js:1945
[   35667ms] [ERROR] ./components/stocks/StockIndicatorChart.tsx:219:10
Unexpected token. Did you mean `{'}'}` or `&rbrace;`?
  217 |             데이터 없음
  218 |           </div>
> 219 |         )}
      |          ^
  220 |       </div>
  221 |     </div>
  222 |   );

Parsing ecmascript source code failed

Import trace:
  Server Component:
    ./components/stocks/StockIndicatorChart.tsx
    ./app/(main)/stocks/[symbol]/page.tsx @ http://localhost:3000/_next/static/chunks/node_modules_next_dist_0u_w_5s._.js:1945
[   35667ms] [ERROR] ./components/stocks/StockIndicatorChart.tsx:221:6
Unterminated regexp literal
  219 |         )}
  220 |       </div>
> 221 |     </div>
      |      ^^^^^
  222 |   );
  223 | }
  224 |

Parsing ecmascript source code failed

Import trace:
  Server Component:
    ./components/stocks/StockIndicatorChart.tsx
    ./app/(main)/stocks/[symbol]/page.tsx @ http://localhost:3000/_next/static/chunks/node_modules_next_dist_0u_w_5s._.js:1945
[   35728ms] [ERROR] ./components/stocks/StockIndicatorChart.tsx:219:10
Unexpected token. Did you mean `{'}'}` or `&rbrace;`?
  217 |             데이터 없음
  218 |           </div>
> 219 |         )}
      |          ^
  220 |       </div>
  221 |     </div>
  222 |   );

Parsing ecmascript source code failed

Import trace:
  Server Component:
    ./components/stocks/StockIndicatorChart.tsx
    ./app/(main)/stocks/[symbol]/page.tsx @ http://localhost:3000/_next/static/chunks/node_modules_next_dist_0u_w_5s._.js:1945
[   35728ms] [ERROR] ./components/stocks/StockIndicatorChart.tsx:221:6
Unterminated regexp literal
  219 |         )}
  220 |       </div>
> 221 |     </div>
      |      ^^^^^
  222 |   );
  223 | }
  224 |

Parsing ecmascript source code failed

Import trace:
  Server Component:
    ./components/stocks/StockIndicatorChart.tsx
    ./app/(main)/stocks/[symbol]/page.tsx @ http://localhost:3000/_next/static/chunks/node_modules_next_dist_0u_w_5s._.js:1945
[   35788ms] [ERROR] ./components/stocks/StockIndicatorChart.tsx:219:10
Unexpected token. Did you mean `{'}'}` or `&rbrace;`?
  217 |             데이터 없음
  218 |           </div>
> 219 |         )}
      |          ^
  220 |       </div>
  221 |     </div>
  222 |   );

Parsing ecmascript source code failed

Import trace:
  Server Component:
    ./components/stocks/StockIndicatorChart.tsx
    ./app/(main)/stocks/[symbol]/page.tsx @ http://localhost:3000/_next/static/chunks/node_modules_next_dist_0u_w_5s._.js:1945
[   35788ms] [ERROR] ./components/stocks/StockIndicatorChart.tsx:221:6
Unterminated regexp literal
  219 |         )}
  220 |       </div>
> 221 |     </div>
      |      ^^^^^
  222 |   );
  223 | }
  224 |

Parsing ecmascript source code failed

Import trace:
  Server Component:
    ./components/stocks/StockIndicatorChart.tsx
    ./app/(main)/stocks/[symbol]/page.tsx @ http://localhost:3000/_next/static/chunks/node_modules_next_dist_0u_w_5s._.js:1945
[   35848ms] [ERROR] ./components/stocks/StockIndicatorChart.tsx:219:10
Unexpected token. Did you mean `{'}'}` or `&rbrace;`?
  217 |             데이터 없음
  218 |           </div>
> 219 |         )}
      |          ^
  220 |       </div>
  221 |     </div>
  222 |   );

Parsing ecmascript source code failed

Import trace:
  Server Component:
    ./components/stocks/StockIndicatorChart.tsx
    ./app/(main)/stocks/[symbol]/page.tsx @ http://localhost:3000/_next/static/chunks/node_modules_next_dist_0u_w_5s._.js:1945
[   35848ms] [ERROR] ./components/stocks/StockIndicatorChart.tsx:221:6
Unterminated regexp literal
  219 |         )}
  220 |       </div>
> 221 |     </div>
      |      ^^^^^
  222 |   );
  223 | }
  224 |

Parsing ecmascript source code failed

Import trace:
  Server Component:
    ./components/stocks/StockIndicatorChart.tsx
    ./app/(main)/stocks/[symbol]/page.tsx @ http://localhost:3000/_next/static/chunks/node_modules_next_dist_0u_w_5s._.js:1945
[   35908ms] [ERROR] ./components/stocks/StockIndicatorChart.tsx:219:10
Unexpected token. Did you mean `{'}'}` or `&rbrace;`?
  217 |             데이터 없음
  218 |           </div>
> 219 |         )}
      |          ^
  220 |       </div>
  221 |     </div>
  222 |   );

Parsing ecmascript source code failed

Import trace:
  Server Component:
    ./components/stocks/StockIndicatorChart.tsx
    ./app/(main)/stocks/[symbol]/page.tsx @ http://localhost:3000/_next/static/chunks/node_modules_next_dist_0u_w_5s._.js:1945
[   35909ms] [ERROR] ./components/stocks/StockIndicatorChart.tsx:221:6
Unterminated regexp literal
  219 |         )}
  220 |       </div>
> 221 |     </div>
      |      ^^^^^
  222 |   );
  223 | }
  224 |

Parsing ecmascript source code failed

Import trace:
  Server Component:
    ./components/stocks/StockIndicatorChart.tsx
    ./app/(main)/stocks/[symbol]/page.tsx @ http://localhost:3000/_next/static/chunks/node_modules_next_dist_0u_w_5s._.js:1945
[   35970ms] [ERROR] ./components/stocks/StockIndicatorChart.tsx:219:10
Unexpected token. Did you mean `{'}'}` or `&rbrace;`?
  217 |             데이터 없음
  218 |           </div>
> 219 |         )}
      |          ^
  220 |       </div>
  221 |     </div>
  222 |   );

Parsing ecmascript source code failed

Import trace:
  Server Component:
    ./components/stocks/StockIndicatorChart.tsx
    ./app/(main)/stocks/[symbol]/page.tsx @ http://localhost:3000/_next/static/chunks/node_modules_next_dist_0u_w_5s._.js:1945
[   35970ms] [ERROR] ./components/stocks/StockIndicatorChart.tsx:221:6
Unterminated regexp literal
  219 |         )}
  220 |       </div>
> 221 |     </div>
      |      ^^^^^
  222 |   );
  223 | }
  224 |

Parsing ecmascript source code failed

Import trace:
  Server Component:
    ./components/stocks/StockIndicatorChart.tsx
    ./app/(main)/stocks/[symbol]/page.tsx @ http://localhost:3000/_next/static/chunks/node_modules_next_dist_0u_w_5s._.js:1945
[   36030ms] [ERROR] ./components/stocks/StockIndicatorChart.tsx:219:10
Unexpected token. Did you mean `{'}'}` or `&rbrace;`?
  217 |             데이터 없음
  218 |           </div>
> 219 |         )}
      |          ^
  220 |       </div>
  221 |     </div>
  222 |   );

Parsing ecmascript source code failed

Import trace:
  Server Component:
    ./components/stocks/StockIndicatorChart.tsx
    ./app/(main)/stocks/[symbol]/page.tsx @ http://localhost:3000/_next/static/chunks/node_modules_next_dist_0u_w_5s._.js:1945
[   36030ms] [ERROR] ./components/stocks/StockIndicatorChart.tsx:221:6
Unterminated regexp literal
  219 |         )}
  220 |       </div>
> 221 |     </div>
      |      ^^^^^
  222 |   );
  223 | }
  224 |

Parsing ecmascript source code failed

Import trace:
  Server Component:
    ./components/stocks/StockIndicatorChart.tsx
    ./app/(main)/stocks/[symbol]/page.tsx @ http://localhost:3000/_next/static/chunks/node_modules_next_dist_0u_w_5s._.js:1945
[   36092ms] [ERROR] ./components/stocks/StockIndicatorChart.tsx:219:10
Unexpected token. Did you mean `{'}'}` or `&rbrace;`?
  217 |             데이터 없음
  218 |           </div>
> 219 |         )}
      |          ^
  220 |       </div>
  221 |     </div>
  222 |   );

Parsing ecmascript source code failed

Import trace:
  Server Component:
    ./components/stocks/StockIndicatorChart.tsx
    ./app/(main)/stocks/[symbol]/page.tsx @ http://localhost:3000/_next/static/chunks/node_modules_next_dist_0u_w_5s._.js:1945
[   36092ms] [ERROR] ./components/stocks/StockIndicatorChart.tsx:221:6
Unterminated regexp literal
  219 |         )}
  220 |       </div>
> 221 |     </div>
      |      ^^^^^
  222 |   );
  223 | }
  224 |

Parsing ecmascript source code failed

Import trace:
  Server Component:
    ./components/stocks/StockIndicatorChart.tsx
    ./app/(main)/stocks/[symbol]/page.tsx @ http://localhost:3000/_next/static/chunks/node_modules_next_dist_0u_w_5s._.js:1945
[   36152ms] [ERROR] ./components/stocks/StockIndicatorChart.tsx:219:10
Unexpected token. Did you mean `{'}'}` or `&rbrace;`?
  217 |             데이터 없음
  218 |           </div>
> 219 |         )}
      |          ^
  220 |       </div>
  221 |     </div>
  222 |   );

Parsing ecmascript source code failed

Import trace:
  Server Component:
    ./components/stocks/StockIndicatorChart.tsx
    ./app/(main)/stocks/[symbol]/page.tsx @ http://localhost:3000/_next/static/chunks/node_modules_next_dist_0u_w_5s._.js:1945
[   36152ms] [ERROR] ./components/stocks/StockIndicatorChart.tsx:221:6
Unterminated regexp literal
  219 |         )}
  220 |       </div>
> 221 |     </div>
      |      ^^^^^
  222 |   );
  223 | }
  224 |

Parsing ecmascript source code failed

Import trace:
  Server Component:
    ./components/stocks/StockIndicatorChart.tsx
    ./app/(main)/stocks/[symbol]/page.tsx @ http://localhost:3000/_next/static/chunks/node_modules_next_dist_0u_w_5s._.js:1945
[   36212ms] [ERROR] ./components/stocks/StockIndicatorChart.tsx:219:10
Unexpected token. Did you mean `{'}'}` or `&rbrace;`?
  217 |             데이터 없음
  218 |           </div>
> 219 |         )}
      |          ^
  220 |       </div>
  221 |     </div>
  222 |   );

Parsing ecmascript source code failed

Import trace:
  Server Component:
    ./components/stocks/StockIndicatorChart.tsx
    ./app/(main)/stocks/[symbol]/page.tsx @ http://localhost:3000/_next/static/chunks/node_modules_next_dist_0u_w_5s._.js:1945
[   36212ms] [ERROR] ./components/stocks/StockIndicatorChart.tsx:221:6
Unterminated regexp literal
  219 |         )}
  220 |       </div>
> 221 |     </div>
      |      ^^^^^
  222 |   );
  223 | }
  224 |

Parsing ecmascript source code failed

Import trace:
  Server Component:
    ./components/stocks/StockIndicatorChart.tsx
    ./app/(main)/stocks/[symbol]/page.tsx @ http://localhost:3000/_next/static/chunks/node_modules_next_dist_0u_w_5s._.js:1945
[   36272ms] [ERROR] ./components/stocks/StockIndicatorChart.tsx:219:10
Unexpected token. Did you mean `{'}'}` or `&rbrace;`?
  217 |             데이터 없음
  218 |           </div>
> 219 |         )}
      |          ^
  220 |       </div>
  221 |     </div>
  222 |   );

Parsing ecmascript source code failed

Import trace:
  Server Component:
    ./components/stocks/StockIndicatorChart.tsx
    ./app/(main)/stocks/[symbol]/page.tsx @ http://localhost:3000/_next/static/chunks/node_modules_next_dist_0u_w_5s._.js:1945
[   36272ms] [ERROR] ./components/stocks/StockIndicatorChart.tsx:221:6
Unterminated regexp literal
  219 |         )}
  220 |       </div>
> 221 |     </div>
      |      ^^^^^
  222 |   );
  223 | }
  224 |

Parsing ecmascript source code failed

Import trace:
  Server Component:
    ./components/stocks/StockIndicatorChart.tsx
    ./app/(main)/stocks/[symbol]/page.tsx @ http://localhost:3000/_next/static/chunks/node_modules_next_dist_0u_w_5s._.js:1945
[   36333ms] [ERROR] ./components/stocks/StockIndicatorChart.tsx:219:10
Unexpected token. Did you mean `{'}'}` or `&rbrace;`?
  217 |             데이터 없음
  218 |           </div>
> 219 |         )}
      |          ^
  220 |       </div>
  221 |     </div>
  222 |   );

Parsing ecmascript source code failed

Import trace:
  Server Component:
    ./components/stocks/StockIndicatorChart.tsx
    ./app/(main)/stocks/[symbol]/page.tsx @ http://localhost:3000/_next/static/chunks/node_modules_next_dist_0u_w_5s._.js:1945
[   36333ms] [ERROR] ./components/stocks/StockIndicatorChart.tsx:221:6
Unterminated regexp literal
  219 |         )}
  220 |       </div>
> 221 |     </div>
      |      ^^^^^
  222 |   );
  223 | }
  224 |

Parsing ecmascript source code failed

Import trace:
  Server Component:
    ./components/stocks/StockIndicatorChart.tsx
    ./app/(main)/stocks/[symbol]/page.tsx @ http://localhost:3000/_next/static/chunks/node_modules_next_dist_0u_w_5s._.js:1945
[   36393ms] [ERROR] ./components/stocks/StockIndicatorChart.tsx:219:10
Unexpected token. Did you mean `{'}'}` or `&rbrace;`?
  217 |             데이터 없음
  218 |           </div>
> 219 |         )}
      |          ^
  220 |       </div>
  221 |     </div>
  222 |   );

Parsing ecmascript source code failed

Import trace:
  Server Component:
    ./components/stocks/StockIndicatorChart.tsx
    ./app/(main)/stocks/[symbol]/page.tsx @ http://localhost:3000/_next/static/chunks/node_modules_next_dist_0u_w_5s._.js:1945
[   36393ms] [ERROR] ./components/stocks/StockIndicatorChart.tsx:221:6
Unterminated regexp literal
  219 |         )}
  220 |       </div>
> 221 |     </div>
      |      ^^^^^
  222 |   );
  223 | }
  224 |

Parsing ecmascript source code failed

Import trace:
  Server Component:
    ./components/stocks/StockIndicatorChart.tsx
    ./app/(main)/stocks/[symbol]/page.tsx @ http://localhost:3000/_next/static/chunks/node_modules_next_dist_0u_w_5s._.js:1945
[   36455ms] [ERROR] ./components/stocks/StockIndicatorChart.tsx:219:10
Unexpected token. Did you mean `{'}'}` or `&rbrace;`?
  217 |             데이터 없음
  218 |           </div>
> 219 |         )}
      |          ^
  220 |       </div>
  221 |     </div>
  222 |   );

Parsing ecmascript source code failed

Import trace:
  Server Component:
    ./components/stocks/StockIndicatorChart.tsx
    ./app/(main)/stocks/[symbol]/page.tsx @ http://localhost:3000/_next/static/chunks/node_modules_next_dist_0u_w_5s._.js:1945
[   36455ms] [ERROR] ./components/stocks/StockIndicatorChart.tsx:221:6
Unterminated regexp literal
  219 |         )}
  220 |       </div>
> 221 |     </div>
      |      ^^^^^
  222 |   );
  223 | }
  224 |

Parsing ecmascript source code failed

Import trace:
  Server Component:
    ./components/stocks/StockIndicatorChart.tsx
    ./app/(main)/stocks/[symbol]/page.tsx @ http://localhost:3000/_next/static/chunks/node_modules_next_dist_0u_w_5s._.js:1945
[   36515ms] [ERROR] ./components/stocks/StockIndicatorChart.tsx:219:10
Unexpected token. Did you mean `{'}'}` or `&rbrace;`?
  217 |             데이터 없음
  218 |           </div>
> 219 |         )}
      |          ^
  220 |       </div>
  221 |     </div>
  222 |   );

Parsing ecmascript source code failed

Import trace:
  Server Component:
    ./components/stocks/StockIndicatorChart.tsx
    ./app/(main)/stocks/[symbol]/page.tsx @ http://localhost:3000/_next/static/chunks/node_modules_next_dist_0u_w_5s._.js:1945
[   36515ms] [ERROR] ./components/stocks/StockIndicatorChart.tsx:221:6
Unterminated regexp literal
  219 |         )}
  220 |       </div>
> 221 |     </div>
      |      ^^^^^
  222 |   );
  223 | }
  224 |

Parsing ecmascript source code failed

Import trace:
  Server Component:
    ./components/stocks/StockIndicatorChart.tsx
    ./app/(main)/stocks/[symbol]/page.tsx @ http://localhost:3000/_next/static/chunks/node_modules_next_dist_0u_w_5s._.js:1945
[   36576ms] [ERROR] ./components/stocks/StockIndicatorChart.tsx:219:10
Unexpected token. Did you mean `{'}'}` or `&rbrace;`?
  217 |             데이터 없음
  218 |           </div>
> 219 |         )}
      |          ^
  220 |       </div>
  221 |     </div>
  222 |   );

Parsing ecmascript source code failed

Import trace:
  Server Component:
    ./components/stocks/StockIndicatorChart.tsx
    ./app/(main)/stocks/[symbol]/page.tsx @ http://localhost:3000/_next/static/chunks/node_modules_next_dist_0u_w_5s._.js:1945
[   36576ms] [ERROR] ./components/stocks/StockIndicatorChart.tsx:221:6
Unterminated regexp literal
  219 |         )}
  220 |       </div>
> 221 |     </div>
      |      ^^^^^
  222 |   );
  223 | }
  224 |

Parsing ecmascript source code failed

Import trace:
  Server Component:
    ./components/stocks/StockIndicatorChart.tsx
    ./app/(main)/stocks/[symbol]/page.tsx @ http://localhost:3000/_next/static/chunks/node_modules_next_dist_0u_w_5s._.js:1945
[   36637ms] [ERROR] ./components/stocks/StockIndicatorChart.tsx:219:10
Unexpected token. Did you mean `{'}'}` or `&rbrace;`?
  217 |             데이터 없음
  218 |           </div>
> 219 |         )}
      |          ^
  220 |       </div>
  221 |     </div>
  222 |   );

Parsing ecmascript source code failed

Import trace:
  Server Component:
    ./components/stocks/StockIndicatorChart.tsx
    ./app/(main)/stocks/[symbol]/page.tsx @ http://localhost:3000/_next/static/chunks/node_modules_next_dist_0u_w_5s._.js:1945
[   36637ms] [ERROR] ./components/stocks/StockIndicatorChart.tsx:221:6
Unterminated regexp literal
  219 |         )}
  220 |       </div>
> 221 |     </div>
      |      ^^^^^
  222 |   );
  223 | }
  224 |

Parsing ecmascript source code failed

Import trace:
  Server Component:
    ./components/stocks/StockIndicatorChart.tsx
    ./app/(main)/stocks/[symbol]/page.tsx @ http://localhost:3000/_next/static/chunks/node_modules_next_dist_0u_w_5s._.js:1945
[   36698ms] [ERROR] ./components/stocks/StockIndicatorChart.tsx:219:10
Unexpected token. Did you mean `{'}'}` or `&rbrace;`?
  217 |             데이터 없음
  218 |           </div>
> 219 |         )}
      |          ^
  220 |       </div>
  221 |     </div>
  222 |   );

Parsing ecmascript source code failed

Import trace:
  Server Component:
    ./components/stocks/StockIndicatorChart.tsx
    ./app/(main)/stocks/[symbol]/page.tsx @ http://localhost:3000/_next/static/chunks/node_modules_next_dist_0u_w_5s._.js:1945
[   36698ms] [ERROR] ./components/stocks/StockIndicatorChart.tsx:221:6
Unterminated regexp literal
  219 |         )}
  220 |       </div>
> 221 |     </div>
      |      ^^^^^
  222 |   );
  223 | }
  224 |

Parsing ecmascript source code failed

Import trace:
  Server Component:
    ./components/stocks/StockIndicatorChart.tsx
    ./app/(main)/stocks/[symbol]/page.tsx @ http://localhost:3000/_next/static/chunks/node_modules_next_dist_0u_w_5s._.js:1945
[   36759ms] [ERROR] ./components/stocks/StockIndicatorChart.tsx:219:10
Unexpected token. Did you mean `{'}'}` or `&rbrace;`?
  217 |             데이터 없음
  218 |           </div>
> 219 |         )}
      |          ^
  220 |       </div>
  221 |     </div>
  222 |   );

Parsing ecmascript source code failed

Import trace:
  Server Component:
    ./components/stocks/StockIndicatorChart.tsx
    ./app/(main)/stocks/[symbol]/page.tsx @ http://localhost:3000/_next/static/chunks/node_modules_next_dist_0u_w_5s._.js:1945
[   36759ms] [ERROR] ./components/stocks/StockIndicatorChart.tsx:221:6
Unterminated regexp literal
  219 |         )}
  220 |       </div>
> 221 |     </div>
      |      ^^^^^
  222 |   );
  223 | }
  224 |

Parsing ecmascript source code failed

Import trace:
  Server Component:
    ./components/stocks/StockIndicatorChart.tsx
    ./app/(main)/stocks/[symbol]/page.tsx @ http://localhost:3000/_next/static/chunks/node_modules_next_dist_0u_w_5s._.js:1945
[   36819ms] [ERROR] ./components/stocks/StockIndicatorChart.tsx:219:10
Unexpected token. Did you mean `{'}'}` or `&rbrace;`?
  217 |             데이터 없음
  218 |           </div>
> 219 |         )}
      |          ^
  220 |       </div>
  221 |     </div>
  222 |   );

Parsing ecmascript source code failed

Import trace:
  Server Component:
    ./components/stocks/StockIndicatorChart.tsx
    ./app/(main)/stocks/[symbol]/page.tsx @ http://localhost:3000/_next/static/chunks/node_modules_next_dist_0u_w_5s._.js:1945
[   36820ms] [ERROR] ./components/stocks/StockIndicatorChart.tsx:221:6
Unterminated regexp literal
  219 |         )}
  220 |       </div>
> 221 |     </div>
      |      ^^^^^
  222 |   );
  223 | }
  224 |

Parsing ecmascript source code failed

Import trace:
  Server Component:
    ./components/stocks/StockIndicatorChart.tsx
    ./app/(main)/stocks/[symbol]/page.tsx @ http://localhost:3000/_next/static/chunks/node_modules_next_dist_0u_w_5s._.js:1945
[   36879ms] [ERROR] ./components/stocks/StockIndicatorChart.tsx:219:10
Unexpected token. Did you mean `{'}'}` or `&rbrace;`?
  217 |             데이터 없음
  218 |           </div>
> 219 |         )}
      |          ^
  220 |       </div>
  221 |     </div>
  222 |   );

Parsing ecmascript source code failed

Import trace:
  Server Component:
    ./components/stocks/StockIndicatorChart.tsx
    ./app/(main)/stocks/[symbol]/page.tsx @ http://localhost:3000/_next/static/chunks/node_modules_next_dist_0u_w_5s._.js:1945
[   36880ms] [ERROR] ./components/stocks/StockIndicatorChart.tsx:221:6
Unterminated regexp literal
  219 |         )}
  220 |       </div>
> 221 |     </div>
      |      ^^^^^
  222 |   );
  223 | }
  224 |

Parsing ecmascript source code failed

Import trace:
  Server Component:
    ./components/stocks/StockIndicatorChart.tsx
    ./app/(main)/stocks/[symbol]/page.tsx @ http://localhost:3000/_next/static/chunks/node_modules_next_dist_0u_w_5s._.js:1945
[   36941ms] [ERROR] ./components/stocks/StockIndicatorChart.tsx:219:10
Unexpected token. Did you mean `{'}'}` or `&rbrace;`?
  217 |             데이터 없음
  218 |           </div>
> 219 |         )}
      |          ^
  220 |       </div>
  221 |     </div>
  222 |   );

Parsing ecmascript source code failed

Import trace:
  Server Component:
    ./components/stocks/StockIndicatorChart.tsx
    ./app/(main)/stocks/[symbol]/page.tsx @ http://localhost:3000/_next/static/chunks/node_modules_next_dist_0u_w_5s._.js:1945
[   36941ms] [ERROR] ./components/stocks/StockIndicatorChart.tsx:221:6
Unterminated regexp literal
  219 |         )}
  220 |       </div>
> 221 |     </div>
      |      ^^^^^
  222 |   );
  223 | }
  224 |

Parsing ecmascript source code failed

Import trace:
  Server Component:
    ./components/stocks/StockIndicatorChart.tsx
    ./app/(main)/stocks/[symbol]/page.tsx @ http://localhost:3000/_next/static/chunks/node_modules_next_dist_0u_w_5s._.js:1945
[   37001ms] [ERROR] ./components/stocks/StockIndicatorChart.tsx:219:10
Unexpected token. Did you mean `{'}'}` or `&rbrace;`?
  217 |             데이터 없음
  218 |           </div>
> 219 |         )}
      |          ^
  220 |       </div>
  221 |     </div>
  222 |   );

Parsing ecmascript source code failed

Import trace:
  Server Component:
    ./components/stocks/StockIndicatorChart.tsx
    ./app/(main)/stocks/[symbol]/page.tsx @ http://localhost:3000/_next/static/chunks/node_modules_next_dist_0u_w_5s._.js:1945
[   37001ms] [ERROR] ./components/stocks/StockIndicatorChart.tsx:221:6
Unterminated regexp literal
  219 |         )}
  220 |       </div>
> 221 |     </div>
      |      ^^^^^
  222 |   );
  223 | }
  224 |

Parsing ecmascript source code failed

Import trace:
  Server Component:
    ./components/stocks/StockIndicatorChart.tsx
    ./app/(main)/stocks/[symbol]/page.tsx @ http://localhost:3000/_next/static/chunks/node_modules_next_dist_0u_w_5s._.js:1945
[   37062ms] [ERROR] ./components/stocks/StockIndicatorChart.tsx:219:10
Unexpected token. Did you mean `{'}'}` or `&rbrace;`?
  217 |             데이터 없음
  218 |           </div>
> 219 |         )}
      |          ^
  220 |       </div>
  221 |     </div>
  222 |   );

Parsing ecmascript source code failed

Import trace:
  Server Component:
    ./components/stocks/StockIndicatorChart.tsx
    ./app/(main)/stocks/[symbol]/page.tsx @ http://localhost:3000/_next/static/chunks/node_modules_next_dist_0u_w_5s._.js:1945
[   37063ms] [ERROR] ./components/stocks/StockIndicatorChart.tsx:221:6
Unterminated regexp literal
  219 |         )}
  220 |       </div>
> 221 |     </div>
      |      ^^^^^
  222 |   );
  223 | }
  224 |

Parsing ecmascript source code failed

Import trace:
  Server Component:
    ./components/stocks/StockIndicatorChart.tsx
    ./app/(main)/stocks/[symbol]/page.tsx @ http://localhost:3000/_next/static/chunks/node_modules_next_dist_0u_w_5s._.js:1945
[   37123ms] [ERROR] ./components/stocks/StockIndicatorChart.tsx:219:10
Unexpected token. Did you mean `{'}'}` or `&rbrace;`?
  217 |             데이터 없음
  218 |           </div>
> 219 |         )}
      |          ^
  220 |       </div>
  221 |     </div>
  222 |   );

Parsing ecmascript source code failed

Import trace:
  Server Component:
    ./components/stocks/StockIndicatorChart.tsx
    ./app/(main)/stocks/[symbol]/page.tsx @ http://localhost:3000/_next/static/chunks/node_modules_next_dist_0u_w_5s._.js:1945
[   37123ms] [ERROR] ./components/stocks/StockIndicatorChart.tsx:221:6
Unterminated regexp literal
  219 |         )}
  220 |       </div>
> 221 |     </div>
      |      ^^^^^
  222 |   );
  223 | }
  224 |

Parsing ecmascript source code failed

Import trace:
  Server Component:
    ./components/stocks/StockIndicatorChart.tsx
    ./app/(main)/stocks/[symbol]/page.tsx @ http://localhost:3000/_next/static/chunks/node_modules_next_dist_0u_w_5s._.js:1945
[   37183ms] [ERROR] ./components/stocks/StockIndicatorChart.tsx:219:10
Unexpected token. Did you mean `{'}'}` or `&rbrace;`?
  217 |             데이터 없음
  218 |           </div>
> 219 |         )}
      |          ^
  220 |       </div>
  221 |     </div>
  222 |   );

Parsing ecmascript source code failed

Import trace:
  Server Component:
    ./components/stocks/StockIndicatorChart.tsx
    ./app/(main)/stocks/[symbol]/page.tsx @ http://localhost:3000/_next/static/chunks/node_modules_next_dist_0u_w_5s._.js:1945
[   37183ms] [ERROR] ./components/stocks/StockIndicatorChart.tsx:221:6
Unterminated regexp literal
  219 |         )}
  220 |       </div>
> 221 |     </div>
      |      ^^^^^
  222 |   );
  223 | }
  224 |

Parsing ecmascript source code failed

Import trace:
  Server Component:
    ./components/stocks/StockIndicatorChart.tsx
    ./app/(main)/stocks/[symbol]/page.tsx @ http://localhost:3000/_next/static/chunks/node_modules_next_dist_0u_w_5s._.js:1945
[   37245ms] [ERROR] ./components/stocks/StockIndicatorChart.tsx:219:10
Unexpected token. Did you mean `{'}'}` or `&rbrace;`?
  217 |             데이터 없음
  218 |           </div>
> 219 |         )}
      |          ^
  220 |       </div>
  221 |     </div>
  222 |   );

Parsing ecmascript source code failed

Import trace:
  Server Component:
    ./components/stocks/StockIndicatorChart.tsx
    ./app/(main)/stocks/[symbol]/page.tsx @ http://localhost:3000/_next/static/chunks/node_modules_next_dist_0u_w_5s._.js:1945
[   37245ms] [ERROR] ./components/stocks/StockIndicatorChart.tsx:221:6
Unterminated regexp literal
  219 |         )}
  220 |       </div>
> 221 |     </div>
      |      ^^^^^
  222 |   );
  223 | }
  224 |

Parsing ecmascript source code failed

Import trace:
  Server Component:
    ./components/stocks/StockIndicatorChart.tsx
    ./app/(main)/stocks/[symbol]/page.tsx @ http://localhost:3000/_next/static/chunks/node_modules_next_dist_0u_w_5s._.js:1945
[   37306ms] [ERROR] ./components/stocks/StockIndicatorChart.tsx:219:10
Unexpected token. Did you mean `{'}'}` or `&rbrace;`?
  217 |             데이터 없음
  218 |           </div>
> 219 |         )}
      |          ^
  220 |       </div>
  221 |     </div>
  222 |   );

Parsing ecmascript source code failed

Import trace:
  Server Component:
    ./components/stocks/StockIndicatorChart.tsx
    ./app/(main)/stocks/[symbol]/page.tsx @ http://localhost:3000/_next/static/chunks/node_modules_next_dist_0u_w_5s._.js:1945
[   37306ms] [ERROR] ./components/stocks/StockIndicatorChart.tsx:221:6
Unterminated regexp literal
  219 |         )}
  220 |       </div>
> 221 |     </div>
      |      ^^^^^
  222 |   );
  223 | }
  224 |

Parsing ecmascript source code failed

Import trace:
  Server Component:
    ./components/stocks/StockIndicatorChart.tsx
    ./app/(main)/stocks/[symbol]/page.tsx @ http://localhost:3000/_next/static/chunks/node_modules_next_dist_0u_w_5s._.js:1945
[   37366ms] [ERROR] ./components/stocks/StockIndicatorChart.tsx:219:10
Unexpected token. Did you mean `{'}'}` or `&rbrace;`?
  217 |             데이터 없음
  218 |           </div>
> 219 |         )}
      |          ^
  220 |       </div>
  221 |     </div>
  222 |   );

Parsing ecmascript source code failed

Import trace:
  Server Component:
    ./components/stocks/StockIndicatorChart.tsx
    ./app/(main)/stocks/[symbol]/page.tsx @ http://localhost:3000/_next/static/chunks/node_modules_next_dist_0u_w_5s._.js:1945
[   37366ms] [ERROR] ./components/stocks/StockIndicatorChart.tsx:221:6
Unterminated regexp literal
  219 |         )}
  220 |       </div>
> 221 |     </div>
      |      ^^^^^
  222 |   );
  223 | }
  224 |

Parsing ecmascript source code failed

Import trace:
  Server Component:
    ./components/stocks/StockIndicatorChart.tsx
    ./app/(main)/stocks/[symbol]/page.tsx @ http://localhost:3000/_next/static/chunks/node_modules_next_dist_0u_w_5s._.js:1945
[   37425ms] [ERROR] ./components/stocks/StockIndicatorChart.tsx:219:10
Unexpected token. Did you mean `{'}'}` or `&rbrace;`?
  217 |             데이터 없음
  218 |           </div>
> 219 |         )}
      |          ^
  220 |       </div>
  221 |     </div>
  222 |   );

Parsing ecmascript source code failed

Import trace:
  Server Component:
    ./components/stocks/StockIndicatorChart.tsx
    ./app/(main)/stocks/[symbol]/page.tsx @ http://localhost:3000/_next/static/chunks/node_modules_next_dist_0u_w_5s._.js:1945
[   37425ms] [ERROR] ./components/stocks/StockIndicatorChart.tsx:221:6
Unterminated regexp literal
  219 |         )}
  220 |       </div>
> 221 |     </div>
      |      ^^^^^
  222 |   );
  223 | }
  224 |

Parsing ecmascript source code failed

Import trace:
  Server Component:
    ./components/stocks/StockIndicatorChart.tsx
    ./app/(main)/stocks/[symbol]/page.tsx @ http://localhost:3000/_next/static/chunks/node_modules_next_dist_0u_w_5s._.js:1945
[   37487ms] [ERROR] ./components/stocks/StockIndicatorChart.tsx:219:10
Unexpected token. Did you mean `{'}'}` or `&rbrace;`?
  217 |             데이터 없음
  218 |           </div>
> 219 |         )}
      |          ^
  220 |       </div>
  221 |     </div>
  222 |   );

Parsing ecmascript source code failed

Import trace:
  Server Component:
    ./components/stocks/StockIndicatorChart.tsx
    ./app/(main)/stocks/[symbol]/page.tsx @ http://localhost:3000/_next/static/chunks/node_modules_next_dist_0u_w_5s._.js:1945
[   37487ms] [ERROR] ./components/stocks/StockIndicatorChart.tsx:221:6
Unterminated regexp literal
  219 |         )}
  220 |       </div>
> 221 |     </div>
      |      ^^^^^
  222 |   );
  223 | }
  224 |

Parsing ecmascript source code failed

Import trace:
  Server Component:
    ./components/stocks/StockIndicatorChart.tsx
    ./app/(main)/stocks/[symbol]/page.tsx @ http://localhost:3000/_next/static/chunks/node_modules_next_dist_0u_w_5s._.js:1945
[   37548ms] [ERROR] ./components/stocks/StockIndicatorChart.tsx:219:10
Unexpected token. Did you mean `{'}'}` or `&rbrace;`?
  217 |             데이터 없음
  218 |           </div>
> 219 |         )}
      |          ^
  220 |       </div>
  221 |     </div>
  222 |   );

Parsing ecmascript source code failed

Import trace:
  Server Component:
    ./components/stocks/StockIndicatorChart.tsx
    ./app/(main)/stocks/[symbol]/page.tsx @ http://localhost:3000/_next/static/chunks/node_modules_next_dist_0u_w_5s._.js:1945
[   37548ms] [ERROR] ./components/stocks/StockIndicatorChart.tsx:221:6
Unterminated regexp literal
  219 |         )}
  220 |       </div>
> 221 |     </div>
      |      ^^^^^
  222 |   );
  223 | }
  224 |

Parsing ecmascript source code failed

Import trace:
  Server Component:
    ./components/stocks/StockIndicatorChart.tsx
    ./app/(main)/stocks/[symbol]/page.tsx @ http://localhost:3000/_next/static/chunks/node_modules_next_dist_0u_w_5s._.js:1945
[   37608ms] [ERROR] ./components/stocks/StockIndicatorChart.tsx:219:10
Unexpected token. Did you mean `{'}'}` or `&rbrace;`?
  217 |             데이터 없음
  218 |           </div>
> 219 |         )}
      |          ^
  220 |       </div>
  221 |     </div>
  222 |   );

Parsing ecmascript source code failed

Import trace:
  Server Component:
    ./components/stocks/StockIndicatorChart.tsx
    ./app/(main)/stocks/[symbol]/page.tsx @ http://localhost:3000/_next/static/chunks/node_modules_next_dist_0u_w_5s._.js:1945
[   37608ms] [ERROR] ./components/stocks/StockIndicatorChart.tsx:221:6
Unterminated regexp literal
  219 |         )}
  220 |       </div>
> 221 |     </div>
      |      ^^^^^
  222 |   );
  223 | }
  224 |

Parsing ecmascript source code failed

Import trace:
  Server Component:
    ./components/stocks/StockIndicatorChart.tsx
    ./app/(main)/stocks/[symbol]/page.tsx @ http://localhost:3000/_next/static/chunks/node_modules_next_dist_0u_w_5s._.js:1945
[   37670ms] [ERROR] ./components/stocks/StockIndicatorChart.tsx:219:10
Unexpected token. Did you mean `{'}'}` or `&rbrace;`?
  217 |             데이터 없음
  218 |           </div>
> 219 |         )}
      |          ^
  220 |       </div>
  221 |     </div>
  222 |   );

Parsing ecmascript source code failed

Import trace:
  Server Component:
    ./components/stocks/StockIndicatorChart.tsx
    ./app/(main)/stocks/[symbol]/page.tsx @ http://localhost:3000/_next/static/chunks/node_modules_next_dist_0u_w_5s._.js:1945
[   37670ms] [ERROR] ./components/stocks/StockIndicatorChart.tsx:221:6
Unterminated regexp literal
  219 |         )}
  220 |       </div>
> 221 |     </div>
      |      ^^^^^
  222 |   );
  223 | }
  224 |

Parsing ecmascript source code failed

Import trace:
  Server Component:
    ./components/stocks/StockIndicatorChart.tsx
    ./app/(main)/stocks/[symbol]/page.tsx @ http://localhost:3000/_next/static/chunks/node_modules_next_dist_0u_w_5s._.js:1945
[   37730ms] [ERROR] ./components/stocks/StockIndicatorChart.tsx:219:10
Unexpected token. Did you mean `{'}'}` or `&rbrace;`?
  217 |             데이터 없음
  218 |           </div>
> 219 |         )}
      |          ^
  220 |       </div>
  221 |     </div>
  222 |   );

Parsing ecmascript source code failed

Import trace:
  Server Component:
    ./components/stocks/StockIndicatorChart.tsx
    ./app/(main)/stocks/[symbol]/page.tsx @ http://localhost:3000/_next/static/chunks/node_modules_next_dist_0u_w_5s._.js:1945
[   37730ms] [ERROR] ./components/stocks/StockIndicatorChart.tsx:221:6
Unterminated regexp literal
  219 |         )}
  220 |       </div>
> 221 |     </div>
      |      ^^^^^
  222 |   );
  223 | }
  224 |

Parsing ecmascript source code failed

Import trace:
  Server Component:
    ./components/stocks/StockIndicatorChart.tsx
    ./app/(main)/stocks/[symbol]/page.tsx @ http://localhost:3000/_next/static/chunks/node_modules_next_dist_0u_w_5s._.js:1945
[   37791ms] [ERROR] ./components/stocks/StockIndicatorChart.tsx:219:10
Unexpected token. Did you mean `{'}'}` or `&rbrace;`?
  217 |             데이터 없음
  218 |           </div>
> 219 |         )}
      |          ^
  220 |       </div>
  221 |     </div>
  222 |   );

Parsing ecmascript source code failed

Import trace:
  Server Component:
    ./components/stocks/StockIndicatorChart.tsx
    ./app/(main)/stocks/[symbol]/page.tsx @ http://localhost:3000/_next/static/chunks/node_modules_next_dist_0u_w_5s._.js:1945
[   37791ms] [ERROR] ./components/stocks/StockIndicatorChart.tsx:221:6
Unterminated regexp literal
  219 |         )}
  220 |       </div>
> 221 |     </div>
      |      ^^^^^
  222 |   );
  223 | }
  224 |

Parsing ecmascript source code failed

Import trace:
  Server Component:
    ./components/stocks/StockIndicatorChart.tsx
    ./app/(main)/stocks/[symbol]/page.tsx @ http://localhost:3000/_next/static/chunks/node_modules_next_dist_0u_w_5s._.js:1945
[   37866ms] [ERROR] ./components/stocks/StockIndicatorChart.tsx:219:10
Unexpected token. Did you mean `{'}'}` or `&rbrace;`?
  217 |             데이터 없음
  218 |           </div>
> 219 |         )}
      |          ^
  220 |       </div>
  221 |     </div>
  222 |   );

Parsing ecmascript source code failed

Import trace:
  Server Component:
    ./components/stocks/StockIndicatorChart.tsx
    ./app/(main)/stocks/[symbol]/page.tsx @ http://localhost:3000/_next/static/chunks/node_modules_next_dist_0u_w_5s._.js:1945
[   37867ms] [ERROR] ./components/stocks/StockIndicatorChart.tsx:221:6
Unterminated regexp literal
  219 |         )}
  220 |       </div>
> 221 |     </div>
      |      ^^^^^
  222 |   );
  223 | }
  224 |

Parsing ecmascript source code failed

Import trace:
  Server Component:
    ./components/stocks/StockIndicatorChart.tsx
    ./app/(main)/stocks/[symbol]/page.tsx @ http://localhost:3000/_next/static/chunks/node_modules_next_dist_0u_w_5s._.js:1945
[   37926ms] [ERROR] ./components/stocks/StockIndicatorChart.tsx:219:10
Unexpected token. Did you mean `{'}'}` or `&rbrace;`?
  217 |             데이터 없음
  218 |           </div>
> 219 |         )}
      |          ^
  220 |       </div>
  221 |     </div>
  222 |   );

Parsing ecmascript source code failed

Import trace:
  Server Component:
    ./components/stocks/StockIndicatorChart.tsx
    ./app/(main)/stocks/[symbol]/page.tsx @ http://localhost:3000/_next/static/chunks/node_modules_next_dist_0u_w_5s._.js:1945
[   37927ms] [ERROR] ./components/stocks/StockIndicatorChart.tsx:221:6
Unterminated regexp literal
  219 |         )}
  220 |       </div>
> 221 |     </div>
      |      ^^^^^
  222 |   );
  223 | }
  224 |

Parsing ecmascript source code failed

Import trace:
  Server Component:
    ./components/stocks/StockIndicatorChart.tsx
    ./app/(main)/stocks/[symbol]/page.tsx @ http://localhost:3000/_next/static/chunks/node_modules_next_dist_0u_w_5s._.js:1945
[   37986ms] [ERROR] ./components/stocks/StockIndicatorChart.tsx:219:10
Unexpected token. Did you mean `{'}'}` or `&rbrace;`?
  217 |             데이터 없음
  218 |           </div>
> 219 |         )}
      |          ^
  220 |       </div>
  221 |     </div>
  222 |   );

Parsing ecmascript source code failed

Import trace:
  Server Component:
    ./components/stocks/StockIndicatorChart.tsx
    ./app/(main)/stocks/[symbol]/page.tsx @ http://localhost:3000/_next/static/chunks/node_modules_next_dist_0u_w_5s._.js:1945
[   37986ms] [ERROR] ./components/stocks/StockIndicatorChart.tsx:221:6
Unterminated regexp literal
  219 |         )}
  220 |       </div>
> 221 |     </div>
      |      ^^^^^
  222 |   );
  223 | }
  224 |

Parsing ecmascript source code failed

Import trace:
  Server Component:
    ./components/stocks/StockIndicatorChart.tsx
    ./app/(main)/stocks/[symbol]/page.tsx @ http://localhost:3000/_next/static/chunks/node_modules_next_dist_0u_w_5s._.js:1945
[   38046ms] [ERROR] ./components/stocks/StockIndicatorChart.tsx:219:10
Unexpected token. Did you mean `{'}'}` or `&rbrace;`?
  217 |             데이터 없음
  218 |           </div>
> 219 |         )}
      |          ^
  220 |       </div>
  221 |     </div>
  222 |   );

Parsing ecmascript source code failed

Import trace:
  Server Component:
    ./components/stocks/StockIndicatorChart.tsx
    ./app/(main)/stocks/[symbol]/page.tsx @ http://localhost:3000/_next/static/chunks/node_modules_next_dist_0u_w_5s._.js:1945
[   38047ms] [ERROR] ./components/stocks/StockIndicatorChart.tsx:221:6
Unterminated regexp literal
  219 |         )}
  220 |       </div>
> 221 |     </div>
      |      ^^^^^
  222 |   );
  223 | }
  224 |

Parsing ecmascript source code failed

Import trace:
  Server Component:
    ./components/stocks/StockIndicatorChart.tsx
    ./app/(main)/stocks/[symbol]/page.tsx @ http://localhost:3000/_next/static/chunks/node_modules_next_dist_0u_w_5s._.js:1945
[   38106ms] [ERROR] ./components/stocks/StockIndicatorChart.tsx:219:10
Unexpected token. Did you mean `{'}'}` or `&rbrace;`?
  217 |             데이터 없음
  218 |           </div>
> 219 |         )}
      |          ^
  220 |       </div>
  221 |     </div>
  222 |   );

Parsing ecmascript source code failed

Import trace:
  Server Component:
    ./components/stocks/StockIndicatorChart.tsx
    ./app/(main)/stocks/[symbol]/page.tsx @ http://localhost:3000/_next/static/chunks/node_modules_next_dist_0u_w_5s._.js:1945
[   38106ms] [ERROR] ./components/stocks/StockIndicatorChart.tsx:221:6
Unterminated regexp literal
  219 |         )}
  220 |       </div>
> 221 |     </div>
      |      ^^^^^
  222 |   );
  223 | }
  224 |

Parsing ecmascript source code failed

Import trace:
  Server Component:
    ./components/stocks/StockIndicatorChart.tsx
    ./app/(main)/stocks/[symbol]/page.tsx @ http://localhost:3000/_next/static/chunks/node_modules_next_dist_0u_w_5s._.js:1945
[   38166ms] [ERROR] ./components/stocks/StockIndicatorChart.tsx:219:10
Unexpected token. Did you mean `{'}'}` or `&rbrace;`?
  217 |             데이터 없음
  218 |           </div>
> 219 |         )}
      |          ^
  220 |       </div>
  221 |     </div>
  222 |   );

Parsing ecmascript source code failed

Import trace:
  Server Component:
    ./components/stocks/StockIndicatorChart.tsx
    ./app/(main)/stocks/[symbol]/page.tsx @ http://localhost:3000/_next/static/chunks/node_modules_next_dist_0u_w_5s._.js:1945
[   38166ms] [ERROR] ./components/stocks/StockIndicatorChart.tsx:221:6
Unterminated regexp literal
  219 |         )}
  220 |       </div>
> 221 |     </div>
      |      ^^^^^
  222 |   );
  223 | }
  224 |

Parsing ecmascript source code failed

Import trace:
  Server Component:
    ./components/stocks/StockIndicatorChart.tsx
    ./app/(main)/stocks/[symbol]/page.tsx @ http://localhost:3000/_next/static/chunks/node_modules_next_dist_0u_w_5s._.js:1945
[   38227ms] [ERROR] ./components/stocks/StockIndicatorChart.tsx:219:10
Unexpected token. Did you mean `{'}'}` or `&rbrace;`?
  217 |             데이터 없음
  218 |           </div>
> 219 |         )}
      |          ^
  220 |       </div>
  221 |     </div>
  222 |   );

Parsing ecmascript source code failed

Import trace:
  Server Component:
    ./components/stocks/StockIndicatorChart.tsx
    ./app/(main)/stocks/[symbol]/page.tsx @ http://localhost:3000/_next/static/chunks/node_modules_next_dist_0u_w_5s._.js:1945
[   38227ms] [ERROR] ./components/stocks/StockIndicatorChart.tsx:221:6
Unterminated regexp literal
  219 |         )}
  220 |       </div>
> 221 |     </div>
      |      ^^^^^
  222 |   );
  223 | }
  224 |

Parsing ecmascript source code failed

Import trace:
  Server Component:
    ./components/stocks/StockIndicatorChart.tsx
    ./app/(main)/stocks/[symbol]/page.tsx @ http://localhost:3000/_next/static/chunks/node_modules_next_dist_0u_w_5s._.js:1945
[   38287ms] [ERROR] ./components/stocks/StockIndicatorChart.tsx:219:10
Unexpected token. Did you mean `{'}'}` or `&rbrace;`?
  217 |             데이터 없음
  218 |           </div>
> 219 |         )}
      |          ^
  220 |       </div>
  221 |     </div>
  222 |   );

Parsing ecmascript source code failed

Import trace:
  Server Component:
    ./components/stocks/StockIndicatorChart.tsx
    ./app/(main)/stocks/[symbol]/page.tsx @ http://localhost:3000/_next/static/chunks/node_modules_next_dist_0u_w_5s._.js:1945
[   38288ms] [ERROR] ./components/stocks/StockIndicatorChart.tsx:221:6
Unterminated regexp literal
  219 |         )}
  220 |       </div>
> 221 |     </div>
      |      ^^^^^
  222 |   );
  223 | }
  224 |

Parsing ecmascript source code failed

Import trace:
  Server Component:
    ./components/stocks/StockIndicatorChart.tsx
    ./app/(main)/stocks/[symbol]/page.tsx @ http://localhost:3000/_next/static/chunks/node_modules_next_dist_0u_w_5s._.js:1945
[   38348ms] [ERROR] ./components/stocks/StockIndicatorChart.tsx:219:10
Unexpected token. Did you mean `{'}'}` or `&rbrace;`?
  217 |             데이터 없음
  218 |           </div>
> 219 |         )}
      |          ^
  220 |       </div>
  221 |     </div>
  222 |   );

Parsing ecmascript source code failed

Import trace:
  Server Component:
    ./components/stocks/StockIndicatorChart.tsx
    ./app/(main)/stocks/[symbol]/page.tsx @ http://localhost:3000/_next/static/chunks/node_modules_next_dist_0u_w_5s._.js:1945
[   38348ms] [ERROR] ./components/stocks/StockIndicatorChart.tsx:221:6
Unterminated regexp literal
  219 |         )}
  220 |       </div>
> 221 |     </div>
      |      ^^^^^
  222 |   );
  223 | }
  224 |

Parsing ecmascript source code failed

Import trace:
  Server Component:
    ./components/stocks/StockIndicatorChart.tsx
    ./app/(main)/stocks/[symbol]/page.tsx @ http://localhost:3000/_next/static/chunks/node_modules_next_dist_0u_w_5s._.js:1945
[   38408ms] [ERROR] ./components/stocks/StockIndicatorChart.tsx:219:10
Unexpected token. Did you mean `{'}'}` or `&rbrace;`?
  217 |             데이터 없음
  218 |           </div>
> 219 |         )}
      |          ^
  220 |       </div>
  221 |     </div>
  222 |   );

Parsing ecmascript source code failed

Import trace:
  Server Component:
    ./components/stocks/StockIndicatorChart.tsx
    ./app/(main)/stocks/[symbol]/page.tsx @ http://localhost:3000/_next/static/chunks/node_modules_next_dist_0u_w_5s._.js:1945
[   38408ms] [ERROR] ./components/stocks/StockIndicatorChart.tsx:221:6
Unterminated regexp literal
  219 |         )}
  220 |       </div>
> 221 |     </div>
      |      ^^^^^
  222 |   );
  223 | }
  224 |

Parsing ecmascript source code failed

Import trace:
  Server Component:
    ./components/stocks/StockIndicatorChart.tsx
    ./app/(main)/stocks/[symbol]/page.tsx @ http://localhost:3000/_next/static/chunks/node_modules_next_dist_0u_w_5s._.js:1945
[   38469ms] [ERROR] ./components/stocks/StockIndicatorChart.tsx:219:10
Unexpected token. Did you mean `{'}'}` or `&rbrace;`?
  217 |             데이터 없음
  218 |           </div>
> 219 |         )}
      |          ^
  220 |       </div>
  221 |     </div>
  222 |   );

Parsing ecmascript source code failed

Import trace:
  Server Component:
    ./components/stocks/StockIndicatorChart.tsx
    ./app/(main)/stocks/[symbol]/page.tsx @ http://localhost:3000/_next/static/chunks/node_modules_next_dist_0u_w_5s._.js:1945
[   38469ms] [ERROR] ./components/stocks/StockIndicatorChart.tsx:221:6
Unterminated regexp literal
  219 |         )}
  220 |       </div>
> 221 |     </div>
      |      ^^^^^
  222 |   );
  223 | }
  224 |

Parsing ecmascript source code failed

Import trace:
  Server Component:
    ./components/stocks/StockIndicatorChart.tsx
    ./app/(main)/stocks/[symbol]/page.tsx @ http://localhost:3000/_next/static/chunks/node_modules_next_dist_0u_w_5s._.js:1945
[   38529ms] [ERROR] ./components/stocks/StockIndicatorChart.tsx:219:10
Unexpected token. Did you mean `{'}'}` or `&rbrace;`?
  217 |             데이터 없음
  218 |           </div>
> 219 |         )}
      |          ^
  220 |       </div>
  221 |     </div>
  222 |   );

Parsing ecmascript source code failed

Import trace:
  Server Component:
    ./components/stocks/StockIndicatorChart.tsx
    ./app/(main)/stocks/[symbol]/page.tsx @ http://localhost:3000/_next/static/chunks/node_modules_next_dist_0u_w_5s._.js:1945
[   38529ms] [ERROR] ./components/stocks/StockIndicatorChart.tsx:221:6
Unterminated regexp literal
  219 |         )}
  220 |       </div>
> 221 |     </div>
      |      ^^^^^
  222 |   );
  223 | }
  224 |

Parsing ecmascript source code failed

Import trace:
  Server Component:
    ./components/stocks/StockIndicatorChart.tsx
    ./app/(main)/stocks/[symbol]/page.tsx @ http://localhost:3000/_next/static/chunks/node_modules_next_dist_0u_w_5s._.js:1945
[   38590ms] [ERROR] ./components/stocks/StockIndicatorChart.tsx:219:10
Unexpected token. Did you mean `{'}'}` or `&rbrace;`?
  217 |             데이터 없음
  218 |           </div>
> 219 |         )}
      |          ^
  220 |       </div>
  221 |     </div>
  222 |   );

Parsing ecmascript source code failed

Import trace:
  Server Component:
    ./components/stocks/StockIndicatorChart.tsx
    ./app/(main)/stocks/[symbol]/page.tsx @ http://localhost:3000/_next/static/chunks/node_modules_next_dist_0u_w_5s._.js:1945
[   38591ms] [ERROR] ./components/stocks/StockIndicatorChart.tsx:221:6
Unterminated regexp literal
  219 |         )}
  220 |       </div>
> 221 |     </div>
      |      ^^^^^
  222 |   );
  223 | }
  224 |

Parsing ecmascript source code failed

Import trace:
  Server Component:
    ./components/stocks/StockIndicatorChart.tsx
    ./app/(main)/stocks/[symbol]/page.tsx @ http://localhost:3000/_next/static/chunks/node_modules_next_dist_0u_w_5s._.js:1945
[   38650ms] [ERROR] ./components/stocks/StockIndicatorChart.tsx:219:10
Unexpected token. Did you mean `{'}'}` or `&rbrace;`?
  217 |             데이터 없음
  218 |           </div>
> 219 |         )}
      |          ^
  220 |       </div>
  221 |     </div>
  222 |   );

Parsing ecmascript source code failed

Import trace:
  Server Component:
    ./components/stocks/StockIndicatorChart.tsx
    ./app/(main)/stocks/[symbol]/page.tsx @ http://localhost:3000/_next/static/chunks/node_modules_next_dist_0u_w_5s._.js:1945
[   38650ms] [ERROR] ./components/stocks/StockIndicatorChart.tsx:221:6
Unterminated regexp literal
  219 |         )}
  220 |       </div>
> 221 |     </div>
      |      ^^^^^
  222 |   );
  223 | }
  224 |

Parsing ecmascript source code failed

Import trace:
  Server Component:
    ./components/stocks/StockIndicatorChart.tsx
    ./app/(main)/stocks/[symbol]/page.tsx @ http://localhost:3000/_next/static/chunks/node_modules_next_dist_0u_w_5s._.js:1945
[   38711ms] [ERROR] ./components/stocks/StockIndicatorChart.tsx:219:10
Unexpected token. Did you mean `{'}'}` or `&rbrace;`?
  217 |             데이터 없음
  218 |           </div>
> 219 |         )}
      |          ^
  220 |       </div>
  221 |     </div>
  222 |   );

Parsing ecmascript source code failed

Import trace:
  Server Component:
    ./components/stocks/StockIndicatorChart.tsx
    ./app/(main)/stocks/[symbol]/page.tsx @ http://localhost:3000/_next/static/chunks/node_modules_next_dist_0u_w_5s._.js:1945
[   38711ms] [ERROR] ./components/stocks/StockIndicatorChart.tsx:221:6
Unterminated regexp literal
  219 |         )}
  220 |       </div>
> 221 |     </div>
      |      ^^^^^
  222 |   );
  223 | }
  224 |

Parsing ecmascript source code failed

Import trace:
  Server Component:
    ./components/stocks/StockIndicatorChart.tsx
    ./app/(main)/stocks/[symbol]/page.tsx @ http://localhost:3000/_next/static/chunks/node_modules_next_dist_0u_w_5s._.js:1945
[   38772ms] [ERROR] ./components/stocks/StockIndicatorChart.tsx:219:10
Unexpected token. Did you mean `{'}'}` or `&rbrace;`?
  217 |             데이터 없음
  218 |           </div>
> 219 |         )}
      |          ^
  220 |       </div>
  221 |     </div>
  222 |   );

Parsing ecmascript source code failed

Import trace:
  Server Component:
    ./components/stocks/StockIndicatorChart.tsx
    ./app/(main)/stocks/[symbol]/page.tsx @ http://localhost:3000/_next/static/chunks/node_modules_next_dist_0u_w_5s._.js:1945
[   38772ms] [ERROR] ./components/stocks/StockIndicatorChart.tsx:221:6
Unterminated regexp literal
  219 |         )}
  220 |       </div>
> 221 |     </div>
      |      ^^^^^
  222 |   );
  223 | }
  224 |

Parsing ecmascript source code failed

Import trace:
  Server Component:
    ./components/stocks/StockIndicatorChart.tsx
    ./app/(main)/stocks/[symbol]/page.tsx @ http://localhost:3000/_next/static/chunks/node_modules_next_dist_0u_w_5s._.js:1945
[   38833ms] [ERROR] ./components/stocks/StockIndicatorChart.tsx:219:10
Unexpected token. Did you mean `{'}'}` or `&rbrace;`?
  217 |             데이터 없음
  218 |           </div>
> 219 |         )}
      |          ^
  220 |       </div>
  221 |     </div>
  222 |   );

Parsing ecmascript source code failed

Import trace:
  Server Component:
    ./components/stocks/StockIndicatorChart.tsx
    ./app/(main)/stocks/[symbol]/page.tsx @ http://localhost:3000/_next/static/chunks/node_modules_next_dist_0u_w_5s._.js:1945
[   38833ms] [ERROR] ./components/stocks/StockIndicatorChart.tsx:221:6
Unterminated regexp literal
  219 |         )}
  220 |       </div>
> 221 |     </div>
      |      ^^^^^
  222 |   );
  223 | }
  224 |

Parsing ecmascript source code failed

Import trace:
  Server Component:
    ./components/stocks/StockIndicatorChart.tsx
    ./app/(main)/stocks/[symbol]/page.tsx @ http://localhost:3000/_next/static/chunks/node_modules_next_dist_0u_w_5s._.js:1945
[   38893ms] [ERROR] ./components/stocks/StockIndicatorChart.tsx:219:10
Unexpected token. Did you mean `{'}'}` or `&rbrace;`?
  217 |             데이터 없음
  218 |           </div>
> 219 |         )}
      |          ^
  220 |       </div>
  221 |     </div>
  222 |   );

Parsing ecmascript source code failed

Import trace:
  Server Component:
    ./components/stocks/StockIndicatorChart.tsx
    ./app/(main)/stocks/[symbol]/page.tsx @ http://localhost:3000/_next/static/chunks/node_modules_next_dist_0u_w_5s._.js:1945
[   38893ms] [ERROR] ./components/stocks/StockIndicatorChart.tsx:221:6
Unterminated regexp literal
  219 |         )}
  220 |       </div>
> 221 |     </div>
      |      ^^^^^
  222 |   );
  223 | }
  224 |

Parsing ecmascript source code failed

Import trace:
  Server Component:
    ./components/stocks/StockIndicatorChart.tsx
    ./app/(main)/stocks/[symbol]/page.tsx @ http://localhost:3000/_next/static/chunks/node_modules_next_dist_0u_w_5s._.js:1945
[   38955ms] [ERROR] ./components/stocks/StockIndicatorChart.tsx:219:10
Unexpected token. Did you mean `{'}'}` or `&rbrace;`?
  217 |             데이터 없음
  218 |           </div>
> 219 |         )}
      |          ^
  220 |       </div>
  221 |     </div>
  222 |   );

Parsing ecmascript source code failed

Import trace:
  Server Component:
    ./components/stocks/StockIndicatorChart.tsx
    ./app/(main)/stocks/[symbol]/page.tsx @ http://localhost:3000/_next/static/chunks/node_modules_next_dist_0u_w_5s._.js:1945
[   38955ms] [ERROR] ./components/stocks/StockIndicatorChart.tsx:221:6
Unterminated regexp literal
  219 |         )}
  220 |       </div>
> 221 |     </div>
      |      ^^^^^
  222 |   );
  223 | }
  224 |

Parsing ecmascript source code failed

Import trace:
  Server Component:
    ./components/stocks/StockIndicatorChart.tsx
    ./app/(main)/stocks/[symbol]/page.tsx @ http://localhost:3000/_next/static/chunks/node_modules_next_dist_0u_w_5s._.js:1945
[   39016ms] [ERROR] ./components/stocks/StockIndicatorChart.tsx:219:10
Unexpected token. Did you mean `{'}'}` or `&rbrace;`?
  217 |             데이터 없음
  218 |           </div>
> 219 |         )}
      |          ^
  220 |       </div>
  221 |     </div>
  222 |   );

Parsing ecmascript source code failed

Import trace:
  Server Component:
    ./components/stocks/StockIndicatorChart.tsx
    ./app/(main)/stocks/[symbol]/page.tsx @ http://localhost:3000/_next/static/chunks/node_modules_next_dist_0u_w_5s._.js:1945
[   39016ms] [ERROR] ./components/stocks/StockIndicatorChart.tsx:221:6
Unterminated regexp literal
  219 |         )}
  220 |       </div>
> 221 |     </div>
      |      ^^^^^
  222 |   );
  223 | }
  224 |

Parsing ecmascript source code failed

Import trace:
  Server Component:
    ./components/stocks/StockIndicatorChart.tsx
    ./app/(main)/stocks/[symbol]/page.tsx @ http://localhost:3000/_next/static/chunks/node_modules_next_dist_0u_w_5s._.js:1945
[   39076ms] [ERROR] ./components/stocks/StockIndicatorChart.tsx:219:10
Unexpected token. Did you mean `{'}'}` or `&rbrace;`?
  217 |             데이터 없음
  218 |           </div>
> 219 |         )}
      |          ^
  220 |       </div>
  221 |     </div>
  222 |   );

Parsing ecmascript source code failed

Import trace:
  Server Component:
    ./components/stocks/StockIndicatorChart.tsx
    ./app/(main)/stocks/[symbol]/page.tsx @ http://localhost:3000/_next/static/chunks/node_modules_next_dist_0u_w_5s._.js:1945
[   39076ms] [ERROR] ./components/stocks/StockIndicatorChart.tsx:221:6
Unterminated regexp literal
  219 |         )}
  220 |       </div>
> 221 |     </div>
      |      ^^^^^
  222 |   );
  223 | }
  224 |

Parsing ecmascript source code failed

Import trace:
  Server Component:
    ./components/stocks/StockIndicatorChart.tsx
    ./app/(main)/stocks/[symbol]/page.tsx @ http://localhost:3000/_next/static/chunks/node_modules_next_dist_0u_w_5s._.js:1945
[   39136ms] [ERROR] ./components/stocks/StockIndicatorChart.tsx:219:10
Unexpected token. Did you mean `{'}'}` or `&rbrace;`?
  217 |             데이터 없음
  218 |           </div>
> 219 |         )}
      |          ^
  220 |       </div>
  221 |     </div>
  222 |   );

Parsing ecmascript source code failed

Import trace:
  Server Component:
    ./components/stocks/StockIndicatorChart.tsx
    ./app/(main)/stocks/[symbol]/page.tsx @ http://localhost:3000/_next/static/chunks/node_modules_next_dist_0u_w_5s._.js:1945
[   39136ms] [ERROR] ./components/stocks/StockIndicatorChart.tsx:221:6
Unterminated regexp literal
  219 |         )}
  220 |       </div>
> 221 |     </div>
      |      ^^^^^
  222 |   );
  223 | }
  224 |

Parsing ecmascript source code failed

Import trace:
  Server Component:
    ./components/stocks/StockIndicatorChart.tsx
    ./app/(main)/stocks/[symbol]/page.tsx @ http://localhost:3000/_next/static/chunks/node_modules_next_dist_0u_w_5s._.js:1945
[   39197ms] [ERROR] ./components/stocks/StockIndicatorChart.tsx:219:10
Unexpected token. Did you mean `{'}'}` or `&rbrace;`?
  217 |             데이터 없음
  218 |           </div>
> 219 |         )}
      |          ^
  220 |       </div>
  221 |     </div>
  222 |   );

Parsing ecmascript source code failed

Import trace:
  Server Component:
    ./components/stocks/StockIndicatorChart.tsx
    ./app/(main)/stocks/[symbol]/page.tsx @ http://localhost:3000/_next/static/chunks/node_modules_next_dist_0u_w_5s._.js:1945
[   39197ms] [ERROR] ./components/stocks/StockIndicatorChart.tsx:221:6
Unterminated regexp literal
  219 |         )}
  220 |       </div>
> 221 |     </div>
      |      ^^^^^
  222 |   );
  223 | }
  224 |

Parsing ecmascript source code failed

Import trace:
  Server Component:
    ./components/stocks/StockIndicatorChart.tsx
    ./app/(main)/stocks/[symbol]/page.tsx @ http://localhost:3000/_next/static/chunks/node_modules_next_dist_0u_w_5s._.js:1945
[   39258ms] [ERROR] ./components/stocks/StockIndicatorChart.tsx:219:10
Unexpected token. Did you mean `{'}'}` or `&rbrace;`?
  217 |             데이터 없음
  218 |           </div>
> 219 |         )}
      |          ^
  220 |       </div>
  221 |     </div>
  222 |   );

Parsing ecmascript source code failed

Import trace:
  Server Component:
    ./components/stocks/StockIndicatorChart.tsx
    ./app/(main)/stocks/[symbol]/page.tsx @ http://localhost:3000/_next/static/chunks/node_modules_next_dist_0u_w_5s._.js:1945
[   39258ms] [ERROR] ./components/stocks/StockIndicatorChart.tsx:221:6
Unterminated regexp literal
  219 |         )}
  220 |       </div>
> 221 |     </div>
      |      ^^^^^
  222 |   );
  223 | }
  224 |

Parsing ecmascript source code failed

Import trace:
  Server Component:
    ./components/stocks/StockIndicatorChart.tsx
    ./app/(main)/stocks/[symbol]/page.tsx @ http://localhost:3000/_next/static/chunks/node_modules_next_dist_0u_w_5s._.js:1945
[   39320ms] [ERROR] ./components/stocks/StockIndicatorChart.tsx:219:10
Unexpected token. Did you mean `{'}'}` or `&rbrace;`?
  217 |             데이터 없음
  218 |           </div>
> 219 |         )}
      |          ^
  220 |       </div>
  221 |     </div>
  222 |   );

Parsing ecmascript source code failed

Import trace:
  Server Component:
    ./components/stocks/StockIndicatorChart.tsx
    ./app/(main)/stocks/[symbol]/page.tsx @ http://localhost:3000/_next/static/chunks/node_modules_next_dist_0u_w_5s._.js:1945
[   39320ms] [ERROR] ./components/stocks/StockIndicatorChart.tsx:221:6
Unterminated regexp literal
  219 |         )}
  220 |       </div>
> 221 |     </div>
      |      ^^^^^
  222 |   );
  223 | }
  224 |

Parsing ecmascript source code failed

Import trace:
  Server Component:
    ./components/stocks/StockIndicatorChart.tsx
    ./app/(main)/stocks/[symbol]/page.tsx @ http://localhost:3000/_next/static/chunks/node_modules_next_dist_0u_w_5s._.js:1945
[   39379ms] [ERROR] ./components/stocks/StockIndicatorChart.tsx:219:10
Unexpected token. Did you mean `{'}'}` or `&rbrace;`?
  217 |             데이터 없음
  218 |           </div>
> 219 |         )}
      |          ^
  220 |       </div>
  221 |     </div>
  222 |   );

Parsing ecmascript source code failed

Import trace:
  Server Component:
    ./components/stocks/StockIndicatorChart.tsx
    ./app/(main)/stocks/[symbol]/page.tsx @ http://localhost:3000/_next/static/chunks/node_modules_next_dist_0u_w_5s._.js:1945
[   39379ms] [ERROR] ./components/stocks/StockIndicatorChart.tsx:221:6
Unterminated regexp literal
  219 |         )}
  220 |       </div>
> 221 |     </div>
      |      ^^^^^
  222 |   );
  223 | }
  224 |

Parsing ecmascript source code failed

Import trace:
  Server Component:
    ./components/stocks/StockIndicatorChart.tsx
    ./app/(main)/stocks/[symbol]/page.tsx @ http://localhost:3000/_next/static/chunks/node_modules_next_dist_0u_w_5s._.js:1945
[   39441ms] [ERROR] ./components/stocks/StockIndicatorChart.tsx:219:10
Unexpected token. Did you mean `{'}'}` or `&rbrace;`?
  217 |             데이터 없음
  218 |           </div>
> 219 |         )}
      |          ^
  220 |       </div>
  221 |     </div>
  222 |   );

Parsing ecmascript source code failed

Import trace:
  Server Component:
    ./components/stocks/StockIndicatorChart.tsx
    ./app/(main)/stocks/[symbol]/page.tsx @ http://localhost:3000/_next/static/chunks/node_modules_next_dist_0u_w_5s._.js:1945
[   39441ms] [ERROR] ./components/stocks/StockIndicatorChart.tsx:221:6
Unterminated regexp literal
  219 |         )}
  220 |       </div>
> 221 |     </div>
      |      ^^^^^
  222 |   );
  223 | }
  224 |

Parsing ecmascript source code failed

Import trace:
  Server Component:
    ./components/stocks/StockIndicatorChart.tsx
    ./app/(main)/stocks/[symbol]/page.tsx @ http://localhost:3000/_next/static/chunks/node_modules_next_dist_0u_w_5s._.js:1945
[   39501ms] [ERROR] ./components/stocks/StockIndicatorChart.tsx:219:10
Unexpected token. Did you mean `{'}'}` or `&rbrace;`?
  217 |             데이터 없음
  218 |           </div>
> 219 |         )}
      |          ^
  220 |       </div>
  221 |     </div>
  222 |   );

Parsing ecmascript source code failed

Import trace:
  Server Component:
    ./components/stocks/StockIndicatorChart.tsx
    ./app/(main)/stocks/[symbol]/page.tsx @ http://localhost:3000/_next/static/chunks/node_modules_next_dist_0u_w_5s._.js:1945
[   39501ms] [ERROR] ./components/stocks/StockIndicatorChart.tsx:221:6
Unterminated regexp literal
  219 |         )}
  220 |       </div>
> 221 |     </div>
      |      ^^^^^
  222 |   );
  223 | }
  224 |

Parsing ecmascript source code failed

Import trace:
  Server Component:
    ./components/stocks/StockIndicatorChart.tsx
    ./app/(main)/stocks/[symbol]/page.tsx @ http://localhost:3000/_next/static/chunks/node_modules_next_dist_0u_w_5s._.js:1945
[   39562ms] [ERROR] ./components/stocks/StockIndicatorChart.tsx:219:10
Unexpected token. Did you mean `{'}'}` or `&rbrace;`?
  217 |             데이터 없음
  218 |           </div>
> 219 |         )}
      |          ^
  220 |       </div>
  221 |     </div>
  222 |   );

Parsing ecmascript source code failed

Import trace:
  Server Component:
    ./components/stocks/StockIndicatorChart.tsx
    ./app/(main)/stocks/[symbol]/page.tsx @ http://localhost:3000/_next/static/chunks/node_modules_next_dist_0u_w_5s._.js:1945
[   39562ms] [ERROR] ./components/stocks/StockIndicatorChart.tsx:221:6
Unterminated regexp literal
  219 |         )}
  220 |       </div>
> 221 |     </div>
      |      ^^^^^
  222 |   );
  223 | }
  224 |

Parsing ecmascript source code failed

Import trace:
  Server Component:
    ./components/stocks/StockIndicatorChart.tsx
    ./app/(main)/stocks/[symbol]/page.tsx @ http://localhost:3000/_next/static/chunks/node_modules_next_dist_0u_w_5s._.js:1945
[   39613ms] [ERROR] ./components/stocks/StockIndicatorChart.tsx:219:10
Unexpected token. Did you mean `{'}'}` or `&rbrace;`?
  217 |             데이터 없음
  218 |           </div>
> 219 |         )}
      |          ^
  220 |       </div>
  221 |     </div>
  222 |   );

Parsing ecmascript source code failed

Import trace:
  Server Component:
    ./components/stocks/StockIndicatorChart.tsx
    ./app/(main)/stocks/[symbol]/page.tsx @ http://localhost:3000/_next/static/chunks/node_modules_next_dist_0u_w_5s._.js:1945
[   39613ms] [ERROR] ./components/stocks/StockIndicatorChart.tsx:221:6
Unterminated regexp literal
  219 |         )}
  220 |       </div>
> 221 |     </div>
      |      ^^^^^
  222 |   );
  223 | }
  224 |

Parsing ecmascript source code failed

Import trace:
  Server Component:
    ./components/stocks/StockIndicatorChart.tsx
    ./app/(main)/stocks/[symbol]/page.tsx @ http://localhost:3000/_next/static/chunks/node_modules_next_dist_0u_w_5s._.js:1945
[   39727ms] [LOG] [Fast Refresh] rebuilding @ http://localhost:3000/_next/static/chunks/node_modules_next_dist_0u_w_5s._.js:1226
[   40631ms] [LOG] [Fast Refresh] done in 418ms @ http://localhost:3000/_next/static/chunks/node_modules_next_dist_0u_w_5s._.js:1226
[   40763ms] [LOG] [Fast Refresh] rebuilding @ http://localhost:3000/_next/static/chunks/node_modules_next_dist_0u_w_5s._.js:1226
[   40804ms] [LOG] [Fast Refresh] done in 142ms @ http://localhost:3000/_next/static/chunks/node_modules_next_dist_0u_w_5s._.js:1226
[   40941ms] [INFO] %cDownload the React DevTools for a better development experience: https://react.dev/link/react-devtools font-weight:bold @ http://localhost:3000/_next/static/chunks/node_modules_next_dist_115brz8._.js:2431
[   40985ms] [LOG] [HMR] connected @ http://localhost:3000/_next/static/chunks/node_modules_next_dist_115brz8._.js:2431
[   41243ms] [LOG] [Fast Refresh] rebuilding @ http://localhost:3000/_next/static/chunks/node_modules_next_dist_115brz8._.js:2431
[   41267ms] [LOG] [Fast Refresh] done in 130ms @ http://localhost:3000/_next/static/chunks/node_modules_next_dist_115brz8._.js:2431
[   41371ms] [LOG] [Fast Refresh] rebuilding @ http://localhost:3000/_next/static/chunks/node_modules_next_dist_115brz8._.js:2431
[   41421ms] [LOG] [Fast Refresh] done in 152ms @ http://localhost:3000/_next/static/chunks/node_modules_next_dist_115brz8._.js:2431
[   41831ms] [LOG] [Fast Refresh] rebuilding @ http://localhost:3000/_next/static/chunks/node_modules_next_dist_115brz8._.js:2431
[   41864ms] [LOG] [Fast Refresh] done in 137ms @ http://localhost:3000/_next/static/chunks/node_modules_next_dist_115brz8._.js:2431
[   41966ms] [LOG] [Fast Refresh] rebuilding @ http://localhost:3000/_next/static/chunks/node_modules_next_dist_115brz8._.js:2431
[   42027ms] [LOG] [Fast Refresh] done in 163ms @ http://localhost:3000/_next/static/chunks/node_modules_next_dist_115brz8._.js:2431
[   42139ms] [WARNING] The width(-1) and height(-1) of chart should be greater than 0,
       please check the style of container, or the props width(100%) and height(100%),
       or add a minWidth(0) or minHeight(undefined) or use aspect(undefined) to control the
       height and width. @ http://localhost:3000/_next/static/chunks/node_modules_next_dist_115brz8._.js:2431
[   42139ms] [WARNING] The width(-1) and height(-1) of chart should be greater than 0,
       please check the style of container, or the props width(100%) and height(100%),
       or add a minWidth(0) or minHeight(undefined) or use aspect(undefined) to control the
       height and width. @ http://localhost:3000/_next/static/chunks/node_modules_next_dist_115brz8._.js:2431
[   42140ms] [WARNING] The width(-1) and height(-1) of chart should be greater than 0,
       please check the style of container, or the props width(100%) and height(100%),
       or add a minWidth(0) or minHeight(undefined) or use aspect(undefined) to control the
       height and width. @ http://localhost:3000/_next/static/chunks/node_modules_next_dist_115brz8._.js:2431
[   42141ms] [WARNING] The width(-1) and height(-1) of chart should be greater than 0,
       please check the style of container, or the props width(100%) and height(100%),
       or add a minWidth(0) or minHeight(undefined) or use aspect(undefined) to control the
       height and width. @ http://localhost:3000/_next/static/chunks/node_modules_next_dist_115brz8._.js:2431
